env_idx,env_id,trial,choice,scenario,kernel,init_option,horizon,init_reward,reward,prompt,random_seed
1,10,1,18,0,smooth,19,5,75,70,"You will be presented with a series of 16 different environments to explore.
In each trial, you can select an option between numbers 1 and 30 by pressing the corresponding key.
By selecting any of these options, you will earn points associated with each unique option.
Imagine these options 1 through 30 as lying next to each other in an ordered line; options closer to each other tend to have similar rewards as rewards tend to cluster together.
For each environment, you will be able to make either 5 or 10 choices.
When you made all your choices in a given environment, you will start making choices in the next unexplored environment.
The rewards underlying the different options are different in each environment so you will learn them anew for each environment.
Each environment starts with the value of a single option revealed.
When you choose the number corresponding to a different option, you will be told the value of that option and receive those points.
Previously revealed options, including the starting option, can also be reselected, although there may be small changes in the point value.
It is your task to gain as many points as possible across all 16 environments.

Environment number 1:
The value of option 19 is 75. You have 5 choices to make in this environment.
You press <<",20
1,10,2,20,0,smooth,19,5,75,67,"You will be presented with a series of 16 different environments to explore.
In each trial, you can select an option between numbers 1 and 30 by pressing the corresponding key.
By selecting any of these options, you will earn points associated with each unique option.
Imagine these options 1 through 30 as lying next to each other in an ordered line; options closer to each other tend to have similar rewards as rewards tend to cluster together.
For each environment, you will be able to make either 5 or 10 choices.
When you made all your choices in a given environment, you will start making choices in the next unexplored environment.
The rewards underlying the different options are different in each environment so you will learn them anew for each environment.
Each environment starts with the value of a single option revealed.
When you choose the number corresponding to a different option, you will be told the value of that option and receive those points.
Previously revealed options, including the starting option, can also be reselected, although there may be small changes in the point value.
It is your task to gain as many points as possible across all 16 environments.

Environment number 1:
The value of option 19 is 75. You have 5 choices to make in this environment.
You press <<18>> and receive 70 points.
You press <<",20
1,10,3,17,0,smooth,19,5,75,50,"You will be presented with a series of 16 different environments to explore.
In each trial, you can select an option between numbers 1 and 30 by pressing the corresponding key.
By selecting any of these options, you will earn points associated with each unique option.
Imagine these options 1 through 30 as lying next to each other in an ordered line; options closer to each other tend to have similar rewards as rewards tend to cluster together.
For each environment, you will be able to make either 5 or 10 choices.
When you made all your choices in a given environment, you will start making choices in the next unexplored environment.
The rewards underlying the different options are different in each environment so you will learn them anew for each environment.
Each environment starts with the value of a single option revealed.
When you choose the number corresponding to a different option, you will be told the value of that option and receive those points.
Previously revealed options, including the starting option, can also be reselected, although there may be small changes in the point value.
It is your task to gain as many points as possible across all 16 environments.

Environment number 1:
The value of option 19 is 75. You have 5 choices to make in this environment.
You press <<18>> and receive 70 points.
You press <<20>> and receive 67 points.
You press <<",20
1,10,4,11,0,smooth,19,5,75,10,"You will be presented with a series of 16 different environments to explore.
In each trial, you can select an option between numbers 1 and 30 by pressing the corresponding key.
By selecting any of these options, you will earn points associated with each unique option.
Imagine these options 1 through 30 as lying next to each other in an ordered line; options closer to each other tend to have similar rewards as rewards tend to cluster together.
For each environment, you will be able to make either 5 or 10 choices.
When you made all your choices in a given environment, you will start making choices in the next unexplored environment.
The rewards underlying the different options are different in each environment so you will learn them anew for each environment.
Each environment starts with the value of a single option revealed.
When you choose the number corresponding to a different option, you will be told the value of that option and receive those points.
Previously revealed options, including the starting option, can also be reselected, although there may be small changes in the point value.
It is your task to gain as many points as possible across all 16 environments.

Environment number 1:
The value of option 19 is 75. You have 5 choices to make in this environment.
You press <<18>> and receive 70 points.
You press <<20>> and receive 67 points.
You press <<17>> and receive 50 points.
You press <<",20
1,10,5,26,0,smooth,19,5,75,23,"You will be presented with a series of 16 different environments to explore.
In each trial, you can select an option between numbers 1 and 30 by pressing the corresponding key.
By selecting any of these options, you will earn points associated with each unique option.
Imagine these options 1 through 30 as lying next to each other in an ordered line; options closer to each other tend to have similar rewards as rewards tend to cluster together.
For each environment, you will be able to make either 5 or 10 choices.
When you made all your choices in a given environment, you will start making choices in the next unexplored environment.
The rewards underlying the different options are different in each environment so you will learn them anew for each environment.
Each environment starts with the value of a single option revealed.
When you choose the number corresponding to a different option, you will be told the value of that option and receive those points.
Previously revealed options, including the starting option, can also be reselected, although there may be small changes in the point value.
It is your task to gain as many points as possible across all 16 environments.

Environment number 1:
The value of option 19 is 75. You have 5 choices to make in this environment.
You press <<18>> and receive 70 points.
You press <<20>> and receive 67 points.
You press <<17>> and receive 50 points.
You press <<11>> and receive 10 points.
You press <<",20
2,17,1,20,0,smooth,8,5,43,2,"You will be presented with a series of 16 different environments to explore.
In each trial, you can select an option between numbers 1 and 30 by pressing the corresponding key.
By selecting any of these options, you will earn points associated with each unique option.
Imagine these options 1 through 30 as lying next to each other in an ordered line; options closer to each other tend to have similar rewards as rewards tend to cluster together.
For each environment, you will be able to make either 5 or 10 choices.
When you made all your choices in a given environment, you will start making choices in the next unexplored environment.
The rewards underlying the different options are different in each environment so you will learn them anew for each environment.
Each environment starts with the value of a single option revealed.
When you choose the number corresponding to a different option, you will be told the value of that option and receive those points.
Previously revealed options, including the starting option, can also be reselected, although there may be small changes in the point value.
It is your task to gain as many points as possible across all 16 environments.

Environment number 1:
The value of option 19 is 75. You have 5 choices to make in this environment.
You press <<18>> and receive 70 points.
You press <<20>> and receive 67 points.
You press <<17>> and receive 50 points.
You press <<11>> and receive 10 points.
You press <<26>> and receive 23 points.

Environment number 2:
The value of option 8 is 43. You have 5 choices to make in this environment.
You press <<",20
2,17,2,29,0,smooth,8,5,43,34,"You will be presented with a series of 16 different environments to explore.
In each trial, you can select an option between numbers 1 and 30 by pressing the corresponding key.
By selecting any of these options, you will earn points associated with each unique option.
Imagine these options 1 through 30 as lying next to each other in an ordered line; options closer to each other tend to have similar rewards as rewards tend to cluster together.
For each environment, you will be able to make either 5 or 10 choices.
When you made all your choices in a given environment, you will start making choices in the next unexplored environment.
The rewards underlying the different options are different in each environment so you will learn them anew for each environment.
Each environment starts with the value of a single option revealed.
When you choose the number corresponding to a different option, you will be told the value of that option and receive those points.
Previously revealed options, including the starting option, can also be reselected, although there may be small changes in the point value.
It is your task to gain as many points as possible across all 16 environments.

Environment number 1:
The value of option 19 is 75. You have 5 choices to make in this environment.
You press <<18>> and receive 70 points.
You press <<20>> and receive 67 points.
You press <<17>> and receive 50 points.
You press <<11>> and receive 10 points.
You press <<26>> and receive 23 points.

Environment number 2:
The value of option 8 is 43. You have 5 choices to make in this environment.
You press <<20>> and receive 2 points.
You press <<",20
2,17,3,3,0,smooth,8,5,43,59,"You will be presented with a series of 16 different environments to explore.
In each trial, you can select an option between numbers 1 and 30 by pressing the corresponding key.
By selecting any of these options, you will earn points associated with each unique option.
Imagine these options 1 through 30 as lying next to each other in an ordered line; options closer to each other tend to have similar rewards as rewards tend to cluster together.
For each environment, you will be able to make either 5 or 10 choices.
When you made all your choices in a given environment, you will start making choices in the next unexplored environment.
The rewards underlying the different options are different in each environment so you will learn them anew for each environment.
Each environment starts with the value of a single option revealed.
When you choose the number corresponding to a different option, you will be told the value of that option and receive those points.
Previously revealed options, including the starting option, can also be reselected, although there may be small changes in the point value.
It is your task to gain as many points as possible across all 16 environments.

Environment number 1:
The value of option 19 is 75. You have 5 choices to make in this environment.
You press <<18>> and receive 70 points.
You press <<20>> and receive 67 points.
You press <<17>> and receive 50 points.
You press <<11>> and receive 10 points.
You press <<26>> and receive 23 points.

Environment number 2:
The value of option 8 is 43. You have 5 choices to make in this environment.
You press <<20>> and receive 2 points.
You press <<29>> and receive 34 points.
You press <<",20
2,17,4,15,0,smooth,8,5,43,76,"You will be presented with a series of 16 different environments to explore.
In each trial, you can select an option between numbers 1 and 30 by pressing the corresponding key.
By selecting any of these options, you will earn points associated with each unique option.
Imagine these options 1 through 30 as lying next to each other in an ordered line; options closer to each other tend to have similar rewards as rewards tend to cluster together.
For each environment, you will be able to make either 5 or 10 choices.
When you made all your choices in a given environment, you will start making choices in the next unexplored environment.
The rewards underlying the different options are different in each environment so you will learn them anew for each environment.
Each environment starts with the value of a single option revealed.
When you choose the number corresponding to a different option, you will be told the value of that option and receive those points.
Previously revealed options, including the starting option, can also be reselected, although there may be small changes in the point value.
It is your task to gain as many points as possible across all 16 environments.

Environment number 1:
The value of option 19 is 75. You have 5 choices to make in this environment.
You press <<18>> and receive 70 points.
You press <<20>> and receive 67 points.
You press <<17>> and receive 50 points.
You press <<11>> and receive 10 points.
You press <<26>> and receive 23 points.

Environment number 2:
The value of option 8 is 43. You have 5 choices to make in this environment.
You press <<20>> and receive 2 points.
You press <<29>> and receive 34 points.
You press <<3>> and receive 59 points.
You press <<",20
2,17,5,16,0,smooth,8,5,43,61,"You will be presented with a series of 16 different environments to explore.
In each trial, you can select an option between numbers 1 and 30 by pressing the corresponding key.
By selecting any of these options, you will earn points associated with each unique option.
Imagine these options 1 through 30 as lying next to each other in an ordered line; options closer to each other tend to have similar rewards as rewards tend to cluster together.
For each environment, you will be able to make either 5 or 10 choices.
When you made all your choices in a given environment, you will start making choices in the next unexplored environment.
The rewards underlying the different options are different in each environment so you will learn them anew for each environment.
Each environment starts with the value of a single option revealed.
When you choose the number corresponding to a different option, you will be told the value of that option and receive those points.
Previously revealed options, including the starting option, can also be reselected, although there may be small changes in the point value.
It is your task to gain as many points as possible across all 16 environments.

Environment number 1:
The value of option 19 is 75. You have 5 choices to make in this environment.
You press <<18>> and receive 70 points.
You press <<20>> and receive 67 points.
You press <<17>> and receive 50 points.
You press <<11>> and receive 10 points.
You press <<26>> and receive 23 points.

Environment number 2:
The value of option 8 is 43. You have 5 choices to make in this environment.
You press <<20>> and receive 2 points.
You press <<29>> and receive 34 points.
You press <<3>> and receive 59 points.
You press <<15>> and receive 76 points.
You press <<",20
3,7,1,15,0,smooth,2,5,3,70,"You will be presented with a series of 16 different environments to explore.
In each trial, you can select an option between numbers 1 and 30 by pressing the corresponding key.
By selecting any of these options, you will earn points associated with each unique option.
Imagine these options 1 through 30 as lying next to each other in an ordered line; options closer to each other tend to have similar rewards as rewards tend to cluster together.
For each environment, you will be able to make either 5 or 10 choices.
When you made all your choices in a given environment, you will start making choices in the next unexplored environment.
The rewards underlying the different options are different in each environment so you will learn them anew for each environment.
Each environment starts with the value of a single option revealed.
When you choose the number corresponding to a different option, you will be told the value of that option and receive those points.
Previously revealed options, including the starting option, can also be reselected, although there may be small changes in the point value.
It is your task to gain as many points as possible across all 16 environments.

Environment number 1:
The value of option 19 is 75. You have 5 choices to make in this environment.
You press <<18>> and receive 70 points.
You press <<20>> and receive 67 points.
You press <<17>> and receive 50 points.
You press <<11>> and receive 10 points.
You press <<26>> and receive 23 points.

Environment number 2:
The value of option 8 is 43. You have 5 choices to make in this environment.
You press <<20>> and receive 2 points.
You press <<29>> and receive 34 points.
You press <<3>> and receive 59 points.
You press <<15>> and receive 76 points.
You press <<16>> and receive 61 points.

Environment number 3:
The value of option 2 is 3. You have 5 choices to make in this environment.
You press <<",20
3,7,2,14,0,smooth,2,5,3,65,"You will be presented with a series of 16 different environments to explore.
In each trial, you can select an option between numbers 1 and 30 by pressing the corresponding key.
By selecting any of these options, you will earn points associated with each unique option.
Imagine these options 1 through 30 as lying next to each other in an ordered line; options closer to each other tend to have similar rewards as rewards tend to cluster together.
For each environment, you will be able to make either 5 or 10 choices.
When you made all your choices in a given environment, you will start making choices in the next unexplored environment.
The rewards underlying the different options are different in each environment so you will learn them anew for each environment.
Each environment starts with the value of a single option revealed.
When you choose the number corresponding to a different option, you will be told the value of that option and receive those points.
Previously revealed options, including the starting option, can also be reselected, although there may be small changes in the point value.
It is your task to gain as many points as possible across all 16 environments.

Environment number 1:
The value of option 19 is 75. You have 5 choices to make in this environment.
You press <<18>> and receive 70 points.
You press <<20>> and receive 67 points.
You press <<17>> and receive 50 points.
You press <<11>> and receive 10 points.
You press <<26>> and receive 23 points.

Environment number 2:
The value of option 8 is 43. You have 5 choices to make in this environment.
You press <<20>> and receive 2 points.
You press <<29>> and receive 34 points.
You press <<3>> and receive 59 points.
You press <<15>> and receive 76 points.
You press <<16>> and receive 61 points.

Environment number 3:
The value of option 2 is 3. You have 5 choices to make in this environment.
You press <<15>> and receive 70 points.
You press <<",20
3,7,3,16,0,smooth,2,5,3,61,"You will be presented with a series of 16 different environments to explore.
In each trial, you can select an option between numbers 1 and 30 by pressing the corresponding key.
By selecting any of these options, you will earn points associated with each unique option.
Imagine these options 1 through 30 as lying next to each other in an ordered line; options closer to each other tend to have similar rewards as rewards tend to cluster together.
For each environment, you will be able to make either 5 or 10 choices.
When you made all your choices in a given environment, you will start making choices in the next unexplored environment.
The rewards underlying the different options are different in each environment so you will learn them anew for each environment.
Each environment starts with the value of a single option revealed.
When you choose the number corresponding to a different option, you will be told the value of that option and receive those points.
Previously revealed options, including the starting option, can also be reselected, although there may be small changes in the point value.
It is your task to gain as many points as possible across all 16 environments.

Environment number 1:
The value of option 19 is 75. You have 5 choices to make in this environment.
You press <<18>> and receive 70 points.
You press <<20>> and receive 67 points.
You press <<17>> and receive 50 points.
You press <<11>> and receive 10 points.
You press <<26>> and receive 23 points.

Environment number 2:
The value of option 8 is 43. You have 5 choices to make in this environment.
You press <<20>> and receive 2 points.
You press <<29>> and receive 34 points.
You press <<3>> and receive 59 points.
You press <<15>> and receive 76 points.
You press <<16>> and receive 61 points.

Environment number 3:
The value of option 2 is 3. You have 5 choices to make in this environment.
You press <<15>> and receive 70 points.
You press <<14>> and receive 65 points.
You press <<",20
3,7,4,9,0,smooth,2,5,3,3,"You will be presented with a series of 16 different environments to explore.
In each trial, you can select an option between numbers 1 and 30 by pressing the corresponding key.
By selecting any of these options, you will earn points associated with each unique option.
Imagine these options 1 through 30 as lying next to each other in an ordered line; options closer to each other tend to have similar rewards as rewards tend to cluster together.
For each environment, you will be able to make either 5 or 10 choices.
When you made all your choices in a given environment, you will start making choices in the next unexplored environment.
The rewards underlying the different options are different in each environment so you will learn them anew for each environment.
Each environment starts with the value of a single option revealed.
When you choose the number corresponding to a different option, you will be told the value of that option and receive those points.
Previously revealed options, including the starting option, can also be reselected, although there may be small changes in the point value.
It is your task to gain as many points as possible across all 16 environments.

Environment number 1:
The value of option 19 is 75. You have 5 choices to make in this environment.
You press <<18>> and receive 70 points.
You press <<20>> and receive 67 points.
You press <<17>> and receive 50 points.
You press <<11>> and receive 10 points.
You press <<26>> and receive 23 points.

Environment number 2:
The value of option 8 is 43. You have 5 choices to make in this environment.
You press <<20>> and receive 2 points.
You press <<29>> and receive 34 points.
You press <<3>> and receive 59 points.
You press <<15>> and receive 76 points.
You press <<16>> and receive 61 points.

Environment number 3:
The value of option 2 is 3. You have 5 choices to make in this environment.
You press <<15>> and receive 70 points.
You press <<14>> and receive 65 points.
You press <<16>> and receive 61 points.
You press <<",20
3,7,5,24,0,smooth,2,5,3,28,"You will be presented with a series of 16 different environments to explore.
In each trial, you can select an option between numbers 1 and 30 by pressing the corresponding key.
By selecting any of these options, you will earn points associated with each unique option.
Imagine these options 1 through 30 as lying next to each other in an ordered line; options closer to each other tend to have similar rewards as rewards tend to cluster together.
For each environment, you will be able to make either 5 or 10 choices.
When you made all your choices in a given environment, you will start making choices in the next unexplored environment.
The rewards underlying the different options are different in each environment so you will learn them anew for each environment.
Each environment starts with the value of a single option revealed.
When you choose the number corresponding to a different option, you will be told the value of that option and receive those points.
Previously revealed options, including the starting option, can also be reselected, although there may be small changes in the point value.
It is your task to gain as many points as possible across all 16 environments.

Environment number 1:
The value of option 19 is 75. You have 5 choices to make in this environment.
You press <<18>> and receive 70 points.
You press <<20>> and receive 67 points.
You press <<17>> and receive 50 points.
You press <<11>> and receive 10 points.
You press <<26>> and receive 23 points.

Environment number 2:
The value of option 8 is 43. You have 5 choices to make in this environment.
You press <<20>> and receive 2 points.
You press <<29>> and receive 34 points.
You press <<3>> and receive 59 points.
You press <<15>> and receive 76 points.
You press <<16>> and receive 61 points.

Environment number 3:
The value of option 2 is 3. You have 5 choices to make in this environment.
You press <<15>> and receive 70 points.
You press <<14>> and receive 65 points.
You press <<16>> and receive 61 points.
You press <<9>> and receive 3 points.
You press <<",20
4,21,1,13,0,smooth,7,10,1,22,"You will be presented with a series of 16 different environments to explore.
In each trial, you can select an option between numbers 1 and 30 by pressing the corresponding key.
By selecting any of these options, you will earn points associated with each unique option.
Imagine these options 1 through 30 as lying next to each other in an ordered line; options closer to each other tend to have similar rewards as rewards tend to cluster together.
For each environment, you will be able to make either 5 or 10 choices.
When you made all your choices in a given environment, you will start making choices in the next unexplored environment.
The rewards underlying the different options are different in each environment so you will learn them anew for each environment.
Each environment starts with the value of a single option revealed.
When you choose the number corresponding to a different option, you will be told the value of that option and receive those points.
Previously revealed options, including the starting option, can also be reselected, although there may be small changes in the point value.
It is your task to gain as many points as possible across all 16 environments.

Environment number 1:
The value of option 19 is 75. You have 5 choices to make in this environment.
You press <<18>> and receive 70 points.
You press <<20>> and receive 67 points.
You press <<17>> and receive 50 points.
You press <<11>> and receive 10 points.
You press <<26>> and receive 23 points.

Environment number 2:
The value of option 8 is 43. You have 5 choices to make in this environment.
You press <<20>> and receive 2 points.
You press <<29>> and receive 34 points.
You press <<3>> and receive 59 points.
You press <<15>> and receive 76 points.
You press <<16>> and receive 61 points.

Environment number 3:
The value of option 2 is 3. You have 5 choices to make in this environment.
You press <<15>> and receive 70 points.
You press <<14>> and receive 65 points.
You press <<16>> and receive 61 points.
You press <<9>> and receive 3 points.
You press <<24>> and receive 28 points.

Environment number 4:
The value of option 7 is 1. You have 10 choices to make in this environment.
You press <<",20
4,21,2,18,0,smooth,7,10,1,41,"You will be presented with a series of 16 different environments to explore.
In each trial, you can select an option between numbers 1 and 30 by pressing the corresponding key.
By selecting any of these options, you will earn points associated with each unique option.
Imagine these options 1 through 30 as lying next to each other in an ordered line; options closer to each other tend to have similar rewards as rewards tend to cluster together.
For each environment, you will be able to make either 5 or 10 choices.
When you made all your choices in a given environment, you will start making choices in the next unexplored environment.
The rewards underlying the different options are different in each environment so you will learn them anew for each environment.
Each environment starts with the value of a single option revealed.
When you choose the number corresponding to a different option, you will be told the value of that option and receive those points.
Previously revealed options, including the starting option, can also be reselected, although there may be small changes in the point value.
It is your task to gain as many points as possible across all 16 environments.

Environment number 1:
The value of option 19 is 75. You have 5 choices to make in this environment.
You press <<18>> and receive 70 points.
You press <<20>> and receive 67 points.
You press <<17>> and receive 50 points.
You press <<11>> and receive 10 points.
You press <<26>> and receive 23 points.

Environment number 2:
The value of option 8 is 43. You have 5 choices to make in this environment.
You press <<20>> and receive 2 points.
You press <<29>> and receive 34 points.
You press <<3>> and receive 59 points.
You press <<15>> and receive 76 points.
You press <<16>> and receive 61 points.

Environment number 3:
The value of option 2 is 3. You have 5 choices to make in this environment.
You press <<15>> and receive 70 points.
You press <<14>> and receive 65 points.
You press <<16>> and receive 61 points.
You press <<9>> and receive 3 points.
You press <<24>> and receive 28 points.

Environment number 4:
The value of option 7 is 1. You have 10 choices to make in this environment.
You press <<13>> and receive 22 points.
You press <<",20
4,21,3,24,0,smooth,7,10,1,37,"You will be presented with a series of 16 different environments to explore.
In each trial, you can select an option between numbers 1 and 30 by pressing the corresponding key.
By selecting any of these options, you will earn points associated with each unique option.
Imagine these options 1 through 30 as lying next to each other in an ordered line; options closer to each other tend to have similar rewards as rewards tend to cluster together.
For each environment, you will be able to make either 5 or 10 choices.
When you made all your choices in a given environment, you will start making choices in the next unexplored environment.
The rewards underlying the different options are different in each environment so you will learn them anew for each environment.
Each environment starts with the value of a single option revealed.
When you choose the number corresponding to a different option, you will be told the value of that option and receive those points.
Previously revealed options, including the starting option, can also be reselected, although there may be small changes in the point value.
It is your task to gain as many points as possible across all 16 environments.

Environment number 1:
The value of option 19 is 75. You have 5 choices to make in this environment.
You press <<18>> and receive 70 points.
You press <<20>> and receive 67 points.
You press <<17>> and receive 50 points.
You press <<11>> and receive 10 points.
You press <<26>> and receive 23 points.

Environment number 2:
The value of option 8 is 43. You have 5 choices to make in this environment.
You press <<20>> and receive 2 points.
You press <<29>> and receive 34 points.
You press <<3>> and receive 59 points.
You press <<15>> and receive 76 points.
You press <<16>> and receive 61 points.

Environment number 3:
The value of option 2 is 3. You have 5 choices to make in this environment.
You press <<15>> and receive 70 points.
You press <<14>> and receive 65 points.
You press <<16>> and receive 61 points.
You press <<9>> and receive 3 points.
You press <<24>> and receive 28 points.

Environment number 4:
The value of option 7 is 1. You have 10 choices to make in this environment.
You press <<13>> and receive 22 points.
You press <<18>> and receive 41 points.
You press <<",20
4,21,4,19,0,smooth,7,10,1,57,"You will be presented with a series of 16 different environments to explore.
In each trial, you can select an option between numbers 1 and 30 by pressing the corresponding key.
By selecting any of these options, you will earn points associated with each unique option.
Imagine these options 1 through 30 as lying next to each other in an ordered line; options closer to each other tend to have similar rewards as rewards tend to cluster together.
For each environment, you will be able to make either 5 or 10 choices.
When you made all your choices in a given environment, you will start making choices in the next unexplored environment.
The rewards underlying the different options are different in each environment so you will learn them anew for each environment.
Each environment starts with the value of a single option revealed.
When you choose the number corresponding to a different option, you will be told the value of that option and receive those points.
Previously revealed options, including the starting option, can also be reselected, although there may be small changes in the point value.
It is your task to gain as many points as possible across all 16 environments.

Environment number 1:
The value of option 19 is 75. You have 5 choices to make in this environment.
You press <<18>> and receive 70 points.
You press <<20>> and receive 67 points.
You press <<17>> and receive 50 points.
You press <<11>> and receive 10 points.
You press <<26>> and receive 23 points.

Environment number 2:
The value of option 8 is 43. You have 5 choices to make in this environment.
You press <<20>> and receive 2 points.
You press <<29>> and receive 34 points.
You press <<3>> and receive 59 points.
You press <<15>> and receive 76 points.
You press <<16>> and receive 61 points.

Environment number 3:
The value of option 2 is 3. You have 5 choices to make in this environment.
You press <<15>> and receive 70 points.
You press <<14>> and receive 65 points.
You press <<16>> and receive 61 points.
You press <<9>> and receive 3 points.
You press <<24>> and receive 28 points.

Environment number 4:
The value of option 7 is 1. You have 10 choices to make in this environment.
You press <<13>> and receive 22 points.
You press <<18>> and receive 41 points.
You press <<24>> and receive 37 points.
You press <<",20
4,21,5,17,0,smooth,7,10,1,29,"You will be presented with a series of 16 different environments to explore.
In each trial, you can select an option between numbers 1 and 30 by pressing the corresponding key.
By selecting any of these options, you will earn points associated with each unique option.
Imagine these options 1 through 30 as lying next to each other in an ordered line; options closer to each other tend to have similar rewards as rewards tend to cluster together.
For each environment, you will be able to make either 5 or 10 choices.
When you made all your choices in a given environment, you will start making choices in the next unexplored environment.
The rewards underlying the different options are different in each environment so you will learn them anew for each environment.
Each environment starts with the value of a single option revealed.
When you choose the number corresponding to a different option, you will be told the value of that option and receive those points.
Previously revealed options, including the starting option, can also be reselected, although there may be small changes in the point value.
It is your task to gain as many points as possible across all 16 environments.

Environment number 1:
The value of option 19 is 75. You have 5 choices to make in this environment.
You press <<18>> and receive 70 points.
You press <<20>> and receive 67 points.
You press <<17>> and receive 50 points.
You press <<11>> and receive 10 points.
You press <<26>> and receive 23 points.

Environment number 2:
The value of option 8 is 43. You have 5 choices to make in this environment.
You press <<20>> and receive 2 points.
You press <<29>> and receive 34 points.
You press <<3>> and receive 59 points.
You press <<15>> and receive 76 points.
You press <<16>> and receive 61 points.

Environment number 3:
The value of option 2 is 3. You have 5 choices to make in this environment.
You press <<15>> and receive 70 points.
You press <<14>> and receive 65 points.
You press <<16>> and receive 61 points.
You press <<9>> and receive 3 points.
You press <<24>> and receive 28 points.

Environment number 4:
The value of option 7 is 1. You have 10 choices to make in this environment.
You press <<13>> and receive 22 points.
You press <<18>> and receive 41 points.
You press <<24>> and receive 37 points.
You press <<19>> and receive 57 points.
You press <<",20
4,21,6,20,0,smooth,7,10,1,64,"You will be presented with a series of 16 different environments to explore.
In each trial, you can select an option between numbers 1 and 30 by pressing the corresponding key.
By selecting any of these options, you will earn points associated with each unique option.
Imagine these options 1 through 30 as lying next to each other in an ordered line; options closer to each other tend to have similar rewards as rewards tend to cluster together.
For each environment, you will be able to make either 5 or 10 choices.
When you made all your choices in a given environment, you will start making choices in the next unexplored environment.
The rewards underlying the different options are different in each environment so you will learn them anew for each environment.
Each environment starts with the value of a single option revealed.
When you choose the number corresponding to a different option, you will be told the value of that option and receive those points.
Previously revealed options, including the starting option, can also be reselected, although there may be small changes in the point value.
It is your task to gain as many points as possible across all 16 environments.

Environment number 1:
The value of option 19 is 75. You have 5 choices to make in this environment.
You press <<18>> and receive 70 points.
You press <<20>> and receive 67 points.
You press <<17>> and receive 50 points.
You press <<11>> and receive 10 points.
You press <<26>> and receive 23 points.

Environment number 2:
The value of option 8 is 43. You have 5 choices to make in this environment.
You press <<20>> and receive 2 points.
You press <<29>> and receive 34 points.
You press <<3>> and receive 59 points.
You press <<15>> and receive 76 points.
You press <<16>> and receive 61 points.

Environment number 3:
The value of option 2 is 3. You have 5 choices to make in this environment.
You press <<15>> and receive 70 points.
You press <<14>> and receive 65 points.
You press <<16>> and receive 61 points.
You press <<9>> and receive 3 points.
You press <<24>> and receive 28 points.

Environment number 4:
The value of option 7 is 1. You have 10 choices to make in this environment.
You press <<13>> and receive 22 points.
You press <<18>> and receive 41 points.
You press <<24>> and receive 37 points.
You press <<19>> and receive 57 points.
You press <<17>> and receive 29 points.
You press <<",20
4,21,7,21,0,smooth,7,10,1,63,"You will be presented with a series of 16 different environments to explore.
In each trial, you can select an option between numbers 1 and 30 by pressing the corresponding key.
By selecting any of these options, you will earn points associated with each unique option.
Imagine these options 1 through 30 as lying next to each other in an ordered line; options closer to each other tend to have similar rewards as rewards tend to cluster together.
For each environment, you will be able to make either 5 or 10 choices.
When you made all your choices in a given environment, you will start making choices in the next unexplored environment.
The rewards underlying the different options are different in each environment so you will learn them anew for each environment.
Each environment starts with the value of a single option revealed.
When you choose the number corresponding to a different option, you will be told the value of that option and receive those points.
Previously revealed options, including the starting option, can also be reselected, although there may be small changes in the point value.
It is your task to gain as many points as possible across all 16 environments.

Environment number 1:
The value of option 19 is 75. You have 5 choices to make in this environment.
You press <<18>> and receive 70 points.
You press <<20>> and receive 67 points.
You press <<17>> and receive 50 points.
You press <<11>> and receive 10 points.
You press <<26>> and receive 23 points.

Environment number 2:
The value of option 8 is 43. You have 5 choices to make in this environment.
You press <<20>> and receive 2 points.
You press <<29>> and receive 34 points.
You press <<3>> and receive 59 points.
You press <<15>> and receive 76 points.
You press <<16>> and receive 61 points.

Environment number 3:
The value of option 2 is 3. You have 5 choices to make in this environment.
You press <<15>> and receive 70 points.
You press <<14>> and receive 65 points.
You press <<16>> and receive 61 points.
You press <<9>> and receive 3 points.
You press <<24>> and receive 28 points.

Environment number 4:
The value of option 7 is 1. You have 10 choices to make in this environment.
You press <<13>> and receive 22 points.
You press <<18>> and receive 41 points.
You press <<24>> and receive 37 points.
You press <<19>> and receive 57 points.
You press <<17>> and receive 29 points.
You press <<20>> and receive 64 points.
You press <<",20
4,21,8,22,0,smooth,7,10,1,57,"You will be presented with a series of 16 different environments to explore.
In each trial, you can select an option between numbers 1 and 30 by pressing the corresponding key.
By selecting any of these options, you will earn points associated with each unique option.
Imagine these options 1 through 30 as lying next to each other in an ordered line; options closer to each other tend to have similar rewards as rewards tend to cluster together.
For each environment, you will be able to make either 5 or 10 choices.
When you made all your choices in a given environment, you will start making choices in the next unexplored environment.
The rewards underlying the different options are different in each environment so you will learn them anew for each environment.
Each environment starts with the value of a single option revealed.
When you choose the number corresponding to a different option, you will be told the value of that option and receive those points.
Previously revealed options, including the starting option, can also be reselected, although there may be small changes in the point value.
It is your task to gain as many points as possible across all 16 environments.

Environment number 1:
The value of option 19 is 75. You have 5 choices to make in this environment.
You press <<18>> and receive 70 points.
You press <<20>> and receive 67 points.
You press <<17>> and receive 50 points.
You press <<11>> and receive 10 points.
You press <<26>> and receive 23 points.

Environment number 2:
The value of option 8 is 43. You have 5 choices to make in this environment.
You press <<20>> and receive 2 points.
You press <<29>> and receive 34 points.
You press <<3>> and receive 59 points.
You press <<15>> and receive 76 points.
You press <<16>> and receive 61 points.

Environment number 3:
The value of option 2 is 3. You have 5 choices to make in this environment.
You press <<15>> and receive 70 points.
You press <<14>> and receive 65 points.
You press <<16>> and receive 61 points.
You press <<9>> and receive 3 points.
You press <<24>> and receive 28 points.

Environment number 4:
The value of option 7 is 1. You have 10 choices to make in this environment.
You press <<13>> and receive 22 points.
You press <<18>> and receive 41 points.
You press <<24>> and receive 37 points.
You press <<19>> and receive 57 points.
You press <<17>> and receive 29 points.
You press <<20>> and receive 64 points.
You press <<21>> and receive 63 points.
You press <<",20
4,21,9,16,0,smooth,7,10,1,17,"You will be presented with a series of 16 different environments to explore.
In each trial, you can select an option between numbers 1 and 30 by pressing the corresponding key.
By selecting any of these options, you will earn points associated with each unique option.
Imagine these options 1 through 30 as lying next to each other in an ordered line; options closer to each other tend to have similar rewards as rewards tend to cluster together.
For each environment, you will be able to make either 5 or 10 choices.
When you made all your choices in a given environment, you will start making choices in the next unexplored environment.
The rewards underlying the different options are different in each environment so you will learn them anew for each environment.
Each environment starts with the value of a single option revealed.
When you choose the number corresponding to a different option, you will be told the value of that option and receive those points.
Previously revealed options, including the starting option, can also be reselected, although there may be small changes in the point value.
It is your task to gain as many points as possible across all 16 environments.

Environment number 1:
The value of option 19 is 75. You have 5 choices to make in this environment.
You press <<18>> and receive 70 points.
You press <<20>> and receive 67 points.
You press <<17>> and receive 50 points.
You press <<11>> and receive 10 points.
You press <<26>> and receive 23 points.

Environment number 2:
The value of option 8 is 43. You have 5 choices to make in this environment.
You press <<20>> and receive 2 points.
You press <<29>> and receive 34 points.
You press <<3>> and receive 59 points.
You press <<15>> and receive 76 points.
You press <<16>> and receive 61 points.

Environment number 3:
The value of option 2 is 3. You have 5 choices to make in this environment.
You press <<15>> and receive 70 points.
You press <<14>> and receive 65 points.
You press <<16>> and receive 61 points.
You press <<9>> and receive 3 points.
You press <<24>> and receive 28 points.

Environment number 4:
The value of option 7 is 1. You have 10 choices to make in this environment.
You press <<13>> and receive 22 points.
You press <<18>> and receive 41 points.
You press <<24>> and receive 37 points.
You press <<19>> and receive 57 points.
You press <<17>> and receive 29 points.
You press <<20>> and receive 64 points.
You press <<21>> and receive 63 points.
You press <<22>> and receive 57 points.
You press <<",20
4,21,10,12,0,smooth,7,10,1,28,"You will be presented with a series of 16 different environments to explore.
In each trial, you can select an option between numbers 1 and 30 by pressing the corresponding key.
By selecting any of these options, you will earn points associated with each unique option.
Imagine these options 1 through 30 as lying next to each other in an ordered line; options closer to each other tend to have similar rewards as rewards tend to cluster together.
For each environment, you will be able to make either 5 or 10 choices.
When you made all your choices in a given environment, you will start making choices in the next unexplored environment.
The rewards underlying the different options are different in each environment so you will learn them anew for each environment.
Each environment starts with the value of a single option revealed.
When you choose the number corresponding to a different option, you will be told the value of that option and receive those points.
Previously revealed options, including the starting option, can also be reselected, although there may be small changes in the point value.
It is your task to gain as many points as possible across all 16 environments.

Environment number 1:
The value of option 19 is 75. You have 5 choices to make in this environment.
You press <<18>> and receive 70 points.
You press <<20>> and receive 67 points.
You press <<17>> and receive 50 points.
You press <<11>> and receive 10 points.
You press <<26>> and receive 23 points.

Environment number 2:
The value of option 8 is 43. You have 5 choices to make in this environment.
You press <<20>> and receive 2 points.
You press <<29>> and receive 34 points.
You press <<3>> and receive 59 points.
You press <<15>> and receive 76 points.
You press <<16>> and receive 61 points.

Environment number 3:
The value of option 2 is 3. You have 5 choices to make in this environment.
You press <<15>> and receive 70 points.
You press <<14>> and receive 65 points.
You press <<16>> and receive 61 points.
You press <<9>> and receive 3 points.
You press <<24>> and receive 28 points.

Environment number 4:
The value of option 7 is 1. You have 10 choices to make in this environment.
You press <<13>> and receive 22 points.
You press <<18>> and receive 41 points.
You press <<24>> and receive 37 points.
You press <<19>> and receive 57 points.
You press <<17>> and receive 29 points.
You press <<20>> and receive 64 points.
You press <<21>> and receive 63 points.
You press <<22>> and receive 57 points.
You press <<16>> and receive 17 points.
You press <<",20
5,11,1,5,0,smooth,4,10,51,47,"You will be presented with a series of 16 different environments to explore.
In each trial, you can select an option between numbers 1 and 30 by pressing the corresponding key.
By selecting any of these options, you will earn points associated with each unique option.
Imagine these options 1 through 30 as lying next to each other in an ordered line; options closer to each other tend to have similar rewards as rewards tend to cluster together.
For each environment, you will be able to make either 5 or 10 choices.
When you made all your choices in a given environment, you will start making choices in the next unexplored environment.
The rewards underlying the different options are different in each environment so you will learn them anew for each environment.
Each environment starts with the value of a single option revealed.
When you choose the number corresponding to a different option, you will be told the value of that option and receive those points.
Previously revealed options, including the starting option, can also be reselected, although there may be small changes in the point value.
It is your task to gain as many points as possible across all 16 environments.

Environment number 1:
The value of option 19 is 75. You have 5 choices to make in this environment.
You press <<18>> and receive 70 points.
You press <<20>> and receive 67 points.
You press <<17>> and receive 50 points.
You press <<11>> and receive 10 points.
You press <<26>> and receive 23 points.

Environment number 2:
The value of option 8 is 43. You have 5 choices to make in this environment.
You press <<20>> and receive 2 points.
You press <<29>> and receive 34 points.
You press <<3>> and receive 59 points.
You press <<15>> and receive 76 points.
You press <<16>> and receive 61 points.

Environment number 3:
The value of option 2 is 3. You have 5 choices to make in this environment.
You press <<15>> and receive 70 points.
You press <<14>> and receive 65 points.
You press <<16>> and receive 61 points.
You press <<9>> and receive 3 points.
You press <<24>> and receive 28 points.

Environment number 4:
The value of option 7 is 1. You have 10 choices to make in this environment.
You press <<13>> and receive 22 points.
You press <<18>> and receive 41 points.
You press <<24>> and receive 37 points.
You press <<19>> and receive 57 points.
You press <<17>> and receive 29 points.
You press <<20>> and receive 64 points.
You press <<21>> and receive 63 points.
You press <<22>> and receive 57 points.
You press <<16>> and receive 17 points.
You press <<12>> and receive 28 points.

Environment number 5:
The value of option 4 is 51. You have 10 choices to make in this environment.
You press <<",20
5,11,2,3,0,smooth,4,10,51,48,"You will be presented with a series of 16 different environments to explore.
In each trial, you can select an option between numbers 1 and 30 by pressing the corresponding key.
By selecting any of these options, you will earn points associated with each unique option.
Imagine these options 1 through 30 as lying next to each other in an ordered line; options closer to each other tend to have similar rewards as rewards tend to cluster together.
For each environment, you will be able to make either 5 or 10 choices.
When you made all your choices in a given environment, you will start making choices in the next unexplored environment.
The rewards underlying the different options are different in each environment so you will learn them anew for each environment.
Each environment starts with the value of a single option revealed.
When you choose the number corresponding to a different option, you will be told the value of that option and receive those points.
Previously revealed options, including the starting option, can also be reselected, although there may be small changes in the point value.
It is your task to gain as many points as possible across all 16 environments.

Environment number 1:
The value of option 19 is 75. You have 5 choices to make in this environment.
You press <<18>> and receive 70 points.
You press <<20>> and receive 67 points.
You press <<17>> and receive 50 points.
You press <<11>> and receive 10 points.
You press <<26>> and receive 23 points.

Environment number 2:
The value of option 8 is 43. You have 5 choices to make in this environment.
You press <<20>> and receive 2 points.
You press <<29>> and receive 34 points.
You press <<3>> and receive 59 points.
You press <<15>> and receive 76 points.
You press <<16>> and receive 61 points.

Environment number 3:
The value of option 2 is 3. You have 5 choices to make in this environment.
You press <<15>> and receive 70 points.
You press <<14>> and receive 65 points.
You press <<16>> and receive 61 points.
You press <<9>> and receive 3 points.
You press <<24>> and receive 28 points.

Environment number 4:
The value of option 7 is 1. You have 10 choices to make in this environment.
You press <<13>> and receive 22 points.
You press <<18>> and receive 41 points.
You press <<24>> and receive 37 points.
You press <<19>> and receive 57 points.
You press <<17>> and receive 29 points.
You press <<20>> and receive 64 points.
You press <<21>> and receive 63 points.
You press <<22>> and receive 57 points.
You press <<16>> and receive 17 points.
You press <<12>> and receive 28 points.

Environment number 5:
The value of option 4 is 51. You have 10 choices to make in this environment.
You press <<5>> and receive 47 points.
You press <<",20
5,11,3,13,0,smooth,4,10,51,48,"You will be presented with a series of 16 different environments to explore.
In each trial, you can select an option between numbers 1 and 30 by pressing the corresponding key.
By selecting any of these options, you will earn points associated with each unique option.
Imagine these options 1 through 30 as lying next to each other in an ordered line; options closer to each other tend to have similar rewards as rewards tend to cluster together.
For each environment, you will be able to make either 5 or 10 choices.
When you made all your choices in a given environment, you will start making choices in the next unexplored environment.
The rewards underlying the different options are different in each environment so you will learn them anew for each environment.
Each environment starts with the value of a single option revealed.
When you choose the number corresponding to a different option, you will be told the value of that option and receive those points.
Previously revealed options, including the starting option, can also be reselected, although there may be small changes in the point value.
It is your task to gain as many points as possible across all 16 environments.

Environment number 1:
The value of option 19 is 75. You have 5 choices to make in this environment.
You press <<18>> and receive 70 points.
You press <<20>> and receive 67 points.
You press <<17>> and receive 50 points.
You press <<11>> and receive 10 points.
You press <<26>> and receive 23 points.

Environment number 2:
The value of option 8 is 43. You have 5 choices to make in this environment.
You press <<20>> and receive 2 points.
You press <<29>> and receive 34 points.
You press <<3>> and receive 59 points.
You press <<15>> and receive 76 points.
You press <<16>> and receive 61 points.

Environment number 3:
The value of option 2 is 3. You have 5 choices to make in this environment.
You press <<15>> and receive 70 points.
You press <<14>> and receive 65 points.
You press <<16>> and receive 61 points.
You press <<9>> and receive 3 points.
You press <<24>> and receive 28 points.

Environment number 4:
The value of option 7 is 1. You have 10 choices to make in this environment.
You press <<13>> and receive 22 points.
You press <<18>> and receive 41 points.
You press <<24>> and receive 37 points.
You press <<19>> and receive 57 points.
You press <<17>> and receive 29 points.
You press <<20>> and receive 64 points.
You press <<21>> and receive 63 points.
You press <<22>> and receive 57 points.
You press <<16>> and receive 17 points.
You press <<12>> and receive 28 points.

Environment number 5:
The value of option 4 is 51. You have 10 choices to make in this environment.
You press <<5>> and receive 47 points.
You press <<3>> and receive 48 points.
You press <<",20
5,11,4,12,0,smooth,4,10,51,59,"You will be presented with a series of 16 different environments to explore.
In each trial, you can select an option between numbers 1 and 30 by pressing the corresponding key.
By selecting any of these options, you will earn points associated with each unique option.
Imagine these options 1 through 30 as lying next to each other in an ordered line; options closer to each other tend to have similar rewards as rewards tend to cluster together.
For each environment, you will be able to make either 5 or 10 choices.
When you made all your choices in a given environment, you will start making choices in the next unexplored environment.
The rewards underlying the different options are different in each environment so you will learn them anew for each environment.
Each environment starts with the value of a single option revealed.
When you choose the number corresponding to a different option, you will be told the value of that option and receive those points.
Previously revealed options, including the starting option, can also be reselected, although there may be small changes in the point value.
It is your task to gain as many points as possible across all 16 environments.

Environment number 1:
The value of option 19 is 75. You have 5 choices to make in this environment.
You press <<18>> and receive 70 points.
You press <<20>> and receive 67 points.
You press <<17>> and receive 50 points.
You press <<11>> and receive 10 points.
You press <<26>> and receive 23 points.

Environment number 2:
The value of option 8 is 43. You have 5 choices to make in this environment.
You press <<20>> and receive 2 points.
You press <<29>> and receive 34 points.
You press <<3>> and receive 59 points.
You press <<15>> and receive 76 points.
You press <<16>> and receive 61 points.

Environment number 3:
The value of option 2 is 3. You have 5 choices to make in this environment.
You press <<15>> and receive 70 points.
You press <<14>> and receive 65 points.
You press <<16>> and receive 61 points.
You press <<9>> and receive 3 points.
You press <<24>> and receive 28 points.

Environment number 4:
The value of option 7 is 1. You have 10 choices to make in this environment.
You press <<13>> and receive 22 points.
You press <<18>> and receive 41 points.
You press <<24>> and receive 37 points.
You press <<19>> and receive 57 points.
You press <<17>> and receive 29 points.
You press <<20>> and receive 64 points.
You press <<21>> and receive 63 points.
You press <<22>> and receive 57 points.
You press <<16>> and receive 17 points.
You press <<12>> and receive 28 points.

Environment number 5:
The value of option 4 is 51. You have 10 choices to make in this environment.
You press <<5>> and receive 47 points.
You press <<3>> and receive 48 points.
You press <<13>> and receive 48 points.
You press <<",20
5,11,5,11,0,smooth,4,10,51,54,"You will be presented with a series of 16 different environments to explore.
In each trial, you can select an option between numbers 1 and 30 by pressing the corresponding key.
By selecting any of these options, you will earn points associated with each unique option.
Imagine these options 1 through 30 as lying next to each other in an ordered line; options closer to each other tend to have similar rewards as rewards tend to cluster together.
For each environment, you will be able to make either 5 or 10 choices.
When you made all your choices in a given environment, you will start making choices in the next unexplored environment.
The rewards underlying the different options are different in each environment so you will learn them anew for each environment.
Each environment starts with the value of a single option revealed.
When you choose the number corresponding to a different option, you will be told the value of that option and receive those points.
Previously revealed options, including the starting option, can also be reselected, although there may be small changes in the point value.
It is your task to gain as many points as possible across all 16 environments.

Environment number 1:
The value of option 19 is 75. You have 5 choices to make in this environment.
You press <<18>> and receive 70 points.
You press <<20>> and receive 67 points.
You press <<17>> and receive 50 points.
You press <<11>> and receive 10 points.
You press <<26>> and receive 23 points.

Environment number 2:
The value of option 8 is 43. You have 5 choices to make in this environment.
You press <<20>> and receive 2 points.
You press <<29>> and receive 34 points.
You press <<3>> and receive 59 points.
You press <<15>> and receive 76 points.
You press <<16>> and receive 61 points.

Environment number 3:
The value of option 2 is 3. You have 5 choices to make in this environment.
You press <<15>> and receive 70 points.
You press <<14>> and receive 65 points.
You press <<16>> and receive 61 points.
You press <<9>> and receive 3 points.
You press <<24>> and receive 28 points.

Environment number 4:
The value of option 7 is 1. You have 10 choices to make in this environment.
You press <<13>> and receive 22 points.
You press <<18>> and receive 41 points.
You press <<24>> and receive 37 points.
You press <<19>> and receive 57 points.
You press <<17>> and receive 29 points.
You press <<20>> and receive 64 points.
You press <<21>> and receive 63 points.
You press <<22>> and receive 57 points.
You press <<16>> and receive 17 points.
You press <<12>> and receive 28 points.

Environment number 5:
The value of option 4 is 51. You have 10 choices to make in this environment.
You press <<5>> and receive 47 points.
You press <<3>> and receive 48 points.
You press <<13>> and receive 48 points.
You press <<12>> and receive 59 points.
You press <<",20
5,11,6,21,0,smooth,4,10,51,21,"You will be presented with a series of 16 different environments to explore.
In each trial, you can select an option between numbers 1 and 30 by pressing the corresponding key.
By selecting any of these options, you will earn points associated with each unique option.
Imagine these options 1 through 30 as lying next to each other in an ordered line; options closer to each other tend to have similar rewards as rewards tend to cluster together.
For each environment, you will be able to make either 5 or 10 choices.
When you made all your choices in a given environment, you will start making choices in the next unexplored environment.
The rewards underlying the different options are different in each environment so you will learn them anew for each environment.
Each environment starts with the value of a single option revealed.
When you choose the number corresponding to a different option, you will be told the value of that option and receive those points.
Previously revealed options, including the starting option, can also be reselected, although there may be small changes in the point value.
It is your task to gain as many points as possible across all 16 environments.

Environment number 1:
The value of option 19 is 75. You have 5 choices to make in this environment.
You press <<18>> and receive 70 points.
You press <<20>> and receive 67 points.
You press <<17>> and receive 50 points.
You press <<11>> and receive 10 points.
You press <<26>> and receive 23 points.

Environment number 2:
The value of option 8 is 43. You have 5 choices to make in this environment.
You press <<20>> and receive 2 points.
You press <<29>> and receive 34 points.
You press <<3>> and receive 59 points.
You press <<15>> and receive 76 points.
You press <<16>> and receive 61 points.

Environment number 3:
The value of option 2 is 3. You have 5 choices to make in this environment.
You press <<15>> and receive 70 points.
You press <<14>> and receive 65 points.
You press <<16>> and receive 61 points.
You press <<9>> and receive 3 points.
You press <<24>> and receive 28 points.

Environment number 4:
The value of option 7 is 1. You have 10 choices to make in this environment.
You press <<13>> and receive 22 points.
You press <<18>> and receive 41 points.
You press <<24>> and receive 37 points.
You press <<19>> and receive 57 points.
You press <<17>> and receive 29 points.
You press <<20>> and receive 64 points.
You press <<21>> and receive 63 points.
You press <<22>> and receive 57 points.
You press <<16>> and receive 17 points.
You press <<12>> and receive 28 points.

Environment number 5:
The value of option 4 is 51. You have 10 choices to make in this environment.
You press <<5>> and receive 47 points.
You press <<3>> and receive 48 points.
You press <<13>> and receive 48 points.
You press <<12>> and receive 59 points.
You press <<11>> and receive 54 points.
You press <<",20
5,11,7,28,0,smooth,4,10,51,31,"You will be presented with a series of 16 different environments to explore.
In each trial, you can select an option between numbers 1 and 30 by pressing the corresponding key.
By selecting any of these options, you will earn points associated with each unique option.
Imagine these options 1 through 30 as lying next to each other in an ordered line; options closer to each other tend to have similar rewards as rewards tend to cluster together.
For each environment, you will be able to make either 5 or 10 choices.
When you made all your choices in a given environment, you will start making choices in the next unexplored environment.
The rewards underlying the different options are different in each environment so you will learn them anew for each environment.
Each environment starts with the value of a single option revealed.
When you choose the number corresponding to a different option, you will be told the value of that option and receive those points.
Previously revealed options, including the starting option, can also be reselected, although there may be small changes in the point value.
It is your task to gain as many points as possible across all 16 environments.

Environment number 1:
The value of option 19 is 75. You have 5 choices to make in this environment.
You press <<18>> and receive 70 points.
You press <<20>> and receive 67 points.
You press <<17>> and receive 50 points.
You press <<11>> and receive 10 points.
You press <<26>> and receive 23 points.

Environment number 2:
The value of option 8 is 43. You have 5 choices to make in this environment.
You press <<20>> and receive 2 points.
You press <<29>> and receive 34 points.
You press <<3>> and receive 59 points.
You press <<15>> and receive 76 points.
You press <<16>> and receive 61 points.

Environment number 3:
The value of option 2 is 3. You have 5 choices to make in this environment.
You press <<15>> and receive 70 points.
You press <<14>> and receive 65 points.
You press <<16>> and receive 61 points.
You press <<9>> and receive 3 points.
You press <<24>> and receive 28 points.

Environment number 4:
The value of option 7 is 1. You have 10 choices to make in this environment.
You press <<13>> and receive 22 points.
You press <<18>> and receive 41 points.
You press <<24>> and receive 37 points.
You press <<19>> and receive 57 points.
You press <<17>> and receive 29 points.
You press <<20>> and receive 64 points.
You press <<21>> and receive 63 points.
You press <<22>> and receive 57 points.
You press <<16>> and receive 17 points.
You press <<12>> and receive 28 points.

Environment number 5:
The value of option 4 is 51. You have 10 choices to make in this environment.
You press <<5>> and receive 47 points.
You press <<3>> and receive 48 points.
You press <<13>> and receive 48 points.
You press <<12>> and receive 59 points.
You press <<11>> and receive 54 points.
You press <<21>> and receive 21 points.
You press <<",20
5,11,8,17,0,smooth,4,10,51,75,"You will be presented with a series of 16 different environments to explore.
In each trial, you can select an option between numbers 1 and 30 by pressing the corresponding key.
By selecting any of these options, you will earn points associated with each unique option.
Imagine these options 1 through 30 as lying next to each other in an ordered line; options closer to each other tend to have similar rewards as rewards tend to cluster together.
For each environment, you will be able to make either 5 or 10 choices.
When you made all your choices in a given environment, you will start making choices in the next unexplored environment.
The rewards underlying the different options are different in each environment so you will learn them anew for each environment.
Each environment starts with the value of a single option revealed.
When you choose the number corresponding to a different option, you will be told the value of that option and receive those points.
Previously revealed options, including the starting option, can also be reselected, although there may be small changes in the point value.
It is your task to gain as many points as possible across all 16 environments.

Environment number 1:
The value of option 19 is 75. You have 5 choices to make in this environment.
You press <<18>> and receive 70 points.
You press <<20>> and receive 67 points.
You press <<17>> and receive 50 points.
You press <<11>> and receive 10 points.
You press <<26>> and receive 23 points.

Environment number 2:
The value of option 8 is 43. You have 5 choices to make in this environment.
You press <<20>> and receive 2 points.
You press <<29>> and receive 34 points.
You press <<3>> and receive 59 points.
You press <<15>> and receive 76 points.
You press <<16>> and receive 61 points.

Environment number 3:
The value of option 2 is 3. You have 5 choices to make in this environment.
You press <<15>> and receive 70 points.
You press <<14>> and receive 65 points.
You press <<16>> and receive 61 points.
You press <<9>> and receive 3 points.
You press <<24>> and receive 28 points.

Environment number 4:
The value of option 7 is 1. You have 10 choices to make in this environment.
You press <<13>> and receive 22 points.
You press <<18>> and receive 41 points.
You press <<24>> and receive 37 points.
You press <<19>> and receive 57 points.
You press <<17>> and receive 29 points.
You press <<20>> and receive 64 points.
You press <<21>> and receive 63 points.
You press <<22>> and receive 57 points.
You press <<16>> and receive 17 points.
You press <<12>> and receive 28 points.

Environment number 5:
The value of option 4 is 51. You have 10 choices to make in this environment.
You press <<5>> and receive 47 points.
You press <<3>> and receive 48 points.
You press <<13>> and receive 48 points.
You press <<12>> and receive 59 points.
You press <<11>> and receive 54 points.
You press <<21>> and receive 21 points.
You press <<28>> and receive 31 points.
You press <<",20
5,11,9,18,0,smooth,4,10,51,85,"You will be presented with a series of 16 different environments to explore.
In each trial, you can select an option between numbers 1 and 30 by pressing the corresponding key.
By selecting any of these options, you will earn points associated with each unique option.
Imagine these options 1 through 30 as lying next to each other in an ordered line; options closer to each other tend to have similar rewards as rewards tend to cluster together.
For each environment, you will be able to make either 5 or 10 choices.
When you made all your choices in a given environment, you will start making choices in the next unexplored environment.
The rewards underlying the different options are different in each environment so you will learn them anew for each environment.
Each environment starts with the value of a single option revealed.
When you choose the number corresponding to a different option, you will be told the value of that option and receive those points.
Previously revealed options, including the starting option, can also be reselected, although there may be small changes in the point value.
It is your task to gain as many points as possible across all 16 environments.

Environment number 1:
The value of option 19 is 75. You have 5 choices to make in this environment.
You press <<18>> and receive 70 points.
You press <<20>> and receive 67 points.
You press <<17>> and receive 50 points.
You press <<11>> and receive 10 points.
You press <<26>> and receive 23 points.

Environment number 2:
The value of option 8 is 43. You have 5 choices to make in this environment.
You press <<20>> and receive 2 points.
You press <<29>> and receive 34 points.
You press <<3>> and receive 59 points.
You press <<15>> and receive 76 points.
You press <<16>> and receive 61 points.

Environment number 3:
The value of option 2 is 3. You have 5 choices to make in this environment.
You press <<15>> and receive 70 points.
You press <<14>> and receive 65 points.
You press <<16>> and receive 61 points.
You press <<9>> and receive 3 points.
You press <<24>> and receive 28 points.

Environment number 4:
The value of option 7 is 1. You have 10 choices to make in this environment.
You press <<13>> and receive 22 points.
You press <<18>> and receive 41 points.
You press <<24>> and receive 37 points.
You press <<19>> and receive 57 points.
You press <<17>> and receive 29 points.
You press <<20>> and receive 64 points.
You press <<21>> and receive 63 points.
You press <<22>> and receive 57 points.
You press <<16>> and receive 17 points.
You press <<12>> and receive 28 points.

Environment number 5:
The value of option 4 is 51. You have 10 choices to make in this environment.
You press <<5>> and receive 47 points.
You press <<3>> and receive 48 points.
You press <<13>> and receive 48 points.
You press <<12>> and receive 59 points.
You press <<11>> and receive 54 points.
You press <<21>> and receive 21 points.
You press <<28>> and receive 31 points.
You press <<17>> and receive 75 points.
You press <<",20
5,11,10,19,0,smooth,4,10,51,76,"You will be presented with a series of 16 different environments to explore.
In each trial, you can select an option between numbers 1 and 30 by pressing the corresponding key.
By selecting any of these options, you will earn points associated with each unique option.
Imagine these options 1 through 30 as lying next to each other in an ordered line; options closer to each other tend to have similar rewards as rewards tend to cluster together.
For each environment, you will be able to make either 5 or 10 choices.
When you made all your choices in a given environment, you will start making choices in the next unexplored environment.
The rewards underlying the different options are different in each environment so you will learn them anew for each environment.
Each environment starts with the value of a single option revealed.
When you choose the number corresponding to a different option, you will be told the value of that option and receive those points.
Previously revealed options, including the starting option, can also be reselected, although there may be small changes in the point value.
It is your task to gain as many points as possible across all 16 environments.

Environment number 1:
The value of option 19 is 75. You have 5 choices to make in this environment.
You press <<18>> and receive 70 points.
You press <<20>> and receive 67 points.
You press <<17>> and receive 50 points.
You press <<11>> and receive 10 points.
You press <<26>> and receive 23 points.

Environment number 2:
The value of option 8 is 43. You have 5 choices to make in this environment.
You press <<20>> and receive 2 points.
You press <<29>> and receive 34 points.
You press <<3>> and receive 59 points.
You press <<15>> and receive 76 points.
You press <<16>> and receive 61 points.

Environment number 3:
The value of option 2 is 3. You have 5 choices to make in this environment.
You press <<15>> and receive 70 points.
You press <<14>> and receive 65 points.
You press <<16>> and receive 61 points.
You press <<9>> and receive 3 points.
You press <<24>> and receive 28 points.

Environment number 4:
The value of option 7 is 1. You have 10 choices to make in this environment.
You press <<13>> and receive 22 points.
You press <<18>> and receive 41 points.
You press <<24>> and receive 37 points.
You press <<19>> and receive 57 points.
You press <<17>> and receive 29 points.
You press <<20>> and receive 64 points.
You press <<21>> and receive 63 points.
You press <<22>> and receive 57 points.
You press <<16>> and receive 17 points.
You press <<12>> and receive 28 points.

Environment number 5:
The value of option 4 is 51. You have 10 choices to make in this environment.
You press <<5>> and receive 47 points.
You press <<3>> and receive 48 points.
You press <<13>> and receive 48 points.
You press <<12>> and receive 59 points.
You press <<11>> and receive 54 points.
You press <<21>> and receive 21 points.
You press <<28>> and receive 31 points.
You press <<17>> and receive 75 points.
You press <<18>> and receive 85 points.
You press <<",20
6,2,1,12,0,smooth,3,5,65,46,"You will be presented with a series of 16 different environments to explore.
In each trial, you can select an option between numbers 1 and 30 by pressing the corresponding key.
By selecting any of these options, you will earn points associated with each unique option.
Imagine these options 1 through 30 as lying next to each other in an ordered line; options closer to each other tend to have similar rewards as rewards tend to cluster together.
For each environment, you will be able to make either 5 or 10 choices.
When you made all your choices in a given environment, you will start making choices in the next unexplored environment.
The rewards underlying the different options are different in each environment so you will learn them anew for each environment.
Each environment starts with the value of a single option revealed.
When you choose the number corresponding to a different option, you will be told the value of that option and receive those points.
Previously revealed options, including the starting option, can also be reselected, although there may be small changes in the point value.
It is your task to gain as many points as possible across all 16 environments.

Environment number 1:
The value of option 19 is 75. You have 5 choices to make in this environment.
You press <<18>> and receive 70 points.
You press <<20>> and receive 67 points.
You press <<17>> and receive 50 points.
You press <<11>> and receive 10 points.
You press <<26>> and receive 23 points.

Environment number 2:
The value of option 8 is 43. You have 5 choices to make in this environment.
You press <<20>> and receive 2 points.
You press <<29>> and receive 34 points.
You press <<3>> and receive 59 points.
You press <<15>> and receive 76 points.
You press <<16>> and receive 61 points.

Environment number 3:
The value of option 2 is 3. You have 5 choices to make in this environment.
You press <<15>> and receive 70 points.
You press <<14>> and receive 65 points.
You press <<16>> and receive 61 points.
You press <<9>> and receive 3 points.
You press <<24>> and receive 28 points.

Environment number 4:
The value of option 7 is 1. You have 10 choices to make in this environment.
You press <<13>> and receive 22 points.
You press <<18>> and receive 41 points.
You press <<24>> and receive 37 points.
You press <<19>> and receive 57 points.
You press <<17>> and receive 29 points.
You press <<20>> and receive 64 points.
You press <<21>> and receive 63 points.
You press <<22>> and receive 57 points.
You press <<16>> and receive 17 points.
You press <<12>> and receive 28 points.

Environment number 5:
The value of option 4 is 51. You have 10 choices to make in this environment.
You press <<5>> and receive 47 points.
You press <<3>> and receive 48 points.
You press <<13>> and receive 48 points.
You press <<12>> and receive 59 points.
You press <<11>> and receive 54 points.
You press <<21>> and receive 21 points.
You press <<28>> and receive 31 points.
You press <<17>> and receive 75 points.
You press <<18>> and receive 85 points.
You press <<19>> and receive 76 points.

Environment number 6:
The value of option 3 is 65. You have 5 choices to make in this environment.
You press <<",20
6,2,2,21,0,smooth,3,5,65,83,"You will be presented with a series of 16 different environments to explore.
In each trial, you can select an option between numbers 1 and 30 by pressing the corresponding key.
By selecting any of these options, you will earn points associated with each unique option.
Imagine these options 1 through 30 as lying next to each other in an ordered line; options closer to each other tend to have similar rewards as rewards tend to cluster together.
For each environment, you will be able to make either 5 or 10 choices.
When you made all your choices in a given environment, you will start making choices in the next unexplored environment.
The rewards underlying the different options are different in each environment so you will learn them anew for each environment.
Each environment starts with the value of a single option revealed.
When you choose the number corresponding to a different option, you will be told the value of that option and receive those points.
Previously revealed options, including the starting option, can also be reselected, although there may be small changes in the point value.
It is your task to gain as many points as possible across all 16 environments.

Environment number 1:
The value of option 19 is 75. You have 5 choices to make in this environment.
You press <<18>> and receive 70 points.
You press <<20>> and receive 67 points.
You press <<17>> and receive 50 points.
You press <<11>> and receive 10 points.
You press <<26>> and receive 23 points.

Environment number 2:
The value of option 8 is 43. You have 5 choices to make in this environment.
You press <<20>> and receive 2 points.
You press <<29>> and receive 34 points.
You press <<3>> and receive 59 points.
You press <<15>> and receive 76 points.
You press <<16>> and receive 61 points.

Environment number 3:
The value of option 2 is 3. You have 5 choices to make in this environment.
You press <<15>> and receive 70 points.
You press <<14>> and receive 65 points.
You press <<16>> and receive 61 points.
You press <<9>> and receive 3 points.
You press <<24>> and receive 28 points.

Environment number 4:
The value of option 7 is 1. You have 10 choices to make in this environment.
You press <<13>> and receive 22 points.
You press <<18>> and receive 41 points.
You press <<24>> and receive 37 points.
You press <<19>> and receive 57 points.
You press <<17>> and receive 29 points.
You press <<20>> and receive 64 points.
You press <<21>> and receive 63 points.
You press <<22>> and receive 57 points.
You press <<16>> and receive 17 points.
You press <<12>> and receive 28 points.

Environment number 5:
The value of option 4 is 51. You have 10 choices to make in this environment.
You press <<5>> and receive 47 points.
You press <<3>> and receive 48 points.
You press <<13>> and receive 48 points.
You press <<12>> and receive 59 points.
You press <<11>> and receive 54 points.
You press <<21>> and receive 21 points.
You press <<28>> and receive 31 points.
You press <<17>> and receive 75 points.
You press <<18>> and receive 85 points.
You press <<19>> and receive 76 points.

Environment number 6:
The value of option 3 is 65. You have 5 choices to make in this environment.
You press <<12>> and receive 46 points.
You press <<",20
6,2,3,22,0,smooth,3,5,65,82,"You will be presented with a series of 16 different environments to explore.
In each trial, you can select an option between numbers 1 and 30 by pressing the corresponding key.
By selecting any of these options, you will earn points associated with each unique option.
Imagine these options 1 through 30 as lying next to each other in an ordered line; options closer to each other tend to have similar rewards as rewards tend to cluster together.
For each environment, you will be able to make either 5 or 10 choices.
When you made all your choices in a given environment, you will start making choices in the next unexplored environment.
The rewards underlying the different options are different in each environment so you will learn them anew for each environment.
Each environment starts with the value of a single option revealed.
When you choose the number corresponding to a different option, you will be told the value of that option and receive those points.
Previously revealed options, including the starting option, can also be reselected, although there may be small changes in the point value.
It is your task to gain as many points as possible across all 16 environments.

Environment number 1:
The value of option 19 is 75. You have 5 choices to make in this environment.
You press <<18>> and receive 70 points.
You press <<20>> and receive 67 points.
You press <<17>> and receive 50 points.
You press <<11>> and receive 10 points.
You press <<26>> and receive 23 points.

Environment number 2:
The value of option 8 is 43. You have 5 choices to make in this environment.
You press <<20>> and receive 2 points.
You press <<29>> and receive 34 points.
You press <<3>> and receive 59 points.
You press <<15>> and receive 76 points.
You press <<16>> and receive 61 points.

Environment number 3:
The value of option 2 is 3. You have 5 choices to make in this environment.
You press <<15>> and receive 70 points.
You press <<14>> and receive 65 points.
You press <<16>> and receive 61 points.
You press <<9>> and receive 3 points.
You press <<24>> and receive 28 points.

Environment number 4:
The value of option 7 is 1. You have 10 choices to make in this environment.
You press <<13>> and receive 22 points.
You press <<18>> and receive 41 points.
You press <<24>> and receive 37 points.
You press <<19>> and receive 57 points.
You press <<17>> and receive 29 points.
You press <<20>> and receive 64 points.
You press <<21>> and receive 63 points.
You press <<22>> and receive 57 points.
You press <<16>> and receive 17 points.
You press <<12>> and receive 28 points.

Environment number 5:
The value of option 4 is 51. You have 10 choices to make in this environment.
You press <<5>> and receive 47 points.
You press <<3>> and receive 48 points.
You press <<13>> and receive 48 points.
You press <<12>> and receive 59 points.
You press <<11>> and receive 54 points.
You press <<21>> and receive 21 points.
You press <<28>> and receive 31 points.
You press <<17>> and receive 75 points.
You press <<18>> and receive 85 points.
You press <<19>> and receive 76 points.

Environment number 6:
The value of option 3 is 65. You have 5 choices to make in this environment.
You press <<12>> and receive 46 points.
You press <<21>> and receive 83 points.
You press <<",20
6,2,4,20,0,smooth,3,5,65,79,"You will be presented with a series of 16 different environments to explore.
In each trial, you can select an option between numbers 1 and 30 by pressing the corresponding key.
By selecting any of these options, you will earn points associated with each unique option.
Imagine these options 1 through 30 as lying next to each other in an ordered line; options closer to each other tend to have similar rewards as rewards tend to cluster together.
For each environment, you will be able to make either 5 or 10 choices.
When you made all your choices in a given environment, you will start making choices in the next unexplored environment.
The rewards underlying the different options are different in each environment so you will learn them anew for each environment.
Each environment starts with the value of a single option revealed.
When you choose the number corresponding to a different option, you will be told the value of that option and receive those points.
Previously revealed options, including the starting option, can also be reselected, although there may be small changes in the point value.
It is your task to gain as many points as possible across all 16 environments.

Environment number 1:
The value of option 19 is 75. You have 5 choices to make in this environment.
You press <<18>> and receive 70 points.
You press <<20>> and receive 67 points.
You press <<17>> and receive 50 points.
You press <<11>> and receive 10 points.
You press <<26>> and receive 23 points.

Environment number 2:
The value of option 8 is 43. You have 5 choices to make in this environment.
You press <<20>> and receive 2 points.
You press <<29>> and receive 34 points.
You press <<3>> and receive 59 points.
You press <<15>> and receive 76 points.
You press <<16>> and receive 61 points.

Environment number 3:
The value of option 2 is 3. You have 5 choices to make in this environment.
You press <<15>> and receive 70 points.
You press <<14>> and receive 65 points.
You press <<16>> and receive 61 points.
You press <<9>> and receive 3 points.
You press <<24>> and receive 28 points.

Environment number 4:
The value of option 7 is 1. You have 10 choices to make in this environment.
You press <<13>> and receive 22 points.
You press <<18>> and receive 41 points.
You press <<24>> and receive 37 points.
You press <<19>> and receive 57 points.
You press <<17>> and receive 29 points.
You press <<20>> and receive 64 points.
You press <<21>> and receive 63 points.
You press <<22>> and receive 57 points.
You press <<16>> and receive 17 points.
You press <<12>> and receive 28 points.

Environment number 5:
The value of option 4 is 51. You have 10 choices to make in this environment.
You press <<5>> and receive 47 points.
You press <<3>> and receive 48 points.
You press <<13>> and receive 48 points.
You press <<12>> and receive 59 points.
You press <<11>> and receive 54 points.
You press <<21>> and receive 21 points.
You press <<28>> and receive 31 points.
You press <<17>> and receive 75 points.
You press <<18>> and receive 85 points.
You press <<19>> and receive 76 points.

Environment number 6:
The value of option 3 is 65. You have 5 choices to make in this environment.
You press <<12>> and receive 46 points.
You press <<21>> and receive 83 points.
You press <<22>> and receive 82 points.
You press <<",20
6,2,5,23,0,smooth,3,5,65,76,"You will be presented with a series of 16 different environments to explore.
In each trial, you can select an option between numbers 1 and 30 by pressing the corresponding key.
By selecting any of these options, you will earn points associated with each unique option.
Imagine these options 1 through 30 as lying next to each other in an ordered line; options closer to each other tend to have similar rewards as rewards tend to cluster together.
For each environment, you will be able to make either 5 or 10 choices.
When you made all your choices in a given environment, you will start making choices in the next unexplored environment.
The rewards underlying the different options are different in each environment so you will learn them anew for each environment.
Each environment starts with the value of a single option revealed.
When you choose the number corresponding to a different option, you will be told the value of that option and receive those points.
Previously revealed options, including the starting option, can also be reselected, although there may be small changes in the point value.
It is your task to gain as many points as possible across all 16 environments.

Environment number 1:
The value of option 19 is 75. You have 5 choices to make in this environment.
You press <<18>> and receive 70 points.
You press <<20>> and receive 67 points.
You press <<17>> and receive 50 points.
You press <<11>> and receive 10 points.
You press <<26>> and receive 23 points.

Environment number 2:
The value of option 8 is 43. You have 5 choices to make in this environment.
You press <<20>> and receive 2 points.
You press <<29>> and receive 34 points.
You press <<3>> and receive 59 points.
You press <<15>> and receive 76 points.
You press <<16>> and receive 61 points.

Environment number 3:
The value of option 2 is 3. You have 5 choices to make in this environment.
You press <<15>> and receive 70 points.
You press <<14>> and receive 65 points.
You press <<16>> and receive 61 points.
You press <<9>> and receive 3 points.
You press <<24>> and receive 28 points.

Environment number 4:
The value of option 7 is 1. You have 10 choices to make in this environment.
You press <<13>> and receive 22 points.
You press <<18>> and receive 41 points.
You press <<24>> and receive 37 points.
You press <<19>> and receive 57 points.
You press <<17>> and receive 29 points.
You press <<20>> and receive 64 points.
You press <<21>> and receive 63 points.
You press <<22>> and receive 57 points.
You press <<16>> and receive 17 points.
You press <<12>> and receive 28 points.

Environment number 5:
The value of option 4 is 51. You have 10 choices to make in this environment.
You press <<5>> and receive 47 points.
You press <<3>> and receive 48 points.
You press <<13>> and receive 48 points.
You press <<12>> and receive 59 points.
You press <<11>> and receive 54 points.
You press <<21>> and receive 21 points.
You press <<28>> and receive 31 points.
You press <<17>> and receive 75 points.
You press <<18>> and receive 85 points.
You press <<19>> and receive 76 points.

Environment number 6:
The value of option 3 is 65. You have 5 choices to make in this environment.
You press <<12>> and receive 46 points.
You press <<21>> and receive 83 points.
You press <<22>> and receive 82 points.
You press <<20>> and receive 79 points.
You press <<",20
7,27,1,6,0,smooth,7,10,59,40,"You will be presented with a series of 16 different environments to explore.
In each trial, you can select an option between numbers 1 and 30 by pressing the corresponding key.
By selecting any of these options, you will earn points associated with each unique option.
Imagine these options 1 through 30 as lying next to each other in an ordered line; options closer to each other tend to have similar rewards as rewards tend to cluster together.
For each environment, you will be able to make either 5 or 10 choices.
When you made all your choices in a given environment, you will start making choices in the next unexplored environment.
The rewards underlying the different options are different in each environment so you will learn them anew for each environment.
Each environment starts with the value of a single option revealed.
When you choose the number corresponding to a different option, you will be told the value of that option and receive those points.
Previously revealed options, including the starting option, can also be reselected, although there may be small changes in the point value.
It is your task to gain as many points as possible across all 16 environments.

Environment number 1:
The value of option 19 is 75. You have 5 choices to make in this environment.
You press <<18>> and receive 70 points.
You press <<20>> and receive 67 points.
You press <<17>> and receive 50 points.
You press <<11>> and receive 10 points.
You press <<26>> and receive 23 points.

Environment number 2:
The value of option 8 is 43. You have 5 choices to make in this environment.
You press <<20>> and receive 2 points.
You press <<29>> and receive 34 points.
You press <<3>> and receive 59 points.
You press <<15>> and receive 76 points.
You press <<16>> and receive 61 points.

Environment number 3:
The value of option 2 is 3. You have 5 choices to make in this environment.
You press <<15>> and receive 70 points.
You press <<14>> and receive 65 points.
You press <<16>> and receive 61 points.
You press <<9>> and receive 3 points.
You press <<24>> and receive 28 points.

Environment number 4:
The value of option 7 is 1. You have 10 choices to make in this environment.
You press <<13>> and receive 22 points.
You press <<18>> and receive 41 points.
You press <<24>> and receive 37 points.
You press <<19>> and receive 57 points.
You press <<17>> and receive 29 points.
You press <<20>> and receive 64 points.
You press <<21>> and receive 63 points.
You press <<22>> and receive 57 points.
You press <<16>> and receive 17 points.
You press <<12>> and receive 28 points.

Environment number 5:
The value of option 4 is 51. You have 10 choices to make in this environment.
You press <<5>> and receive 47 points.
You press <<3>> and receive 48 points.
You press <<13>> and receive 48 points.
You press <<12>> and receive 59 points.
You press <<11>> and receive 54 points.
You press <<21>> and receive 21 points.
You press <<28>> and receive 31 points.
You press <<17>> and receive 75 points.
You press <<18>> and receive 85 points.
You press <<19>> and receive 76 points.

Environment number 6:
The value of option 3 is 65. You have 5 choices to make in this environment.
You press <<12>> and receive 46 points.
You press <<21>> and receive 83 points.
You press <<22>> and receive 82 points.
You press <<20>> and receive 79 points.
You press <<23>> and receive 76 points.

Environment number 7:
The value of option 7 is 59. You have 10 choices to make in this environment.
You press <<",20
7,27,2,8,0,smooth,7,10,59,76,"You will be presented with a series of 16 different environments to explore.
In each trial, you can select an option between numbers 1 and 30 by pressing the corresponding key.
By selecting any of these options, you will earn points associated with each unique option.
Imagine these options 1 through 30 as lying next to each other in an ordered line; options closer to each other tend to have similar rewards as rewards tend to cluster together.
For each environment, you will be able to make either 5 or 10 choices.
When you made all your choices in a given environment, you will start making choices in the next unexplored environment.
The rewards underlying the different options are different in each environment so you will learn them anew for each environment.
Each environment starts with the value of a single option revealed.
When you choose the number corresponding to a different option, you will be told the value of that option and receive those points.
Previously revealed options, including the starting option, can also be reselected, although there may be small changes in the point value.
It is your task to gain as many points as possible across all 16 environments.

Environment number 1:
The value of option 19 is 75. You have 5 choices to make in this environment.
You press <<18>> and receive 70 points.
You press <<20>> and receive 67 points.
You press <<17>> and receive 50 points.
You press <<11>> and receive 10 points.
You press <<26>> and receive 23 points.

Environment number 2:
The value of option 8 is 43. You have 5 choices to make in this environment.
You press <<20>> and receive 2 points.
You press <<29>> and receive 34 points.
You press <<3>> and receive 59 points.
You press <<15>> and receive 76 points.
You press <<16>> and receive 61 points.

Environment number 3:
The value of option 2 is 3. You have 5 choices to make in this environment.
You press <<15>> and receive 70 points.
You press <<14>> and receive 65 points.
You press <<16>> and receive 61 points.
You press <<9>> and receive 3 points.
You press <<24>> and receive 28 points.

Environment number 4:
The value of option 7 is 1. You have 10 choices to make in this environment.
You press <<13>> and receive 22 points.
You press <<18>> and receive 41 points.
You press <<24>> and receive 37 points.
You press <<19>> and receive 57 points.
You press <<17>> and receive 29 points.
You press <<20>> and receive 64 points.
You press <<21>> and receive 63 points.
You press <<22>> and receive 57 points.
You press <<16>> and receive 17 points.
You press <<12>> and receive 28 points.

Environment number 5:
The value of option 4 is 51. You have 10 choices to make in this environment.
You press <<5>> and receive 47 points.
You press <<3>> and receive 48 points.
You press <<13>> and receive 48 points.
You press <<12>> and receive 59 points.
You press <<11>> and receive 54 points.
You press <<21>> and receive 21 points.
You press <<28>> and receive 31 points.
You press <<17>> and receive 75 points.
You press <<18>> and receive 85 points.
You press <<19>> and receive 76 points.

Environment number 6:
The value of option 3 is 65. You have 5 choices to make in this environment.
You press <<12>> and receive 46 points.
You press <<21>> and receive 83 points.
You press <<22>> and receive 82 points.
You press <<20>> and receive 79 points.
You press <<23>> and receive 76 points.

Environment number 7:
The value of option 7 is 59. You have 10 choices to make in this environment.
You press <<6>> and receive 40 points.
You press <<",20
7,27,3,9,0,smooth,7,10,59,73,"You will be presented with a series of 16 different environments to explore.
In each trial, you can select an option between numbers 1 and 30 by pressing the corresponding key.
By selecting any of these options, you will earn points associated with each unique option.
Imagine these options 1 through 30 as lying next to each other in an ordered line; options closer to each other tend to have similar rewards as rewards tend to cluster together.
For each environment, you will be able to make either 5 or 10 choices.
When you made all your choices in a given environment, you will start making choices in the next unexplored environment.
The rewards underlying the different options are different in each environment so you will learn them anew for each environment.
Each environment starts with the value of a single option revealed.
When you choose the number corresponding to a different option, you will be told the value of that option and receive those points.
Previously revealed options, including the starting option, can also be reselected, although there may be small changes in the point value.
It is your task to gain as many points as possible across all 16 environments.

Environment number 1:
The value of option 19 is 75. You have 5 choices to make in this environment.
You press <<18>> and receive 70 points.
You press <<20>> and receive 67 points.
You press <<17>> and receive 50 points.
You press <<11>> and receive 10 points.
You press <<26>> and receive 23 points.

Environment number 2:
The value of option 8 is 43. You have 5 choices to make in this environment.
You press <<20>> and receive 2 points.
You press <<29>> and receive 34 points.
You press <<3>> and receive 59 points.
You press <<15>> and receive 76 points.
You press <<16>> and receive 61 points.

Environment number 3:
The value of option 2 is 3. You have 5 choices to make in this environment.
You press <<15>> and receive 70 points.
You press <<14>> and receive 65 points.
You press <<16>> and receive 61 points.
You press <<9>> and receive 3 points.
You press <<24>> and receive 28 points.

Environment number 4:
The value of option 7 is 1. You have 10 choices to make in this environment.
You press <<13>> and receive 22 points.
You press <<18>> and receive 41 points.
You press <<24>> and receive 37 points.
You press <<19>> and receive 57 points.
You press <<17>> and receive 29 points.
You press <<20>> and receive 64 points.
You press <<21>> and receive 63 points.
You press <<22>> and receive 57 points.
You press <<16>> and receive 17 points.
You press <<12>> and receive 28 points.

Environment number 5:
The value of option 4 is 51. You have 10 choices to make in this environment.
You press <<5>> and receive 47 points.
You press <<3>> and receive 48 points.
You press <<13>> and receive 48 points.
You press <<12>> and receive 59 points.
You press <<11>> and receive 54 points.
You press <<21>> and receive 21 points.
You press <<28>> and receive 31 points.
You press <<17>> and receive 75 points.
You press <<18>> and receive 85 points.
You press <<19>> and receive 76 points.

Environment number 6:
The value of option 3 is 65. You have 5 choices to make in this environment.
You press <<12>> and receive 46 points.
You press <<21>> and receive 83 points.
You press <<22>> and receive 82 points.
You press <<20>> and receive 79 points.
You press <<23>> and receive 76 points.

Environment number 7:
The value of option 7 is 59. You have 10 choices to make in this environment.
You press <<6>> and receive 40 points.
You press <<8>> and receive 76 points.
You press <<",20
7,27,4,18,0,smooth,7,10,59,72,"You will be presented with a series of 16 different environments to explore.
In each trial, you can select an option between numbers 1 and 30 by pressing the corresponding key.
By selecting any of these options, you will earn points associated with each unique option.
Imagine these options 1 through 30 as lying next to each other in an ordered line; options closer to each other tend to have similar rewards as rewards tend to cluster together.
For each environment, you will be able to make either 5 or 10 choices.
When you made all your choices in a given environment, you will start making choices in the next unexplored environment.
The rewards underlying the different options are different in each environment so you will learn them anew for each environment.
Each environment starts with the value of a single option revealed.
When you choose the number corresponding to a different option, you will be told the value of that option and receive those points.
Previously revealed options, including the starting option, can also be reselected, although there may be small changes in the point value.
It is your task to gain as many points as possible across all 16 environments.

Environment number 1:
The value of option 19 is 75. You have 5 choices to make in this environment.
You press <<18>> and receive 70 points.
You press <<20>> and receive 67 points.
You press <<17>> and receive 50 points.
You press <<11>> and receive 10 points.
You press <<26>> and receive 23 points.

Environment number 2:
The value of option 8 is 43. You have 5 choices to make in this environment.
You press <<20>> and receive 2 points.
You press <<29>> and receive 34 points.
You press <<3>> and receive 59 points.
You press <<15>> and receive 76 points.
You press <<16>> and receive 61 points.

Environment number 3:
The value of option 2 is 3. You have 5 choices to make in this environment.
You press <<15>> and receive 70 points.
You press <<14>> and receive 65 points.
You press <<16>> and receive 61 points.
You press <<9>> and receive 3 points.
You press <<24>> and receive 28 points.

Environment number 4:
The value of option 7 is 1. You have 10 choices to make in this environment.
You press <<13>> and receive 22 points.
You press <<18>> and receive 41 points.
You press <<24>> and receive 37 points.
You press <<19>> and receive 57 points.
You press <<17>> and receive 29 points.
You press <<20>> and receive 64 points.
You press <<21>> and receive 63 points.
You press <<22>> and receive 57 points.
You press <<16>> and receive 17 points.
You press <<12>> and receive 28 points.

Environment number 5:
The value of option 4 is 51. You have 10 choices to make in this environment.
You press <<5>> and receive 47 points.
You press <<3>> and receive 48 points.
You press <<13>> and receive 48 points.
You press <<12>> and receive 59 points.
You press <<11>> and receive 54 points.
You press <<21>> and receive 21 points.
You press <<28>> and receive 31 points.
You press <<17>> and receive 75 points.
You press <<18>> and receive 85 points.
You press <<19>> and receive 76 points.

Environment number 6:
The value of option 3 is 65. You have 5 choices to make in this environment.
You press <<12>> and receive 46 points.
You press <<21>> and receive 83 points.
You press <<22>> and receive 82 points.
You press <<20>> and receive 79 points.
You press <<23>> and receive 76 points.

Environment number 7:
The value of option 7 is 59. You have 10 choices to make in this environment.
You press <<6>> and receive 40 points.
You press <<8>> and receive 76 points.
You press <<9>> and receive 73 points.
You press <<",20
7,27,5,17,0,smooth,7,10,59,45,"You will be presented with a series of 16 different environments to explore.
In each trial, you can select an option between numbers 1 and 30 by pressing the corresponding key.
By selecting any of these options, you will earn points associated with each unique option.
Imagine these options 1 through 30 as lying next to each other in an ordered line; options closer to each other tend to have similar rewards as rewards tend to cluster together.
For each environment, you will be able to make either 5 or 10 choices.
When you made all your choices in a given environment, you will start making choices in the next unexplored environment.
The rewards underlying the different options are different in each environment so you will learn them anew for each environment.
Each environment starts with the value of a single option revealed.
When you choose the number corresponding to a different option, you will be told the value of that option and receive those points.
Previously revealed options, including the starting option, can also be reselected, although there may be small changes in the point value.
It is your task to gain as many points as possible across all 16 environments.

Environment number 1:
The value of option 19 is 75. You have 5 choices to make in this environment.
You press <<18>> and receive 70 points.
You press <<20>> and receive 67 points.
You press <<17>> and receive 50 points.
You press <<11>> and receive 10 points.
You press <<26>> and receive 23 points.

Environment number 2:
The value of option 8 is 43. You have 5 choices to make in this environment.
You press <<20>> and receive 2 points.
You press <<29>> and receive 34 points.
You press <<3>> and receive 59 points.
You press <<15>> and receive 76 points.
You press <<16>> and receive 61 points.

Environment number 3:
The value of option 2 is 3. You have 5 choices to make in this environment.
You press <<15>> and receive 70 points.
You press <<14>> and receive 65 points.
You press <<16>> and receive 61 points.
You press <<9>> and receive 3 points.
You press <<24>> and receive 28 points.

Environment number 4:
The value of option 7 is 1. You have 10 choices to make in this environment.
You press <<13>> and receive 22 points.
You press <<18>> and receive 41 points.
You press <<24>> and receive 37 points.
You press <<19>> and receive 57 points.
You press <<17>> and receive 29 points.
You press <<20>> and receive 64 points.
You press <<21>> and receive 63 points.
You press <<22>> and receive 57 points.
You press <<16>> and receive 17 points.
You press <<12>> and receive 28 points.

Environment number 5:
The value of option 4 is 51. You have 10 choices to make in this environment.
You press <<5>> and receive 47 points.
You press <<3>> and receive 48 points.
You press <<13>> and receive 48 points.
You press <<12>> and receive 59 points.
You press <<11>> and receive 54 points.
You press <<21>> and receive 21 points.
You press <<28>> and receive 31 points.
You press <<17>> and receive 75 points.
You press <<18>> and receive 85 points.
You press <<19>> and receive 76 points.

Environment number 6:
The value of option 3 is 65. You have 5 choices to make in this environment.
You press <<12>> and receive 46 points.
You press <<21>> and receive 83 points.
You press <<22>> and receive 82 points.
You press <<20>> and receive 79 points.
You press <<23>> and receive 76 points.

Environment number 7:
The value of option 7 is 59. You have 10 choices to make in this environment.
You press <<6>> and receive 40 points.
You press <<8>> and receive 76 points.
You press <<9>> and receive 73 points.
You press <<18>> and receive 72 points.
You press <<",20
7,27,6,19,0,smooth,7,10,59,78,"You will be presented with a series of 16 different environments to explore.
In each trial, you can select an option between numbers 1 and 30 by pressing the corresponding key.
By selecting any of these options, you will earn points associated with each unique option.
Imagine these options 1 through 30 as lying next to each other in an ordered line; options closer to each other tend to have similar rewards as rewards tend to cluster together.
For each environment, you will be able to make either 5 or 10 choices.
When you made all your choices in a given environment, you will start making choices in the next unexplored environment.
The rewards underlying the different options are different in each environment so you will learn them anew for each environment.
Each environment starts with the value of a single option revealed.
When you choose the number corresponding to a different option, you will be told the value of that option and receive those points.
Previously revealed options, including the starting option, can also be reselected, although there may be small changes in the point value.
It is your task to gain as many points as possible across all 16 environments.

Environment number 1:
The value of option 19 is 75. You have 5 choices to make in this environment.
You press <<18>> and receive 70 points.
You press <<20>> and receive 67 points.
You press <<17>> and receive 50 points.
You press <<11>> and receive 10 points.
You press <<26>> and receive 23 points.

Environment number 2:
The value of option 8 is 43. You have 5 choices to make in this environment.
You press <<20>> and receive 2 points.
You press <<29>> and receive 34 points.
You press <<3>> and receive 59 points.
You press <<15>> and receive 76 points.
You press <<16>> and receive 61 points.

Environment number 3:
The value of option 2 is 3. You have 5 choices to make in this environment.
You press <<15>> and receive 70 points.
You press <<14>> and receive 65 points.
You press <<16>> and receive 61 points.
You press <<9>> and receive 3 points.
You press <<24>> and receive 28 points.

Environment number 4:
The value of option 7 is 1. You have 10 choices to make in this environment.
You press <<13>> and receive 22 points.
You press <<18>> and receive 41 points.
You press <<24>> and receive 37 points.
You press <<19>> and receive 57 points.
You press <<17>> and receive 29 points.
You press <<20>> and receive 64 points.
You press <<21>> and receive 63 points.
You press <<22>> and receive 57 points.
You press <<16>> and receive 17 points.
You press <<12>> and receive 28 points.

Environment number 5:
The value of option 4 is 51. You have 10 choices to make in this environment.
You press <<5>> and receive 47 points.
You press <<3>> and receive 48 points.
You press <<13>> and receive 48 points.
You press <<12>> and receive 59 points.
You press <<11>> and receive 54 points.
You press <<21>> and receive 21 points.
You press <<28>> and receive 31 points.
You press <<17>> and receive 75 points.
You press <<18>> and receive 85 points.
You press <<19>> and receive 76 points.

Environment number 6:
The value of option 3 is 65. You have 5 choices to make in this environment.
You press <<12>> and receive 46 points.
You press <<21>> and receive 83 points.
You press <<22>> and receive 82 points.
You press <<20>> and receive 79 points.
You press <<23>> and receive 76 points.

Environment number 7:
The value of option 7 is 59. You have 10 choices to make in this environment.
You press <<6>> and receive 40 points.
You press <<8>> and receive 76 points.
You press <<9>> and receive 73 points.
You press <<18>> and receive 72 points.
You press <<17>> and receive 45 points.
You press <<",20
7,27,7,20,0,smooth,7,10,59,68,"You will be presented with a series of 16 different environments to explore.
In each trial, you can select an option between numbers 1 and 30 by pressing the corresponding key.
By selecting any of these options, you will earn points associated with each unique option.
Imagine these options 1 through 30 as lying next to each other in an ordered line; options closer to each other tend to have similar rewards as rewards tend to cluster together.
For each environment, you will be able to make either 5 or 10 choices.
When you made all your choices in a given environment, you will start making choices in the next unexplored environment.
The rewards underlying the different options are different in each environment so you will learn them anew for each environment.
Each environment starts with the value of a single option revealed.
When you choose the number corresponding to a different option, you will be told the value of that option and receive those points.
Previously revealed options, including the starting option, can also be reselected, although there may be small changes in the point value.
It is your task to gain as many points as possible across all 16 environments.

Environment number 1:
The value of option 19 is 75. You have 5 choices to make in this environment.
You press <<18>> and receive 70 points.
You press <<20>> and receive 67 points.
You press <<17>> and receive 50 points.
You press <<11>> and receive 10 points.
You press <<26>> and receive 23 points.

Environment number 2:
The value of option 8 is 43. You have 5 choices to make in this environment.
You press <<20>> and receive 2 points.
You press <<29>> and receive 34 points.
You press <<3>> and receive 59 points.
You press <<15>> and receive 76 points.
You press <<16>> and receive 61 points.

Environment number 3:
The value of option 2 is 3. You have 5 choices to make in this environment.
You press <<15>> and receive 70 points.
You press <<14>> and receive 65 points.
You press <<16>> and receive 61 points.
You press <<9>> and receive 3 points.
You press <<24>> and receive 28 points.

Environment number 4:
The value of option 7 is 1. You have 10 choices to make in this environment.
You press <<13>> and receive 22 points.
You press <<18>> and receive 41 points.
You press <<24>> and receive 37 points.
You press <<19>> and receive 57 points.
You press <<17>> and receive 29 points.
You press <<20>> and receive 64 points.
You press <<21>> and receive 63 points.
You press <<22>> and receive 57 points.
You press <<16>> and receive 17 points.
You press <<12>> and receive 28 points.

Environment number 5:
The value of option 4 is 51. You have 10 choices to make in this environment.
You press <<5>> and receive 47 points.
You press <<3>> and receive 48 points.
You press <<13>> and receive 48 points.
You press <<12>> and receive 59 points.
You press <<11>> and receive 54 points.
You press <<21>> and receive 21 points.
You press <<28>> and receive 31 points.
You press <<17>> and receive 75 points.
You press <<18>> and receive 85 points.
You press <<19>> and receive 76 points.

Environment number 6:
The value of option 3 is 65. You have 5 choices to make in this environment.
You press <<12>> and receive 46 points.
You press <<21>> and receive 83 points.
You press <<22>> and receive 82 points.
You press <<20>> and receive 79 points.
You press <<23>> and receive 76 points.

Environment number 7:
The value of option 7 is 59. You have 10 choices to make in this environment.
You press <<6>> and receive 40 points.
You press <<8>> and receive 76 points.
You press <<9>> and receive 73 points.
You press <<18>> and receive 72 points.
You press <<17>> and receive 45 points.
You press <<19>> and receive 78 points.
You press <<",20
7,27,8,12,0,smooth,7,10,59,19,"You will be presented with a series of 16 different environments to explore.
In each trial, you can select an option between numbers 1 and 30 by pressing the corresponding key.
By selecting any of these options, you will earn points associated with each unique option.
Imagine these options 1 through 30 as lying next to each other in an ordered line; options closer to each other tend to have similar rewards as rewards tend to cluster together.
For each environment, you will be able to make either 5 or 10 choices.
When you made all your choices in a given environment, you will start making choices in the next unexplored environment.
The rewards underlying the different options are different in each environment so you will learn them anew for each environment.
Each environment starts with the value of a single option revealed.
When you choose the number corresponding to a different option, you will be told the value of that option and receive those points.
Previously revealed options, including the starting option, can also be reselected, although there may be small changes in the point value.
It is your task to gain as many points as possible across all 16 environments.

Environment number 1:
The value of option 19 is 75. You have 5 choices to make in this environment.
You press <<18>> and receive 70 points.
You press <<20>> and receive 67 points.
You press <<17>> and receive 50 points.
You press <<11>> and receive 10 points.
You press <<26>> and receive 23 points.

Environment number 2:
The value of option 8 is 43. You have 5 choices to make in this environment.
You press <<20>> and receive 2 points.
You press <<29>> and receive 34 points.
You press <<3>> and receive 59 points.
You press <<15>> and receive 76 points.
You press <<16>> and receive 61 points.

Environment number 3:
The value of option 2 is 3. You have 5 choices to make in this environment.
You press <<15>> and receive 70 points.
You press <<14>> and receive 65 points.
You press <<16>> and receive 61 points.
You press <<9>> and receive 3 points.
You press <<24>> and receive 28 points.

Environment number 4:
The value of option 7 is 1. You have 10 choices to make in this environment.
You press <<13>> and receive 22 points.
You press <<18>> and receive 41 points.
You press <<24>> and receive 37 points.
You press <<19>> and receive 57 points.
You press <<17>> and receive 29 points.
You press <<20>> and receive 64 points.
You press <<21>> and receive 63 points.
You press <<22>> and receive 57 points.
You press <<16>> and receive 17 points.
You press <<12>> and receive 28 points.

Environment number 5:
The value of option 4 is 51. You have 10 choices to make in this environment.
You press <<5>> and receive 47 points.
You press <<3>> and receive 48 points.
You press <<13>> and receive 48 points.
You press <<12>> and receive 59 points.
You press <<11>> and receive 54 points.
You press <<21>> and receive 21 points.
You press <<28>> and receive 31 points.
You press <<17>> and receive 75 points.
You press <<18>> and receive 85 points.
You press <<19>> and receive 76 points.

Environment number 6:
The value of option 3 is 65. You have 5 choices to make in this environment.
You press <<12>> and receive 46 points.
You press <<21>> and receive 83 points.
You press <<22>> and receive 82 points.
You press <<20>> and receive 79 points.
You press <<23>> and receive 76 points.

Environment number 7:
The value of option 7 is 59. You have 10 choices to make in this environment.
You press <<6>> and receive 40 points.
You press <<8>> and receive 76 points.
You press <<9>> and receive 73 points.
You press <<18>> and receive 72 points.
You press <<17>> and receive 45 points.
You press <<19>> and receive 78 points.
You press <<20>> and receive 68 points.
You press <<",20
7,27,9,24,0,smooth,7,10,59,25,"You will be presented with a series of 16 different environments to explore.
In each trial, you can select an option between numbers 1 and 30 by pressing the corresponding key.
By selecting any of these options, you will earn points associated with each unique option.
Imagine these options 1 through 30 as lying next to each other in an ordered line; options closer to each other tend to have similar rewards as rewards tend to cluster together.
For each environment, you will be able to make either 5 or 10 choices.
When you made all your choices in a given environment, you will start making choices in the next unexplored environment.
The rewards underlying the different options are different in each environment so you will learn them anew for each environment.
Each environment starts with the value of a single option revealed.
When you choose the number corresponding to a different option, you will be told the value of that option and receive those points.
Previously revealed options, including the starting option, can also be reselected, although there may be small changes in the point value.
It is your task to gain as many points as possible across all 16 environments.

Environment number 1:
The value of option 19 is 75. You have 5 choices to make in this environment.
You press <<18>> and receive 70 points.
You press <<20>> and receive 67 points.
You press <<17>> and receive 50 points.
You press <<11>> and receive 10 points.
You press <<26>> and receive 23 points.

Environment number 2:
The value of option 8 is 43. You have 5 choices to make in this environment.
You press <<20>> and receive 2 points.
You press <<29>> and receive 34 points.
You press <<3>> and receive 59 points.
You press <<15>> and receive 76 points.
You press <<16>> and receive 61 points.

Environment number 3:
The value of option 2 is 3. You have 5 choices to make in this environment.
You press <<15>> and receive 70 points.
You press <<14>> and receive 65 points.
You press <<16>> and receive 61 points.
You press <<9>> and receive 3 points.
You press <<24>> and receive 28 points.

Environment number 4:
The value of option 7 is 1. You have 10 choices to make in this environment.
You press <<13>> and receive 22 points.
You press <<18>> and receive 41 points.
You press <<24>> and receive 37 points.
You press <<19>> and receive 57 points.
You press <<17>> and receive 29 points.
You press <<20>> and receive 64 points.
You press <<21>> and receive 63 points.
You press <<22>> and receive 57 points.
You press <<16>> and receive 17 points.
You press <<12>> and receive 28 points.

Environment number 5:
The value of option 4 is 51. You have 10 choices to make in this environment.
You press <<5>> and receive 47 points.
You press <<3>> and receive 48 points.
You press <<13>> and receive 48 points.
You press <<12>> and receive 59 points.
You press <<11>> and receive 54 points.
You press <<21>> and receive 21 points.
You press <<28>> and receive 31 points.
You press <<17>> and receive 75 points.
You press <<18>> and receive 85 points.
You press <<19>> and receive 76 points.

Environment number 6:
The value of option 3 is 65. You have 5 choices to make in this environment.
You press <<12>> and receive 46 points.
You press <<21>> and receive 83 points.
You press <<22>> and receive 82 points.
You press <<20>> and receive 79 points.
You press <<23>> and receive 76 points.

Environment number 7:
The value of option 7 is 59. You have 10 choices to make in this environment.
You press <<6>> and receive 40 points.
You press <<8>> and receive 76 points.
You press <<9>> and receive 73 points.
You press <<18>> and receive 72 points.
You press <<17>> and receive 45 points.
You press <<19>> and receive 78 points.
You press <<20>> and receive 68 points.
You press <<12>> and receive 19 points.
You press <<",20
7,27,10,29,0,smooth,7,10,59,48,"You will be presented with a series of 16 different environments to explore.
In each trial, you can select an option between numbers 1 and 30 by pressing the corresponding key.
By selecting any of these options, you will earn points associated with each unique option.
Imagine these options 1 through 30 as lying next to each other in an ordered line; options closer to each other tend to have similar rewards as rewards tend to cluster together.
For each environment, you will be able to make either 5 or 10 choices.
When you made all your choices in a given environment, you will start making choices in the next unexplored environment.
The rewards underlying the different options are different in each environment so you will learn them anew for each environment.
Each environment starts with the value of a single option revealed.
When you choose the number corresponding to a different option, you will be told the value of that option and receive those points.
Previously revealed options, including the starting option, can also be reselected, although there may be small changes in the point value.
It is your task to gain as many points as possible across all 16 environments.

Environment number 1:
The value of option 19 is 75. You have 5 choices to make in this environment.
You press <<18>> and receive 70 points.
You press <<20>> and receive 67 points.
You press <<17>> and receive 50 points.
You press <<11>> and receive 10 points.
You press <<26>> and receive 23 points.

Environment number 2:
The value of option 8 is 43. You have 5 choices to make in this environment.
You press <<20>> and receive 2 points.
You press <<29>> and receive 34 points.
You press <<3>> and receive 59 points.
You press <<15>> and receive 76 points.
You press <<16>> and receive 61 points.

Environment number 3:
The value of option 2 is 3. You have 5 choices to make in this environment.
You press <<15>> and receive 70 points.
You press <<14>> and receive 65 points.
You press <<16>> and receive 61 points.
You press <<9>> and receive 3 points.
You press <<24>> and receive 28 points.

Environment number 4:
The value of option 7 is 1. You have 10 choices to make in this environment.
You press <<13>> and receive 22 points.
You press <<18>> and receive 41 points.
You press <<24>> and receive 37 points.
You press <<19>> and receive 57 points.
You press <<17>> and receive 29 points.
You press <<20>> and receive 64 points.
You press <<21>> and receive 63 points.
You press <<22>> and receive 57 points.
You press <<16>> and receive 17 points.
You press <<12>> and receive 28 points.

Environment number 5:
The value of option 4 is 51. You have 10 choices to make in this environment.
You press <<5>> and receive 47 points.
You press <<3>> and receive 48 points.
You press <<13>> and receive 48 points.
You press <<12>> and receive 59 points.
You press <<11>> and receive 54 points.
You press <<21>> and receive 21 points.
You press <<28>> and receive 31 points.
You press <<17>> and receive 75 points.
You press <<18>> and receive 85 points.
You press <<19>> and receive 76 points.

Environment number 6:
The value of option 3 is 65. You have 5 choices to make in this environment.
You press <<12>> and receive 46 points.
You press <<21>> and receive 83 points.
You press <<22>> and receive 82 points.
You press <<20>> and receive 79 points.
You press <<23>> and receive 76 points.

Environment number 7:
The value of option 7 is 59. You have 10 choices to make in this environment.
You press <<6>> and receive 40 points.
You press <<8>> and receive 76 points.
You press <<9>> and receive 73 points.
You press <<18>> and receive 72 points.
You press <<17>> and receive 45 points.
You press <<19>> and receive 78 points.
You press <<20>> and receive 68 points.
You press <<12>> and receive 19 points.
You press <<24>> and receive 25 points.
You press <<",20
8,34,1,15,0,smooth,9,5,46,11,"You will be presented with a series of 16 different environments to explore.
In each trial, you can select an option between numbers 1 and 30 by pressing the corresponding key.
By selecting any of these options, you will earn points associated with each unique option.
Imagine these options 1 through 30 as lying next to each other in an ordered line; options closer to each other tend to have similar rewards as rewards tend to cluster together.
For each environment, you will be able to make either 5 or 10 choices.
When you made all your choices in a given environment, you will start making choices in the next unexplored environment.
The rewards underlying the different options are different in each environment so you will learn them anew for each environment.
Each environment starts with the value of a single option revealed.
When you choose the number corresponding to a different option, you will be told the value of that option and receive those points.
Previously revealed options, including the starting option, can also be reselected, although there may be small changes in the point value.
It is your task to gain as many points as possible across all 16 environments.

Environment number 1:
The value of option 19 is 75. You have 5 choices to make in this environment.
You press <<18>> and receive 70 points.
You press <<20>> and receive 67 points.
You press <<17>> and receive 50 points.
You press <<11>> and receive 10 points.
You press <<26>> and receive 23 points.

Environment number 2:
The value of option 8 is 43. You have 5 choices to make in this environment.
You press <<20>> and receive 2 points.
You press <<29>> and receive 34 points.
You press <<3>> and receive 59 points.
You press <<15>> and receive 76 points.
You press <<16>> and receive 61 points.

Environment number 3:
The value of option 2 is 3. You have 5 choices to make in this environment.
You press <<15>> and receive 70 points.
You press <<14>> and receive 65 points.
You press <<16>> and receive 61 points.
You press <<9>> and receive 3 points.
You press <<24>> and receive 28 points.

Environment number 4:
The value of option 7 is 1. You have 10 choices to make in this environment.
You press <<13>> and receive 22 points.
You press <<18>> and receive 41 points.
You press <<24>> and receive 37 points.
You press <<19>> and receive 57 points.
You press <<17>> and receive 29 points.
You press <<20>> and receive 64 points.
You press <<21>> and receive 63 points.
You press <<22>> and receive 57 points.
You press <<16>> and receive 17 points.
You press <<12>> and receive 28 points.

Environment number 5:
The value of option 4 is 51. You have 10 choices to make in this environment.
You press <<5>> and receive 47 points.
You press <<3>> and receive 48 points.
You press <<13>> and receive 48 points.
You press <<12>> and receive 59 points.
You press <<11>> and receive 54 points.
You press <<21>> and receive 21 points.
You press <<28>> and receive 31 points.
You press <<17>> and receive 75 points.
You press <<18>> and receive 85 points.
You press <<19>> and receive 76 points.

Environment number 6:
The value of option 3 is 65. You have 5 choices to make in this environment.
You press <<12>> and receive 46 points.
You press <<21>> and receive 83 points.
You press <<22>> and receive 82 points.
You press <<20>> and receive 79 points.
You press <<23>> and receive 76 points.

Environment number 7:
The value of option 7 is 59. You have 10 choices to make in this environment.
You press <<6>> and receive 40 points.
You press <<8>> and receive 76 points.
You press <<9>> and receive 73 points.
You press <<18>> and receive 72 points.
You press <<17>> and receive 45 points.
You press <<19>> and receive 78 points.
You press <<20>> and receive 68 points.
You press <<12>> and receive 19 points.
You press <<24>> and receive 25 points.
You press <<29>> and receive 48 points.

Environment number 8:
The value of option 9 is 46. You have 5 choices to make in this environment.
You press <<",20
8,34,2,23,0,smooth,9,5,46,13,"You will be presented with a series of 16 different environments to explore.
In each trial, you can select an option between numbers 1 and 30 by pressing the corresponding key.
By selecting any of these options, you will earn points associated with each unique option.
Imagine these options 1 through 30 as lying next to each other in an ordered line; options closer to each other tend to have similar rewards as rewards tend to cluster together.
For each environment, you will be able to make either 5 or 10 choices.
When you made all your choices in a given environment, you will start making choices in the next unexplored environment.
The rewards underlying the different options are different in each environment so you will learn them anew for each environment.
Each environment starts with the value of a single option revealed.
When you choose the number corresponding to a different option, you will be told the value of that option and receive those points.
Previously revealed options, including the starting option, can also be reselected, although there may be small changes in the point value.
It is your task to gain as many points as possible across all 16 environments.

Environment number 1:
The value of option 19 is 75. You have 5 choices to make in this environment.
You press <<18>> and receive 70 points.
You press <<20>> and receive 67 points.
You press <<17>> and receive 50 points.
You press <<11>> and receive 10 points.
You press <<26>> and receive 23 points.

Environment number 2:
The value of option 8 is 43. You have 5 choices to make in this environment.
You press <<20>> and receive 2 points.
You press <<29>> and receive 34 points.
You press <<3>> and receive 59 points.
You press <<15>> and receive 76 points.
You press <<16>> and receive 61 points.

Environment number 3:
The value of option 2 is 3. You have 5 choices to make in this environment.
You press <<15>> and receive 70 points.
You press <<14>> and receive 65 points.
You press <<16>> and receive 61 points.
You press <<9>> and receive 3 points.
You press <<24>> and receive 28 points.

Environment number 4:
The value of option 7 is 1. You have 10 choices to make in this environment.
You press <<13>> and receive 22 points.
You press <<18>> and receive 41 points.
You press <<24>> and receive 37 points.
You press <<19>> and receive 57 points.
You press <<17>> and receive 29 points.
You press <<20>> and receive 64 points.
You press <<21>> and receive 63 points.
You press <<22>> and receive 57 points.
You press <<16>> and receive 17 points.
You press <<12>> and receive 28 points.

Environment number 5:
The value of option 4 is 51. You have 10 choices to make in this environment.
You press <<5>> and receive 47 points.
You press <<3>> and receive 48 points.
You press <<13>> and receive 48 points.
You press <<12>> and receive 59 points.
You press <<11>> and receive 54 points.
You press <<21>> and receive 21 points.
You press <<28>> and receive 31 points.
You press <<17>> and receive 75 points.
You press <<18>> and receive 85 points.
You press <<19>> and receive 76 points.

Environment number 6:
The value of option 3 is 65. You have 5 choices to make in this environment.
You press <<12>> and receive 46 points.
You press <<21>> and receive 83 points.
You press <<22>> and receive 82 points.
You press <<20>> and receive 79 points.
You press <<23>> and receive 76 points.

Environment number 7:
The value of option 7 is 59. You have 10 choices to make in this environment.
You press <<6>> and receive 40 points.
You press <<8>> and receive 76 points.
You press <<9>> and receive 73 points.
You press <<18>> and receive 72 points.
You press <<17>> and receive 45 points.
You press <<19>> and receive 78 points.
You press <<20>> and receive 68 points.
You press <<12>> and receive 19 points.
You press <<24>> and receive 25 points.
You press <<29>> and receive 48 points.

Environment number 8:
The value of option 9 is 46. You have 5 choices to make in this environment.
You press <<15>> and receive 11 points.
You press <<",20
8,34,3,4,0,smooth,9,5,46,75,"You will be presented with a series of 16 different environments to explore.
In each trial, you can select an option between numbers 1 and 30 by pressing the corresponding key.
By selecting any of these options, you will earn points associated with each unique option.
Imagine these options 1 through 30 as lying next to each other in an ordered line; options closer to each other tend to have similar rewards as rewards tend to cluster together.
For each environment, you will be able to make either 5 or 10 choices.
When you made all your choices in a given environment, you will start making choices in the next unexplored environment.
The rewards underlying the different options are different in each environment so you will learn them anew for each environment.
Each environment starts with the value of a single option revealed.
When you choose the number corresponding to a different option, you will be told the value of that option and receive those points.
Previously revealed options, including the starting option, can also be reselected, although there may be small changes in the point value.
It is your task to gain as many points as possible across all 16 environments.

Environment number 1:
The value of option 19 is 75. You have 5 choices to make in this environment.
You press <<18>> and receive 70 points.
You press <<20>> and receive 67 points.
You press <<17>> and receive 50 points.
You press <<11>> and receive 10 points.
You press <<26>> and receive 23 points.

Environment number 2:
The value of option 8 is 43. You have 5 choices to make in this environment.
You press <<20>> and receive 2 points.
You press <<29>> and receive 34 points.
You press <<3>> and receive 59 points.
You press <<15>> and receive 76 points.
You press <<16>> and receive 61 points.

Environment number 3:
The value of option 2 is 3. You have 5 choices to make in this environment.
You press <<15>> and receive 70 points.
You press <<14>> and receive 65 points.
You press <<16>> and receive 61 points.
You press <<9>> and receive 3 points.
You press <<24>> and receive 28 points.

Environment number 4:
The value of option 7 is 1. You have 10 choices to make in this environment.
You press <<13>> and receive 22 points.
You press <<18>> and receive 41 points.
You press <<24>> and receive 37 points.
You press <<19>> and receive 57 points.
You press <<17>> and receive 29 points.
You press <<20>> and receive 64 points.
You press <<21>> and receive 63 points.
You press <<22>> and receive 57 points.
You press <<16>> and receive 17 points.
You press <<12>> and receive 28 points.

Environment number 5:
The value of option 4 is 51. You have 10 choices to make in this environment.
You press <<5>> and receive 47 points.
You press <<3>> and receive 48 points.
You press <<13>> and receive 48 points.
You press <<12>> and receive 59 points.
You press <<11>> and receive 54 points.
You press <<21>> and receive 21 points.
You press <<28>> and receive 31 points.
You press <<17>> and receive 75 points.
You press <<18>> and receive 85 points.
You press <<19>> and receive 76 points.

Environment number 6:
The value of option 3 is 65. You have 5 choices to make in this environment.
You press <<12>> and receive 46 points.
You press <<21>> and receive 83 points.
You press <<22>> and receive 82 points.
You press <<20>> and receive 79 points.
You press <<23>> and receive 76 points.

Environment number 7:
The value of option 7 is 59. You have 10 choices to make in this environment.
You press <<6>> and receive 40 points.
You press <<8>> and receive 76 points.
You press <<9>> and receive 73 points.
You press <<18>> and receive 72 points.
You press <<17>> and receive 45 points.
You press <<19>> and receive 78 points.
You press <<20>> and receive 68 points.
You press <<12>> and receive 19 points.
You press <<24>> and receive 25 points.
You press <<29>> and receive 48 points.

Environment number 8:
The value of option 9 is 46. You have 5 choices to make in this environment.
You press <<15>> and receive 11 points.
You press <<23>> and receive 13 points.
You press <<",20
8,34,4,5,0,smooth,9,5,46,58,"You will be presented with a series of 16 different environments to explore.
In each trial, you can select an option between numbers 1 and 30 by pressing the corresponding key.
By selecting any of these options, you will earn points associated with each unique option.
Imagine these options 1 through 30 as lying next to each other in an ordered line; options closer to each other tend to have similar rewards as rewards tend to cluster together.
For each environment, you will be able to make either 5 or 10 choices.
When you made all your choices in a given environment, you will start making choices in the next unexplored environment.
The rewards underlying the different options are different in each environment so you will learn them anew for each environment.
Each environment starts with the value of a single option revealed.
When you choose the number corresponding to a different option, you will be told the value of that option and receive those points.
Previously revealed options, including the starting option, can also be reselected, although there may be small changes in the point value.
It is your task to gain as many points as possible across all 16 environments.

Environment number 1:
The value of option 19 is 75. You have 5 choices to make in this environment.
You press <<18>> and receive 70 points.
You press <<20>> and receive 67 points.
You press <<17>> and receive 50 points.
You press <<11>> and receive 10 points.
You press <<26>> and receive 23 points.

Environment number 2:
The value of option 8 is 43. You have 5 choices to make in this environment.
You press <<20>> and receive 2 points.
You press <<29>> and receive 34 points.
You press <<3>> and receive 59 points.
You press <<15>> and receive 76 points.
You press <<16>> and receive 61 points.

Environment number 3:
The value of option 2 is 3. You have 5 choices to make in this environment.
You press <<15>> and receive 70 points.
You press <<14>> and receive 65 points.
You press <<16>> and receive 61 points.
You press <<9>> and receive 3 points.
You press <<24>> and receive 28 points.

Environment number 4:
The value of option 7 is 1. You have 10 choices to make in this environment.
You press <<13>> and receive 22 points.
You press <<18>> and receive 41 points.
You press <<24>> and receive 37 points.
You press <<19>> and receive 57 points.
You press <<17>> and receive 29 points.
You press <<20>> and receive 64 points.
You press <<21>> and receive 63 points.
You press <<22>> and receive 57 points.
You press <<16>> and receive 17 points.
You press <<12>> and receive 28 points.

Environment number 5:
The value of option 4 is 51. You have 10 choices to make in this environment.
You press <<5>> and receive 47 points.
You press <<3>> and receive 48 points.
You press <<13>> and receive 48 points.
You press <<12>> and receive 59 points.
You press <<11>> and receive 54 points.
You press <<21>> and receive 21 points.
You press <<28>> and receive 31 points.
You press <<17>> and receive 75 points.
You press <<18>> and receive 85 points.
You press <<19>> and receive 76 points.

Environment number 6:
The value of option 3 is 65. You have 5 choices to make in this environment.
You press <<12>> and receive 46 points.
You press <<21>> and receive 83 points.
You press <<22>> and receive 82 points.
You press <<20>> and receive 79 points.
You press <<23>> and receive 76 points.

Environment number 7:
The value of option 7 is 59. You have 10 choices to make in this environment.
You press <<6>> and receive 40 points.
You press <<8>> and receive 76 points.
You press <<9>> and receive 73 points.
You press <<18>> and receive 72 points.
You press <<17>> and receive 45 points.
You press <<19>> and receive 78 points.
You press <<20>> and receive 68 points.
You press <<12>> and receive 19 points.
You press <<24>> and receive 25 points.
You press <<29>> and receive 48 points.

Environment number 8:
The value of option 9 is 46. You have 5 choices to make in this environment.
You press <<15>> and receive 11 points.
You press <<23>> and receive 13 points.
You press <<4>> and receive 75 points.
You press <<",20
8,34,5,3,0,smooth,9,5,46,82,"You will be presented with a series of 16 different environments to explore.
In each trial, you can select an option between numbers 1 and 30 by pressing the corresponding key.
By selecting any of these options, you will earn points associated with each unique option.
Imagine these options 1 through 30 as lying next to each other in an ordered line; options closer to each other tend to have similar rewards as rewards tend to cluster together.
For each environment, you will be able to make either 5 or 10 choices.
When you made all your choices in a given environment, you will start making choices in the next unexplored environment.
The rewards underlying the different options are different in each environment so you will learn them anew for each environment.
Each environment starts with the value of a single option revealed.
When you choose the number corresponding to a different option, you will be told the value of that option and receive those points.
Previously revealed options, including the starting option, can also be reselected, although there may be small changes in the point value.
It is your task to gain as many points as possible across all 16 environments.

Environment number 1:
The value of option 19 is 75. You have 5 choices to make in this environment.
You press <<18>> and receive 70 points.
You press <<20>> and receive 67 points.
You press <<17>> and receive 50 points.
You press <<11>> and receive 10 points.
You press <<26>> and receive 23 points.

Environment number 2:
The value of option 8 is 43. You have 5 choices to make in this environment.
You press <<20>> and receive 2 points.
You press <<29>> and receive 34 points.
You press <<3>> and receive 59 points.
You press <<15>> and receive 76 points.
You press <<16>> and receive 61 points.

Environment number 3:
The value of option 2 is 3. You have 5 choices to make in this environment.
You press <<15>> and receive 70 points.
You press <<14>> and receive 65 points.
You press <<16>> and receive 61 points.
You press <<9>> and receive 3 points.
You press <<24>> and receive 28 points.

Environment number 4:
The value of option 7 is 1. You have 10 choices to make in this environment.
You press <<13>> and receive 22 points.
You press <<18>> and receive 41 points.
You press <<24>> and receive 37 points.
You press <<19>> and receive 57 points.
You press <<17>> and receive 29 points.
You press <<20>> and receive 64 points.
You press <<21>> and receive 63 points.
You press <<22>> and receive 57 points.
You press <<16>> and receive 17 points.
You press <<12>> and receive 28 points.

Environment number 5:
The value of option 4 is 51. You have 10 choices to make in this environment.
You press <<5>> and receive 47 points.
You press <<3>> and receive 48 points.
You press <<13>> and receive 48 points.
You press <<12>> and receive 59 points.
You press <<11>> and receive 54 points.
You press <<21>> and receive 21 points.
You press <<28>> and receive 31 points.
You press <<17>> and receive 75 points.
You press <<18>> and receive 85 points.
You press <<19>> and receive 76 points.

Environment number 6:
The value of option 3 is 65. You have 5 choices to make in this environment.
You press <<12>> and receive 46 points.
You press <<21>> and receive 83 points.
You press <<22>> and receive 82 points.
You press <<20>> and receive 79 points.
You press <<23>> and receive 76 points.

Environment number 7:
The value of option 7 is 59. You have 10 choices to make in this environment.
You press <<6>> and receive 40 points.
You press <<8>> and receive 76 points.
You press <<9>> and receive 73 points.
You press <<18>> and receive 72 points.
You press <<17>> and receive 45 points.
You press <<19>> and receive 78 points.
You press <<20>> and receive 68 points.
You press <<12>> and receive 19 points.
You press <<24>> and receive 25 points.
You press <<29>> and receive 48 points.

Environment number 8:
The value of option 9 is 46. You have 5 choices to make in this environment.
You press <<15>> and receive 11 points.
You press <<23>> and receive 13 points.
You press <<4>> and receive 75 points.
You press <<5>> and receive 58 points.
You press <<",20
9,5,1,22,0,smooth,23,10,72,69,"You will be presented with a series of 16 different environments to explore.
In each trial, you can select an option between numbers 1 and 30 by pressing the corresponding key.
By selecting any of these options, you will earn points associated with each unique option.
Imagine these options 1 through 30 as lying next to each other in an ordered line; options closer to each other tend to have similar rewards as rewards tend to cluster together.
For each environment, you will be able to make either 5 or 10 choices.
When you made all your choices in a given environment, you will start making choices in the next unexplored environment.
The rewards underlying the different options are different in each environment so you will learn them anew for each environment.
Each environment starts with the value of a single option revealed.
When you choose the number corresponding to a different option, you will be told the value of that option and receive those points.
Previously revealed options, including the starting option, can also be reselected, although there may be small changes in the point value.
It is your task to gain as many points as possible across all 16 environments.

Environment number 1:
The value of option 19 is 75. You have 5 choices to make in this environment.
You press <<18>> and receive 70 points.
You press <<20>> and receive 67 points.
You press <<17>> and receive 50 points.
You press <<11>> and receive 10 points.
You press <<26>> and receive 23 points.

Environment number 2:
The value of option 8 is 43. You have 5 choices to make in this environment.
You press <<20>> and receive 2 points.
You press <<29>> and receive 34 points.
You press <<3>> and receive 59 points.
You press <<15>> and receive 76 points.
You press <<16>> and receive 61 points.

Environment number 3:
The value of option 2 is 3. You have 5 choices to make in this environment.
You press <<15>> and receive 70 points.
You press <<14>> and receive 65 points.
You press <<16>> and receive 61 points.
You press <<9>> and receive 3 points.
You press <<24>> and receive 28 points.

Environment number 4:
The value of option 7 is 1. You have 10 choices to make in this environment.
You press <<13>> and receive 22 points.
You press <<18>> and receive 41 points.
You press <<24>> and receive 37 points.
You press <<19>> and receive 57 points.
You press <<17>> and receive 29 points.
You press <<20>> and receive 64 points.
You press <<21>> and receive 63 points.
You press <<22>> and receive 57 points.
You press <<16>> and receive 17 points.
You press <<12>> and receive 28 points.

Environment number 5:
The value of option 4 is 51. You have 10 choices to make in this environment.
You press <<5>> and receive 47 points.
You press <<3>> and receive 48 points.
You press <<13>> and receive 48 points.
You press <<12>> and receive 59 points.
You press <<11>> and receive 54 points.
You press <<21>> and receive 21 points.
You press <<28>> and receive 31 points.
You press <<17>> and receive 75 points.
You press <<18>> and receive 85 points.
You press <<19>> and receive 76 points.

Environment number 6:
The value of option 3 is 65. You have 5 choices to make in this environment.
You press <<12>> and receive 46 points.
You press <<21>> and receive 83 points.
You press <<22>> and receive 82 points.
You press <<20>> and receive 79 points.
You press <<23>> and receive 76 points.

Environment number 7:
The value of option 7 is 59. You have 10 choices to make in this environment.
You press <<6>> and receive 40 points.
You press <<8>> and receive 76 points.
You press <<9>> and receive 73 points.
You press <<18>> and receive 72 points.
You press <<17>> and receive 45 points.
You press <<19>> and receive 78 points.
You press <<20>> and receive 68 points.
You press <<12>> and receive 19 points.
You press <<24>> and receive 25 points.
You press <<29>> and receive 48 points.

Environment number 8:
The value of option 9 is 46. You have 5 choices to make in this environment.
You press <<15>> and receive 11 points.
You press <<23>> and receive 13 points.
You press <<4>> and receive 75 points.
You press <<5>> and receive 58 points.
You press <<3>> and receive 82 points.

Environment number 9:
The value of option 23 is 72. You have 10 choices to make in this environment.
You press <<",20
9,5,2,24,0,smooth,23,10,72,66,"You will be presented with a series of 16 different environments to explore.
In each trial, you can select an option between numbers 1 and 30 by pressing the corresponding key.
By selecting any of these options, you will earn points associated with each unique option.
Imagine these options 1 through 30 as lying next to each other in an ordered line; options closer to each other tend to have similar rewards as rewards tend to cluster together.
For each environment, you will be able to make either 5 or 10 choices.
When you made all your choices in a given environment, you will start making choices in the next unexplored environment.
The rewards underlying the different options are different in each environment so you will learn them anew for each environment.
Each environment starts with the value of a single option revealed.
When you choose the number corresponding to a different option, you will be told the value of that option and receive those points.
Previously revealed options, including the starting option, can also be reselected, although there may be small changes in the point value.
It is your task to gain as many points as possible across all 16 environments.

Environment number 1:
The value of option 19 is 75. You have 5 choices to make in this environment.
You press <<18>> and receive 70 points.
You press <<20>> and receive 67 points.
You press <<17>> and receive 50 points.
You press <<11>> and receive 10 points.
You press <<26>> and receive 23 points.

Environment number 2:
The value of option 8 is 43. You have 5 choices to make in this environment.
You press <<20>> and receive 2 points.
You press <<29>> and receive 34 points.
You press <<3>> and receive 59 points.
You press <<15>> and receive 76 points.
You press <<16>> and receive 61 points.

Environment number 3:
The value of option 2 is 3. You have 5 choices to make in this environment.
You press <<15>> and receive 70 points.
You press <<14>> and receive 65 points.
You press <<16>> and receive 61 points.
You press <<9>> and receive 3 points.
You press <<24>> and receive 28 points.

Environment number 4:
The value of option 7 is 1. You have 10 choices to make in this environment.
You press <<13>> and receive 22 points.
You press <<18>> and receive 41 points.
You press <<24>> and receive 37 points.
You press <<19>> and receive 57 points.
You press <<17>> and receive 29 points.
You press <<20>> and receive 64 points.
You press <<21>> and receive 63 points.
You press <<22>> and receive 57 points.
You press <<16>> and receive 17 points.
You press <<12>> and receive 28 points.

Environment number 5:
The value of option 4 is 51. You have 10 choices to make in this environment.
You press <<5>> and receive 47 points.
You press <<3>> and receive 48 points.
You press <<13>> and receive 48 points.
You press <<12>> and receive 59 points.
You press <<11>> and receive 54 points.
You press <<21>> and receive 21 points.
You press <<28>> and receive 31 points.
You press <<17>> and receive 75 points.
You press <<18>> and receive 85 points.
You press <<19>> and receive 76 points.

Environment number 6:
The value of option 3 is 65. You have 5 choices to make in this environment.
You press <<12>> and receive 46 points.
You press <<21>> and receive 83 points.
You press <<22>> and receive 82 points.
You press <<20>> and receive 79 points.
You press <<23>> and receive 76 points.

Environment number 7:
The value of option 7 is 59. You have 10 choices to make in this environment.
You press <<6>> and receive 40 points.
You press <<8>> and receive 76 points.
You press <<9>> and receive 73 points.
You press <<18>> and receive 72 points.
You press <<17>> and receive 45 points.
You press <<19>> and receive 78 points.
You press <<20>> and receive 68 points.
You press <<12>> and receive 19 points.
You press <<24>> and receive 25 points.
You press <<29>> and receive 48 points.

Environment number 8:
The value of option 9 is 46. You have 5 choices to make in this environment.
You press <<15>> and receive 11 points.
You press <<23>> and receive 13 points.
You press <<4>> and receive 75 points.
You press <<5>> and receive 58 points.
You press <<3>> and receive 82 points.

Environment number 9:
The value of option 23 is 72. You have 10 choices to make in this environment.
You press <<22>> and receive 69 points.
You press <<",20
9,5,3,12,0,smooth,23,10,72,44,"You will be presented with a series of 16 different environments to explore.
In each trial, you can select an option between numbers 1 and 30 by pressing the corresponding key.
By selecting any of these options, you will earn points associated with each unique option.
Imagine these options 1 through 30 as lying next to each other in an ordered line; options closer to each other tend to have similar rewards as rewards tend to cluster together.
For each environment, you will be able to make either 5 or 10 choices.
When you made all your choices in a given environment, you will start making choices in the next unexplored environment.
The rewards underlying the different options are different in each environment so you will learn them anew for each environment.
Each environment starts with the value of a single option revealed.
When you choose the number corresponding to a different option, you will be told the value of that option and receive those points.
Previously revealed options, including the starting option, can also be reselected, although there may be small changes in the point value.
It is your task to gain as many points as possible across all 16 environments.

Environment number 1:
The value of option 19 is 75. You have 5 choices to make in this environment.
You press <<18>> and receive 70 points.
You press <<20>> and receive 67 points.
You press <<17>> and receive 50 points.
You press <<11>> and receive 10 points.
You press <<26>> and receive 23 points.

Environment number 2:
The value of option 8 is 43. You have 5 choices to make in this environment.
You press <<20>> and receive 2 points.
You press <<29>> and receive 34 points.
You press <<3>> and receive 59 points.
You press <<15>> and receive 76 points.
You press <<16>> and receive 61 points.

Environment number 3:
The value of option 2 is 3. You have 5 choices to make in this environment.
You press <<15>> and receive 70 points.
You press <<14>> and receive 65 points.
You press <<16>> and receive 61 points.
You press <<9>> and receive 3 points.
You press <<24>> and receive 28 points.

Environment number 4:
The value of option 7 is 1. You have 10 choices to make in this environment.
You press <<13>> and receive 22 points.
You press <<18>> and receive 41 points.
You press <<24>> and receive 37 points.
You press <<19>> and receive 57 points.
You press <<17>> and receive 29 points.
You press <<20>> and receive 64 points.
You press <<21>> and receive 63 points.
You press <<22>> and receive 57 points.
You press <<16>> and receive 17 points.
You press <<12>> and receive 28 points.

Environment number 5:
The value of option 4 is 51. You have 10 choices to make in this environment.
You press <<5>> and receive 47 points.
You press <<3>> and receive 48 points.
You press <<13>> and receive 48 points.
You press <<12>> and receive 59 points.
You press <<11>> and receive 54 points.
You press <<21>> and receive 21 points.
You press <<28>> and receive 31 points.
You press <<17>> and receive 75 points.
You press <<18>> and receive 85 points.
You press <<19>> and receive 76 points.

Environment number 6:
The value of option 3 is 65. You have 5 choices to make in this environment.
You press <<12>> and receive 46 points.
You press <<21>> and receive 83 points.
You press <<22>> and receive 82 points.
You press <<20>> and receive 79 points.
You press <<23>> and receive 76 points.

Environment number 7:
The value of option 7 is 59. You have 10 choices to make in this environment.
You press <<6>> and receive 40 points.
You press <<8>> and receive 76 points.
You press <<9>> and receive 73 points.
You press <<18>> and receive 72 points.
You press <<17>> and receive 45 points.
You press <<19>> and receive 78 points.
You press <<20>> and receive 68 points.
You press <<12>> and receive 19 points.
You press <<24>> and receive 25 points.
You press <<29>> and receive 48 points.

Environment number 8:
The value of option 9 is 46. You have 5 choices to make in this environment.
You press <<15>> and receive 11 points.
You press <<23>> and receive 13 points.
You press <<4>> and receive 75 points.
You press <<5>> and receive 58 points.
You press <<3>> and receive 82 points.

Environment number 9:
The value of option 23 is 72. You have 10 choices to make in this environment.
You press <<22>> and receive 69 points.
You press <<24>> and receive 66 points.
You press <<",20
9,5,4,4,0,smooth,23,10,72,62,"You will be presented with a series of 16 different environments to explore.
In each trial, you can select an option between numbers 1 and 30 by pressing the corresponding key.
By selecting any of these options, you will earn points associated with each unique option.
Imagine these options 1 through 30 as lying next to each other in an ordered line; options closer to each other tend to have similar rewards as rewards tend to cluster together.
For each environment, you will be able to make either 5 or 10 choices.
When you made all your choices in a given environment, you will start making choices in the next unexplored environment.
The rewards underlying the different options are different in each environment so you will learn them anew for each environment.
Each environment starts with the value of a single option revealed.
When you choose the number corresponding to a different option, you will be told the value of that option and receive those points.
Previously revealed options, including the starting option, can also be reselected, although there may be small changes in the point value.
It is your task to gain as many points as possible across all 16 environments.

Environment number 1:
The value of option 19 is 75. You have 5 choices to make in this environment.
You press <<18>> and receive 70 points.
You press <<20>> and receive 67 points.
You press <<17>> and receive 50 points.
You press <<11>> and receive 10 points.
You press <<26>> and receive 23 points.

Environment number 2:
The value of option 8 is 43. You have 5 choices to make in this environment.
You press <<20>> and receive 2 points.
You press <<29>> and receive 34 points.
You press <<3>> and receive 59 points.
You press <<15>> and receive 76 points.
You press <<16>> and receive 61 points.

Environment number 3:
The value of option 2 is 3. You have 5 choices to make in this environment.
You press <<15>> and receive 70 points.
You press <<14>> and receive 65 points.
You press <<16>> and receive 61 points.
You press <<9>> and receive 3 points.
You press <<24>> and receive 28 points.

Environment number 4:
The value of option 7 is 1. You have 10 choices to make in this environment.
You press <<13>> and receive 22 points.
You press <<18>> and receive 41 points.
You press <<24>> and receive 37 points.
You press <<19>> and receive 57 points.
You press <<17>> and receive 29 points.
You press <<20>> and receive 64 points.
You press <<21>> and receive 63 points.
You press <<22>> and receive 57 points.
You press <<16>> and receive 17 points.
You press <<12>> and receive 28 points.

Environment number 5:
The value of option 4 is 51. You have 10 choices to make in this environment.
You press <<5>> and receive 47 points.
You press <<3>> and receive 48 points.
You press <<13>> and receive 48 points.
You press <<12>> and receive 59 points.
You press <<11>> and receive 54 points.
You press <<21>> and receive 21 points.
You press <<28>> and receive 31 points.
You press <<17>> and receive 75 points.
You press <<18>> and receive 85 points.
You press <<19>> and receive 76 points.

Environment number 6:
The value of option 3 is 65. You have 5 choices to make in this environment.
You press <<12>> and receive 46 points.
You press <<21>> and receive 83 points.
You press <<22>> and receive 82 points.
You press <<20>> and receive 79 points.
You press <<23>> and receive 76 points.

Environment number 7:
The value of option 7 is 59. You have 10 choices to make in this environment.
You press <<6>> and receive 40 points.
You press <<8>> and receive 76 points.
You press <<9>> and receive 73 points.
You press <<18>> and receive 72 points.
You press <<17>> and receive 45 points.
You press <<19>> and receive 78 points.
You press <<20>> and receive 68 points.
You press <<12>> and receive 19 points.
You press <<24>> and receive 25 points.
You press <<29>> and receive 48 points.

Environment number 8:
The value of option 9 is 46. You have 5 choices to make in this environment.
You press <<15>> and receive 11 points.
You press <<23>> and receive 13 points.
You press <<4>> and receive 75 points.
You press <<5>> and receive 58 points.
You press <<3>> and receive 82 points.

Environment number 9:
The value of option 23 is 72. You have 10 choices to make in this environment.
You press <<22>> and receive 69 points.
You press <<24>> and receive 66 points.
You press <<12>> and receive 44 points.
You press <<",20
9,5,5,5,0,smooth,23,10,72,54,"You will be presented with a series of 16 different environments to explore.
In each trial, you can select an option between numbers 1 and 30 by pressing the corresponding key.
By selecting any of these options, you will earn points associated with each unique option.
Imagine these options 1 through 30 as lying next to each other in an ordered line; options closer to each other tend to have similar rewards as rewards tend to cluster together.
For each environment, you will be able to make either 5 or 10 choices.
When you made all your choices in a given environment, you will start making choices in the next unexplored environment.
The rewards underlying the different options are different in each environment so you will learn them anew for each environment.
Each environment starts with the value of a single option revealed.
When you choose the number corresponding to a different option, you will be told the value of that option and receive those points.
Previously revealed options, including the starting option, can also be reselected, although there may be small changes in the point value.
It is your task to gain as many points as possible across all 16 environments.

Environment number 1:
The value of option 19 is 75. You have 5 choices to make in this environment.
You press <<18>> and receive 70 points.
You press <<20>> and receive 67 points.
You press <<17>> and receive 50 points.
You press <<11>> and receive 10 points.
You press <<26>> and receive 23 points.

Environment number 2:
The value of option 8 is 43. You have 5 choices to make in this environment.
You press <<20>> and receive 2 points.
You press <<29>> and receive 34 points.
You press <<3>> and receive 59 points.
You press <<15>> and receive 76 points.
You press <<16>> and receive 61 points.

Environment number 3:
The value of option 2 is 3. You have 5 choices to make in this environment.
You press <<15>> and receive 70 points.
You press <<14>> and receive 65 points.
You press <<16>> and receive 61 points.
You press <<9>> and receive 3 points.
You press <<24>> and receive 28 points.

Environment number 4:
The value of option 7 is 1. You have 10 choices to make in this environment.
You press <<13>> and receive 22 points.
You press <<18>> and receive 41 points.
You press <<24>> and receive 37 points.
You press <<19>> and receive 57 points.
You press <<17>> and receive 29 points.
You press <<20>> and receive 64 points.
You press <<21>> and receive 63 points.
You press <<22>> and receive 57 points.
You press <<16>> and receive 17 points.
You press <<12>> and receive 28 points.

Environment number 5:
The value of option 4 is 51. You have 10 choices to make in this environment.
You press <<5>> and receive 47 points.
You press <<3>> and receive 48 points.
You press <<13>> and receive 48 points.
You press <<12>> and receive 59 points.
You press <<11>> and receive 54 points.
You press <<21>> and receive 21 points.
You press <<28>> and receive 31 points.
You press <<17>> and receive 75 points.
You press <<18>> and receive 85 points.
You press <<19>> and receive 76 points.

Environment number 6:
The value of option 3 is 65. You have 5 choices to make in this environment.
You press <<12>> and receive 46 points.
You press <<21>> and receive 83 points.
You press <<22>> and receive 82 points.
You press <<20>> and receive 79 points.
You press <<23>> and receive 76 points.

Environment number 7:
The value of option 7 is 59. You have 10 choices to make in this environment.
You press <<6>> and receive 40 points.
You press <<8>> and receive 76 points.
You press <<9>> and receive 73 points.
You press <<18>> and receive 72 points.
You press <<17>> and receive 45 points.
You press <<19>> and receive 78 points.
You press <<20>> and receive 68 points.
You press <<12>> and receive 19 points.
You press <<24>> and receive 25 points.
You press <<29>> and receive 48 points.

Environment number 8:
The value of option 9 is 46. You have 5 choices to make in this environment.
You press <<15>> and receive 11 points.
You press <<23>> and receive 13 points.
You press <<4>> and receive 75 points.
You press <<5>> and receive 58 points.
You press <<3>> and receive 82 points.

Environment number 9:
The value of option 23 is 72. You have 10 choices to make in this environment.
You press <<22>> and receive 69 points.
You press <<24>> and receive 66 points.
You press <<12>> and receive 44 points.
You press <<4>> and receive 62 points.
You press <<",20
9,5,6,17,0,smooth,23,10,72,3,"You will be presented with a series of 16 different environments to explore.
In each trial, you can select an option between numbers 1 and 30 by pressing the corresponding key.
By selecting any of these options, you will earn points associated with each unique option.
Imagine these options 1 through 30 as lying next to each other in an ordered line; options closer to each other tend to have similar rewards as rewards tend to cluster together.
For each environment, you will be able to make either 5 or 10 choices.
When you made all your choices in a given environment, you will start making choices in the next unexplored environment.
The rewards underlying the different options are different in each environment so you will learn them anew for each environment.
Each environment starts with the value of a single option revealed.
When you choose the number corresponding to a different option, you will be told the value of that option and receive those points.
Previously revealed options, including the starting option, can also be reselected, although there may be small changes in the point value.
It is your task to gain as many points as possible across all 16 environments.

Environment number 1:
The value of option 19 is 75. You have 5 choices to make in this environment.
You press <<18>> and receive 70 points.
You press <<20>> and receive 67 points.
You press <<17>> and receive 50 points.
You press <<11>> and receive 10 points.
You press <<26>> and receive 23 points.

Environment number 2:
The value of option 8 is 43. You have 5 choices to make in this environment.
You press <<20>> and receive 2 points.
You press <<29>> and receive 34 points.
You press <<3>> and receive 59 points.
You press <<15>> and receive 76 points.
You press <<16>> and receive 61 points.

Environment number 3:
The value of option 2 is 3. You have 5 choices to make in this environment.
You press <<15>> and receive 70 points.
You press <<14>> and receive 65 points.
You press <<16>> and receive 61 points.
You press <<9>> and receive 3 points.
You press <<24>> and receive 28 points.

Environment number 4:
The value of option 7 is 1. You have 10 choices to make in this environment.
You press <<13>> and receive 22 points.
You press <<18>> and receive 41 points.
You press <<24>> and receive 37 points.
You press <<19>> and receive 57 points.
You press <<17>> and receive 29 points.
You press <<20>> and receive 64 points.
You press <<21>> and receive 63 points.
You press <<22>> and receive 57 points.
You press <<16>> and receive 17 points.
You press <<12>> and receive 28 points.

Environment number 5:
The value of option 4 is 51. You have 10 choices to make in this environment.
You press <<5>> and receive 47 points.
You press <<3>> and receive 48 points.
You press <<13>> and receive 48 points.
You press <<12>> and receive 59 points.
You press <<11>> and receive 54 points.
You press <<21>> and receive 21 points.
You press <<28>> and receive 31 points.
You press <<17>> and receive 75 points.
You press <<18>> and receive 85 points.
You press <<19>> and receive 76 points.

Environment number 6:
The value of option 3 is 65. You have 5 choices to make in this environment.
You press <<12>> and receive 46 points.
You press <<21>> and receive 83 points.
You press <<22>> and receive 82 points.
You press <<20>> and receive 79 points.
You press <<23>> and receive 76 points.

Environment number 7:
The value of option 7 is 59. You have 10 choices to make in this environment.
You press <<6>> and receive 40 points.
You press <<8>> and receive 76 points.
You press <<9>> and receive 73 points.
You press <<18>> and receive 72 points.
You press <<17>> and receive 45 points.
You press <<19>> and receive 78 points.
You press <<20>> and receive 68 points.
You press <<12>> and receive 19 points.
You press <<24>> and receive 25 points.
You press <<29>> and receive 48 points.

Environment number 8:
The value of option 9 is 46. You have 5 choices to make in this environment.
You press <<15>> and receive 11 points.
You press <<23>> and receive 13 points.
You press <<4>> and receive 75 points.
You press <<5>> and receive 58 points.
You press <<3>> and receive 82 points.

Environment number 9:
The value of option 23 is 72. You have 10 choices to make in this environment.
You press <<22>> and receive 69 points.
You press <<24>> and receive 66 points.
You press <<12>> and receive 44 points.
You press <<4>> and receive 62 points.
You press <<5>> and receive 54 points.
You press <<",20
9,5,7,27,0,smooth,23,10,72,29,"You will be presented with a series of 16 different environments to explore.
In each trial, you can select an option between numbers 1 and 30 by pressing the corresponding key.
By selecting any of these options, you will earn points associated with each unique option.
Imagine these options 1 through 30 as lying next to each other in an ordered line; options closer to each other tend to have similar rewards as rewards tend to cluster together.
For each environment, you will be able to make either 5 or 10 choices.
When you made all your choices in a given environment, you will start making choices in the next unexplored environment.
The rewards underlying the different options are different in each environment so you will learn them anew for each environment.
Each environment starts with the value of a single option revealed.
When you choose the number corresponding to a different option, you will be told the value of that option and receive those points.
Previously revealed options, including the starting option, can also be reselected, although there may be small changes in the point value.
It is your task to gain as many points as possible across all 16 environments.

Environment number 1:
The value of option 19 is 75. You have 5 choices to make in this environment.
You press <<18>> and receive 70 points.
You press <<20>> and receive 67 points.
You press <<17>> and receive 50 points.
You press <<11>> and receive 10 points.
You press <<26>> and receive 23 points.

Environment number 2:
The value of option 8 is 43. You have 5 choices to make in this environment.
You press <<20>> and receive 2 points.
You press <<29>> and receive 34 points.
You press <<3>> and receive 59 points.
You press <<15>> and receive 76 points.
You press <<16>> and receive 61 points.

Environment number 3:
The value of option 2 is 3. You have 5 choices to make in this environment.
You press <<15>> and receive 70 points.
You press <<14>> and receive 65 points.
You press <<16>> and receive 61 points.
You press <<9>> and receive 3 points.
You press <<24>> and receive 28 points.

Environment number 4:
The value of option 7 is 1. You have 10 choices to make in this environment.
You press <<13>> and receive 22 points.
You press <<18>> and receive 41 points.
You press <<24>> and receive 37 points.
You press <<19>> and receive 57 points.
You press <<17>> and receive 29 points.
You press <<20>> and receive 64 points.
You press <<21>> and receive 63 points.
You press <<22>> and receive 57 points.
You press <<16>> and receive 17 points.
You press <<12>> and receive 28 points.

Environment number 5:
The value of option 4 is 51. You have 10 choices to make in this environment.
You press <<5>> and receive 47 points.
You press <<3>> and receive 48 points.
You press <<13>> and receive 48 points.
You press <<12>> and receive 59 points.
You press <<11>> and receive 54 points.
You press <<21>> and receive 21 points.
You press <<28>> and receive 31 points.
You press <<17>> and receive 75 points.
You press <<18>> and receive 85 points.
You press <<19>> and receive 76 points.

Environment number 6:
The value of option 3 is 65. You have 5 choices to make in this environment.
You press <<12>> and receive 46 points.
You press <<21>> and receive 83 points.
You press <<22>> and receive 82 points.
You press <<20>> and receive 79 points.
You press <<23>> and receive 76 points.

Environment number 7:
The value of option 7 is 59. You have 10 choices to make in this environment.
You press <<6>> and receive 40 points.
You press <<8>> and receive 76 points.
You press <<9>> and receive 73 points.
You press <<18>> and receive 72 points.
You press <<17>> and receive 45 points.
You press <<19>> and receive 78 points.
You press <<20>> and receive 68 points.
You press <<12>> and receive 19 points.
You press <<24>> and receive 25 points.
You press <<29>> and receive 48 points.

Environment number 8:
The value of option 9 is 46. You have 5 choices to make in this environment.
You press <<15>> and receive 11 points.
You press <<23>> and receive 13 points.
You press <<4>> and receive 75 points.
You press <<5>> and receive 58 points.
You press <<3>> and receive 82 points.

Environment number 9:
The value of option 23 is 72. You have 10 choices to make in this environment.
You press <<22>> and receive 69 points.
You press <<24>> and receive 66 points.
You press <<12>> and receive 44 points.
You press <<4>> and receive 62 points.
You press <<5>> and receive 54 points.
You press <<17>> and receive 3 points.
You press <<",20
9,5,8,9,0,smooth,23,10,72,66,"You will be presented with a series of 16 different environments to explore.
In each trial, you can select an option between numbers 1 and 30 by pressing the corresponding key.
By selecting any of these options, you will earn points associated with each unique option.
Imagine these options 1 through 30 as lying next to each other in an ordered line; options closer to each other tend to have similar rewards as rewards tend to cluster together.
For each environment, you will be able to make either 5 or 10 choices.
When you made all your choices in a given environment, you will start making choices in the next unexplored environment.
The rewards underlying the different options are different in each environment so you will learn them anew for each environment.
Each environment starts with the value of a single option revealed.
When you choose the number corresponding to a different option, you will be told the value of that option and receive those points.
Previously revealed options, including the starting option, can also be reselected, although there may be small changes in the point value.
It is your task to gain as many points as possible across all 16 environments.

Environment number 1:
The value of option 19 is 75. You have 5 choices to make in this environment.
You press <<18>> and receive 70 points.
You press <<20>> and receive 67 points.
You press <<17>> and receive 50 points.
You press <<11>> and receive 10 points.
You press <<26>> and receive 23 points.

Environment number 2:
The value of option 8 is 43. You have 5 choices to make in this environment.
You press <<20>> and receive 2 points.
You press <<29>> and receive 34 points.
You press <<3>> and receive 59 points.
You press <<15>> and receive 76 points.
You press <<16>> and receive 61 points.

Environment number 3:
The value of option 2 is 3. You have 5 choices to make in this environment.
You press <<15>> and receive 70 points.
You press <<14>> and receive 65 points.
You press <<16>> and receive 61 points.
You press <<9>> and receive 3 points.
You press <<24>> and receive 28 points.

Environment number 4:
The value of option 7 is 1. You have 10 choices to make in this environment.
You press <<13>> and receive 22 points.
You press <<18>> and receive 41 points.
You press <<24>> and receive 37 points.
You press <<19>> and receive 57 points.
You press <<17>> and receive 29 points.
You press <<20>> and receive 64 points.
You press <<21>> and receive 63 points.
You press <<22>> and receive 57 points.
You press <<16>> and receive 17 points.
You press <<12>> and receive 28 points.

Environment number 5:
The value of option 4 is 51. You have 10 choices to make in this environment.
You press <<5>> and receive 47 points.
You press <<3>> and receive 48 points.
You press <<13>> and receive 48 points.
You press <<12>> and receive 59 points.
You press <<11>> and receive 54 points.
You press <<21>> and receive 21 points.
You press <<28>> and receive 31 points.
You press <<17>> and receive 75 points.
You press <<18>> and receive 85 points.
You press <<19>> and receive 76 points.

Environment number 6:
The value of option 3 is 65. You have 5 choices to make in this environment.
You press <<12>> and receive 46 points.
You press <<21>> and receive 83 points.
You press <<22>> and receive 82 points.
You press <<20>> and receive 79 points.
You press <<23>> and receive 76 points.

Environment number 7:
The value of option 7 is 59. You have 10 choices to make in this environment.
You press <<6>> and receive 40 points.
You press <<8>> and receive 76 points.
You press <<9>> and receive 73 points.
You press <<18>> and receive 72 points.
You press <<17>> and receive 45 points.
You press <<19>> and receive 78 points.
You press <<20>> and receive 68 points.
You press <<12>> and receive 19 points.
You press <<24>> and receive 25 points.
You press <<29>> and receive 48 points.

Environment number 8:
The value of option 9 is 46. You have 5 choices to make in this environment.
You press <<15>> and receive 11 points.
You press <<23>> and receive 13 points.
You press <<4>> and receive 75 points.
You press <<5>> and receive 58 points.
You press <<3>> and receive 82 points.

Environment number 9:
The value of option 23 is 72. You have 10 choices to make in this environment.
You press <<22>> and receive 69 points.
You press <<24>> and receive 66 points.
You press <<12>> and receive 44 points.
You press <<4>> and receive 62 points.
You press <<5>> and receive 54 points.
You press <<17>> and receive 3 points.
You press <<27>> and receive 29 points.
You press <<",20
9,5,9,10,0,smooth,23,10,72,68,"You will be presented with a series of 16 different environments to explore.
In each trial, you can select an option between numbers 1 and 30 by pressing the corresponding key.
By selecting any of these options, you will earn points associated with each unique option.
Imagine these options 1 through 30 as lying next to each other in an ordered line; options closer to each other tend to have similar rewards as rewards tend to cluster together.
For each environment, you will be able to make either 5 or 10 choices.
When you made all your choices in a given environment, you will start making choices in the next unexplored environment.
The rewards underlying the different options are different in each environment so you will learn them anew for each environment.
Each environment starts with the value of a single option revealed.
When you choose the number corresponding to a different option, you will be told the value of that option and receive those points.
Previously revealed options, including the starting option, can also be reselected, although there may be small changes in the point value.
It is your task to gain as many points as possible across all 16 environments.

Environment number 1:
The value of option 19 is 75. You have 5 choices to make in this environment.
You press <<18>> and receive 70 points.
You press <<20>> and receive 67 points.
You press <<17>> and receive 50 points.
You press <<11>> and receive 10 points.
You press <<26>> and receive 23 points.

Environment number 2:
The value of option 8 is 43. You have 5 choices to make in this environment.
You press <<20>> and receive 2 points.
You press <<29>> and receive 34 points.
You press <<3>> and receive 59 points.
You press <<15>> and receive 76 points.
You press <<16>> and receive 61 points.

Environment number 3:
The value of option 2 is 3. You have 5 choices to make in this environment.
You press <<15>> and receive 70 points.
You press <<14>> and receive 65 points.
You press <<16>> and receive 61 points.
You press <<9>> and receive 3 points.
You press <<24>> and receive 28 points.

Environment number 4:
The value of option 7 is 1. You have 10 choices to make in this environment.
You press <<13>> and receive 22 points.
You press <<18>> and receive 41 points.
You press <<24>> and receive 37 points.
You press <<19>> and receive 57 points.
You press <<17>> and receive 29 points.
You press <<20>> and receive 64 points.
You press <<21>> and receive 63 points.
You press <<22>> and receive 57 points.
You press <<16>> and receive 17 points.
You press <<12>> and receive 28 points.

Environment number 5:
The value of option 4 is 51. You have 10 choices to make in this environment.
You press <<5>> and receive 47 points.
You press <<3>> and receive 48 points.
You press <<13>> and receive 48 points.
You press <<12>> and receive 59 points.
You press <<11>> and receive 54 points.
You press <<21>> and receive 21 points.
You press <<28>> and receive 31 points.
You press <<17>> and receive 75 points.
You press <<18>> and receive 85 points.
You press <<19>> and receive 76 points.

Environment number 6:
The value of option 3 is 65. You have 5 choices to make in this environment.
You press <<12>> and receive 46 points.
You press <<21>> and receive 83 points.
You press <<22>> and receive 82 points.
You press <<20>> and receive 79 points.
You press <<23>> and receive 76 points.

Environment number 7:
The value of option 7 is 59. You have 10 choices to make in this environment.
You press <<6>> and receive 40 points.
You press <<8>> and receive 76 points.
You press <<9>> and receive 73 points.
You press <<18>> and receive 72 points.
You press <<17>> and receive 45 points.
You press <<19>> and receive 78 points.
You press <<20>> and receive 68 points.
You press <<12>> and receive 19 points.
You press <<24>> and receive 25 points.
You press <<29>> and receive 48 points.

Environment number 8:
The value of option 9 is 46. You have 5 choices to make in this environment.
You press <<15>> and receive 11 points.
You press <<23>> and receive 13 points.
You press <<4>> and receive 75 points.
You press <<5>> and receive 58 points.
You press <<3>> and receive 82 points.

Environment number 9:
The value of option 23 is 72. You have 10 choices to make in this environment.
You press <<22>> and receive 69 points.
You press <<24>> and receive 66 points.
You press <<12>> and receive 44 points.
You press <<4>> and receive 62 points.
You press <<5>> and receive 54 points.
You press <<17>> and receive 3 points.
You press <<27>> and receive 29 points.
You press <<9>> and receive 66 points.
You press <<",20
9,5,10,8,0,smooth,23,10,72,59,"You will be presented with a series of 16 different environments to explore.
In each trial, you can select an option between numbers 1 and 30 by pressing the corresponding key.
By selecting any of these options, you will earn points associated with each unique option.
Imagine these options 1 through 30 as lying next to each other in an ordered line; options closer to each other tend to have similar rewards as rewards tend to cluster together.
For each environment, you will be able to make either 5 or 10 choices.
When you made all your choices in a given environment, you will start making choices in the next unexplored environment.
The rewards underlying the different options are different in each environment so you will learn them anew for each environment.
Each environment starts with the value of a single option revealed.
When you choose the number corresponding to a different option, you will be told the value of that option and receive those points.
Previously revealed options, including the starting option, can also be reselected, although there may be small changes in the point value.
It is your task to gain as many points as possible across all 16 environments.

Environment number 1:
The value of option 19 is 75. You have 5 choices to make in this environment.
You press <<18>> and receive 70 points.
You press <<20>> and receive 67 points.
You press <<17>> and receive 50 points.
You press <<11>> and receive 10 points.
You press <<26>> and receive 23 points.

Environment number 2:
The value of option 8 is 43. You have 5 choices to make in this environment.
You press <<20>> and receive 2 points.
You press <<29>> and receive 34 points.
You press <<3>> and receive 59 points.
You press <<15>> and receive 76 points.
You press <<16>> and receive 61 points.

Environment number 3:
The value of option 2 is 3. You have 5 choices to make in this environment.
You press <<15>> and receive 70 points.
You press <<14>> and receive 65 points.
You press <<16>> and receive 61 points.
You press <<9>> and receive 3 points.
You press <<24>> and receive 28 points.

Environment number 4:
The value of option 7 is 1. You have 10 choices to make in this environment.
You press <<13>> and receive 22 points.
You press <<18>> and receive 41 points.
You press <<24>> and receive 37 points.
You press <<19>> and receive 57 points.
You press <<17>> and receive 29 points.
You press <<20>> and receive 64 points.
You press <<21>> and receive 63 points.
You press <<22>> and receive 57 points.
You press <<16>> and receive 17 points.
You press <<12>> and receive 28 points.

Environment number 5:
The value of option 4 is 51. You have 10 choices to make in this environment.
You press <<5>> and receive 47 points.
You press <<3>> and receive 48 points.
You press <<13>> and receive 48 points.
You press <<12>> and receive 59 points.
You press <<11>> and receive 54 points.
You press <<21>> and receive 21 points.
You press <<28>> and receive 31 points.
You press <<17>> and receive 75 points.
You press <<18>> and receive 85 points.
You press <<19>> and receive 76 points.

Environment number 6:
The value of option 3 is 65. You have 5 choices to make in this environment.
You press <<12>> and receive 46 points.
You press <<21>> and receive 83 points.
You press <<22>> and receive 82 points.
You press <<20>> and receive 79 points.
You press <<23>> and receive 76 points.

Environment number 7:
The value of option 7 is 59. You have 10 choices to make in this environment.
You press <<6>> and receive 40 points.
You press <<8>> and receive 76 points.
You press <<9>> and receive 73 points.
You press <<18>> and receive 72 points.
You press <<17>> and receive 45 points.
You press <<19>> and receive 78 points.
You press <<20>> and receive 68 points.
You press <<12>> and receive 19 points.
You press <<24>> and receive 25 points.
You press <<29>> and receive 48 points.

Environment number 8:
The value of option 9 is 46. You have 5 choices to make in this environment.
You press <<15>> and receive 11 points.
You press <<23>> and receive 13 points.
You press <<4>> and receive 75 points.
You press <<5>> and receive 58 points.
You press <<3>> and receive 82 points.

Environment number 9:
The value of option 23 is 72. You have 10 choices to make in this environment.
You press <<22>> and receive 69 points.
You press <<24>> and receive 66 points.
You press <<12>> and receive 44 points.
You press <<4>> and receive 62 points.
You press <<5>> and receive 54 points.
You press <<17>> and receive 3 points.
You press <<27>> and receive 29 points.
You press <<9>> and receive 66 points.
You press <<10>> and receive 68 points.
You press <<",20
10,4,1,15,0,smooth,25,10,10,52,"You will be presented with a series of 16 different environments to explore.
In each trial, you can select an option between numbers 1 and 30 by pressing the corresponding key.
By selecting any of these options, you will earn points associated with each unique option.
Imagine these options 1 through 30 as lying next to each other in an ordered line; options closer to each other tend to have similar rewards as rewards tend to cluster together.
For each environment, you will be able to make either 5 or 10 choices.
When you made all your choices in a given environment, you will start making choices in the next unexplored environment.
The rewards underlying the different options are different in each environment so you will learn them anew for each environment.
Each environment starts with the value of a single option revealed.
When you choose the number corresponding to a different option, you will be told the value of that option and receive those points.
Previously revealed options, including the starting option, can also be reselected, although there may be small changes in the point value.
It is your task to gain as many points as possible across all 16 environments.

Environment number 1:
The value of option 19 is 75. You have 5 choices to make in this environment.
You press <<18>> and receive 70 points.
You press <<20>> and receive 67 points.
You press <<17>> and receive 50 points.
You press <<11>> and receive 10 points.
You press <<26>> and receive 23 points.

Environment number 2:
The value of option 8 is 43. You have 5 choices to make in this environment.
You press <<20>> and receive 2 points.
You press <<29>> and receive 34 points.
You press <<3>> and receive 59 points.
You press <<15>> and receive 76 points.
You press <<16>> and receive 61 points.

Environment number 3:
The value of option 2 is 3. You have 5 choices to make in this environment.
You press <<15>> and receive 70 points.
You press <<14>> and receive 65 points.
You press <<16>> and receive 61 points.
You press <<9>> and receive 3 points.
You press <<24>> and receive 28 points.

Environment number 4:
The value of option 7 is 1. You have 10 choices to make in this environment.
You press <<13>> and receive 22 points.
You press <<18>> and receive 41 points.
You press <<24>> and receive 37 points.
You press <<19>> and receive 57 points.
You press <<17>> and receive 29 points.
You press <<20>> and receive 64 points.
You press <<21>> and receive 63 points.
You press <<22>> and receive 57 points.
You press <<16>> and receive 17 points.
You press <<12>> and receive 28 points.

Environment number 5:
The value of option 4 is 51. You have 10 choices to make in this environment.
You press <<5>> and receive 47 points.
You press <<3>> and receive 48 points.
You press <<13>> and receive 48 points.
You press <<12>> and receive 59 points.
You press <<11>> and receive 54 points.
You press <<21>> and receive 21 points.
You press <<28>> and receive 31 points.
You press <<17>> and receive 75 points.
You press <<18>> and receive 85 points.
You press <<19>> and receive 76 points.

Environment number 6:
The value of option 3 is 65. You have 5 choices to make in this environment.
You press <<12>> and receive 46 points.
You press <<21>> and receive 83 points.
You press <<22>> and receive 82 points.
You press <<20>> and receive 79 points.
You press <<23>> and receive 76 points.

Environment number 7:
The value of option 7 is 59. You have 10 choices to make in this environment.
You press <<6>> and receive 40 points.
You press <<8>> and receive 76 points.
You press <<9>> and receive 73 points.
You press <<18>> and receive 72 points.
You press <<17>> and receive 45 points.
You press <<19>> and receive 78 points.
You press <<20>> and receive 68 points.
You press <<12>> and receive 19 points.
You press <<24>> and receive 25 points.
You press <<29>> and receive 48 points.

Environment number 8:
The value of option 9 is 46. You have 5 choices to make in this environment.
You press <<15>> and receive 11 points.
You press <<23>> and receive 13 points.
You press <<4>> and receive 75 points.
You press <<5>> and receive 58 points.
You press <<3>> and receive 82 points.

Environment number 9:
The value of option 23 is 72. You have 10 choices to make in this environment.
You press <<22>> and receive 69 points.
You press <<24>> and receive 66 points.
You press <<12>> and receive 44 points.
You press <<4>> and receive 62 points.
You press <<5>> and receive 54 points.
You press <<17>> and receive 3 points.
You press <<27>> and receive 29 points.
You press <<9>> and receive 66 points.
You press <<10>> and receive 68 points.
You press <<8>> and receive 59 points.

Environment number 10:
The value of option 25 is 10. You have 10 choices to make in this environment.
You press <<",20
10,4,2,7,0,smooth,25,10,10,35,"You will be presented with a series of 16 different environments to explore.
In each trial, you can select an option between numbers 1 and 30 by pressing the corresponding key.
By selecting any of these options, you will earn points associated with each unique option.
Imagine these options 1 through 30 as lying next to each other in an ordered line; options closer to each other tend to have similar rewards as rewards tend to cluster together.
For each environment, you will be able to make either 5 or 10 choices.
When you made all your choices in a given environment, you will start making choices in the next unexplored environment.
The rewards underlying the different options are different in each environment so you will learn them anew for each environment.
Each environment starts with the value of a single option revealed.
When you choose the number corresponding to a different option, you will be told the value of that option and receive those points.
Previously revealed options, including the starting option, can also be reselected, although there may be small changes in the point value.
It is your task to gain as many points as possible across all 16 environments.

Environment number 1:
The value of option 19 is 75. You have 5 choices to make in this environment.
You press <<18>> and receive 70 points.
You press <<20>> and receive 67 points.
You press <<17>> and receive 50 points.
You press <<11>> and receive 10 points.
You press <<26>> and receive 23 points.

Environment number 2:
The value of option 8 is 43. You have 5 choices to make in this environment.
You press <<20>> and receive 2 points.
You press <<29>> and receive 34 points.
You press <<3>> and receive 59 points.
You press <<15>> and receive 76 points.
You press <<16>> and receive 61 points.

Environment number 3:
The value of option 2 is 3. You have 5 choices to make in this environment.
You press <<15>> and receive 70 points.
You press <<14>> and receive 65 points.
You press <<16>> and receive 61 points.
You press <<9>> and receive 3 points.
You press <<24>> and receive 28 points.

Environment number 4:
The value of option 7 is 1. You have 10 choices to make in this environment.
You press <<13>> and receive 22 points.
You press <<18>> and receive 41 points.
You press <<24>> and receive 37 points.
You press <<19>> and receive 57 points.
You press <<17>> and receive 29 points.
You press <<20>> and receive 64 points.
You press <<21>> and receive 63 points.
You press <<22>> and receive 57 points.
You press <<16>> and receive 17 points.
You press <<12>> and receive 28 points.

Environment number 5:
The value of option 4 is 51. You have 10 choices to make in this environment.
You press <<5>> and receive 47 points.
You press <<3>> and receive 48 points.
You press <<13>> and receive 48 points.
You press <<12>> and receive 59 points.
You press <<11>> and receive 54 points.
You press <<21>> and receive 21 points.
You press <<28>> and receive 31 points.
You press <<17>> and receive 75 points.
You press <<18>> and receive 85 points.
You press <<19>> and receive 76 points.

Environment number 6:
The value of option 3 is 65. You have 5 choices to make in this environment.
You press <<12>> and receive 46 points.
You press <<21>> and receive 83 points.
You press <<22>> and receive 82 points.
You press <<20>> and receive 79 points.
You press <<23>> and receive 76 points.

Environment number 7:
The value of option 7 is 59. You have 10 choices to make in this environment.
You press <<6>> and receive 40 points.
You press <<8>> and receive 76 points.
You press <<9>> and receive 73 points.
You press <<18>> and receive 72 points.
You press <<17>> and receive 45 points.
You press <<19>> and receive 78 points.
You press <<20>> and receive 68 points.
You press <<12>> and receive 19 points.
You press <<24>> and receive 25 points.
You press <<29>> and receive 48 points.

Environment number 8:
The value of option 9 is 46. You have 5 choices to make in this environment.
You press <<15>> and receive 11 points.
You press <<23>> and receive 13 points.
You press <<4>> and receive 75 points.
You press <<5>> and receive 58 points.
You press <<3>> and receive 82 points.

Environment number 9:
The value of option 23 is 72. You have 10 choices to make in this environment.
You press <<22>> and receive 69 points.
You press <<24>> and receive 66 points.
You press <<12>> and receive 44 points.
You press <<4>> and receive 62 points.
You press <<5>> and receive 54 points.
You press <<17>> and receive 3 points.
You press <<27>> and receive 29 points.
You press <<9>> and receive 66 points.
You press <<10>> and receive 68 points.
You press <<8>> and receive 59 points.

Environment number 10:
The value of option 25 is 10. You have 10 choices to make in this environment.
You press <<15>> and receive 52 points.
You press <<",20
10,4,3,2,0,smooth,25,10,10,7,"You will be presented with a series of 16 different environments to explore.
In each trial, you can select an option between numbers 1 and 30 by pressing the corresponding key.
By selecting any of these options, you will earn points associated with each unique option.
Imagine these options 1 through 30 as lying next to each other in an ordered line; options closer to each other tend to have similar rewards as rewards tend to cluster together.
For each environment, you will be able to make either 5 or 10 choices.
When you made all your choices in a given environment, you will start making choices in the next unexplored environment.
The rewards underlying the different options are different in each environment so you will learn them anew for each environment.
Each environment starts with the value of a single option revealed.
When you choose the number corresponding to a different option, you will be told the value of that option and receive those points.
Previously revealed options, including the starting option, can also be reselected, although there may be small changes in the point value.
It is your task to gain as many points as possible across all 16 environments.

Environment number 1:
The value of option 19 is 75. You have 5 choices to make in this environment.
You press <<18>> and receive 70 points.
You press <<20>> and receive 67 points.
You press <<17>> and receive 50 points.
You press <<11>> and receive 10 points.
You press <<26>> and receive 23 points.

Environment number 2:
The value of option 8 is 43. You have 5 choices to make in this environment.
You press <<20>> and receive 2 points.
You press <<29>> and receive 34 points.
You press <<3>> and receive 59 points.
You press <<15>> and receive 76 points.
You press <<16>> and receive 61 points.

Environment number 3:
The value of option 2 is 3. You have 5 choices to make in this environment.
You press <<15>> and receive 70 points.
You press <<14>> and receive 65 points.
You press <<16>> and receive 61 points.
You press <<9>> and receive 3 points.
You press <<24>> and receive 28 points.

Environment number 4:
The value of option 7 is 1. You have 10 choices to make in this environment.
You press <<13>> and receive 22 points.
You press <<18>> and receive 41 points.
You press <<24>> and receive 37 points.
You press <<19>> and receive 57 points.
You press <<17>> and receive 29 points.
You press <<20>> and receive 64 points.
You press <<21>> and receive 63 points.
You press <<22>> and receive 57 points.
You press <<16>> and receive 17 points.
You press <<12>> and receive 28 points.

Environment number 5:
The value of option 4 is 51. You have 10 choices to make in this environment.
You press <<5>> and receive 47 points.
You press <<3>> and receive 48 points.
You press <<13>> and receive 48 points.
You press <<12>> and receive 59 points.
You press <<11>> and receive 54 points.
You press <<21>> and receive 21 points.
You press <<28>> and receive 31 points.
You press <<17>> and receive 75 points.
You press <<18>> and receive 85 points.
You press <<19>> and receive 76 points.

Environment number 6:
The value of option 3 is 65. You have 5 choices to make in this environment.
You press <<12>> and receive 46 points.
You press <<21>> and receive 83 points.
You press <<22>> and receive 82 points.
You press <<20>> and receive 79 points.
You press <<23>> and receive 76 points.

Environment number 7:
The value of option 7 is 59. You have 10 choices to make in this environment.
You press <<6>> and receive 40 points.
You press <<8>> and receive 76 points.
You press <<9>> and receive 73 points.
You press <<18>> and receive 72 points.
You press <<17>> and receive 45 points.
You press <<19>> and receive 78 points.
You press <<20>> and receive 68 points.
You press <<12>> and receive 19 points.
You press <<24>> and receive 25 points.
You press <<29>> and receive 48 points.

Environment number 8:
The value of option 9 is 46. You have 5 choices to make in this environment.
You press <<15>> and receive 11 points.
You press <<23>> and receive 13 points.
You press <<4>> and receive 75 points.
You press <<5>> and receive 58 points.
You press <<3>> and receive 82 points.

Environment number 9:
The value of option 23 is 72. You have 10 choices to make in this environment.
You press <<22>> and receive 69 points.
You press <<24>> and receive 66 points.
You press <<12>> and receive 44 points.
You press <<4>> and receive 62 points.
You press <<5>> and receive 54 points.
You press <<17>> and receive 3 points.
You press <<27>> and receive 29 points.
You press <<9>> and receive 66 points.
You press <<10>> and receive 68 points.
You press <<8>> and receive 59 points.

Environment number 10:
The value of option 25 is 10. You have 10 choices to make in this environment.
You press <<15>> and receive 52 points.
You press <<7>> and receive 35 points.
You press <<",20
10,4,4,14,0,smooth,25,10,10,75,"You will be presented with a series of 16 different environments to explore.
In each trial, you can select an option between numbers 1 and 30 by pressing the corresponding key.
By selecting any of these options, you will earn points associated with each unique option.
Imagine these options 1 through 30 as lying next to each other in an ordered line; options closer to each other tend to have similar rewards as rewards tend to cluster together.
For each environment, you will be able to make either 5 or 10 choices.
When you made all your choices in a given environment, you will start making choices in the next unexplored environment.
The rewards underlying the different options are different in each environment so you will learn them anew for each environment.
Each environment starts with the value of a single option revealed.
When you choose the number corresponding to a different option, you will be told the value of that option and receive those points.
Previously revealed options, including the starting option, can also be reselected, although there may be small changes in the point value.
It is your task to gain as many points as possible across all 16 environments.

Environment number 1:
The value of option 19 is 75. You have 5 choices to make in this environment.
You press <<18>> and receive 70 points.
You press <<20>> and receive 67 points.
You press <<17>> and receive 50 points.
You press <<11>> and receive 10 points.
You press <<26>> and receive 23 points.

Environment number 2:
The value of option 8 is 43. You have 5 choices to make in this environment.
You press <<20>> and receive 2 points.
You press <<29>> and receive 34 points.
You press <<3>> and receive 59 points.
You press <<15>> and receive 76 points.
You press <<16>> and receive 61 points.

Environment number 3:
The value of option 2 is 3. You have 5 choices to make in this environment.
You press <<15>> and receive 70 points.
You press <<14>> and receive 65 points.
You press <<16>> and receive 61 points.
You press <<9>> and receive 3 points.
You press <<24>> and receive 28 points.

Environment number 4:
The value of option 7 is 1. You have 10 choices to make in this environment.
You press <<13>> and receive 22 points.
You press <<18>> and receive 41 points.
You press <<24>> and receive 37 points.
You press <<19>> and receive 57 points.
You press <<17>> and receive 29 points.
You press <<20>> and receive 64 points.
You press <<21>> and receive 63 points.
You press <<22>> and receive 57 points.
You press <<16>> and receive 17 points.
You press <<12>> and receive 28 points.

Environment number 5:
The value of option 4 is 51. You have 10 choices to make in this environment.
You press <<5>> and receive 47 points.
You press <<3>> and receive 48 points.
You press <<13>> and receive 48 points.
You press <<12>> and receive 59 points.
You press <<11>> and receive 54 points.
You press <<21>> and receive 21 points.
You press <<28>> and receive 31 points.
You press <<17>> and receive 75 points.
You press <<18>> and receive 85 points.
You press <<19>> and receive 76 points.

Environment number 6:
The value of option 3 is 65. You have 5 choices to make in this environment.
You press <<12>> and receive 46 points.
You press <<21>> and receive 83 points.
You press <<22>> and receive 82 points.
You press <<20>> and receive 79 points.
You press <<23>> and receive 76 points.

Environment number 7:
The value of option 7 is 59. You have 10 choices to make in this environment.
You press <<6>> and receive 40 points.
You press <<8>> and receive 76 points.
You press <<9>> and receive 73 points.
You press <<18>> and receive 72 points.
You press <<17>> and receive 45 points.
You press <<19>> and receive 78 points.
You press <<20>> and receive 68 points.
You press <<12>> and receive 19 points.
You press <<24>> and receive 25 points.
You press <<29>> and receive 48 points.

Environment number 8:
The value of option 9 is 46. You have 5 choices to make in this environment.
You press <<15>> and receive 11 points.
You press <<23>> and receive 13 points.
You press <<4>> and receive 75 points.
You press <<5>> and receive 58 points.
You press <<3>> and receive 82 points.

Environment number 9:
The value of option 23 is 72. You have 10 choices to make in this environment.
You press <<22>> and receive 69 points.
You press <<24>> and receive 66 points.
You press <<12>> and receive 44 points.
You press <<4>> and receive 62 points.
You press <<5>> and receive 54 points.
You press <<17>> and receive 3 points.
You press <<27>> and receive 29 points.
You press <<9>> and receive 66 points.
You press <<10>> and receive 68 points.
You press <<8>> and receive 59 points.

Environment number 10:
The value of option 25 is 10. You have 10 choices to make in this environment.
You press <<15>> and receive 52 points.
You press <<7>> and receive 35 points.
You press <<2>> and receive 7 points.
You press <<",20
10,4,5,13,0,smooth,25,10,10,74,"You will be presented with a series of 16 different environments to explore.
In each trial, you can select an option between numbers 1 and 30 by pressing the corresponding key.
By selecting any of these options, you will earn points associated with each unique option.
Imagine these options 1 through 30 as lying next to each other in an ordered line; options closer to each other tend to have similar rewards as rewards tend to cluster together.
For each environment, you will be able to make either 5 or 10 choices.
When you made all your choices in a given environment, you will start making choices in the next unexplored environment.
The rewards underlying the different options are different in each environment so you will learn them anew for each environment.
Each environment starts with the value of a single option revealed.
When you choose the number corresponding to a different option, you will be told the value of that option and receive those points.
Previously revealed options, including the starting option, can also be reselected, although there may be small changes in the point value.
It is your task to gain as many points as possible across all 16 environments.

Environment number 1:
The value of option 19 is 75. You have 5 choices to make in this environment.
You press <<18>> and receive 70 points.
You press <<20>> and receive 67 points.
You press <<17>> and receive 50 points.
You press <<11>> and receive 10 points.
You press <<26>> and receive 23 points.

Environment number 2:
The value of option 8 is 43. You have 5 choices to make in this environment.
You press <<20>> and receive 2 points.
You press <<29>> and receive 34 points.
You press <<3>> and receive 59 points.
You press <<15>> and receive 76 points.
You press <<16>> and receive 61 points.

Environment number 3:
The value of option 2 is 3. You have 5 choices to make in this environment.
You press <<15>> and receive 70 points.
You press <<14>> and receive 65 points.
You press <<16>> and receive 61 points.
You press <<9>> and receive 3 points.
You press <<24>> and receive 28 points.

Environment number 4:
The value of option 7 is 1. You have 10 choices to make in this environment.
You press <<13>> and receive 22 points.
You press <<18>> and receive 41 points.
You press <<24>> and receive 37 points.
You press <<19>> and receive 57 points.
You press <<17>> and receive 29 points.
You press <<20>> and receive 64 points.
You press <<21>> and receive 63 points.
You press <<22>> and receive 57 points.
You press <<16>> and receive 17 points.
You press <<12>> and receive 28 points.

Environment number 5:
The value of option 4 is 51. You have 10 choices to make in this environment.
You press <<5>> and receive 47 points.
You press <<3>> and receive 48 points.
You press <<13>> and receive 48 points.
You press <<12>> and receive 59 points.
You press <<11>> and receive 54 points.
You press <<21>> and receive 21 points.
You press <<28>> and receive 31 points.
You press <<17>> and receive 75 points.
You press <<18>> and receive 85 points.
You press <<19>> and receive 76 points.

Environment number 6:
The value of option 3 is 65. You have 5 choices to make in this environment.
You press <<12>> and receive 46 points.
You press <<21>> and receive 83 points.
You press <<22>> and receive 82 points.
You press <<20>> and receive 79 points.
You press <<23>> and receive 76 points.

Environment number 7:
The value of option 7 is 59. You have 10 choices to make in this environment.
You press <<6>> and receive 40 points.
You press <<8>> and receive 76 points.
You press <<9>> and receive 73 points.
You press <<18>> and receive 72 points.
You press <<17>> and receive 45 points.
You press <<19>> and receive 78 points.
You press <<20>> and receive 68 points.
You press <<12>> and receive 19 points.
You press <<24>> and receive 25 points.
You press <<29>> and receive 48 points.

Environment number 8:
The value of option 9 is 46. You have 5 choices to make in this environment.
You press <<15>> and receive 11 points.
You press <<23>> and receive 13 points.
You press <<4>> and receive 75 points.
You press <<5>> and receive 58 points.
You press <<3>> and receive 82 points.

Environment number 9:
The value of option 23 is 72. You have 10 choices to make in this environment.
You press <<22>> and receive 69 points.
You press <<24>> and receive 66 points.
You press <<12>> and receive 44 points.
You press <<4>> and receive 62 points.
You press <<5>> and receive 54 points.
You press <<17>> and receive 3 points.
You press <<27>> and receive 29 points.
You press <<9>> and receive 66 points.
You press <<10>> and receive 68 points.
You press <<8>> and receive 59 points.

Environment number 10:
The value of option 25 is 10. You have 10 choices to make in this environment.
You press <<15>> and receive 52 points.
You press <<7>> and receive 35 points.
You press <<2>> and receive 7 points.
You press <<14>> and receive 75 points.
You press <<",20
10,4,6,16,0,smooth,25,10,10,22,"You will be presented with a series of 16 different environments to explore.
In each trial, you can select an option between numbers 1 and 30 by pressing the corresponding key.
By selecting any of these options, you will earn points associated with each unique option.
Imagine these options 1 through 30 as lying next to each other in an ordered line; options closer to each other tend to have similar rewards as rewards tend to cluster together.
For each environment, you will be able to make either 5 or 10 choices.
When you made all your choices in a given environment, you will start making choices in the next unexplored environment.
The rewards underlying the different options are different in each environment so you will learn them anew for each environment.
Each environment starts with the value of a single option revealed.
When you choose the number corresponding to a different option, you will be told the value of that option and receive those points.
Previously revealed options, including the starting option, can also be reselected, although there may be small changes in the point value.
It is your task to gain as many points as possible across all 16 environments.

Environment number 1:
The value of option 19 is 75. You have 5 choices to make in this environment.
You press <<18>> and receive 70 points.
You press <<20>> and receive 67 points.
You press <<17>> and receive 50 points.
You press <<11>> and receive 10 points.
You press <<26>> and receive 23 points.

Environment number 2:
The value of option 8 is 43. You have 5 choices to make in this environment.
You press <<20>> and receive 2 points.
You press <<29>> and receive 34 points.
You press <<3>> and receive 59 points.
You press <<15>> and receive 76 points.
You press <<16>> and receive 61 points.

Environment number 3:
The value of option 2 is 3. You have 5 choices to make in this environment.
You press <<15>> and receive 70 points.
You press <<14>> and receive 65 points.
You press <<16>> and receive 61 points.
You press <<9>> and receive 3 points.
You press <<24>> and receive 28 points.

Environment number 4:
The value of option 7 is 1. You have 10 choices to make in this environment.
You press <<13>> and receive 22 points.
You press <<18>> and receive 41 points.
You press <<24>> and receive 37 points.
You press <<19>> and receive 57 points.
You press <<17>> and receive 29 points.
You press <<20>> and receive 64 points.
You press <<21>> and receive 63 points.
You press <<22>> and receive 57 points.
You press <<16>> and receive 17 points.
You press <<12>> and receive 28 points.

Environment number 5:
The value of option 4 is 51. You have 10 choices to make in this environment.
You press <<5>> and receive 47 points.
You press <<3>> and receive 48 points.
You press <<13>> and receive 48 points.
You press <<12>> and receive 59 points.
You press <<11>> and receive 54 points.
You press <<21>> and receive 21 points.
You press <<28>> and receive 31 points.
You press <<17>> and receive 75 points.
You press <<18>> and receive 85 points.
You press <<19>> and receive 76 points.

Environment number 6:
The value of option 3 is 65. You have 5 choices to make in this environment.
You press <<12>> and receive 46 points.
You press <<21>> and receive 83 points.
You press <<22>> and receive 82 points.
You press <<20>> and receive 79 points.
You press <<23>> and receive 76 points.

Environment number 7:
The value of option 7 is 59. You have 10 choices to make in this environment.
You press <<6>> and receive 40 points.
You press <<8>> and receive 76 points.
You press <<9>> and receive 73 points.
You press <<18>> and receive 72 points.
You press <<17>> and receive 45 points.
You press <<19>> and receive 78 points.
You press <<20>> and receive 68 points.
You press <<12>> and receive 19 points.
You press <<24>> and receive 25 points.
You press <<29>> and receive 48 points.

Environment number 8:
The value of option 9 is 46. You have 5 choices to make in this environment.
You press <<15>> and receive 11 points.
You press <<23>> and receive 13 points.
You press <<4>> and receive 75 points.
You press <<5>> and receive 58 points.
You press <<3>> and receive 82 points.

Environment number 9:
The value of option 23 is 72. You have 10 choices to make in this environment.
You press <<22>> and receive 69 points.
You press <<24>> and receive 66 points.
You press <<12>> and receive 44 points.
You press <<4>> and receive 62 points.
You press <<5>> and receive 54 points.
You press <<17>> and receive 3 points.
You press <<27>> and receive 29 points.
You press <<9>> and receive 66 points.
You press <<10>> and receive 68 points.
You press <<8>> and receive 59 points.

Environment number 10:
The value of option 25 is 10. You have 10 choices to make in this environment.
You press <<15>> and receive 52 points.
You press <<7>> and receive 35 points.
You press <<2>> and receive 7 points.
You press <<14>> and receive 75 points.
You press <<13>> and receive 74 points.
You press <<",20
10,4,7,22,0,smooth,25,10,10,12,"You will be presented with a series of 16 different environments to explore.
In each trial, you can select an option between numbers 1 and 30 by pressing the corresponding key.
By selecting any of these options, you will earn points associated with each unique option.
Imagine these options 1 through 30 as lying next to each other in an ordered line; options closer to each other tend to have similar rewards as rewards tend to cluster together.
For each environment, you will be able to make either 5 or 10 choices.
When you made all your choices in a given environment, you will start making choices in the next unexplored environment.
The rewards underlying the different options are different in each environment so you will learn them anew for each environment.
Each environment starts with the value of a single option revealed.
When you choose the number corresponding to a different option, you will be told the value of that option and receive those points.
Previously revealed options, including the starting option, can also be reselected, although there may be small changes in the point value.
It is your task to gain as many points as possible across all 16 environments.

Environment number 1:
The value of option 19 is 75. You have 5 choices to make in this environment.
You press <<18>> and receive 70 points.
You press <<20>> and receive 67 points.
You press <<17>> and receive 50 points.
You press <<11>> and receive 10 points.
You press <<26>> and receive 23 points.

Environment number 2:
The value of option 8 is 43. You have 5 choices to make in this environment.
You press <<20>> and receive 2 points.
You press <<29>> and receive 34 points.
You press <<3>> and receive 59 points.
You press <<15>> and receive 76 points.
You press <<16>> and receive 61 points.

Environment number 3:
The value of option 2 is 3. You have 5 choices to make in this environment.
You press <<15>> and receive 70 points.
You press <<14>> and receive 65 points.
You press <<16>> and receive 61 points.
You press <<9>> and receive 3 points.
You press <<24>> and receive 28 points.

Environment number 4:
The value of option 7 is 1. You have 10 choices to make in this environment.
You press <<13>> and receive 22 points.
You press <<18>> and receive 41 points.
You press <<24>> and receive 37 points.
You press <<19>> and receive 57 points.
You press <<17>> and receive 29 points.
You press <<20>> and receive 64 points.
You press <<21>> and receive 63 points.
You press <<22>> and receive 57 points.
You press <<16>> and receive 17 points.
You press <<12>> and receive 28 points.

Environment number 5:
The value of option 4 is 51. You have 10 choices to make in this environment.
You press <<5>> and receive 47 points.
You press <<3>> and receive 48 points.
You press <<13>> and receive 48 points.
You press <<12>> and receive 59 points.
You press <<11>> and receive 54 points.
You press <<21>> and receive 21 points.
You press <<28>> and receive 31 points.
You press <<17>> and receive 75 points.
You press <<18>> and receive 85 points.
You press <<19>> and receive 76 points.

Environment number 6:
The value of option 3 is 65. You have 5 choices to make in this environment.
You press <<12>> and receive 46 points.
You press <<21>> and receive 83 points.
You press <<22>> and receive 82 points.
You press <<20>> and receive 79 points.
You press <<23>> and receive 76 points.

Environment number 7:
The value of option 7 is 59. You have 10 choices to make in this environment.
You press <<6>> and receive 40 points.
You press <<8>> and receive 76 points.
You press <<9>> and receive 73 points.
You press <<18>> and receive 72 points.
You press <<17>> and receive 45 points.
You press <<19>> and receive 78 points.
You press <<20>> and receive 68 points.
You press <<12>> and receive 19 points.
You press <<24>> and receive 25 points.
You press <<29>> and receive 48 points.

Environment number 8:
The value of option 9 is 46. You have 5 choices to make in this environment.
You press <<15>> and receive 11 points.
You press <<23>> and receive 13 points.
You press <<4>> and receive 75 points.
You press <<5>> and receive 58 points.
You press <<3>> and receive 82 points.

Environment number 9:
The value of option 23 is 72. You have 10 choices to make in this environment.
You press <<22>> and receive 69 points.
You press <<24>> and receive 66 points.
You press <<12>> and receive 44 points.
You press <<4>> and receive 62 points.
You press <<5>> and receive 54 points.
You press <<17>> and receive 3 points.
You press <<27>> and receive 29 points.
You press <<9>> and receive 66 points.
You press <<10>> and receive 68 points.
You press <<8>> and receive 59 points.

Environment number 10:
The value of option 25 is 10. You have 10 choices to make in this environment.
You press <<15>> and receive 52 points.
You press <<7>> and receive 35 points.
You press <<2>> and receive 7 points.
You press <<14>> and receive 75 points.
You press <<13>> and receive 74 points.
You press <<16>> and receive 22 points.
You press <<",20
10,4,8,11,0,smooth,25,10,10,44,"You will be presented with a series of 16 different environments to explore.
In each trial, you can select an option between numbers 1 and 30 by pressing the corresponding key.
By selecting any of these options, you will earn points associated with each unique option.
Imagine these options 1 through 30 as lying next to each other in an ordered line; options closer to each other tend to have similar rewards as rewards tend to cluster together.
For each environment, you will be able to make either 5 or 10 choices.
When you made all your choices in a given environment, you will start making choices in the next unexplored environment.
The rewards underlying the different options are different in each environment so you will learn them anew for each environment.
Each environment starts with the value of a single option revealed.
When you choose the number corresponding to a different option, you will be told the value of that option and receive those points.
Previously revealed options, including the starting option, can also be reselected, although there may be small changes in the point value.
It is your task to gain as many points as possible across all 16 environments.

Environment number 1:
The value of option 19 is 75. You have 5 choices to make in this environment.
You press <<18>> and receive 70 points.
You press <<20>> and receive 67 points.
You press <<17>> and receive 50 points.
You press <<11>> and receive 10 points.
You press <<26>> and receive 23 points.

Environment number 2:
The value of option 8 is 43. You have 5 choices to make in this environment.
You press <<20>> and receive 2 points.
You press <<29>> and receive 34 points.
You press <<3>> and receive 59 points.
You press <<15>> and receive 76 points.
You press <<16>> and receive 61 points.

Environment number 3:
The value of option 2 is 3. You have 5 choices to make in this environment.
You press <<15>> and receive 70 points.
You press <<14>> and receive 65 points.
You press <<16>> and receive 61 points.
You press <<9>> and receive 3 points.
You press <<24>> and receive 28 points.

Environment number 4:
The value of option 7 is 1. You have 10 choices to make in this environment.
You press <<13>> and receive 22 points.
You press <<18>> and receive 41 points.
You press <<24>> and receive 37 points.
You press <<19>> and receive 57 points.
You press <<17>> and receive 29 points.
You press <<20>> and receive 64 points.
You press <<21>> and receive 63 points.
You press <<22>> and receive 57 points.
You press <<16>> and receive 17 points.
You press <<12>> and receive 28 points.

Environment number 5:
The value of option 4 is 51. You have 10 choices to make in this environment.
You press <<5>> and receive 47 points.
You press <<3>> and receive 48 points.
You press <<13>> and receive 48 points.
You press <<12>> and receive 59 points.
You press <<11>> and receive 54 points.
You press <<21>> and receive 21 points.
You press <<28>> and receive 31 points.
You press <<17>> and receive 75 points.
You press <<18>> and receive 85 points.
You press <<19>> and receive 76 points.

Environment number 6:
The value of option 3 is 65. You have 5 choices to make in this environment.
You press <<12>> and receive 46 points.
You press <<21>> and receive 83 points.
You press <<22>> and receive 82 points.
You press <<20>> and receive 79 points.
You press <<23>> and receive 76 points.

Environment number 7:
The value of option 7 is 59. You have 10 choices to make in this environment.
You press <<6>> and receive 40 points.
You press <<8>> and receive 76 points.
You press <<9>> and receive 73 points.
You press <<18>> and receive 72 points.
You press <<17>> and receive 45 points.
You press <<19>> and receive 78 points.
You press <<20>> and receive 68 points.
You press <<12>> and receive 19 points.
You press <<24>> and receive 25 points.
You press <<29>> and receive 48 points.

Environment number 8:
The value of option 9 is 46. You have 5 choices to make in this environment.
You press <<15>> and receive 11 points.
You press <<23>> and receive 13 points.
You press <<4>> and receive 75 points.
You press <<5>> and receive 58 points.
You press <<3>> and receive 82 points.

Environment number 9:
The value of option 23 is 72. You have 10 choices to make in this environment.
You press <<22>> and receive 69 points.
You press <<24>> and receive 66 points.
You press <<12>> and receive 44 points.
You press <<4>> and receive 62 points.
You press <<5>> and receive 54 points.
You press <<17>> and receive 3 points.
You press <<27>> and receive 29 points.
You press <<9>> and receive 66 points.
You press <<10>> and receive 68 points.
You press <<8>> and receive 59 points.

Environment number 10:
The value of option 25 is 10. You have 10 choices to make in this environment.
You press <<15>> and receive 52 points.
You press <<7>> and receive 35 points.
You press <<2>> and receive 7 points.
You press <<14>> and receive 75 points.
You press <<13>> and receive 74 points.
You press <<16>> and receive 22 points.
You press <<22>> and receive 12 points.
You press <<",20
10,4,9,12,0,smooth,25,10,10,58,"You will be presented with a series of 16 different environments to explore.
In each trial, you can select an option between numbers 1 and 30 by pressing the corresponding key.
By selecting any of these options, you will earn points associated with each unique option.
Imagine these options 1 through 30 as lying next to each other in an ordered line; options closer to each other tend to have similar rewards as rewards tend to cluster together.
For each environment, you will be able to make either 5 or 10 choices.
When you made all your choices in a given environment, you will start making choices in the next unexplored environment.
The rewards underlying the different options are different in each environment so you will learn them anew for each environment.
Each environment starts with the value of a single option revealed.
When you choose the number corresponding to a different option, you will be told the value of that option and receive those points.
Previously revealed options, including the starting option, can also be reselected, although there may be small changes in the point value.
It is your task to gain as many points as possible across all 16 environments.

Environment number 1:
The value of option 19 is 75. You have 5 choices to make in this environment.
You press <<18>> and receive 70 points.
You press <<20>> and receive 67 points.
You press <<17>> and receive 50 points.
You press <<11>> and receive 10 points.
You press <<26>> and receive 23 points.

Environment number 2:
The value of option 8 is 43. You have 5 choices to make in this environment.
You press <<20>> and receive 2 points.
You press <<29>> and receive 34 points.
You press <<3>> and receive 59 points.
You press <<15>> and receive 76 points.
You press <<16>> and receive 61 points.

Environment number 3:
The value of option 2 is 3. You have 5 choices to make in this environment.
You press <<15>> and receive 70 points.
You press <<14>> and receive 65 points.
You press <<16>> and receive 61 points.
You press <<9>> and receive 3 points.
You press <<24>> and receive 28 points.

Environment number 4:
The value of option 7 is 1. You have 10 choices to make in this environment.
You press <<13>> and receive 22 points.
You press <<18>> and receive 41 points.
You press <<24>> and receive 37 points.
You press <<19>> and receive 57 points.
You press <<17>> and receive 29 points.
You press <<20>> and receive 64 points.
You press <<21>> and receive 63 points.
You press <<22>> and receive 57 points.
You press <<16>> and receive 17 points.
You press <<12>> and receive 28 points.

Environment number 5:
The value of option 4 is 51. You have 10 choices to make in this environment.
You press <<5>> and receive 47 points.
You press <<3>> and receive 48 points.
You press <<13>> and receive 48 points.
You press <<12>> and receive 59 points.
You press <<11>> and receive 54 points.
You press <<21>> and receive 21 points.
You press <<28>> and receive 31 points.
You press <<17>> and receive 75 points.
You press <<18>> and receive 85 points.
You press <<19>> and receive 76 points.

Environment number 6:
The value of option 3 is 65. You have 5 choices to make in this environment.
You press <<12>> and receive 46 points.
You press <<21>> and receive 83 points.
You press <<22>> and receive 82 points.
You press <<20>> and receive 79 points.
You press <<23>> and receive 76 points.

Environment number 7:
The value of option 7 is 59. You have 10 choices to make in this environment.
You press <<6>> and receive 40 points.
You press <<8>> and receive 76 points.
You press <<9>> and receive 73 points.
You press <<18>> and receive 72 points.
You press <<17>> and receive 45 points.
You press <<19>> and receive 78 points.
You press <<20>> and receive 68 points.
You press <<12>> and receive 19 points.
You press <<24>> and receive 25 points.
You press <<29>> and receive 48 points.

Environment number 8:
The value of option 9 is 46. You have 5 choices to make in this environment.
You press <<15>> and receive 11 points.
You press <<23>> and receive 13 points.
You press <<4>> and receive 75 points.
You press <<5>> and receive 58 points.
You press <<3>> and receive 82 points.

Environment number 9:
The value of option 23 is 72. You have 10 choices to make in this environment.
You press <<22>> and receive 69 points.
You press <<24>> and receive 66 points.
You press <<12>> and receive 44 points.
You press <<4>> and receive 62 points.
You press <<5>> and receive 54 points.
You press <<17>> and receive 3 points.
You press <<27>> and receive 29 points.
You press <<9>> and receive 66 points.
You press <<10>> and receive 68 points.
You press <<8>> and receive 59 points.

Environment number 10:
The value of option 25 is 10. You have 10 choices to make in this environment.
You press <<15>> and receive 52 points.
You press <<7>> and receive 35 points.
You press <<2>> and receive 7 points.
You press <<14>> and receive 75 points.
You press <<13>> and receive 74 points.
You press <<16>> and receive 22 points.
You press <<22>> and receive 12 points.
You press <<11>> and receive 44 points.
You press <<",20
10,4,10,10,0,smooth,25,10,10,37,"You will be presented with a series of 16 different environments to explore.
In each trial, you can select an option between numbers 1 and 30 by pressing the corresponding key.
By selecting any of these options, you will earn points associated with each unique option.
Imagine these options 1 through 30 as lying next to each other in an ordered line; options closer to each other tend to have similar rewards as rewards tend to cluster together.
For each environment, you will be able to make either 5 or 10 choices.
When you made all your choices in a given environment, you will start making choices in the next unexplored environment.
The rewards underlying the different options are different in each environment so you will learn them anew for each environment.
Each environment starts with the value of a single option revealed.
When you choose the number corresponding to a different option, you will be told the value of that option and receive those points.
Previously revealed options, including the starting option, can also be reselected, although there may be small changes in the point value.
It is your task to gain as many points as possible across all 16 environments.

Environment number 1:
The value of option 19 is 75. You have 5 choices to make in this environment.
You press <<18>> and receive 70 points.
You press <<20>> and receive 67 points.
You press <<17>> and receive 50 points.
You press <<11>> and receive 10 points.
You press <<26>> and receive 23 points.

Environment number 2:
The value of option 8 is 43. You have 5 choices to make in this environment.
You press <<20>> and receive 2 points.
You press <<29>> and receive 34 points.
You press <<3>> and receive 59 points.
You press <<15>> and receive 76 points.
You press <<16>> and receive 61 points.

Environment number 3:
The value of option 2 is 3. You have 5 choices to make in this environment.
You press <<15>> and receive 70 points.
You press <<14>> and receive 65 points.
You press <<16>> and receive 61 points.
You press <<9>> and receive 3 points.
You press <<24>> and receive 28 points.

Environment number 4:
The value of option 7 is 1. You have 10 choices to make in this environment.
You press <<13>> and receive 22 points.
You press <<18>> and receive 41 points.
You press <<24>> and receive 37 points.
You press <<19>> and receive 57 points.
You press <<17>> and receive 29 points.
You press <<20>> and receive 64 points.
You press <<21>> and receive 63 points.
You press <<22>> and receive 57 points.
You press <<16>> and receive 17 points.
You press <<12>> and receive 28 points.

Environment number 5:
The value of option 4 is 51. You have 10 choices to make in this environment.
You press <<5>> and receive 47 points.
You press <<3>> and receive 48 points.
You press <<13>> and receive 48 points.
You press <<12>> and receive 59 points.
You press <<11>> and receive 54 points.
You press <<21>> and receive 21 points.
You press <<28>> and receive 31 points.
You press <<17>> and receive 75 points.
You press <<18>> and receive 85 points.
You press <<19>> and receive 76 points.

Environment number 6:
The value of option 3 is 65. You have 5 choices to make in this environment.
You press <<12>> and receive 46 points.
You press <<21>> and receive 83 points.
You press <<22>> and receive 82 points.
You press <<20>> and receive 79 points.
You press <<23>> and receive 76 points.

Environment number 7:
The value of option 7 is 59. You have 10 choices to make in this environment.
You press <<6>> and receive 40 points.
You press <<8>> and receive 76 points.
You press <<9>> and receive 73 points.
You press <<18>> and receive 72 points.
You press <<17>> and receive 45 points.
You press <<19>> and receive 78 points.
You press <<20>> and receive 68 points.
You press <<12>> and receive 19 points.
You press <<24>> and receive 25 points.
You press <<29>> and receive 48 points.

Environment number 8:
The value of option 9 is 46. You have 5 choices to make in this environment.
You press <<15>> and receive 11 points.
You press <<23>> and receive 13 points.
You press <<4>> and receive 75 points.
You press <<5>> and receive 58 points.
You press <<3>> and receive 82 points.

Environment number 9:
The value of option 23 is 72. You have 10 choices to make in this environment.
You press <<22>> and receive 69 points.
You press <<24>> and receive 66 points.
You press <<12>> and receive 44 points.
You press <<4>> and receive 62 points.
You press <<5>> and receive 54 points.
You press <<17>> and receive 3 points.
You press <<27>> and receive 29 points.
You press <<9>> and receive 66 points.
You press <<10>> and receive 68 points.
You press <<8>> and receive 59 points.

Environment number 10:
The value of option 25 is 10. You have 10 choices to make in this environment.
You press <<15>> and receive 52 points.
You press <<7>> and receive 35 points.
You press <<2>> and receive 7 points.
You press <<14>> and receive 75 points.
You press <<13>> and receive 74 points.
You press <<16>> and receive 22 points.
You press <<22>> and receive 12 points.
You press <<11>> and receive 44 points.
You press <<12>> and receive 58 points.
You press <<",20
11,32,1,19,0,smooth,10,10,31,0,"You will be presented with a series of 16 different environments to explore.
In each trial, you can select an option between numbers 1 and 30 by pressing the corresponding key.
By selecting any of these options, you will earn points associated with each unique option.
Imagine these options 1 through 30 as lying next to each other in an ordered line; options closer to each other tend to have similar rewards as rewards tend to cluster together.
For each environment, you will be able to make either 5 or 10 choices.
When you made all your choices in a given environment, you will start making choices in the next unexplored environment.
The rewards underlying the different options are different in each environment so you will learn them anew for each environment.
Each environment starts with the value of a single option revealed.
When you choose the number corresponding to a different option, you will be told the value of that option and receive those points.
Previously revealed options, including the starting option, can also be reselected, although there may be small changes in the point value.
It is your task to gain as many points as possible across all 16 environments.

Environment number 1:
The value of option 19 is 75. You have 5 choices to make in this environment.
You press <<18>> and receive 70 points.
You press <<20>> and receive 67 points.
You press <<17>> and receive 50 points.
You press <<11>> and receive 10 points.
You press <<26>> and receive 23 points.

Environment number 2:
The value of option 8 is 43. You have 5 choices to make in this environment.
You press <<20>> and receive 2 points.
You press <<29>> and receive 34 points.
You press <<3>> and receive 59 points.
You press <<15>> and receive 76 points.
You press <<16>> and receive 61 points.

Environment number 3:
The value of option 2 is 3. You have 5 choices to make in this environment.
You press <<15>> and receive 70 points.
You press <<14>> and receive 65 points.
You press <<16>> and receive 61 points.
You press <<9>> and receive 3 points.
You press <<24>> and receive 28 points.

Environment number 4:
The value of option 7 is 1. You have 10 choices to make in this environment.
You press <<13>> and receive 22 points.
You press <<18>> and receive 41 points.
You press <<24>> and receive 37 points.
You press <<19>> and receive 57 points.
You press <<17>> and receive 29 points.
You press <<20>> and receive 64 points.
You press <<21>> and receive 63 points.
You press <<22>> and receive 57 points.
You press <<16>> and receive 17 points.
You press <<12>> and receive 28 points.

Environment number 5:
The value of option 4 is 51. You have 10 choices to make in this environment.
You press <<5>> and receive 47 points.
You press <<3>> and receive 48 points.
You press <<13>> and receive 48 points.
You press <<12>> and receive 59 points.
You press <<11>> and receive 54 points.
You press <<21>> and receive 21 points.
You press <<28>> and receive 31 points.
You press <<17>> and receive 75 points.
You press <<18>> and receive 85 points.
You press <<19>> and receive 76 points.

Environment number 6:
The value of option 3 is 65. You have 5 choices to make in this environment.
You press <<12>> and receive 46 points.
You press <<21>> and receive 83 points.
You press <<22>> and receive 82 points.
You press <<20>> and receive 79 points.
You press <<23>> and receive 76 points.

Environment number 7:
The value of option 7 is 59. You have 10 choices to make in this environment.
You press <<6>> and receive 40 points.
You press <<8>> and receive 76 points.
You press <<9>> and receive 73 points.
You press <<18>> and receive 72 points.
You press <<17>> and receive 45 points.
You press <<19>> and receive 78 points.
You press <<20>> and receive 68 points.
You press <<12>> and receive 19 points.
You press <<24>> and receive 25 points.
You press <<29>> and receive 48 points.

Environment number 8:
The value of option 9 is 46. You have 5 choices to make in this environment.
You press <<15>> and receive 11 points.
You press <<23>> and receive 13 points.
You press <<4>> and receive 75 points.
You press <<5>> and receive 58 points.
You press <<3>> and receive 82 points.

Environment number 9:
The value of option 23 is 72. You have 10 choices to make in this environment.
You press <<22>> and receive 69 points.
You press <<24>> and receive 66 points.
You press <<12>> and receive 44 points.
You press <<4>> and receive 62 points.
You press <<5>> and receive 54 points.
You press <<17>> and receive 3 points.
You press <<27>> and receive 29 points.
You press <<9>> and receive 66 points.
You press <<10>> and receive 68 points.
You press <<8>> and receive 59 points.

Environment number 10:
The value of option 25 is 10. You have 10 choices to make in this environment.
You press <<15>> and receive 52 points.
You press <<7>> and receive 35 points.
You press <<2>> and receive 7 points.
You press <<14>> and receive 75 points.
You press <<13>> and receive 74 points.
You press <<16>> and receive 22 points.
You press <<22>> and receive 12 points.
You press <<11>> and receive 44 points.
You press <<12>> and receive 58 points.
You press <<10>> and receive 37 points.

Environment number 11:
The value of option 10 is 31. You have 10 choices to make in this environment.
You press <<",20
11,32,2,4,0,smooth,10,10,31,32,"You will be presented with a series of 16 different environments to explore.
In each trial, you can select an option between numbers 1 and 30 by pressing the corresponding key.
By selecting any of these options, you will earn points associated with each unique option.
Imagine these options 1 through 30 as lying next to each other in an ordered line; options closer to each other tend to have similar rewards as rewards tend to cluster together.
For each environment, you will be able to make either 5 or 10 choices.
When you made all your choices in a given environment, you will start making choices in the next unexplored environment.
The rewards underlying the different options are different in each environment so you will learn them anew for each environment.
Each environment starts with the value of a single option revealed.
When you choose the number corresponding to a different option, you will be told the value of that option and receive those points.
Previously revealed options, including the starting option, can also be reselected, although there may be small changes in the point value.
It is your task to gain as many points as possible across all 16 environments.

Environment number 1:
The value of option 19 is 75. You have 5 choices to make in this environment.
You press <<18>> and receive 70 points.
You press <<20>> and receive 67 points.
You press <<17>> and receive 50 points.
You press <<11>> and receive 10 points.
You press <<26>> and receive 23 points.

Environment number 2:
The value of option 8 is 43. You have 5 choices to make in this environment.
You press <<20>> and receive 2 points.
You press <<29>> and receive 34 points.
You press <<3>> and receive 59 points.
You press <<15>> and receive 76 points.
You press <<16>> and receive 61 points.

Environment number 3:
The value of option 2 is 3. You have 5 choices to make in this environment.
You press <<15>> and receive 70 points.
You press <<14>> and receive 65 points.
You press <<16>> and receive 61 points.
You press <<9>> and receive 3 points.
You press <<24>> and receive 28 points.

Environment number 4:
The value of option 7 is 1. You have 10 choices to make in this environment.
You press <<13>> and receive 22 points.
You press <<18>> and receive 41 points.
You press <<24>> and receive 37 points.
You press <<19>> and receive 57 points.
You press <<17>> and receive 29 points.
You press <<20>> and receive 64 points.
You press <<21>> and receive 63 points.
You press <<22>> and receive 57 points.
You press <<16>> and receive 17 points.
You press <<12>> and receive 28 points.

Environment number 5:
The value of option 4 is 51. You have 10 choices to make in this environment.
You press <<5>> and receive 47 points.
You press <<3>> and receive 48 points.
You press <<13>> and receive 48 points.
You press <<12>> and receive 59 points.
You press <<11>> and receive 54 points.
You press <<21>> and receive 21 points.
You press <<28>> and receive 31 points.
You press <<17>> and receive 75 points.
You press <<18>> and receive 85 points.
You press <<19>> and receive 76 points.

Environment number 6:
The value of option 3 is 65. You have 5 choices to make in this environment.
You press <<12>> and receive 46 points.
You press <<21>> and receive 83 points.
You press <<22>> and receive 82 points.
You press <<20>> and receive 79 points.
You press <<23>> and receive 76 points.

Environment number 7:
The value of option 7 is 59. You have 10 choices to make in this environment.
You press <<6>> and receive 40 points.
You press <<8>> and receive 76 points.
You press <<9>> and receive 73 points.
You press <<18>> and receive 72 points.
You press <<17>> and receive 45 points.
You press <<19>> and receive 78 points.
You press <<20>> and receive 68 points.
You press <<12>> and receive 19 points.
You press <<24>> and receive 25 points.
You press <<29>> and receive 48 points.

Environment number 8:
The value of option 9 is 46. You have 5 choices to make in this environment.
You press <<15>> and receive 11 points.
You press <<23>> and receive 13 points.
You press <<4>> and receive 75 points.
You press <<5>> and receive 58 points.
You press <<3>> and receive 82 points.

Environment number 9:
The value of option 23 is 72. You have 10 choices to make in this environment.
You press <<22>> and receive 69 points.
You press <<24>> and receive 66 points.
You press <<12>> and receive 44 points.
You press <<4>> and receive 62 points.
You press <<5>> and receive 54 points.
You press <<17>> and receive 3 points.
You press <<27>> and receive 29 points.
You press <<9>> and receive 66 points.
You press <<10>> and receive 68 points.
You press <<8>> and receive 59 points.

Environment number 10:
The value of option 25 is 10. You have 10 choices to make in this environment.
You press <<15>> and receive 52 points.
You press <<7>> and receive 35 points.
You press <<2>> and receive 7 points.
You press <<14>> and receive 75 points.
You press <<13>> and receive 74 points.
You press <<16>> and receive 22 points.
You press <<22>> and receive 12 points.
You press <<11>> and receive 44 points.
You press <<12>> and receive 58 points.
You press <<10>> and receive 37 points.

Environment number 11:
The value of option 10 is 31. You have 10 choices to make in this environment.
You press <<19>> and receive 0 points.
You press <<",20
11,32,3,2,0,smooth,10,10,31,37,"You will be presented with a series of 16 different environments to explore.
In each trial, you can select an option between numbers 1 and 30 by pressing the corresponding key.
By selecting any of these options, you will earn points associated with each unique option.
Imagine these options 1 through 30 as lying next to each other in an ordered line; options closer to each other tend to have similar rewards as rewards tend to cluster together.
For each environment, you will be able to make either 5 or 10 choices.
When you made all your choices in a given environment, you will start making choices in the next unexplored environment.
The rewards underlying the different options are different in each environment so you will learn them anew for each environment.
Each environment starts with the value of a single option revealed.
When you choose the number corresponding to a different option, you will be told the value of that option and receive those points.
Previously revealed options, including the starting option, can also be reselected, although there may be small changes in the point value.
It is your task to gain as many points as possible across all 16 environments.

Environment number 1:
The value of option 19 is 75. You have 5 choices to make in this environment.
You press <<18>> and receive 70 points.
You press <<20>> and receive 67 points.
You press <<17>> and receive 50 points.
You press <<11>> and receive 10 points.
You press <<26>> and receive 23 points.

Environment number 2:
The value of option 8 is 43. You have 5 choices to make in this environment.
You press <<20>> and receive 2 points.
You press <<29>> and receive 34 points.
You press <<3>> and receive 59 points.
You press <<15>> and receive 76 points.
You press <<16>> and receive 61 points.

Environment number 3:
The value of option 2 is 3. You have 5 choices to make in this environment.
You press <<15>> and receive 70 points.
You press <<14>> and receive 65 points.
You press <<16>> and receive 61 points.
You press <<9>> and receive 3 points.
You press <<24>> and receive 28 points.

Environment number 4:
The value of option 7 is 1. You have 10 choices to make in this environment.
You press <<13>> and receive 22 points.
You press <<18>> and receive 41 points.
You press <<24>> and receive 37 points.
You press <<19>> and receive 57 points.
You press <<17>> and receive 29 points.
You press <<20>> and receive 64 points.
You press <<21>> and receive 63 points.
You press <<22>> and receive 57 points.
You press <<16>> and receive 17 points.
You press <<12>> and receive 28 points.

Environment number 5:
The value of option 4 is 51. You have 10 choices to make in this environment.
You press <<5>> and receive 47 points.
You press <<3>> and receive 48 points.
You press <<13>> and receive 48 points.
You press <<12>> and receive 59 points.
You press <<11>> and receive 54 points.
You press <<21>> and receive 21 points.
You press <<28>> and receive 31 points.
You press <<17>> and receive 75 points.
You press <<18>> and receive 85 points.
You press <<19>> and receive 76 points.

Environment number 6:
The value of option 3 is 65. You have 5 choices to make in this environment.
You press <<12>> and receive 46 points.
You press <<21>> and receive 83 points.
You press <<22>> and receive 82 points.
You press <<20>> and receive 79 points.
You press <<23>> and receive 76 points.

Environment number 7:
The value of option 7 is 59. You have 10 choices to make in this environment.
You press <<6>> and receive 40 points.
You press <<8>> and receive 76 points.
You press <<9>> and receive 73 points.
You press <<18>> and receive 72 points.
You press <<17>> and receive 45 points.
You press <<19>> and receive 78 points.
You press <<20>> and receive 68 points.
You press <<12>> and receive 19 points.
You press <<24>> and receive 25 points.
You press <<29>> and receive 48 points.

Environment number 8:
The value of option 9 is 46. You have 5 choices to make in this environment.
You press <<15>> and receive 11 points.
You press <<23>> and receive 13 points.
You press <<4>> and receive 75 points.
You press <<5>> and receive 58 points.
You press <<3>> and receive 82 points.

Environment number 9:
The value of option 23 is 72. You have 10 choices to make in this environment.
You press <<22>> and receive 69 points.
You press <<24>> and receive 66 points.
You press <<12>> and receive 44 points.
You press <<4>> and receive 62 points.
You press <<5>> and receive 54 points.
You press <<17>> and receive 3 points.
You press <<27>> and receive 29 points.
You press <<9>> and receive 66 points.
You press <<10>> and receive 68 points.
You press <<8>> and receive 59 points.

Environment number 10:
The value of option 25 is 10. You have 10 choices to make in this environment.
You press <<15>> and receive 52 points.
You press <<7>> and receive 35 points.
You press <<2>> and receive 7 points.
You press <<14>> and receive 75 points.
You press <<13>> and receive 74 points.
You press <<16>> and receive 22 points.
You press <<22>> and receive 12 points.
You press <<11>> and receive 44 points.
You press <<12>> and receive 58 points.
You press <<10>> and receive 37 points.

Environment number 11:
The value of option 10 is 31. You have 10 choices to make in this environment.
You press <<19>> and receive 0 points.
You press <<4>> and receive 32 points.
You press <<",20
11,32,4,3,0,smooth,10,10,31,29,"You will be presented with a series of 16 different environments to explore.
In each trial, you can select an option between numbers 1 and 30 by pressing the corresponding key.
By selecting any of these options, you will earn points associated with each unique option.
Imagine these options 1 through 30 as lying next to each other in an ordered line; options closer to each other tend to have similar rewards as rewards tend to cluster together.
For each environment, you will be able to make either 5 or 10 choices.
When you made all your choices in a given environment, you will start making choices in the next unexplored environment.
The rewards underlying the different options are different in each environment so you will learn them anew for each environment.
Each environment starts with the value of a single option revealed.
When you choose the number corresponding to a different option, you will be told the value of that option and receive those points.
Previously revealed options, including the starting option, can also be reselected, although there may be small changes in the point value.
It is your task to gain as many points as possible across all 16 environments.

Environment number 1:
The value of option 19 is 75. You have 5 choices to make in this environment.
You press <<18>> and receive 70 points.
You press <<20>> and receive 67 points.
You press <<17>> and receive 50 points.
You press <<11>> and receive 10 points.
You press <<26>> and receive 23 points.

Environment number 2:
The value of option 8 is 43. You have 5 choices to make in this environment.
You press <<20>> and receive 2 points.
You press <<29>> and receive 34 points.
You press <<3>> and receive 59 points.
You press <<15>> and receive 76 points.
You press <<16>> and receive 61 points.

Environment number 3:
The value of option 2 is 3. You have 5 choices to make in this environment.
You press <<15>> and receive 70 points.
You press <<14>> and receive 65 points.
You press <<16>> and receive 61 points.
You press <<9>> and receive 3 points.
You press <<24>> and receive 28 points.

Environment number 4:
The value of option 7 is 1. You have 10 choices to make in this environment.
You press <<13>> and receive 22 points.
You press <<18>> and receive 41 points.
You press <<24>> and receive 37 points.
You press <<19>> and receive 57 points.
You press <<17>> and receive 29 points.
You press <<20>> and receive 64 points.
You press <<21>> and receive 63 points.
You press <<22>> and receive 57 points.
You press <<16>> and receive 17 points.
You press <<12>> and receive 28 points.

Environment number 5:
The value of option 4 is 51. You have 10 choices to make in this environment.
You press <<5>> and receive 47 points.
You press <<3>> and receive 48 points.
You press <<13>> and receive 48 points.
You press <<12>> and receive 59 points.
You press <<11>> and receive 54 points.
You press <<21>> and receive 21 points.
You press <<28>> and receive 31 points.
You press <<17>> and receive 75 points.
You press <<18>> and receive 85 points.
You press <<19>> and receive 76 points.

Environment number 6:
The value of option 3 is 65. You have 5 choices to make in this environment.
You press <<12>> and receive 46 points.
You press <<21>> and receive 83 points.
You press <<22>> and receive 82 points.
You press <<20>> and receive 79 points.
You press <<23>> and receive 76 points.

Environment number 7:
The value of option 7 is 59. You have 10 choices to make in this environment.
You press <<6>> and receive 40 points.
You press <<8>> and receive 76 points.
You press <<9>> and receive 73 points.
You press <<18>> and receive 72 points.
You press <<17>> and receive 45 points.
You press <<19>> and receive 78 points.
You press <<20>> and receive 68 points.
You press <<12>> and receive 19 points.
You press <<24>> and receive 25 points.
You press <<29>> and receive 48 points.

Environment number 8:
The value of option 9 is 46. You have 5 choices to make in this environment.
You press <<15>> and receive 11 points.
You press <<23>> and receive 13 points.
You press <<4>> and receive 75 points.
You press <<5>> and receive 58 points.
You press <<3>> and receive 82 points.

Environment number 9:
The value of option 23 is 72. You have 10 choices to make in this environment.
You press <<22>> and receive 69 points.
You press <<24>> and receive 66 points.
You press <<12>> and receive 44 points.
You press <<4>> and receive 62 points.
You press <<5>> and receive 54 points.
You press <<17>> and receive 3 points.
You press <<27>> and receive 29 points.
You press <<9>> and receive 66 points.
You press <<10>> and receive 68 points.
You press <<8>> and receive 59 points.

Environment number 10:
The value of option 25 is 10. You have 10 choices to make in this environment.
You press <<15>> and receive 52 points.
You press <<7>> and receive 35 points.
You press <<2>> and receive 7 points.
You press <<14>> and receive 75 points.
You press <<13>> and receive 74 points.
You press <<16>> and receive 22 points.
You press <<22>> and receive 12 points.
You press <<11>> and receive 44 points.
You press <<12>> and receive 58 points.
You press <<10>> and receive 37 points.

Environment number 11:
The value of option 10 is 31. You have 10 choices to make in this environment.
You press <<19>> and receive 0 points.
You press <<4>> and receive 32 points.
You press <<2>> and receive 37 points.
You press <<",20
11,32,5,15,0,smooth,10,10,31,20,"You will be presented with a series of 16 different environments to explore.
In each trial, you can select an option between numbers 1 and 30 by pressing the corresponding key.
By selecting any of these options, you will earn points associated with each unique option.
Imagine these options 1 through 30 as lying next to each other in an ordered line; options closer to each other tend to have similar rewards as rewards tend to cluster together.
For each environment, you will be able to make either 5 or 10 choices.
When you made all your choices in a given environment, you will start making choices in the next unexplored environment.
The rewards underlying the different options are different in each environment so you will learn them anew for each environment.
Each environment starts with the value of a single option revealed.
When you choose the number corresponding to a different option, you will be told the value of that option and receive those points.
Previously revealed options, including the starting option, can also be reselected, although there may be small changes in the point value.
It is your task to gain as many points as possible across all 16 environments.

Environment number 1:
The value of option 19 is 75. You have 5 choices to make in this environment.
You press <<18>> and receive 70 points.
You press <<20>> and receive 67 points.
You press <<17>> and receive 50 points.
You press <<11>> and receive 10 points.
You press <<26>> and receive 23 points.

Environment number 2:
The value of option 8 is 43. You have 5 choices to make in this environment.
You press <<20>> and receive 2 points.
You press <<29>> and receive 34 points.
You press <<3>> and receive 59 points.
You press <<15>> and receive 76 points.
You press <<16>> and receive 61 points.

Environment number 3:
The value of option 2 is 3. You have 5 choices to make in this environment.
You press <<15>> and receive 70 points.
You press <<14>> and receive 65 points.
You press <<16>> and receive 61 points.
You press <<9>> and receive 3 points.
You press <<24>> and receive 28 points.

Environment number 4:
The value of option 7 is 1. You have 10 choices to make in this environment.
You press <<13>> and receive 22 points.
You press <<18>> and receive 41 points.
You press <<24>> and receive 37 points.
You press <<19>> and receive 57 points.
You press <<17>> and receive 29 points.
You press <<20>> and receive 64 points.
You press <<21>> and receive 63 points.
You press <<22>> and receive 57 points.
You press <<16>> and receive 17 points.
You press <<12>> and receive 28 points.

Environment number 5:
The value of option 4 is 51. You have 10 choices to make in this environment.
You press <<5>> and receive 47 points.
You press <<3>> and receive 48 points.
You press <<13>> and receive 48 points.
You press <<12>> and receive 59 points.
You press <<11>> and receive 54 points.
You press <<21>> and receive 21 points.
You press <<28>> and receive 31 points.
You press <<17>> and receive 75 points.
You press <<18>> and receive 85 points.
You press <<19>> and receive 76 points.

Environment number 6:
The value of option 3 is 65. You have 5 choices to make in this environment.
You press <<12>> and receive 46 points.
You press <<21>> and receive 83 points.
You press <<22>> and receive 82 points.
You press <<20>> and receive 79 points.
You press <<23>> and receive 76 points.

Environment number 7:
The value of option 7 is 59. You have 10 choices to make in this environment.
You press <<6>> and receive 40 points.
You press <<8>> and receive 76 points.
You press <<9>> and receive 73 points.
You press <<18>> and receive 72 points.
You press <<17>> and receive 45 points.
You press <<19>> and receive 78 points.
You press <<20>> and receive 68 points.
You press <<12>> and receive 19 points.
You press <<24>> and receive 25 points.
You press <<29>> and receive 48 points.

Environment number 8:
The value of option 9 is 46. You have 5 choices to make in this environment.
You press <<15>> and receive 11 points.
You press <<23>> and receive 13 points.
You press <<4>> and receive 75 points.
You press <<5>> and receive 58 points.
You press <<3>> and receive 82 points.

Environment number 9:
The value of option 23 is 72. You have 10 choices to make in this environment.
You press <<22>> and receive 69 points.
You press <<24>> and receive 66 points.
You press <<12>> and receive 44 points.
You press <<4>> and receive 62 points.
You press <<5>> and receive 54 points.
You press <<17>> and receive 3 points.
You press <<27>> and receive 29 points.
You press <<9>> and receive 66 points.
You press <<10>> and receive 68 points.
You press <<8>> and receive 59 points.

Environment number 10:
The value of option 25 is 10. You have 10 choices to make in this environment.
You press <<15>> and receive 52 points.
You press <<7>> and receive 35 points.
You press <<2>> and receive 7 points.
You press <<14>> and receive 75 points.
You press <<13>> and receive 74 points.
You press <<16>> and receive 22 points.
You press <<22>> and receive 12 points.
You press <<11>> and receive 44 points.
You press <<12>> and receive 58 points.
You press <<10>> and receive 37 points.

Environment number 11:
The value of option 10 is 31. You have 10 choices to make in this environment.
You press <<19>> and receive 0 points.
You press <<4>> and receive 32 points.
You press <<2>> and receive 37 points.
You press <<3>> and receive 29 points.
You press <<",20
11,32,6,22,0,smooth,10,10,31,66,"You will be presented with a series of 16 different environments to explore.
In each trial, you can select an option between numbers 1 and 30 by pressing the corresponding key.
By selecting any of these options, you will earn points associated with each unique option.
Imagine these options 1 through 30 as lying next to each other in an ordered line; options closer to each other tend to have similar rewards as rewards tend to cluster together.
For each environment, you will be able to make either 5 or 10 choices.
When you made all your choices in a given environment, you will start making choices in the next unexplored environment.
The rewards underlying the different options are different in each environment so you will learn them anew for each environment.
Each environment starts with the value of a single option revealed.
When you choose the number corresponding to a different option, you will be told the value of that option and receive those points.
Previously revealed options, including the starting option, can also be reselected, although there may be small changes in the point value.
It is your task to gain as many points as possible across all 16 environments.

Environment number 1:
The value of option 19 is 75. You have 5 choices to make in this environment.
You press <<18>> and receive 70 points.
You press <<20>> and receive 67 points.
You press <<17>> and receive 50 points.
You press <<11>> and receive 10 points.
You press <<26>> and receive 23 points.

Environment number 2:
The value of option 8 is 43. You have 5 choices to make in this environment.
You press <<20>> and receive 2 points.
You press <<29>> and receive 34 points.
You press <<3>> and receive 59 points.
You press <<15>> and receive 76 points.
You press <<16>> and receive 61 points.

Environment number 3:
The value of option 2 is 3. You have 5 choices to make in this environment.
You press <<15>> and receive 70 points.
You press <<14>> and receive 65 points.
You press <<16>> and receive 61 points.
You press <<9>> and receive 3 points.
You press <<24>> and receive 28 points.

Environment number 4:
The value of option 7 is 1. You have 10 choices to make in this environment.
You press <<13>> and receive 22 points.
You press <<18>> and receive 41 points.
You press <<24>> and receive 37 points.
You press <<19>> and receive 57 points.
You press <<17>> and receive 29 points.
You press <<20>> and receive 64 points.
You press <<21>> and receive 63 points.
You press <<22>> and receive 57 points.
You press <<16>> and receive 17 points.
You press <<12>> and receive 28 points.

Environment number 5:
The value of option 4 is 51. You have 10 choices to make in this environment.
You press <<5>> and receive 47 points.
You press <<3>> and receive 48 points.
You press <<13>> and receive 48 points.
You press <<12>> and receive 59 points.
You press <<11>> and receive 54 points.
You press <<21>> and receive 21 points.
You press <<28>> and receive 31 points.
You press <<17>> and receive 75 points.
You press <<18>> and receive 85 points.
You press <<19>> and receive 76 points.

Environment number 6:
The value of option 3 is 65. You have 5 choices to make in this environment.
You press <<12>> and receive 46 points.
You press <<21>> and receive 83 points.
You press <<22>> and receive 82 points.
You press <<20>> and receive 79 points.
You press <<23>> and receive 76 points.

Environment number 7:
The value of option 7 is 59. You have 10 choices to make in this environment.
You press <<6>> and receive 40 points.
You press <<8>> and receive 76 points.
You press <<9>> and receive 73 points.
You press <<18>> and receive 72 points.
You press <<17>> and receive 45 points.
You press <<19>> and receive 78 points.
You press <<20>> and receive 68 points.
You press <<12>> and receive 19 points.
You press <<24>> and receive 25 points.
You press <<29>> and receive 48 points.

Environment number 8:
The value of option 9 is 46. You have 5 choices to make in this environment.
You press <<15>> and receive 11 points.
You press <<23>> and receive 13 points.
You press <<4>> and receive 75 points.
You press <<5>> and receive 58 points.
You press <<3>> and receive 82 points.

Environment number 9:
The value of option 23 is 72. You have 10 choices to make in this environment.
You press <<22>> and receive 69 points.
You press <<24>> and receive 66 points.
You press <<12>> and receive 44 points.
You press <<4>> and receive 62 points.
You press <<5>> and receive 54 points.
You press <<17>> and receive 3 points.
You press <<27>> and receive 29 points.
You press <<9>> and receive 66 points.
You press <<10>> and receive 68 points.
You press <<8>> and receive 59 points.

Environment number 10:
The value of option 25 is 10. You have 10 choices to make in this environment.
You press <<15>> and receive 52 points.
You press <<7>> and receive 35 points.
You press <<2>> and receive 7 points.
You press <<14>> and receive 75 points.
You press <<13>> and receive 74 points.
You press <<16>> and receive 22 points.
You press <<22>> and receive 12 points.
You press <<11>> and receive 44 points.
You press <<12>> and receive 58 points.
You press <<10>> and receive 37 points.

Environment number 11:
The value of option 10 is 31. You have 10 choices to make in this environment.
You press <<19>> and receive 0 points.
You press <<4>> and receive 32 points.
You press <<2>> and receive 37 points.
You press <<3>> and receive 29 points.
You press <<15>> and receive 20 points.
You press <<",20
11,32,7,23,0,smooth,10,10,31,53,"You will be presented with a series of 16 different environments to explore.
In each trial, you can select an option between numbers 1 and 30 by pressing the corresponding key.
By selecting any of these options, you will earn points associated with each unique option.
Imagine these options 1 through 30 as lying next to each other in an ordered line; options closer to each other tend to have similar rewards as rewards tend to cluster together.
For each environment, you will be able to make either 5 or 10 choices.
When you made all your choices in a given environment, you will start making choices in the next unexplored environment.
The rewards underlying the different options are different in each environment so you will learn them anew for each environment.
Each environment starts with the value of a single option revealed.
When you choose the number corresponding to a different option, you will be told the value of that option and receive those points.
Previously revealed options, including the starting option, can also be reselected, although there may be small changes in the point value.
It is your task to gain as many points as possible across all 16 environments.

Environment number 1:
The value of option 19 is 75. You have 5 choices to make in this environment.
You press <<18>> and receive 70 points.
You press <<20>> and receive 67 points.
You press <<17>> and receive 50 points.
You press <<11>> and receive 10 points.
You press <<26>> and receive 23 points.

Environment number 2:
The value of option 8 is 43. You have 5 choices to make in this environment.
You press <<20>> and receive 2 points.
You press <<29>> and receive 34 points.
You press <<3>> and receive 59 points.
You press <<15>> and receive 76 points.
You press <<16>> and receive 61 points.

Environment number 3:
The value of option 2 is 3. You have 5 choices to make in this environment.
You press <<15>> and receive 70 points.
You press <<14>> and receive 65 points.
You press <<16>> and receive 61 points.
You press <<9>> and receive 3 points.
You press <<24>> and receive 28 points.

Environment number 4:
The value of option 7 is 1. You have 10 choices to make in this environment.
You press <<13>> and receive 22 points.
You press <<18>> and receive 41 points.
You press <<24>> and receive 37 points.
You press <<19>> and receive 57 points.
You press <<17>> and receive 29 points.
You press <<20>> and receive 64 points.
You press <<21>> and receive 63 points.
You press <<22>> and receive 57 points.
You press <<16>> and receive 17 points.
You press <<12>> and receive 28 points.

Environment number 5:
The value of option 4 is 51. You have 10 choices to make in this environment.
You press <<5>> and receive 47 points.
You press <<3>> and receive 48 points.
You press <<13>> and receive 48 points.
You press <<12>> and receive 59 points.
You press <<11>> and receive 54 points.
You press <<21>> and receive 21 points.
You press <<28>> and receive 31 points.
You press <<17>> and receive 75 points.
You press <<18>> and receive 85 points.
You press <<19>> and receive 76 points.

Environment number 6:
The value of option 3 is 65. You have 5 choices to make in this environment.
You press <<12>> and receive 46 points.
You press <<21>> and receive 83 points.
You press <<22>> and receive 82 points.
You press <<20>> and receive 79 points.
You press <<23>> and receive 76 points.

Environment number 7:
The value of option 7 is 59. You have 10 choices to make in this environment.
You press <<6>> and receive 40 points.
You press <<8>> and receive 76 points.
You press <<9>> and receive 73 points.
You press <<18>> and receive 72 points.
You press <<17>> and receive 45 points.
You press <<19>> and receive 78 points.
You press <<20>> and receive 68 points.
You press <<12>> and receive 19 points.
You press <<24>> and receive 25 points.
You press <<29>> and receive 48 points.

Environment number 8:
The value of option 9 is 46. You have 5 choices to make in this environment.
You press <<15>> and receive 11 points.
You press <<23>> and receive 13 points.
You press <<4>> and receive 75 points.
You press <<5>> and receive 58 points.
You press <<3>> and receive 82 points.

Environment number 9:
The value of option 23 is 72. You have 10 choices to make in this environment.
You press <<22>> and receive 69 points.
You press <<24>> and receive 66 points.
You press <<12>> and receive 44 points.
You press <<4>> and receive 62 points.
You press <<5>> and receive 54 points.
You press <<17>> and receive 3 points.
You press <<27>> and receive 29 points.
You press <<9>> and receive 66 points.
You press <<10>> and receive 68 points.
You press <<8>> and receive 59 points.

Environment number 10:
The value of option 25 is 10. You have 10 choices to make in this environment.
You press <<15>> and receive 52 points.
You press <<7>> and receive 35 points.
You press <<2>> and receive 7 points.
You press <<14>> and receive 75 points.
You press <<13>> and receive 74 points.
You press <<16>> and receive 22 points.
You press <<22>> and receive 12 points.
You press <<11>> and receive 44 points.
You press <<12>> and receive 58 points.
You press <<10>> and receive 37 points.

Environment number 11:
The value of option 10 is 31. You have 10 choices to make in this environment.
You press <<19>> and receive 0 points.
You press <<4>> and receive 32 points.
You press <<2>> and receive 37 points.
You press <<3>> and receive 29 points.
You press <<15>> and receive 20 points.
You press <<22>> and receive 66 points.
You press <<",20
11,32,8,21,0,smooth,10,10,31,36,"You will be presented with a series of 16 different environments to explore.
In each trial, you can select an option between numbers 1 and 30 by pressing the corresponding key.
By selecting any of these options, you will earn points associated with each unique option.
Imagine these options 1 through 30 as lying next to each other in an ordered line; options closer to each other tend to have similar rewards as rewards tend to cluster together.
For each environment, you will be able to make either 5 or 10 choices.
When you made all your choices in a given environment, you will start making choices in the next unexplored environment.
The rewards underlying the different options are different in each environment so you will learn them anew for each environment.
Each environment starts with the value of a single option revealed.
When you choose the number corresponding to a different option, you will be told the value of that option and receive those points.
Previously revealed options, including the starting option, can also be reselected, although there may be small changes in the point value.
It is your task to gain as many points as possible across all 16 environments.

Environment number 1:
The value of option 19 is 75. You have 5 choices to make in this environment.
You press <<18>> and receive 70 points.
You press <<20>> and receive 67 points.
You press <<17>> and receive 50 points.
You press <<11>> and receive 10 points.
You press <<26>> and receive 23 points.

Environment number 2:
The value of option 8 is 43. You have 5 choices to make in this environment.
You press <<20>> and receive 2 points.
You press <<29>> and receive 34 points.
You press <<3>> and receive 59 points.
You press <<15>> and receive 76 points.
You press <<16>> and receive 61 points.

Environment number 3:
The value of option 2 is 3. You have 5 choices to make in this environment.
You press <<15>> and receive 70 points.
You press <<14>> and receive 65 points.
You press <<16>> and receive 61 points.
You press <<9>> and receive 3 points.
You press <<24>> and receive 28 points.

Environment number 4:
The value of option 7 is 1. You have 10 choices to make in this environment.
You press <<13>> and receive 22 points.
You press <<18>> and receive 41 points.
You press <<24>> and receive 37 points.
You press <<19>> and receive 57 points.
You press <<17>> and receive 29 points.
You press <<20>> and receive 64 points.
You press <<21>> and receive 63 points.
You press <<22>> and receive 57 points.
You press <<16>> and receive 17 points.
You press <<12>> and receive 28 points.

Environment number 5:
The value of option 4 is 51. You have 10 choices to make in this environment.
You press <<5>> and receive 47 points.
You press <<3>> and receive 48 points.
You press <<13>> and receive 48 points.
You press <<12>> and receive 59 points.
You press <<11>> and receive 54 points.
You press <<21>> and receive 21 points.
You press <<28>> and receive 31 points.
You press <<17>> and receive 75 points.
You press <<18>> and receive 85 points.
You press <<19>> and receive 76 points.

Environment number 6:
The value of option 3 is 65. You have 5 choices to make in this environment.
You press <<12>> and receive 46 points.
You press <<21>> and receive 83 points.
You press <<22>> and receive 82 points.
You press <<20>> and receive 79 points.
You press <<23>> and receive 76 points.

Environment number 7:
The value of option 7 is 59. You have 10 choices to make in this environment.
You press <<6>> and receive 40 points.
You press <<8>> and receive 76 points.
You press <<9>> and receive 73 points.
You press <<18>> and receive 72 points.
You press <<17>> and receive 45 points.
You press <<19>> and receive 78 points.
You press <<20>> and receive 68 points.
You press <<12>> and receive 19 points.
You press <<24>> and receive 25 points.
You press <<29>> and receive 48 points.

Environment number 8:
The value of option 9 is 46. You have 5 choices to make in this environment.
You press <<15>> and receive 11 points.
You press <<23>> and receive 13 points.
You press <<4>> and receive 75 points.
You press <<5>> and receive 58 points.
You press <<3>> and receive 82 points.

Environment number 9:
The value of option 23 is 72. You have 10 choices to make in this environment.
You press <<22>> and receive 69 points.
You press <<24>> and receive 66 points.
You press <<12>> and receive 44 points.
You press <<4>> and receive 62 points.
You press <<5>> and receive 54 points.
You press <<17>> and receive 3 points.
You press <<27>> and receive 29 points.
You press <<9>> and receive 66 points.
You press <<10>> and receive 68 points.
You press <<8>> and receive 59 points.

Environment number 10:
The value of option 25 is 10. You have 10 choices to make in this environment.
You press <<15>> and receive 52 points.
You press <<7>> and receive 35 points.
You press <<2>> and receive 7 points.
You press <<14>> and receive 75 points.
You press <<13>> and receive 74 points.
You press <<16>> and receive 22 points.
You press <<22>> and receive 12 points.
You press <<11>> and receive 44 points.
You press <<12>> and receive 58 points.
You press <<10>> and receive 37 points.

Environment number 11:
The value of option 10 is 31. You have 10 choices to make in this environment.
You press <<19>> and receive 0 points.
You press <<4>> and receive 32 points.
You press <<2>> and receive 37 points.
You press <<3>> and receive 29 points.
You press <<15>> and receive 20 points.
You press <<22>> and receive 66 points.
You press <<23>> and receive 53 points.
You press <<",20
11,32,9,11,0,smooth,10,10,31,17,"You will be presented with a series of 16 different environments to explore.
In each trial, you can select an option between numbers 1 and 30 by pressing the corresponding key.
By selecting any of these options, you will earn points associated with each unique option.
Imagine these options 1 through 30 as lying next to each other in an ordered line; options closer to each other tend to have similar rewards as rewards tend to cluster together.
For each environment, you will be able to make either 5 or 10 choices.
When you made all your choices in a given environment, you will start making choices in the next unexplored environment.
The rewards underlying the different options are different in each environment so you will learn them anew for each environment.
Each environment starts with the value of a single option revealed.
When you choose the number corresponding to a different option, you will be told the value of that option and receive those points.
Previously revealed options, including the starting option, can also be reselected, although there may be small changes in the point value.
It is your task to gain as many points as possible across all 16 environments.

Environment number 1:
The value of option 19 is 75. You have 5 choices to make in this environment.
You press <<18>> and receive 70 points.
You press <<20>> and receive 67 points.
You press <<17>> and receive 50 points.
You press <<11>> and receive 10 points.
You press <<26>> and receive 23 points.

Environment number 2:
The value of option 8 is 43. You have 5 choices to make in this environment.
You press <<20>> and receive 2 points.
You press <<29>> and receive 34 points.
You press <<3>> and receive 59 points.
You press <<15>> and receive 76 points.
You press <<16>> and receive 61 points.

Environment number 3:
The value of option 2 is 3. You have 5 choices to make in this environment.
You press <<15>> and receive 70 points.
You press <<14>> and receive 65 points.
You press <<16>> and receive 61 points.
You press <<9>> and receive 3 points.
You press <<24>> and receive 28 points.

Environment number 4:
The value of option 7 is 1. You have 10 choices to make in this environment.
You press <<13>> and receive 22 points.
You press <<18>> and receive 41 points.
You press <<24>> and receive 37 points.
You press <<19>> and receive 57 points.
You press <<17>> and receive 29 points.
You press <<20>> and receive 64 points.
You press <<21>> and receive 63 points.
You press <<22>> and receive 57 points.
You press <<16>> and receive 17 points.
You press <<12>> and receive 28 points.

Environment number 5:
The value of option 4 is 51. You have 10 choices to make in this environment.
You press <<5>> and receive 47 points.
You press <<3>> and receive 48 points.
You press <<13>> and receive 48 points.
You press <<12>> and receive 59 points.
You press <<11>> and receive 54 points.
You press <<21>> and receive 21 points.
You press <<28>> and receive 31 points.
You press <<17>> and receive 75 points.
You press <<18>> and receive 85 points.
You press <<19>> and receive 76 points.

Environment number 6:
The value of option 3 is 65. You have 5 choices to make in this environment.
You press <<12>> and receive 46 points.
You press <<21>> and receive 83 points.
You press <<22>> and receive 82 points.
You press <<20>> and receive 79 points.
You press <<23>> and receive 76 points.

Environment number 7:
The value of option 7 is 59. You have 10 choices to make in this environment.
You press <<6>> and receive 40 points.
You press <<8>> and receive 76 points.
You press <<9>> and receive 73 points.
You press <<18>> and receive 72 points.
You press <<17>> and receive 45 points.
You press <<19>> and receive 78 points.
You press <<20>> and receive 68 points.
You press <<12>> and receive 19 points.
You press <<24>> and receive 25 points.
You press <<29>> and receive 48 points.

Environment number 8:
The value of option 9 is 46. You have 5 choices to make in this environment.
You press <<15>> and receive 11 points.
You press <<23>> and receive 13 points.
You press <<4>> and receive 75 points.
You press <<5>> and receive 58 points.
You press <<3>> and receive 82 points.

Environment number 9:
The value of option 23 is 72. You have 10 choices to make in this environment.
You press <<22>> and receive 69 points.
You press <<24>> and receive 66 points.
You press <<12>> and receive 44 points.
You press <<4>> and receive 62 points.
You press <<5>> and receive 54 points.
You press <<17>> and receive 3 points.
You press <<27>> and receive 29 points.
You press <<9>> and receive 66 points.
You press <<10>> and receive 68 points.
You press <<8>> and receive 59 points.

Environment number 10:
The value of option 25 is 10. You have 10 choices to make in this environment.
You press <<15>> and receive 52 points.
You press <<7>> and receive 35 points.
You press <<2>> and receive 7 points.
You press <<14>> and receive 75 points.
You press <<13>> and receive 74 points.
You press <<16>> and receive 22 points.
You press <<22>> and receive 12 points.
You press <<11>> and receive 44 points.
You press <<12>> and receive 58 points.
You press <<10>> and receive 37 points.

Environment number 11:
The value of option 10 is 31. You have 10 choices to make in this environment.
You press <<19>> and receive 0 points.
You press <<4>> and receive 32 points.
You press <<2>> and receive 37 points.
You press <<3>> and receive 29 points.
You press <<15>> and receive 20 points.
You press <<22>> and receive 66 points.
You press <<23>> and receive 53 points.
You press <<21>> and receive 36 points.
You press <<",20
11,32,10,26,0,smooth,10,10,31,12,"You will be presented with a series of 16 different environments to explore.
In each trial, you can select an option between numbers 1 and 30 by pressing the corresponding key.
By selecting any of these options, you will earn points associated with each unique option.
Imagine these options 1 through 30 as lying next to each other in an ordered line; options closer to each other tend to have similar rewards as rewards tend to cluster together.
For each environment, you will be able to make either 5 or 10 choices.
When you made all your choices in a given environment, you will start making choices in the next unexplored environment.
The rewards underlying the different options are different in each environment so you will learn them anew for each environment.
Each environment starts with the value of a single option revealed.
When you choose the number corresponding to a different option, you will be told the value of that option and receive those points.
Previously revealed options, including the starting option, can also be reselected, although there may be small changes in the point value.
It is your task to gain as many points as possible across all 16 environments.

Environment number 1:
The value of option 19 is 75. You have 5 choices to make in this environment.
You press <<18>> and receive 70 points.
You press <<20>> and receive 67 points.
You press <<17>> and receive 50 points.
You press <<11>> and receive 10 points.
You press <<26>> and receive 23 points.

Environment number 2:
The value of option 8 is 43. You have 5 choices to make in this environment.
You press <<20>> and receive 2 points.
You press <<29>> and receive 34 points.
You press <<3>> and receive 59 points.
You press <<15>> and receive 76 points.
You press <<16>> and receive 61 points.

Environment number 3:
The value of option 2 is 3. You have 5 choices to make in this environment.
You press <<15>> and receive 70 points.
You press <<14>> and receive 65 points.
You press <<16>> and receive 61 points.
You press <<9>> and receive 3 points.
You press <<24>> and receive 28 points.

Environment number 4:
The value of option 7 is 1. You have 10 choices to make in this environment.
You press <<13>> and receive 22 points.
You press <<18>> and receive 41 points.
You press <<24>> and receive 37 points.
You press <<19>> and receive 57 points.
You press <<17>> and receive 29 points.
You press <<20>> and receive 64 points.
You press <<21>> and receive 63 points.
You press <<22>> and receive 57 points.
You press <<16>> and receive 17 points.
You press <<12>> and receive 28 points.

Environment number 5:
The value of option 4 is 51. You have 10 choices to make in this environment.
You press <<5>> and receive 47 points.
You press <<3>> and receive 48 points.
You press <<13>> and receive 48 points.
You press <<12>> and receive 59 points.
You press <<11>> and receive 54 points.
You press <<21>> and receive 21 points.
You press <<28>> and receive 31 points.
You press <<17>> and receive 75 points.
You press <<18>> and receive 85 points.
You press <<19>> and receive 76 points.

Environment number 6:
The value of option 3 is 65. You have 5 choices to make in this environment.
You press <<12>> and receive 46 points.
You press <<21>> and receive 83 points.
You press <<22>> and receive 82 points.
You press <<20>> and receive 79 points.
You press <<23>> and receive 76 points.

Environment number 7:
The value of option 7 is 59. You have 10 choices to make in this environment.
You press <<6>> and receive 40 points.
You press <<8>> and receive 76 points.
You press <<9>> and receive 73 points.
You press <<18>> and receive 72 points.
You press <<17>> and receive 45 points.
You press <<19>> and receive 78 points.
You press <<20>> and receive 68 points.
You press <<12>> and receive 19 points.
You press <<24>> and receive 25 points.
You press <<29>> and receive 48 points.

Environment number 8:
The value of option 9 is 46. You have 5 choices to make in this environment.
You press <<15>> and receive 11 points.
You press <<23>> and receive 13 points.
You press <<4>> and receive 75 points.
You press <<5>> and receive 58 points.
You press <<3>> and receive 82 points.

Environment number 9:
The value of option 23 is 72. You have 10 choices to make in this environment.
You press <<22>> and receive 69 points.
You press <<24>> and receive 66 points.
You press <<12>> and receive 44 points.
You press <<4>> and receive 62 points.
You press <<5>> and receive 54 points.
You press <<17>> and receive 3 points.
You press <<27>> and receive 29 points.
You press <<9>> and receive 66 points.
You press <<10>> and receive 68 points.
You press <<8>> and receive 59 points.

Environment number 10:
The value of option 25 is 10. You have 10 choices to make in this environment.
You press <<15>> and receive 52 points.
You press <<7>> and receive 35 points.
You press <<2>> and receive 7 points.
You press <<14>> and receive 75 points.
You press <<13>> and receive 74 points.
You press <<16>> and receive 22 points.
You press <<22>> and receive 12 points.
You press <<11>> and receive 44 points.
You press <<12>> and receive 58 points.
You press <<10>> and receive 37 points.

Environment number 11:
The value of option 10 is 31. You have 10 choices to make in this environment.
You press <<19>> and receive 0 points.
You press <<4>> and receive 32 points.
You press <<2>> and receive 37 points.
You press <<3>> and receive 29 points.
You press <<15>> and receive 20 points.
You press <<22>> and receive 66 points.
You press <<23>> and receive 53 points.
You press <<21>> and receive 36 points.
You press <<11>> and receive 17 points.
You press <<",20
12,36,1,15,0,smooth,10,10,30,44,"You will be presented with a series of 16 different environments to explore.
In each trial, you can select an option between numbers 1 and 30 by pressing the corresponding key.
By selecting any of these options, you will earn points associated with each unique option.
Imagine these options 1 through 30 as lying next to each other in an ordered line; options closer to each other tend to have similar rewards as rewards tend to cluster together.
For each environment, you will be able to make either 5 or 10 choices.
When you made all your choices in a given environment, you will start making choices in the next unexplored environment.
The rewards underlying the different options are different in each environment so you will learn them anew for each environment.
Each environment starts with the value of a single option revealed.
When you choose the number corresponding to a different option, you will be told the value of that option and receive those points.
Previously revealed options, including the starting option, can also be reselected, although there may be small changes in the point value.
It is your task to gain as many points as possible across all 16 environments.

Environment number 1:
The value of option 19 is 75. You have 5 choices to make in this environment.
You press <<18>> and receive 70 points.
You press <<20>> and receive 67 points.
You press <<17>> and receive 50 points.
You press <<11>> and receive 10 points.
You press <<26>> and receive 23 points.

Environment number 2:
The value of option 8 is 43. You have 5 choices to make in this environment.
You press <<20>> and receive 2 points.
You press <<29>> and receive 34 points.
You press <<3>> and receive 59 points.
You press <<15>> and receive 76 points.
You press <<16>> and receive 61 points.

Environment number 3:
The value of option 2 is 3. You have 5 choices to make in this environment.
You press <<15>> and receive 70 points.
You press <<14>> and receive 65 points.
You press <<16>> and receive 61 points.
You press <<9>> and receive 3 points.
You press <<24>> and receive 28 points.

Environment number 4:
The value of option 7 is 1. You have 10 choices to make in this environment.
You press <<13>> and receive 22 points.
You press <<18>> and receive 41 points.
You press <<24>> and receive 37 points.
You press <<19>> and receive 57 points.
You press <<17>> and receive 29 points.
You press <<20>> and receive 64 points.
You press <<21>> and receive 63 points.
You press <<22>> and receive 57 points.
You press <<16>> and receive 17 points.
You press <<12>> and receive 28 points.

Environment number 5:
The value of option 4 is 51. You have 10 choices to make in this environment.
You press <<5>> and receive 47 points.
You press <<3>> and receive 48 points.
You press <<13>> and receive 48 points.
You press <<12>> and receive 59 points.
You press <<11>> and receive 54 points.
You press <<21>> and receive 21 points.
You press <<28>> and receive 31 points.
You press <<17>> and receive 75 points.
You press <<18>> and receive 85 points.
You press <<19>> and receive 76 points.

Environment number 6:
The value of option 3 is 65. You have 5 choices to make in this environment.
You press <<12>> and receive 46 points.
You press <<21>> and receive 83 points.
You press <<22>> and receive 82 points.
You press <<20>> and receive 79 points.
You press <<23>> and receive 76 points.

Environment number 7:
The value of option 7 is 59. You have 10 choices to make in this environment.
You press <<6>> and receive 40 points.
You press <<8>> and receive 76 points.
You press <<9>> and receive 73 points.
You press <<18>> and receive 72 points.
You press <<17>> and receive 45 points.
You press <<19>> and receive 78 points.
You press <<20>> and receive 68 points.
You press <<12>> and receive 19 points.
You press <<24>> and receive 25 points.
You press <<29>> and receive 48 points.

Environment number 8:
The value of option 9 is 46. You have 5 choices to make in this environment.
You press <<15>> and receive 11 points.
You press <<23>> and receive 13 points.
You press <<4>> and receive 75 points.
You press <<5>> and receive 58 points.
You press <<3>> and receive 82 points.

Environment number 9:
The value of option 23 is 72. You have 10 choices to make in this environment.
You press <<22>> and receive 69 points.
You press <<24>> and receive 66 points.
You press <<12>> and receive 44 points.
You press <<4>> and receive 62 points.
You press <<5>> and receive 54 points.
You press <<17>> and receive 3 points.
You press <<27>> and receive 29 points.
You press <<9>> and receive 66 points.
You press <<10>> and receive 68 points.
You press <<8>> and receive 59 points.

Environment number 10:
The value of option 25 is 10. You have 10 choices to make in this environment.
You press <<15>> and receive 52 points.
You press <<7>> and receive 35 points.
You press <<2>> and receive 7 points.
You press <<14>> and receive 75 points.
You press <<13>> and receive 74 points.
You press <<16>> and receive 22 points.
You press <<22>> and receive 12 points.
You press <<11>> and receive 44 points.
You press <<12>> and receive 58 points.
You press <<10>> and receive 37 points.

Environment number 11:
The value of option 10 is 31. You have 10 choices to make in this environment.
You press <<19>> and receive 0 points.
You press <<4>> and receive 32 points.
You press <<2>> and receive 37 points.
You press <<3>> and receive 29 points.
You press <<15>> and receive 20 points.
You press <<22>> and receive 66 points.
You press <<23>> and receive 53 points.
You press <<21>> and receive 36 points.
You press <<11>> and receive 17 points.
You press <<26>> and receive 12 points.

Environment number 12:
The value of option 10 is 30. You have 10 choices to make in this environment.
You press <<",20
12,36,2,18,0,smooth,10,10,30,62,"You will be presented with a series of 16 different environments to explore.
In each trial, you can select an option between numbers 1 and 30 by pressing the corresponding key.
By selecting any of these options, you will earn points associated with each unique option.
Imagine these options 1 through 30 as lying next to each other in an ordered line; options closer to each other tend to have similar rewards as rewards tend to cluster together.
For each environment, you will be able to make either 5 or 10 choices.
When you made all your choices in a given environment, you will start making choices in the next unexplored environment.
The rewards underlying the different options are different in each environment so you will learn them anew for each environment.
Each environment starts with the value of a single option revealed.
When you choose the number corresponding to a different option, you will be told the value of that option and receive those points.
Previously revealed options, including the starting option, can also be reselected, although there may be small changes in the point value.
It is your task to gain as many points as possible across all 16 environments.

Environment number 1:
The value of option 19 is 75. You have 5 choices to make in this environment.
You press <<18>> and receive 70 points.
You press <<20>> and receive 67 points.
You press <<17>> and receive 50 points.
You press <<11>> and receive 10 points.
You press <<26>> and receive 23 points.

Environment number 2:
The value of option 8 is 43. You have 5 choices to make in this environment.
You press <<20>> and receive 2 points.
You press <<29>> and receive 34 points.
You press <<3>> and receive 59 points.
You press <<15>> and receive 76 points.
You press <<16>> and receive 61 points.

Environment number 3:
The value of option 2 is 3. You have 5 choices to make in this environment.
You press <<15>> and receive 70 points.
You press <<14>> and receive 65 points.
You press <<16>> and receive 61 points.
You press <<9>> and receive 3 points.
You press <<24>> and receive 28 points.

Environment number 4:
The value of option 7 is 1. You have 10 choices to make in this environment.
You press <<13>> and receive 22 points.
You press <<18>> and receive 41 points.
You press <<24>> and receive 37 points.
You press <<19>> and receive 57 points.
You press <<17>> and receive 29 points.
You press <<20>> and receive 64 points.
You press <<21>> and receive 63 points.
You press <<22>> and receive 57 points.
You press <<16>> and receive 17 points.
You press <<12>> and receive 28 points.

Environment number 5:
The value of option 4 is 51. You have 10 choices to make in this environment.
You press <<5>> and receive 47 points.
You press <<3>> and receive 48 points.
You press <<13>> and receive 48 points.
You press <<12>> and receive 59 points.
You press <<11>> and receive 54 points.
You press <<21>> and receive 21 points.
You press <<28>> and receive 31 points.
You press <<17>> and receive 75 points.
You press <<18>> and receive 85 points.
You press <<19>> and receive 76 points.

Environment number 6:
The value of option 3 is 65. You have 5 choices to make in this environment.
You press <<12>> and receive 46 points.
You press <<21>> and receive 83 points.
You press <<22>> and receive 82 points.
You press <<20>> and receive 79 points.
You press <<23>> and receive 76 points.

Environment number 7:
The value of option 7 is 59. You have 10 choices to make in this environment.
You press <<6>> and receive 40 points.
You press <<8>> and receive 76 points.
You press <<9>> and receive 73 points.
You press <<18>> and receive 72 points.
You press <<17>> and receive 45 points.
You press <<19>> and receive 78 points.
You press <<20>> and receive 68 points.
You press <<12>> and receive 19 points.
You press <<24>> and receive 25 points.
You press <<29>> and receive 48 points.

Environment number 8:
The value of option 9 is 46. You have 5 choices to make in this environment.
You press <<15>> and receive 11 points.
You press <<23>> and receive 13 points.
You press <<4>> and receive 75 points.
You press <<5>> and receive 58 points.
You press <<3>> and receive 82 points.

Environment number 9:
The value of option 23 is 72. You have 10 choices to make in this environment.
You press <<22>> and receive 69 points.
You press <<24>> and receive 66 points.
You press <<12>> and receive 44 points.
You press <<4>> and receive 62 points.
You press <<5>> and receive 54 points.
You press <<17>> and receive 3 points.
You press <<27>> and receive 29 points.
You press <<9>> and receive 66 points.
You press <<10>> and receive 68 points.
You press <<8>> and receive 59 points.

Environment number 10:
The value of option 25 is 10. You have 10 choices to make in this environment.
You press <<15>> and receive 52 points.
You press <<7>> and receive 35 points.
You press <<2>> and receive 7 points.
You press <<14>> and receive 75 points.
You press <<13>> and receive 74 points.
You press <<16>> and receive 22 points.
You press <<22>> and receive 12 points.
You press <<11>> and receive 44 points.
You press <<12>> and receive 58 points.
You press <<10>> and receive 37 points.

Environment number 11:
The value of option 10 is 31. You have 10 choices to make in this environment.
You press <<19>> and receive 0 points.
You press <<4>> and receive 32 points.
You press <<2>> and receive 37 points.
You press <<3>> and receive 29 points.
You press <<15>> and receive 20 points.
You press <<22>> and receive 66 points.
You press <<23>> and receive 53 points.
You press <<21>> and receive 36 points.
You press <<11>> and receive 17 points.
You press <<26>> and receive 12 points.

Environment number 12:
The value of option 10 is 30. You have 10 choices to make in this environment.
You press <<15>> and receive 44 points.
You press <<",20
12,36,3,17,0,smooth,10,10,30,54,"You will be presented with a series of 16 different environments to explore.
In each trial, you can select an option between numbers 1 and 30 by pressing the corresponding key.
By selecting any of these options, you will earn points associated with each unique option.
Imagine these options 1 through 30 as lying next to each other in an ordered line; options closer to each other tend to have similar rewards as rewards tend to cluster together.
For each environment, you will be able to make either 5 or 10 choices.
When you made all your choices in a given environment, you will start making choices in the next unexplored environment.
The rewards underlying the different options are different in each environment so you will learn them anew for each environment.
Each environment starts with the value of a single option revealed.
When you choose the number corresponding to a different option, you will be told the value of that option and receive those points.
Previously revealed options, including the starting option, can also be reselected, although there may be small changes in the point value.
It is your task to gain as many points as possible across all 16 environments.

Environment number 1:
The value of option 19 is 75. You have 5 choices to make in this environment.
You press <<18>> and receive 70 points.
You press <<20>> and receive 67 points.
You press <<17>> and receive 50 points.
You press <<11>> and receive 10 points.
You press <<26>> and receive 23 points.

Environment number 2:
The value of option 8 is 43. You have 5 choices to make in this environment.
You press <<20>> and receive 2 points.
You press <<29>> and receive 34 points.
You press <<3>> and receive 59 points.
You press <<15>> and receive 76 points.
You press <<16>> and receive 61 points.

Environment number 3:
The value of option 2 is 3. You have 5 choices to make in this environment.
You press <<15>> and receive 70 points.
You press <<14>> and receive 65 points.
You press <<16>> and receive 61 points.
You press <<9>> and receive 3 points.
You press <<24>> and receive 28 points.

Environment number 4:
The value of option 7 is 1. You have 10 choices to make in this environment.
You press <<13>> and receive 22 points.
You press <<18>> and receive 41 points.
You press <<24>> and receive 37 points.
You press <<19>> and receive 57 points.
You press <<17>> and receive 29 points.
You press <<20>> and receive 64 points.
You press <<21>> and receive 63 points.
You press <<22>> and receive 57 points.
You press <<16>> and receive 17 points.
You press <<12>> and receive 28 points.

Environment number 5:
The value of option 4 is 51. You have 10 choices to make in this environment.
You press <<5>> and receive 47 points.
You press <<3>> and receive 48 points.
You press <<13>> and receive 48 points.
You press <<12>> and receive 59 points.
You press <<11>> and receive 54 points.
You press <<21>> and receive 21 points.
You press <<28>> and receive 31 points.
You press <<17>> and receive 75 points.
You press <<18>> and receive 85 points.
You press <<19>> and receive 76 points.

Environment number 6:
The value of option 3 is 65. You have 5 choices to make in this environment.
You press <<12>> and receive 46 points.
You press <<21>> and receive 83 points.
You press <<22>> and receive 82 points.
You press <<20>> and receive 79 points.
You press <<23>> and receive 76 points.

Environment number 7:
The value of option 7 is 59. You have 10 choices to make in this environment.
You press <<6>> and receive 40 points.
You press <<8>> and receive 76 points.
You press <<9>> and receive 73 points.
You press <<18>> and receive 72 points.
You press <<17>> and receive 45 points.
You press <<19>> and receive 78 points.
You press <<20>> and receive 68 points.
You press <<12>> and receive 19 points.
You press <<24>> and receive 25 points.
You press <<29>> and receive 48 points.

Environment number 8:
The value of option 9 is 46. You have 5 choices to make in this environment.
You press <<15>> and receive 11 points.
You press <<23>> and receive 13 points.
You press <<4>> and receive 75 points.
You press <<5>> and receive 58 points.
You press <<3>> and receive 82 points.

Environment number 9:
The value of option 23 is 72. You have 10 choices to make in this environment.
You press <<22>> and receive 69 points.
You press <<24>> and receive 66 points.
You press <<12>> and receive 44 points.
You press <<4>> and receive 62 points.
You press <<5>> and receive 54 points.
You press <<17>> and receive 3 points.
You press <<27>> and receive 29 points.
You press <<9>> and receive 66 points.
You press <<10>> and receive 68 points.
You press <<8>> and receive 59 points.

Environment number 10:
The value of option 25 is 10. You have 10 choices to make in this environment.
You press <<15>> and receive 52 points.
You press <<7>> and receive 35 points.
You press <<2>> and receive 7 points.
You press <<14>> and receive 75 points.
You press <<13>> and receive 74 points.
You press <<16>> and receive 22 points.
You press <<22>> and receive 12 points.
You press <<11>> and receive 44 points.
You press <<12>> and receive 58 points.
You press <<10>> and receive 37 points.

Environment number 11:
The value of option 10 is 31. You have 10 choices to make in this environment.
You press <<19>> and receive 0 points.
You press <<4>> and receive 32 points.
You press <<2>> and receive 37 points.
You press <<3>> and receive 29 points.
You press <<15>> and receive 20 points.
You press <<22>> and receive 66 points.
You press <<23>> and receive 53 points.
You press <<21>> and receive 36 points.
You press <<11>> and receive 17 points.
You press <<26>> and receive 12 points.

Environment number 12:
The value of option 10 is 30. You have 10 choices to make in this environment.
You press <<15>> and receive 44 points.
You press <<18>> and receive 62 points.
You press <<",20
12,36,4,19,0,smooth,10,10,30,71,"You will be presented with a series of 16 different environments to explore.
In each trial, you can select an option between numbers 1 and 30 by pressing the corresponding key.
By selecting any of these options, you will earn points associated with each unique option.
Imagine these options 1 through 30 as lying next to each other in an ordered line; options closer to each other tend to have similar rewards as rewards tend to cluster together.
For each environment, you will be able to make either 5 or 10 choices.
When you made all your choices in a given environment, you will start making choices in the next unexplored environment.
The rewards underlying the different options are different in each environment so you will learn them anew for each environment.
Each environment starts with the value of a single option revealed.
When you choose the number corresponding to a different option, you will be told the value of that option and receive those points.
Previously revealed options, including the starting option, can also be reselected, although there may be small changes in the point value.
It is your task to gain as many points as possible across all 16 environments.

Environment number 1:
The value of option 19 is 75. You have 5 choices to make in this environment.
You press <<18>> and receive 70 points.
You press <<20>> and receive 67 points.
You press <<17>> and receive 50 points.
You press <<11>> and receive 10 points.
You press <<26>> and receive 23 points.

Environment number 2:
The value of option 8 is 43. You have 5 choices to make in this environment.
You press <<20>> and receive 2 points.
You press <<29>> and receive 34 points.
You press <<3>> and receive 59 points.
You press <<15>> and receive 76 points.
You press <<16>> and receive 61 points.

Environment number 3:
The value of option 2 is 3. You have 5 choices to make in this environment.
You press <<15>> and receive 70 points.
You press <<14>> and receive 65 points.
You press <<16>> and receive 61 points.
You press <<9>> and receive 3 points.
You press <<24>> and receive 28 points.

Environment number 4:
The value of option 7 is 1. You have 10 choices to make in this environment.
You press <<13>> and receive 22 points.
You press <<18>> and receive 41 points.
You press <<24>> and receive 37 points.
You press <<19>> and receive 57 points.
You press <<17>> and receive 29 points.
You press <<20>> and receive 64 points.
You press <<21>> and receive 63 points.
You press <<22>> and receive 57 points.
You press <<16>> and receive 17 points.
You press <<12>> and receive 28 points.

Environment number 5:
The value of option 4 is 51. You have 10 choices to make in this environment.
You press <<5>> and receive 47 points.
You press <<3>> and receive 48 points.
You press <<13>> and receive 48 points.
You press <<12>> and receive 59 points.
You press <<11>> and receive 54 points.
You press <<21>> and receive 21 points.
You press <<28>> and receive 31 points.
You press <<17>> and receive 75 points.
You press <<18>> and receive 85 points.
You press <<19>> and receive 76 points.

Environment number 6:
The value of option 3 is 65. You have 5 choices to make in this environment.
You press <<12>> and receive 46 points.
You press <<21>> and receive 83 points.
You press <<22>> and receive 82 points.
You press <<20>> and receive 79 points.
You press <<23>> and receive 76 points.

Environment number 7:
The value of option 7 is 59. You have 10 choices to make in this environment.
You press <<6>> and receive 40 points.
You press <<8>> and receive 76 points.
You press <<9>> and receive 73 points.
You press <<18>> and receive 72 points.
You press <<17>> and receive 45 points.
You press <<19>> and receive 78 points.
You press <<20>> and receive 68 points.
You press <<12>> and receive 19 points.
You press <<24>> and receive 25 points.
You press <<29>> and receive 48 points.

Environment number 8:
The value of option 9 is 46. You have 5 choices to make in this environment.
You press <<15>> and receive 11 points.
You press <<23>> and receive 13 points.
You press <<4>> and receive 75 points.
You press <<5>> and receive 58 points.
You press <<3>> and receive 82 points.

Environment number 9:
The value of option 23 is 72. You have 10 choices to make in this environment.
You press <<22>> and receive 69 points.
You press <<24>> and receive 66 points.
You press <<12>> and receive 44 points.
You press <<4>> and receive 62 points.
You press <<5>> and receive 54 points.
You press <<17>> and receive 3 points.
You press <<27>> and receive 29 points.
You press <<9>> and receive 66 points.
You press <<10>> and receive 68 points.
You press <<8>> and receive 59 points.

Environment number 10:
The value of option 25 is 10. You have 10 choices to make in this environment.
You press <<15>> and receive 52 points.
You press <<7>> and receive 35 points.
You press <<2>> and receive 7 points.
You press <<14>> and receive 75 points.
You press <<13>> and receive 74 points.
You press <<16>> and receive 22 points.
You press <<22>> and receive 12 points.
You press <<11>> and receive 44 points.
You press <<12>> and receive 58 points.
You press <<10>> and receive 37 points.

Environment number 11:
The value of option 10 is 31. You have 10 choices to make in this environment.
You press <<19>> and receive 0 points.
You press <<4>> and receive 32 points.
You press <<2>> and receive 37 points.
You press <<3>> and receive 29 points.
You press <<15>> and receive 20 points.
You press <<22>> and receive 66 points.
You press <<23>> and receive 53 points.
You press <<21>> and receive 36 points.
You press <<11>> and receive 17 points.
You press <<26>> and receive 12 points.

Environment number 12:
The value of option 10 is 30. You have 10 choices to make in this environment.
You press <<15>> and receive 44 points.
You press <<18>> and receive 62 points.
You press <<17>> and receive 54 points.
You press <<",20
12,36,5,20,0,smooth,10,10,30,82,"You will be presented with a series of 16 different environments to explore.
In each trial, you can select an option between numbers 1 and 30 by pressing the corresponding key.
By selecting any of these options, you will earn points associated with each unique option.
Imagine these options 1 through 30 as lying next to each other in an ordered line; options closer to each other tend to have similar rewards as rewards tend to cluster together.
For each environment, you will be able to make either 5 or 10 choices.
When you made all your choices in a given environment, you will start making choices in the next unexplored environment.
The rewards underlying the different options are different in each environment so you will learn them anew for each environment.
Each environment starts with the value of a single option revealed.
When you choose the number corresponding to a different option, you will be told the value of that option and receive those points.
Previously revealed options, including the starting option, can also be reselected, although there may be small changes in the point value.
It is your task to gain as many points as possible across all 16 environments.

Environment number 1:
The value of option 19 is 75. You have 5 choices to make in this environment.
You press <<18>> and receive 70 points.
You press <<20>> and receive 67 points.
You press <<17>> and receive 50 points.
You press <<11>> and receive 10 points.
You press <<26>> and receive 23 points.

Environment number 2:
The value of option 8 is 43. You have 5 choices to make in this environment.
You press <<20>> and receive 2 points.
You press <<29>> and receive 34 points.
You press <<3>> and receive 59 points.
You press <<15>> and receive 76 points.
You press <<16>> and receive 61 points.

Environment number 3:
The value of option 2 is 3. You have 5 choices to make in this environment.
You press <<15>> and receive 70 points.
You press <<14>> and receive 65 points.
You press <<16>> and receive 61 points.
You press <<9>> and receive 3 points.
You press <<24>> and receive 28 points.

Environment number 4:
The value of option 7 is 1. You have 10 choices to make in this environment.
You press <<13>> and receive 22 points.
You press <<18>> and receive 41 points.
You press <<24>> and receive 37 points.
You press <<19>> and receive 57 points.
You press <<17>> and receive 29 points.
You press <<20>> and receive 64 points.
You press <<21>> and receive 63 points.
You press <<22>> and receive 57 points.
You press <<16>> and receive 17 points.
You press <<12>> and receive 28 points.

Environment number 5:
The value of option 4 is 51. You have 10 choices to make in this environment.
You press <<5>> and receive 47 points.
You press <<3>> and receive 48 points.
You press <<13>> and receive 48 points.
You press <<12>> and receive 59 points.
You press <<11>> and receive 54 points.
You press <<21>> and receive 21 points.
You press <<28>> and receive 31 points.
You press <<17>> and receive 75 points.
You press <<18>> and receive 85 points.
You press <<19>> and receive 76 points.

Environment number 6:
The value of option 3 is 65. You have 5 choices to make in this environment.
You press <<12>> and receive 46 points.
You press <<21>> and receive 83 points.
You press <<22>> and receive 82 points.
You press <<20>> and receive 79 points.
You press <<23>> and receive 76 points.

Environment number 7:
The value of option 7 is 59. You have 10 choices to make in this environment.
You press <<6>> and receive 40 points.
You press <<8>> and receive 76 points.
You press <<9>> and receive 73 points.
You press <<18>> and receive 72 points.
You press <<17>> and receive 45 points.
You press <<19>> and receive 78 points.
You press <<20>> and receive 68 points.
You press <<12>> and receive 19 points.
You press <<24>> and receive 25 points.
You press <<29>> and receive 48 points.

Environment number 8:
The value of option 9 is 46. You have 5 choices to make in this environment.
You press <<15>> and receive 11 points.
You press <<23>> and receive 13 points.
You press <<4>> and receive 75 points.
You press <<5>> and receive 58 points.
You press <<3>> and receive 82 points.

Environment number 9:
The value of option 23 is 72. You have 10 choices to make in this environment.
You press <<22>> and receive 69 points.
You press <<24>> and receive 66 points.
You press <<12>> and receive 44 points.
You press <<4>> and receive 62 points.
You press <<5>> and receive 54 points.
You press <<17>> and receive 3 points.
You press <<27>> and receive 29 points.
You press <<9>> and receive 66 points.
You press <<10>> and receive 68 points.
You press <<8>> and receive 59 points.

Environment number 10:
The value of option 25 is 10. You have 10 choices to make in this environment.
You press <<15>> and receive 52 points.
You press <<7>> and receive 35 points.
You press <<2>> and receive 7 points.
You press <<14>> and receive 75 points.
You press <<13>> and receive 74 points.
You press <<16>> and receive 22 points.
You press <<22>> and receive 12 points.
You press <<11>> and receive 44 points.
You press <<12>> and receive 58 points.
You press <<10>> and receive 37 points.

Environment number 11:
The value of option 10 is 31. You have 10 choices to make in this environment.
You press <<19>> and receive 0 points.
You press <<4>> and receive 32 points.
You press <<2>> and receive 37 points.
You press <<3>> and receive 29 points.
You press <<15>> and receive 20 points.
You press <<22>> and receive 66 points.
You press <<23>> and receive 53 points.
You press <<21>> and receive 36 points.
You press <<11>> and receive 17 points.
You press <<26>> and receive 12 points.

Environment number 12:
The value of option 10 is 30. You have 10 choices to make in this environment.
You press <<15>> and receive 44 points.
You press <<18>> and receive 62 points.
You press <<17>> and receive 54 points.
You press <<19>> and receive 71 points.
You press <<",20
12,36,6,21,0,smooth,10,10,30,85,"You will be presented with a series of 16 different environments to explore.
In each trial, you can select an option between numbers 1 and 30 by pressing the corresponding key.
By selecting any of these options, you will earn points associated with each unique option.
Imagine these options 1 through 30 as lying next to each other in an ordered line; options closer to each other tend to have similar rewards as rewards tend to cluster together.
For each environment, you will be able to make either 5 or 10 choices.
When you made all your choices in a given environment, you will start making choices in the next unexplored environment.
The rewards underlying the different options are different in each environment so you will learn them anew for each environment.
Each environment starts with the value of a single option revealed.
When you choose the number corresponding to a different option, you will be told the value of that option and receive those points.
Previously revealed options, including the starting option, can also be reselected, although there may be small changes in the point value.
It is your task to gain as many points as possible across all 16 environments.

Environment number 1:
The value of option 19 is 75. You have 5 choices to make in this environment.
You press <<18>> and receive 70 points.
You press <<20>> and receive 67 points.
You press <<17>> and receive 50 points.
You press <<11>> and receive 10 points.
You press <<26>> and receive 23 points.

Environment number 2:
The value of option 8 is 43. You have 5 choices to make in this environment.
You press <<20>> and receive 2 points.
You press <<29>> and receive 34 points.
You press <<3>> and receive 59 points.
You press <<15>> and receive 76 points.
You press <<16>> and receive 61 points.

Environment number 3:
The value of option 2 is 3. You have 5 choices to make in this environment.
You press <<15>> and receive 70 points.
You press <<14>> and receive 65 points.
You press <<16>> and receive 61 points.
You press <<9>> and receive 3 points.
You press <<24>> and receive 28 points.

Environment number 4:
The value of option 7 is 1. You have 10 choices to make in this environment.
You press <<13>> and receive 22 points.
You press <<18>> and receive 41 points.
You press <<24>> and receive 37 points.
You press <<19>> and receive 57 points.
You press <<17>> and receive 29 points.
You press <<20>> and receive 64 points.
You press <<21>> and receive 63 points.
You press <<22>> and receive 57 points.
You press <<16>> and receive 17 points.
You press <<12>> and receive 28 points.

Environment number 5:
The value of option 4 is 51. You have 10 choices to make in this environment.
You press <<5>> and receive 47 points.
You press <<3>> and receive 48 points.
You press <<13>> and receive 48 points.
You press <<12>> and receive 59 points.
You press <<11>> and receive 54 points.
You press <<21>> and receive 21 points.
You press <<28>> and receive 31 points.
You press <<17>> and receive 75 points.
You press <<18>> and receive 85 points.
You press <<19>> and receive 76 points.

Environment number 6:
The value of option 3 is 65. You have 5 choices to make in this environment.
You press <<12>> and receive 46 points.
You press <<21>> and receive 83 points.
You press <<22>> and receive 82 points.
You press <<20>> and receive 79 points.
You press <<23>> and receive 76 points.

Environment number 7:
The value of option 7 is 59. You have 10 choices to make in this environment.
You press <<6>> and receive 40 points.
You press <<8>> and receive 76 points.
You press <<9>> and receive 73 points.
You press <<18>> and receive 72 points.
You press <<17>> and receive 45 points.
You press <<19>> and receive 78 points.
You press <<20>> and receive 68 points.
You press <<12>> and receive 19 points.
You press <<24>> and receive 25 points.
You press <<29>> and receive 48 points.

Environment number 8:
The value of option 9 is 46. You have 5 choices to make in this environment.
You press <<15>> and receive 11 points.
You press <<23>> and receive 13 points.
You press <<4>> and receive 75 points.
You press <<5>> and receive 58 points.
You press <<3>> and receive 82 points.

Environment number 9:
The value of option 23 is 72. You have 10 choices to make in this environment.
You press <<22>> and receive 69 points.
You press <<24>> and receive 66 points.
You press <<12>> and receive 44 points.
You press <<4>> and receive 62 points.
You press <<5>> and receive 54 points.
You press <<17>> and receive 3 points.
You press <<27>> and receive 29 points.
You press <<9>> and receive 66 points.
You press <<10>> and receive 68 points.
You press <<8>> and receive 59 points.

Environment number 10:
The value of option 25 is 10. You have 10 choices to make in this environment.
You press <<15>> and receive 52 points.
You press <<7>> and receive 35 points.
You press <<2>> and receive 7 points.
You press <<14>> and receive 75 points.
You press <<13>> and receive 74 points.
You press <<16>> and receive 22 points.
You press <<22>> and receive 12 points.
You press <<11>> and receive 44 points.
You press <<12>> and receive 58 points.
You press <<10>> and receive 37 points.

Environment number 11:
The value of option 10 is 31. You have 10 choices to make in this environment.
You press <<19>> and receive 0 points.
You press <<4>> and receive 32 points.
You press <<2>> and receive 37 points.
You press <<3>> and receive 29 points.
You press <<15>> and receive 20 points.
You press <<22>> and receive 66 points.
You press <<23>> and receive 53 points.
You press <<21>> and receive 36 points.
You press <<11>> and receive 17 points.
You press <<26>> and receive 12 points.

Environment number 12:
The value of option 10 is 30. You have 10 choices to make in this environment.
You press <<15>> and receive 44 points.
You press <<18>> and receive 62 points.
You press <<17>> and receive 54 points.
You press <<19>> and receive 71 points.
You press <<20>> and receive 82 points.
You press <<",20
12,36,7,22,0,smooth,10,10,30,75,"You will be presented with a series of 16 different environments to explore.
In each trial, you can select an option between numbers 1 and 30 by pressing the corresponding key.
By selecting any of these options, you will earn points associated with each unique option.
Imagine these options 1 through 30 as lying next to each other in an ordered line; options closer to each other tend to have similar rewards as rewards tend to cluster together.
For each environment, you will be able to make either 5 or 10 choices.
When you made all your choices in a given environment, you will start making choices in the next unexplored environment.
The rewards underlying the different options are different in each environment so you will learn them anew for each environment.
Each environment starts with the value of a single option revealed.
When you choose the number corresponding to a different option, you will be told the value of that option and receive those points.
Previously revealed options, including the starting option, can also be reselected, although there may be small changes in the point value.
It is your task to gain as many points as possible across all 16 environments.

Environment number 1:
The value of option 19 is 75. You have 5 choices to make in this environment.
You press <<18>> and receive 70 points.
You press <<20>> and receive 67 points.
You press <<17>> and receive 50 points.
You press <<11>> and receive 10 points.
You press <<26>> and receive 23 points.

Environment number 2:
The value of option 8 is 43. You have 5 choices to make in this environment.
You press <<20>> and receive 2 points.
You press <<29>> and receive 34 points.
You press <<3>> and receive 59 points.
You press <<15>> and receive 76 points.
You press <<16>> and receive 61 points.

Environment number 3:
The value of option 2 is 3. You have 5 choices to make in this environment.
You press <<15>> and receive 70 points.
You press <<14>> and receive 65 points.
You press <<16>> and receive 61 points.
You press <<9>> and receive 3 points.
You press <<24>> and receive 28 points.

Environment number 4:
The value of option 7 is 1. You have 10 choices to make in this environment.
You press <<13>> and receive 22 points.
You press <<18>> and receive 41 points.
You press <<24>> and receive 37 points.
You press <<19>> and receive 57 points.
You press <<17>> and receive 29 points.
You press <<20>> and receive 64 points.
You press <<21>> and receive 63 points.
You press <<22>> and receive 57 points.
You press <<16>> and receive 17 points.
You press <<12>> and receive 28 points.

Environment number 5:
The value of option 4 is 51. You have 10 choices to make in this environment.
You press <<5>> and receive 47 points.
You press <<3>> and receive 48 points.
You press <<13>> and receive 48 points.
You press <<12>> and receive 59 points.
You press <<11>> and receive 54 points.
You press <<21>> and receive 21 points.
You press <<28>> and receive 31 points.
You press <<17>> and receive 75 points.
You press <<18>> and receive 85 points.
You press <<19>> and receive 76 points.

Environment number 6:
The value of option 3 is 65. You have 5 choices to make in this environment.
You press <<12>> and receive 46 points.
You press <<21>> and receive 83 points.
You press <<22>> and receive 82 points.
You press <<20>> and receive 79 points.
You press <<23>> and receive 76 points.

Environment number 7:
The value of option 7 is 59. You have 10 choices to make in this environment.
You press <<6>> and receive 40 points.
You press <<8>> and receive 76 points.
You press <<9>> and receive 73 points.
You press <<18>> and receive 72 points.
You press <<17>> and receive 45 points.
You press <<19>> and receive 78 points.
You press <<20>> and receive 68 points.
You press <<12>> and receive 19 points.
You press <<24>> and receive 25 points.
You press <<29>> and receive 48 points.

Environment number 8:
The value of option 9 is 46. You have 5 choices to make in this environment.
You press <<15>> and receive 11 points.
You press <<23>> and receive 13 points.
You press <<4>> and receive 75 points.
You press <<5>> and receive 58 points.
You press <<3>> and receive 82 points.

Environment number 9:
The value of option 23 is 72. You have 10 choices to make in this environment.
You press <<22>> and receive 69 points.
You press <<24>> and receive 66 points.
You press <<12>> and receive 44 points.
You press <<4>> and receive 62 points.
You press <<5>> and receive 54 points.
You press <<17>> and receive 3 points.
You press <<27>> and receive 29 points.
You press <<9>> and receive 66 points.
You press <<10>> and receive 68 points.
You press <<8>> and receive 59 points.

Environment number 10:
The value of option 25 is 10. You have 10 choices to make in this environment.
You press <<15>> and receive 52 points.
You press <<7>> and receive 35 points.
You press <<2>> and receive 7 points.
You press <<14>> and receive 75 points.
You press <<13>> and receive 74 points.
You press <<16>> and receive 22 points.
You press <<22>> and receive 12 points.
You press <<11>> and receive 44 points.
You press <<12>> and receive 58 points.
You press <<10>> and receive 37 points.

Environment number 11:
The value of option 10 is 31. You have 10 choices to make in this environment.
You press <<19>> and receive 0 points.
You press <<4>> and receive 32 points.
You press <<2>> and receive 37 points.
You press <<3>> and receive 29 points.
You press <<15>> and receive 20 points.
You press <<22>> and receive 66 points.
You press <<23>> and receive 53 points.
You press <<21>> and receive 36 points.
You press <<11>> and receive 17 points.
You press <<26>> and receive 12 points.

Environment number 12:
The value of option 10 is 30. You have 10 choices to make in this environment.
You press <<15>> and receive 44 points.
You press <<18>> and receive 62 points.
You press <<17>> and receive 54 points.
You press <<19>> and receive 71 points.
You press <<20>> and receive 82 points.
You press <<21>> and receive 85 points.
You press <<",20
12,36,8,7,0,smooth,10,10,30,45,"You will be presented with a series of 16 different environments to explore.
In each trial, you can select an option between numbers 1 and 30 by pressing the corresponding key.
By selecting any of these options, you will earn points associated with each unique option.
Imagine these options 1 through 30 as lying next to each other in an ordered line; options closer to each other tend to have similar rewards as rewards tend to cluster together.
For each environment, you will be able to make either 5 or 10 choices.
When you made all your choices in a given environment, you will start making choices in the next unexplored environment.
The rewards underlying the different options are different in each environment so you will learn them anew for each environment.
Each environment starts with the value of a single option revealed.
When you choose the number corresponding to a different option, you will be told the value of that option and receive those points.
Previously revealed options, including the starting option, can also be reselected, although there may be small changes in the point value.
It is your task to gain as many points as possible across all 16 environments.

Environment number 1:
The value of option 19 is 75. You have 5 choices to make in this environment.
You press <<18>> and receive 70 points.
You press <<20>> and receive 67 points.
You press <<17>> and receive 50 points.
You press <<11>> and receive 10 points.
You press <<26>> and receive 23 points.

Environment number 2:
The value of option 8 is 43. You have 5 choices to make in this environment.
You press <<20>> and receive 2 points.
You press <<29>> and receive 34 points.
You press <<3>> and receive 59 points.
You press <<15>> and receive 76 points.
You press <<16>> and receive 61 points.

Environment number 3:
The value of option 2 is 3. You have 5 choices to make in this environment.
You press <<15>> and receive 70 points.
You press <<14>> and receive 65 points.
You press <<16>> and receive 61 points.
You press <<9>> and receive 3 points.
You press <<24>> and receive 28 points.

Environment number 4:
The value of option 7 is 1. You have 10 choices to make in this environment.
You press <<13>> and receive 22 points.
You press <<18>> and receive 41 points.
You press <<24>> and receive 37 points.
You press <<19>> and receive 57 points.
You press <<17>> and receive 29 points.
You press <<20>> and receive 64 points.
You press <<21>> and receive 63 points.
You press <<22>> and receive 57 points.
You press <<16>> and receive 17 points.
You press <<12>> and receive 28 points.

Environment number 5:
The value of option 4 is 51. You have 10 choices to make in this environment.
You press <<5>> and receive 47 points.
You press <<3>> and receive 48 points.
You press <<13>> and receive 48 points.
You press <<12>> and receive 59 points.
You press <<11>> and receive 54 points.
You press <<21>> and receive 21 points.
You press <<28>> and receive 31 points.
You press <<17>> and receive 75 points.
You press <<18>> and receive 85 points.
You press <<19>> and receive 76 points.

Environment number 6:
The value of option 3 is 65. You have 5 choices to make in this environment.
You press <<12>> and receive 46 points.
You press <<21>> and receive 83 points.
You press <<22>> and receive 82 points.
You press <<20>> and receive 79 points.
You press <<23>> and receive 76 points.

Environment number 7:
The value of option 7 is 59. You have 10 choices to make in this environment.
You press <<6>> and receive 40 points.
You press <<8>> and receive 76 points.
You press <<9>> and receive 73 points.
You press <<18>> and receive 72 points.
You press <<17>> and receive 45 points.
You press <<19>> and receive 78 points.
You press <<20>> and receive 68 points.
You press <<12>> and receive 19 points.
You press <<24>> and receive 25 points.
You press <<29>> and receive 48 points.

Environment number 8:
The value of option 9 is 46. You have 5 choices to make in this environment.
You press <<15>> and receive 11 points.
You press <<23>> and receive 13 points.
You press <<4>> and receive 75 points.
You press <<5>> and receive 58 points.
You press <<3>> and receive 82 points.

Environment number 9:
The value of option 23 is 72. You have 10 choices to make in this environment.
You press <<22>> and receive 69 points.
You press <<24>> and receive 66 points.
You press <<12>> and receive 44 points.
You press <<4>> and receive 62 points.
You press <<5>> and receive 54 points.
You press <<17>> and receive 3 points.
You press <<27>> and receive 29 points.
You press <<9>> and receive 66 points.
You press <<10>> and receive 68 points.
You press <<8>> and receive 59 points.

Environment number 10:
The value of option 25 is 10. You have 10 choices to make in this environment.
You press <<15>> and receive 52 points.
You press <<7>> and receive 35 points.
You press <<2>> and receive 7 points.
You press <<14>> and receive 75 points.
You press <<13>> and receive 74 points.
You press <<16>> and receive 22 points.
You press <<22>> and receive 12 points.
You press <<11>> and receive 44 points.
You press <<12>> and receive 58 points.
You press <<10>> and receive 37 points.

Environment number 11:
The value of option 10 is 31. You have 10 choices to make in this environment.
You press <<19>> and receive 0 points.
You press <<4>> and receive 32 points.
You press <<2>> and receive 37 points.
You press <<3>> and receive 29 points.
You press <<15>> and receive 20 points.
You press <<22>> and receive 66 points.
You press <<23>> and receive 53 points.
You press <<21>> and receive 36 points.
You press <<11>> and receive 17 points.
You press <<26>> and receive 12 points.

Environment number 12:
The value of option 10 is 30. You have 10 choices to make in this environment.
You press <<15>> and receive 44 points.
You press <<18>> and receive 62 points.
You press <<17>> and receive 54 points.
You press <<19>> and receive 71 points.
You press <<20>> and receive 82 points.
You press <<21>> and receive 85 points.
You press <<22>> and receive 75 points.
You press <<",20
12,36,9,4,0,smooth,10,10,30,19,"You will be presented with a series of 16 different environments to explore.
In each trial, you can select an option between numbers 1 and 30 by pressing the corresponding key.
By selecting any of these options, you will earn points associated with each unique option.
Imagine these options 1 through 30 as lying next to each other in an ordered line; options closer to each other tend to have similar rewards as rewards tend to cluster together.
For each environment, you will be able to make either 5 or 10 choices.
When you made all your choices in a given environment, you will start making choices in the next unexplored environment.
The rewards underlying the different options are different in each environment so you will learn them anew for each environment.
Each environment starts with the value of a single option revealed.
When you choose the number corresponding to a different option, you will be told the value of that option and receive those points.
Previously revealed options, including the starting option, can also be reselected, although there may be small changes in the point value.
It is your task to gain as many points as possible across all 16 environments.

Environment number 1:
The value of option 19 is 75. You have 5 choices to make in this environment.
You press <<18>> and receive 70 points.
You press <<20>> and receive 67 points.
You press <<17>> and receive 50 points.
You press <<11>> and receive 10 points.
You press <<26>> and receive 23 points.

Environment number 2:
The value of option 8 is 43. You have 5 choices to make in this environment.
You press <<20>> and receive 2 points.
You press <<29>> and receive 34 points.
You press <<3>> and receive 59 points.
You press <<15>> and receive 76 points.
You press <<16>> and receive 61 points.

Environment number 3:
The value of option 2 is 3. You have 5 choices to make in this environment.
You press <<15>> and receive 70 points.
You press <<14>> and receive 65 points.
You press <<16>> and receive 61 points.
You press <<9>> and receive 3 points.
You press <<24>> and receive 28 points.

Environment number 4:
The value of option 7 is 1. You have 10 choices to make in this environment.
You press <<13>> and receive 22 points.
You press <<18>> and receive 41 points.
You press <<24>> and receive 37 points.
You press <<19>> and receive 57 points.
You press <<17>> and receive 29 points.
You press <<20>> and receive 64 points.
You press <<21>> and receive 63 points.
You press <<22>> and receive 57 points.
You press <<16>> and receive 17 points.
You press <<12>> and receive 28 points.

Environment number 5:
The value of option 4 is 51. You have 10 choices to make in this environment.
You press <<5>> and receive 47 points.
You press <<3>> and receive 48 points.
You press <<13>> and receive 48 points.
You press <<12>> and receive 59 points.
You press <<11>> and receive 54 points.
You press <<21>> and receive 21 points.
You press <<28>> and receive 31 points.
You press <<17>> and receive 75 points.
You press <<18>> and receive 85 points.
You press <<19>> and receive 76 points.

Environment number 6:
The value of option 3 is 65. You have 5 choices to make in this environment.
You press <<12>> and receive 46 points.
You press <<21>> and receive 83 points.
You press <<22>> and receive 82 points.
You press <<20>> and receive 79 points.
You press <<23>> and receive 76 points.

Environment number 7:
The value of option 7 is 59. You have 10 choices to make in this environment.
You press <<6>> and receive 40 points.
You press <<8>> and receive 76 points.
You press <<9>> and receive 73 points.
You press <<18>> and receive 72 points.
You press <<17>> and receive 45 points.
You press <<19>> and receive 78 points.
You press <<20>> and receive 68 points.
You press <<12>> and receive 19 points.
You press <<24>> and receive 25 points.
You press <<29>> and receive 48 points.

Environment number 8:
The value of option 9 is 46. You have 5 choices to make in this environment.
You press <<15>> and receive 11 points.
You press <<23>> and receive 13 points.
You press <<4>> and receive 75 points.
You press <<5>> and receive 58 points.
You press <<3>> and receive 82 points.

Environment number 9:
The value of option 23 is 72. You have 10 choices to make in this environment.
You press <<22>> and receive 69 points.
You press <<24>> and receive 66 points.
You press <<12>> and receive 44 points.
You press <<4>> and receive 62 points.
You press <<5>> and receive 54 points.
You press <<17>> and receive 3 points.
You press <<27>> and receive 29 points.
You press <<9>> and receive 66 points.
You press <<10>> and receive 68 points.
You press <<8>> and receive 59 points.

Environment number 10:
The value of option 25 is 10. You have 10 choices to make in this environment.
You press <<15>> and receive 52 points.
You press <<7>> and receive 35 points.
You press <<2>> and receive 7 points.
You press <<14>> and receive 75 points.
You press <<13>> and receive 74 points.
You press <<16>> and receive 22 points.
You press <<22>> and receive 12 points.
You press <<11>> and receive 44 points.
You press <<12>> and receive 58 points.
You press <<10>> and receive 37 points.

Environment number 11:
The value of option 10 is 31. You have 10 choices to make in this environment.
You press <<19>> and receive 0 points.
You press <<4>> and receive 32 points.
You press <<2>> and receive 37 points.
You press <<3>> and receive 29 points.
You press <<15>> and receive 20 points.
You press <<22>> and receive 66 points.
You press <<23>> and receive 53 points.
You press <<21>> and receive 36 points.
You press <<11>> and receive 17 points.
You press <<26>> and receive 12 points.

Environment number 12:
The value of option 10 is 30. You have 10 choices to make in this environment.
You press <<15>> and receive 44 points.
You press <<18>> and receive 62 points.
You press <<17>> and receive 54 points.
You press <<19>> and receive 71 points.
You press <<20>> and receive 82 points.
You press <<21>> and receive 85 points.
You press <<22>> and receive 75 points.
You press <<7>> and receive 45 points.
You press <<",20
12,36,10,27,0,smooth,10,10,30,38,"You will be presented with a series of 16 different environments to explore.
In each trial, you can select an option between numbers 1 and 30 by pressing the corresponding key.
By selecting any of these options, you will earn points associated with each unique option.
Imagine these options 1 through 30 as lying next to each other in an ordered line; options closer to each other tend to have similar rewards as rewards tend to cluster together.
For each environment, you will be able to make either 5 or 10 choices.
When you made all your choices in a given environment, you will start making choices in the next unexplored environment.
The rewards underlying the different options are different in each environment so you will learn them anew for each environment.
Each environment starts with the value of a single option revealed.
When you choose the number corresponding to a different option, you will be told the value of that option and receive those points.
Previously revealed options, including the starting option, can also be reselected, although there may be small changes in the point value.
It is your task to gain as many points as possible across all 16 environments.

Environment number 1:
The value of option 19 is 75. You have 5 choices to make in this environment.
You press <<18>> and receive 70 points.
You press <<20>> and receive 67 points.
You press <<17>> and receive 50 points.
You press <<11>> and receive 10 points.
You press <<26>> and receive 23 points.

Environment number 2:
The value of option 8 is 43. You have 5 choices to make in this environment.
You press <<20>> and receive 2 points.
You press <<29>> and receive 34 points.
You press <<3>> and receive 59 points.
You press <<15>> and receive 76 points.
You press <<16>> and receive 61 points.

Environment number 3:
The value of option 2 is 3. You have 5 choices to make in this environment.
You press <<15>> and receive 70 points.
You press <<14>> and receive 65 points.
You press <<16>> and receive 61 points.
You press <<9>> and receive 3 points.
You press <<24>> and receive 28 points.

Environment number 4:
The value of option 7 is 1. You have 10 choices to make in this environment.
You press <<13>> and receive 22 points.
You press <<18>> and receive 41 points.
You press <<24>> and receive 37 points.
You press <<19>> and receive 57 points.
You press <<17>> and receive 29 points.
You press <<20>> and receive 64 points.
You press <<21>> and receive 63 points.
You press <<22>> and receive 57 points.
You press <<16>> and receive 17 points.
You press <<12>> and receive 28 points.

Environment number 5:
The value of option 4 is 51. You have 10 choices to make in this environment.
You press <<5>> and receive 47 points.
You press <<3>> and receive 48 points.
You press <<13>> and receive 48 points.
You press <<12>> and receive 59 points.
You press <<11>> and receive 54 points.
You press <<21>> and receive 21 points.
You press <<28>> and receive 31 points.
You press <<17>> and receive 75 points.
You press <<18>> and receive 85 points.
You press <<19>> and receive 76 points.

Environment number 6:
The value of option 3 is 65. You have 5 choices to make in this environment.
You press <<12>> and receive 46 points.
You press <<21>> and receive 83 points.
You press <<22>> and receive 82 points.
You press <<20>> and receive 79 points.
You press <<23>> and receive 76 points.

Environment number 7:
The value of option 7 is 59. You have 10 choices to make in this environment.
You press <<6>> and receive 40 points.
You press <<8>> and receive 76 points.
You press <<9>> and receive 73 points.
You press <<18>> and receive 72 points.
You press <<17>> and receive 45 points.
You press <<19>> and receive 78 points.
You press <<20>> and receive 68 points.
You press <<12>> and receive 19 points.
You press <<24>> and receive 25 points.
You press <<29>> and receive 48 points.

Environment number 8:
The value of option 9 is 46. You have 5 choices to make in this environment.
You press <<15>> and receive 11 points.
You press <<23>> and receive 13 points.
You press <<4>> and receive 75 points.
You press <<5>> and receive 58 points.
You press <<3>> and receive 82 points.

Environment number 9:
The value of option 23 is 72. You have 10 choices to make in this environment.
You press <<22>> and receive 69 points.
You press <<24>> and receive 66 points.
You press <<12>> and receive 44 points.
You press <<4>> and receive 62 points.
You press <<5>> and receive 54 points.
You press <<17>> and receive 3 points.
You press <<27>> and receive 29 points.
You press <<9>> and receive 66 points.
You press <<10>> and receive 68 points.
You press <<8>> and receive 59 points.

Environment number 10:
The value of option 25 is 10. You have 10 choices to make in this environment.
You press <<15>> and receive 52 points.
You press <<7>> and receive 35 points.
You press <<2>> and receive 7 points.
You press <<14>> and receive 75 points.
You press <<13>> and receive 74 points.
You press <<16>> and receive 22 points.
You press <<22>> and receive 12 points.
You press <<11>> and receive 44 points.
You press <<12>> and receive 58 points.
You press <<10>> and receive 37 points.

Environment number 11:
The value of option 10 is 31. You have 10 choices to make in this environment.
You press <<19>> and receive 0 points.
You press <<4>> and receive 32 points.
You press <<2>> and receive 37 points.
You press <<3>> and receive 29 points.
You press <<15>> and receive 20 points.
You press <<22>> and receive 66 points.
You press <<23>> and receive 53 points.
You press <<21>> and receive 36 points.
You press <<11>> and receive 17 points.
You press <<26>> and receive 12 points.

Environment number 12:
The value of option 10 is 30. You have 10 choices to make in this environment.
You press <<15>> and receive 44 points.
You press <<18>> and receive 62 points.
You press <<17>> and receive 54 points.
You press <<19>> and receive 71 points.
You press <<20>> and receive 82 points.
You press <<21>> and receive 85 points.
You press <<22>> and receive 75 points.
You press <<7>> and receive 45 points.
You press <<4>> and receive 19 points.
You press <<",20
13,16,1,22,0,smooth,23,10,52,59,"You will be presented with a series of 16 different environments to explore.
In each trial, you can select an option between numbers 1 and 30 by pressing the corresponding key.
By selecting any of these options, you will earn points associated with each unique option.
Imagine these options 1 through 30 as lying next to each other in an ordered line; options closer to each other tend to have similar rewards as rewards tend to cluster together.
For each environment, you will be able to make either 5 or 10 choices.
When you made all your choices in a given environment, you will start making choices in the next unexplored environment.
The rewards underlying the different options are different in each environment so you will learn them anew for each environment.
Each environment starts with the value of a single option revealed.
When you choose the number corresponding to a different option, you will be told the value of that option and receive those points.
Previously revealed options, including the starting option, can also be reselected, although there may be small changes in the point value.
It is your task to gain as many points as possible across all 16 environments.

Environment number 1:
The value of option 19 is 75. You have 5 choices to make in this environment.
You press <<18>> and receive 70 points.
You press <<20>> and receive 67 points.
You press <<17>> and receive 50 points.
You press <<11>> and receive 10 points.
You press <<26>> and receive 23 points.

Environment number 2:
The value of option 8 is 43. You have 5 choices to make in this environment.
You press <<20>> and receive 2 points.
You press <<29>> and receive 34 points.
You press <<3>> and receive 59 points.
You press <<15>> and receive 76 points.
You press <<16>> and receive 61 points.

Environment number 3:
The value of option 2 is 3. You have 5 choices to make in this environment.
You press <<15>> and receive 70 points.
You press <<14>> and receive 65 points.
You press <<16>> and receive 61 points.
You press <<9>> and receive 3 points.
You press <<24>> and receive 28 points.

Environment number 4:
The value of option 7 is 1. You have 10 choices to make in this environment.
You press <<13>> and receive 22 points.
You press <<18>> and receive 41 points.
You press <<24>> and receive 37 points.
You press <<19>> and receive 57 points.
You press <<17>> and receive 29 points.
You press <<20>> and receive 64 points.
You press <<21>> and receive 63 points.
You press <<22>> and receive 57 points.
You press <<16>> and receive 17 points.
You press <<12>> and receive 28 points.

Environment number 5:
The value of option 4 is 51. You have 10 choices to make in this environment.
You press <<5>> and receive 47 points.
You press <<3>> and receive 48 points.
You press <<13>> and receive 48 points.
You press <<12>> and receive 59 points.
You press <<11>> and receive 54 points.
You press <<21>> and receive 21 points.
You press <<28>> and receive 31 points.
You press <<17>> and receive 75 points.
You press <<18>> and receive 85 points.
You press <<19>> and receive 76 points.

Environment number 6:
The value of option 3 is 65. You have 5 choices to make in this environment.
You press <<12>> and receive 46 points.
You press <<21>> and receive 83 points.
You press <<22>> and receive 82 points.
You press <<20>> and receive 79 points.
You press <<23>> and receive 76 points.

Environment number 7:
The value of option 7 is 59. You have 10 choices to make in this environment.
You press <<6>> and receive 40 points.
You press <<8>> and receive 76 points.
You press <<9>> and receive 73 points.
You press <<18>> and receive 72 points.
You press <<17>> and receive 45 points.
You press <<19>> and receive 78 points.
You press <<20>> and receive 68 points.
You press <<12>> and receive 19 points.
You press <<24>> and receive 25 points.
You press <<29>> and receive 48 points.

Environment number 8:
The value of option 9 is 46. You have 5 choices to make in this environment.
You press <<15>> and receive 11 points.
You press <<23>> and receive 13 points.
You press <<4>> and receive 75 points.
You press <<5>> and receive 58 points.
You press <<3>> and receive 82 points.

Environment number 9:
The value of option 23 is 72. You have 10 choices to make in this environment.
You press <<22>> and receive 69 points.
You press <<24>> and receive 66 points.
You press <<12>> and receive 44 points.
You press <<4>> and receive 62 points.
You press <<5>> and receive 54 points.
You press <<17>> and receive 3 points.
You press <<27>> and receive 29 points.
You press <<9>> and receive 66 points.
You press <<10>> and receive 68 points.
You press <<8>> and receive 59 points.

Environment number 10:
The value of option 25 is 10. You have 10 choices to make in this environment.
You press <<15>> and receive 52 points.
You press <<7>> and receive 35 points.
You press <<2>> and receive 7 points.
You press <<14>> and receive 75 points.
You press <<13>> and receive 74 points.
You press <<16>> and receive 22 points.
You press <<22>> and receive 12 points.
You press <<11>> and receive 44 points.
You press <<12>> and receive 58 points.
You press <<10>> and receive 37 points.

Environment number 11:
The value of option 10 is 31. You have 10 choices to make in this environment.
You press <<19>> and receive 0 points.
You press <<4>> and receive 32 points.
You press <<2>> and receive 37 points.
You press <<3>> and receive 29 points.
You press <<15>> and receive 20 points.
You press <<22>> and receive 66 points.
You press <<23>> and receive 53 points.
You press <<21>> and receive 36 points.
You press <<11>> and receive 17 points.
You press <<26>> and receive 12 points.

Environment number 12:
The value of option 10 is 30. You have 10 choices to make in this environment.
You press <<15>> and receive 44 points.
You press <<18>> and receive 62 points.
You press <<17>> and receive 54 points.
You press <<19>> and receive 71 points.
You press <<20>> and receive 82 points.
You press <<21>> and receive 85 points.
You press <<22>> and receive 75 points.
You press <<7>> and receive 45 points.
You press <<4>> and receive 19 points.
You press <<27>> and receive 38 points.

Environment number 13:
The value of option 23 is 52. You have 10 choices to make in this environment.
You press <<",20
13,16,2,24,0,smooth,23,10,52,37,"You will be presented with a series of 16 different environments to explore.
In each trial, you can select an option between numbers 1 and 30 by pressing the corresponding key.
By selecting any of these options, you will earn points associated with each unique option.
Imagine these options 1 through 30 as lying next to each other in an ordered line; options closer to each other tend to have similar rewards as rewards tend to cluster together.
For each environment, you will be able to make either 5 or 10 choices.
When you made all your choices in a given environment, you will start making choices in the next unexplored environment.
The rewards underlying the different options are different in each environment so you will learn them anew for each environment.
Each environment starts with the value of a single option revealed.
When you choose the number corresponding to a different option, you will be told the value of that option and receive those points.
Previously revealed options, including the starting option, can also be reselected, although there may be small changes in the point value.
It is your task to gain as many points as possible across all 16 environments.

Environment number 1:
The value of option 19 is 75. You have 5 choices to make in this environment.
You press <<18>> and receive 70 points.
You press <<20>> and receive 67 points.
You press <<17>> and receive 50 points.
You press <<11>> and receive 10 points.
You press <<26>> and receive 23 points.

Environment number 2:
The value of option 8 is 43. You have 5 choices to make in this environment.
You press <<20>> and receive 2 points.
You press <<29>> and receive 34 points.
You press <<3>> and receive 59 points.
You press <<15>> and receive 76 points.
You press <<16>> and receive 61 points.

Environment number 3:
The value of option 2 is 3. You have 5 choices to make in this environment.
You press <<15>> and receive 70 points.
You press <<14>> and receive 65 points.
You press <<16>> and receive 61 points.
You press <<9>> and receive 3 points.
You press <<24>> and receive 28 points.

Environment number 4:
The value of option 7 is 1. You have 10 choices to make in this environment.
You press <<13>> and receive 22 points.
You press <<18>> and receive 41 points.
You press <<24>> and receive 37 points.
You press <<19>> and receive 57 points.
You press <<17>> and receive 29 points.
You press <<20>> and receive 64 points.
You press <<21>> and receive 63 points.
You press <<22>> and receive 57 points.
You press <<16>> and receive 17 points.
You press <<12>> and receive 28 points.

Environment number 5:
The value of option 4 is 51. You have 10 choices to make in this environment.
You press <<5>> and receive 47 points.
You press <<3>> and receive 48 points.
You press <<13>> and receive 48 points.
You press <<12>> and receive 59 points.
You press <<11>> and receive 54 points.
You press <<21>> and receive 21 points.
You press <<28>> and receive 31 points.
You press <<17>> and receive 75 points.
You press <<18>> and receive 85 points.
You press <<19>> and receive 76 points.

Environment number 6:
The value of option 3 is 65. You have 5 choices to make in this environment.
You press <<12>> and receive 46 points.
You press <<21>> and receive 83 points.
You press <<22>> and receive 82 points.
You press <<20>> and receive 79 points.
You press <<23>> and receive 76 points.

Environment number 7:
The value of option 7 is 59. You have 10 choices to make in this environment.
You press <<6>> and receive 40 points.
You press <<8>> and receive 76 points.
You press <<9>> and receive 73 points.
You press <<18>> and receive 72 points.
You press <<17>> and receive 45 points.
You press <<19>> and receive 78 points.
You press <<20>> and receive 68 points.
You press <<12>> and receive 19 points.
You press <<24>> and receive 25 points.
You press <<29>> and receive 48 points.

Environment number 8:
The value of option 9 is 46. You have 5 choices to make in this environment.
You press <<15>> and receive 11 points.
You press <<23>> and receive 13 points.
You press <<4>> and receive 75 points.
You press <<5>> and receive 58 points.
You press <<3>> and receive 82 points.

Environment number 9:
The value of option 23 is 72. You have 10 choices to make in this environment.
You press <<22>> and receive 69 points.
You press <<24>> and receive 66 points.
You press <<12>> and receive 44 points.
You press <<4>> and receive 62 points.
You press <<5>> and receive 54 points.
You press <<17>> and receive 3 points.
You press <<27>> and receive 29 points.
You press <<9>> and receive 66 points.
You press <<10>> and receive 68 points.
You press <<8>> and receive 59 points.

Environment number 10:
The value of option 25 is 10. You have 10 choices to make in this environment.
You press <<15>> and receive 52 points.
You press <<7>> and receive 35 points.
You press <<2>> and receive 7 points.
You press <<14>> and receive 75 points.
You press <<13>> and receive 74 points.
You press <<16>> and receive 22 points.
You press <<22>> and receive 12 points.
You press <<11>> and receive 44 points.
You press <<12>> and receive 58 points.
You press <<10>> and receive 37 points.

Environment number 11:
The value of option 10 is 31. You have 10 choices to make in this environment.
You press <<19>> and receive 0 points.
You press <<4>> and receive 32 points.
You press <<2>> and receive 37 points.
You press <<3>> and receive 29 points.
You press <<15>> and receive 20 points.
You press <<22>> and receive 66 points.
You press <<23>> and receive 53 points.
You press <<21>> and receive 36 points.
You press <<11>> and receive 17 points.
You press <<26>> and receive 12 points.

Environment number 12:
The value of option 10 is 30. You have 10 choices to make in this environment.
You press <<15>> and receive 44 points.
You press <<18>> and receive 62 points.
You press <<17>> and receive 54 points.
You press <<19>> and receive 71 points.
You press <<20>> and receive 82 points.
You press <<21>> and receive 85 points.
You press <<22>> and receive 75 points.
You press <<7>> and receive 45 points.
You press <<4>> and receive 19 points.
You press <<27>> and receive 38 points.

Environment number 13:
The value of option 23 is 52. You have 10 choices to make in this environment.
You press <<22>> and receive 59 points.
You press <<",20
13,16,3,13,0,smooth,23,10,52,41,"You will be presented with a series of 16 different environments to explore.
In each trial, you can select an option between numbers 1 and 30 by pressing the corresponding key.
By selecting any of these options, you will earn points associated with each unique option.
Imagine these options 1 through 30 as lying next to each other in an ordered line; options closer to each other tend to have similar rewards as rewards tend to cluster together.
For each environment, you will be able to make either 5 or 10 choices.
When you made all your choices in a given environment, you will start making choices in the next unexplored environment.
The rewards underlying the different options are different in each environment so you will learn them anew for each environment.
Each environment starts with the value of a single option revealed.
When you choose the number corresponding to a different option, you will be told the value of that option and receive those points.
Previously revealed options, including the starting option, can also be reselected, although there may be small changes in the point value.
It is your task to gain as many points as possible across all 16 environments.

Environment number 1:
The value of option 19 is 75. You have 5 choices to make in this environment.
You press <<18>> and receive 70 points.
You press <<20>> and receive 67 points.
You press <<17>> and receive 50 points.
You press <<11>> and receive 10 points.
You press <<26>> and receive 23 points.

Environment number 2:
The value of option 8 is 43. You have 5 choices to make in this environment.
You press <<20>> and receive 2 points.
You press <<29>> and receive 34 points.
You press <<3>> and receive 59 points.
You press <<15>> and receive 76 points.
You press <<16>> and receive 61 points.

Environment number 3:
The value of option 2 is 3. You have 5 choices to make in this environment.
You press <<15>> and receive 70 points.
You press <<14>> and receive 65 points.
You press <<16>> and receive 61 points.
You press <<9>> and receive 3 points.
You press <<24>> and receive 28 points.

Environment number 4:
The value of option 7 is 1. You have 10 choices to make in this environment.
You press <<13>> and receive 22 points.
You press <<18>> and receive 41 points.
You press <<24>> and receive 37 points.
You press <<19>> and receive 57 points.
You press <<17>> and receive 29 points.
You press <<20>> and receive 64 points.
You press <<21>> and receive 63 points.
You press <<22>> and receive 57 points.
You press <<16>> and receive 17 points.
You press <<12>> and receive 28 points.

Environment number 5:
The value of option 4 is 51. You have 10 choices to make in this environment.
You press <<5>> and receive 47 points.
You press <<3>> and receive 48 points.
You press <<13>> and receive 48 points.
You press <<12>> and receive 59 points.
You press <<11>> and receive 54 points.
You press <<21>> and receive 21 points.
You press <<28>> and receive 31 points.
You press <<17>> and receive 75 points.
You press <<18>> and receive 85 points.
You press <<19>> and receive 76 points.

Environment number 6:
The value of option 3 is 65. You have 5 choices to make in this environment.
You press <<12>> and receive 46 points.
You press <<21>> and receive 83 points.
You press <<22>> and receive 82 points.
You press <<20>> and receive 79 points.
You press <<23>> and receive 76 points.

Environment number 7:
The value of option 7 is 59. You have 10 choices to make in this environment.
You press <<6>> and receive 40 points.
You press <<8>> and receive 76 points.
You press <<9>> and receive 73 points.
You press <<18>> and receive 72 points.
You press <<17>> and receive 45 points.
You press <<19>> and receive 78 points.
You press <<20>> and receive 68 points.
You press <<12>> and receive 19 points.
You press <<24>> and receive 25 points.
You press <<29>> and receive 48 points.

Environment number 8:
The value of option 9 is 46. You have 5 choices to make in this environment.
You press <<15>> and receive 11 points.
You press <<23>> and receive 13 points.
You press <<4>> and receive 75 points.
You press <<5>> and receive 58 points.
You press <<3>> and receive 82 points.

Environment number 9:
The value of option 23 is 72. You have 10 choices to make in this environment.
You press <<22>> and receive 69 points.
You press <<24>> and receive 66 points.
You press <<12>> and receive 44 points.
You press <<4>> and receive 62 points.
You press <<5>> and receive 54 points.
You press <<17>> and receive 3 points.
You press <<27>> and receive 29 points.
You press <<9>> and receive 66 points.
You press <<10>> and receive 68 points.
You press <<8>> and receive 59 points.

Environment number 10:
The value of option 25 is 10. You have 10 choices to make in this environment.
You press <<15>> and receive 52 points.
You press <<7>> and receive 35 points.
You press <<2>> and receive 7 points.
You press <<14>> and receive 75 points.
You press <<13>> and receive 74 points.
You press <<16>> and receive 22 points.
You press <<22>> and receive 12 points.
You press <<11>> and receive 44 points.
You press <<12>> and receive 58 points.
You press <<10>> and receive 37 points.

Environment number 11:
The value of option 10 is 31. You have 10 choices to make in this environment.
You press <<19>> and receive 0 points.
You press <<4>> and receive 32 points.
You press <<2>> and receive 37 points.
You press <<3>> and receive 29 points.
You press <<15>> and receive 20 points.
You press <<22>> and receive 66 points.
You press <<23>> and receive 53 points.
You press <<21>> and receive 36 points.
You press <<11>> and receive 17 points.
You press <<26>> and receive 12 points.

Environment number 12:
The value of option 10 is 30. You have 10 choices to make in this environment.
You press <<15>> and receive 44 points.
You press <<18>> and receive 62 points.
You press <<17>> and receive 54 points.
You press <<19>> and receive 71 points.
You press <<20>> and receive 82 points.
You press <<21>> and receive 85 points.
You press <<22>> and receive 75 points.
You press <<7>> and receive 45 points.
You press <<4>> and receive 19 points.
You press <<27>> and receive 38 points.

Environment number 13:
The value of option 23 is 52. You have 10 choices to make in this environment.
You press <<22>> and receive 59 points.
You press <<24>> and receive 37 points.
You press <<",20
13,16,4,8,0,smooth,23,10,52,52,"You will be presented with a series of 16 different environments to explore.
In each trial, you can select an option between numbers 1 and 30 by pressing the corresponding key.
By selecting any of these options, you will earn points associated with each unique option.
Imagine these options 1 through 30 as lying next to each other in an ordered line; options closer to each other tend to have similar rewards as rewards tend to cluster together.
For each environment, you will be able to make either 5 or 10 choices.
When you made all your choices in a given environment, you will start making choices in the next unexplored environment.
The rewards underlying the different options are different in each environment so you will learn them anew for each environment.
Each environment starts with the value of a single option revealed.
When you choose the number corresponding to a different option, you will be told the value of that option and receive those points.
Previously revealed options, including the starting option, can also be reselected, although there may be small changes in the point value.
It is your task to gain as many points as possible across all 16 environments.

Environment number 1:
The value of option 19 is 75. You have 5 choices to make in this environment.
You press <<18>> and receive 70 points.
You press <<20>> and receive 67 points.
You press <<17>> and receive 50 points.
You press <<11>> and receive 10 points.
You press <<26>> and receive 23 points.

Environment number 2:
The value of option 8 is 43. You have 5 choices to make in this environment.
You press <<20>> and receive 2 points.
You press <<29>> and receive 34 points.
You press <<3>> and receive 59 points.
You press <<15>> and receive 76 points.
You press <<16>> and receive 61 points.

Environment number 3:
The value of option 2 is 3. You have 5 choices to make in this environment.
You press <<15>> and receive 70 points.
You press <<14>> and receive 65 points.
You press <<16>> and receive 61 points.
You press <<9>> and receive 3 points.
You press <<24>> and receive 28 points.

Environment number 4:
The value of option 7 is 1. You have 10 choices to make in this environment.
You press <<13>> and receive 22 points.
You press <<18>> and receive 41 points.
You press <<24>> and receive 37 points.
You press <<19>> and receive 57 points.
You press <<17>> and receive 29 points.
You press <<20>> and receive 64 points.
You press <<21>> and receive 63 points.
You press <<22>> and receive 57 points.
You press <<16>> and receive 17 points.
You press <<12>> and receive 28 points.

Environment number 5:
The value of option 4 is 51. You have 10 choices to make in this environment.
You press <<5>> and receive 47 points.
You press <<3>> and receive 48 points.
You press <<13>> and receive 48 points.
You press <<12>> and receive 59 points.
You press <<11>> and receive 54 points.
You press <<21>> and receive 21 points.
You press <<28>> and receive 31 points.
You press <<17>> and receive 75 points.
You press <<18>> and receive 85 points.
You press <<19>> and receive 76 points.

Environment number 6:
The value of option 3 is 65. You have 5 choices to make in this environment.
You press <<12>> and receive 46 points.
You press <<21>> and receive 83 points.
You press <<22>> and receive 82 points.
You press <<20>> and receive 79 points.
You press <<23>> and receive 76 points.

Environment number 7:
The value of option 7 is 59. You have 10 choices to make in this environment.
You press <<6>> and receive 40 points.
You press <<8>> and receive 76 points.
You press <<9>> and receive 73 points.
You press <<18>> and receive 72 points.
You press <<17>> and receive 45 points.
You press <<19>> and receive 78 points.
You press <<20>> and receive 68 points.
You press <<12>> and receive 19 points.
You press <<24>> and receive 25 points.
You press <<29>> and receive 48 points.

Environment number 8:
The value of option 9 is 46. You have 5 choices to make in this environment.
You press <<15>> and receive 11 points.
You press <<23>> and receive 13 points.
You press <<4>> and receive 75 points.
You press <<5>> and receive 58 points.
You press <<3>> and receive 82 points.

Environment number 9:
The value of option 23 is 72. You have 10 choices to make in this environment.
You press <<22>> and receive 69 points.
You press <<24>> and receive 66 points.
You press <<12>> and receive 44 points.
You press <<4>> and receive 62 points.
You press <<5>> and receive 54 points.
You press <<17>> and receive 3 points.
You press <<27>> and receive 29 points.
You press <<9>> and receive 66 points.
You press <<10>> and receive 68 points.
You press <<8>> and receive 59 points.

Environment number 10:
The value of option 25 is 10. You have 10 choices to make in this environment.
You press <<15>> and receive 52 points.
You press <<7>> and receive 35 points.
You press <<2>> and receive 7 points.
You press <<14>> and receive 75 points.
You press <<13>> and receive 74 points.
You press <<16>> and receive 22 points.
You press <<22>> and receive 12 points.
You press <<11>> and receive 44 points.
You press <<12>> and receive 58 points.
You press <<10>> and receive 37 points.

Environment number 11:
The value of option 10 is 31. You have 10 choices to make in this environment.
You press <<19>> and receive 0 points.
You press <<4>> and receive 32 points.
You press <<2>> and receive 37 points.
You press <<3>> and receive 29 points.
You press <<15>> and receive 20 points.
You press <<22>> and receive 66 points.
You press <<23>> and receive 53 points.
You press <<21>> and receive 36 points.
You press <<11>> and receive 17 points.
You press <<26>> and receive 12 points.

Environment number 12:
The value of option 10 is 30. You have 10 choices to make in this environment.
You press <<15>> and receive 44 points.
You press <<18>> and receive 62 points.
You press <<17>> and receive 54 points.
You press <<19>> and receive 71 points.
You press <<20>> and receive 82 points.
You press <<21>> and receive 85 points.
You press <<22>> and receive 75 points.
You press <<7>> and receive 45 points.
You press <<4>> and receive 19 points.
You press <<27>> and receive 38 points.

Environment number 13:
The value of option 23 is 52. You have 10 choices to make in this environment.
You press <<22>> and receive 59 points.
You press <<24>> and receive 37 points.
You press <<13>> and receive 41 points.
You press <<",20
13,16,5,7,0,smooth,23,10,52,63,"You will be presented with a series of 16 different environments to explore.
In each trial, you can select an option between numbers 1 and 30 by pressing the corresponding key.
By selecting any of these options, you will earn points associated with each unique option.
Imagine these options 1 through 30 as lying next to each other in an ordered line; options closer to each other tend to have similar rewards as rewards tend to cluster together.
For each environment, you will be able to make either 5 or 10 choices.
When you made all your choices in a given environment, you will start making choices in the next unexplored environment.
The rewards underlying the different options are different in each environment so you will learn them anew for each environment.
Each environment starts with the value of a single option revealed.
When you choose the number corresponding to a different option, you will be told the value of that option and receive those points.
Previously revealed options, including the starting option, can also be reselected, although there may be small changes in the point value.
It is your task to gain as many points as possible across all 16 environments.

Environment number 1:
The value of option 19 is 75. You have 5 choices to make in this environment.
You press <<18>> and receive 70 points.
You press <<20>> and receive 67 points.
You press <<17>> and receive 50 points.
You press <<11>> and receive 10 points.
You press <<26>> and receive 23 points.

Environment number 2:
The value of option 8 is 43. You have 5 choices to make in this environment.
You press <<20>> and receive 2 points.
You press <<29>> and receive 34 points.
You press <<3>> and receive 59 points.
You press <<15>> and receive 76 points.
You press <<16>> and receive 61 points.

Environment number 3:
The value of option 2 is 3. You have 5 choices to make in this environment.
You press <<15>> and receive 70 points.
You press <<14>> and receive 65 points.
You press <<16>> and receive 61 points.
You press <<9>> and receive 3 points.
You press <<24>> and receive 28 points.

Environment number 4:
The value of option 7 is 1. You have 10 choices to make in this environment.
You press <<13>> and receive 22 points.
You press <<18>> and receive 41 points.
You press <<24>> and receive 37 points.
You press <<19>> and receive 57 points.
You press <<17>> and receive 29 points.
You press <<20>> and receive 64 points.
You press <<21>> and receive 63 points.
You press <<22>> and receive 57 points.
You press <<16>> and receive 17 points.
You press <<12>> and receive 28 points.

Environment number 5:
The value of option 4 is 51. You have 10 choices to make in this environment.
You press <<5>> and receive 47 points.
You press <<3>> and receive 48 points.
You press <<13>> and receive 48 points.
You press <<12>> and receive 59 points.
You press <<11>> and receive 54 points.
You press <<21>> and receive 21 points.
You press <<28>> and receive 31 points.
You press <<17>> and receive 75 points.
You press <<18>> and receive 85 points.
You press <<19>> and receive 76 points.

Environment number 6:
The value of option 3 is 65. You have 5 choices to make in this environment.
You press <<12>> and receive 46 points.
You press <<21>> and receive 83 points.
You press <<22>> and receive 82 points.
You press <<20>> and receive 79 points.
You press <<23>> and receive 76 points.

Environment number 7:
The value of option 7 is 59. You have 10 choices to make in this environment.
You press <<6>> and receive 40 points.
You press <<8>> and receive 76 points.
You press <<9>> and receive 73 points.
You press <<18>> and receive 72 points.
You press <<17>> and receive 45 points.
You press <<19>> and receive 78 points.
You press <<20>> and receive 68 points.
You press <<12>> and receive 19 points.
You press <<24>> and receive 25 points.
You press <<29>> and receive 48 points.

Environment number 8:
The value of option 9 is 46. You have 5 choices to make in this environment.
You press <<15>> and receive 11 points.
You press <<23>> and receive 13 points.
You press <<4>> and receive 75 points.
You press <<5>> and receive 58 points.
You press <<3>> and receive 82 points.

Environment number 9:
The value of option 23 is 72. You have 10 choices to make in this environment.
You press <<22>> and receive 69 points.
You press <<24>> and receive 66 points.
You press <<12>> and receive 44 points.
You press <<4>> and receive 62 points.
You press <<5>> and receive 54 points.
You press <<17>> and receive 3 points.
You press <<27>> and receive 29 points.
You press <<9>> and receive 66 points.
You press <<10>> and receive 68 points.
You press <<8>> and receive 59 points.

Environment number 10:
The value of option 25 is 10. You have 10 choices to make in this environment.
You press <<15>> and receive 52 points.
You press <<7>> and receive 35 points.
You press <<2>> and receive 7 points.
You press <<14>> and receive 75 points.
You press <<13>> and receive 74 points.
You press <<16>> and receive 22 points.
You press <<22>> and receive 12 points.
You press <<11>> and receive 44 points.
You press <<12>> and receive 58 points.
You press <<10>> and receive 37 points.

Environment number 11:
The value of option 10 is 31. You have 10 choices to make in this environment.
You press <<19>> and receive 0 points.
You press <<4>> and receive 32 points.
You press <<2>> and receive 37 points.
You press <<3>> and receive 29 points.
You press <<15>> and receive 20 points.
You press <<22>> and receive 66 points.
You press <<23>> and receive 53 points.
You press <<21>> and receive 36 points.
You press <<11>> and receive 17 points.
You press <<26>> and receive 12 points.

Environment number 12:
The value of option 10 is 30. You have 10 choices to make in this environment.
You press <<15>> and receive 44 points.
You press <<18>> and receive 62 points.
You press <<17>> and receive 54 points.
You press <<19>> and receive 71 points.
You press <<20>> and receive 82 points.
You press <<21>> and receive 85 points.
You press <<22>> and receive 75 points.
You press <<7>> and receive 45 points.
You press <<4>> and receive 19 points.
You press <<27>> and receive 38 points.

Environment number 13:
The value of option 23 is 52. You have 10 choices to make in this environment.
You press <<22>> and receive 59 points.
You press <<24>> and receive 37 points.
You press <<13>> and receive 41 points.
You press <<8>> and receive 52 points.
You press <<",20
13,16,6,6,0,smooth,23,10,52,67,"You will be presented with a series of 16 different environments to explore.
In each trial, you can select an option between numbers 1 and 30 by pressing the corresponding key.
By selecting any of these options, you will earn points associated with each unique option.
Imagine these options 1 through 30 as lying next to each other in an ordered line; options closer to each other tend to have similar rewards as rewards tend to cluster together.
For each environment, you will be able to make either 5 or 10 choices.
When you made all your choices in a given environment, you will start making choices in the next unexplored environment.
The rewards underlying the different options are different in each environment so you will learn them anew for each environment.
Each environment starts with the value of a single option revealed.
When you choose the number corresponding to a different option, you will be told the value of that option and receive those points.
Previously revealed options, including the starting option, can also be reselected, although there may be small changes in the point value.
It is your task to gain as many points as possible across all 16 environments.

Environment number 1:
The value of option 19 is 75. You have 5 choices to make in this environment.
You press <<18>> and receive 70 points.
You press <<20>> and receive 67 points.
You press <<17>> and receive 50 points.
You press <<11>> and receive 10 points.
You press <<26>> and receive 23 points.

Environment number 2:
The value of option 8 is 43. You have 5 choices to make in this environment.
You press <<20>> and receive 2 points.
You press <<29>> and receive 34 points.
You press <<3>> and receive 59 points.
You press <<15>> and receive 76 points.
You press <<16>> and receive 61 points.

Environment number 3:
The value of option 2 is 3. You have 5 choices to make in this environment.
You press <<15>> and receive 70 points.
You press <<14>> and receive 65 points.
You press <<16>> and receive 61 points.
You press <<9>> and receive 3 points.
You press <<24>> and receive 28 points.

Environment number 4:
The value of option 7 is 1. You have 10 choices to make in this environment.
You press <<13>> and receive 22 points.
You press <<18>> and receive 41 points.
You press <<24>> and receive 37 points.
You press <<19>> and receive 57 points.
You press <<17>> and receive 29 points.
You press <<20>> and receive 64 points.
You press <<21>> and receive 63 points.
You press <<22>> and receive 57 points.
You press <<16>> and receive 17 points.
You press <<12>> and receive 28 points.

Environment number 5:
The value of option 4 is 51. You have 10 choices to make in this environment.
You press <<5>> and receive 47 points.
You press <<3>> and receive 48 points.
You press <<13>> and receive 48 points.
You press <<12>> and receive 59 points.
You press <<11>> and receive 54 points.
You press <<21>> and receive 21 points.
You press <<28>> and receive 31 points.
You press <<17>> and receive 75 points.
You press <<18>> and receive 85 points.
You press <<19>> and receive 76 points.

Environment number 6:
The value of option 3 is 65. You have 5 choices to make in this environment.
You press <<12>> and receive 46 points.
You press <<21>> and receive 83 points.
You press <<22>> and receive 82 points.
You press <<20>> and receive 79 points.
You press <<23>> and receive 76 points.

Environment number 7:
The value of option 7 is 59. You have 10 choices to make in this environment.
You press <<6>> and receive 40 points.
You press <<8>> and receive 76 points.
You press <<9>> and receive 73 points.
You press <<18>> and receive 72 points.
You press <<17>> and receive 45 points.
You press <<19>> and receive 78 points.
You press <<20>> and receive 68 points.
You press <<12>> and receive 19 points.
You press <<24>> and receive 25 points.
You press <<29>> and receive 48 points.

Environment number 8:
The value of option 9 is 46. You have 5 choices to make in this environment.
You press <<15>> and receive 11 points.
You press <<23>> and receive 13 points.
You press <<4>> and receive 75 points.
You press <<5>> and receive 58 points.
You press <<3>> and receive 82 points.

Environment number 9:
The value of option 23 is 72. You have 10 choices to make in this environment.
You press <<22>> and receive 69 points.
You press <<24>> and receive 66 points.
You press <<12>> and receive 44 points.
You press <<4>> and receive 62 points.
You press <<5>> and receive 54 points.
You press <<17>> and receive 3 points.
You press <<27>> and receive 29 points.
You press <<9>> and receive 66 points.
You press <<10>> and receive 68 points.
You press <<8>> and receive 59 points.

Environment number 10:
The value of option 25 is 10. You have 10 choices to make in this environment.
You press <<15>> and receive 52 points.
You press <<7>> and receive 35 points.
You press <<2>> and receive 7 points.
You press <<14>> and receive 75 points.
You press <<13>> and receive 74 points.
You press <<16>> and receive 22 points.
You press <<22>> and receive 12 points.
You press <<11>> and receive 44 points.
You press <<12>> and receive 58 points.
You press <<10>> and receive 37 points.

Environment number 11:
The value of option 10 is 31. You have 10 choices to make in this environment.
You press <<19>> and receive 0 points.
You press <<4>> and receive 32 points.
You press <<2>> and receive 37 points.
You press <<3>> and receive 29 points.
You press <<15>> and receive 20 points.
You press <<22>> and receive 66 points.
You press <<23>> and receive 53 points.
You press <<21>> and receive 36 points.
You press <<11>> and receive 17 points.
You press <<26>> and receive 12 points.

Environment number 12:
The value of option 10 is 30. You have 10 choices to make in this environment.
You press <<15>> and receive 44 points.
You press <<18>> and receive 62 points.
You press <<17>> and receive 54 points.
You press <<19>> and receive 71 points.
You press <<20>> and receive 82 points.
You press <<21>> and receive 85 points.
You press <<22>> and receive 75 points.
You press <<7>> and receive 45 points.
You press <<4>> and receive 19 points.
You press <<27>> and receive 38 points.

Environment number 13:
The value of option 23 is 52. You have 10 choices to make in this environment.
You press <<22>> and receive 59 points.
You press <<24>> and receive 37 points.
You press <<13>> and receive 41 points.
You press <<8>> and receive 52 points.
You press <<7>> and receive 63 points.
You press <<",20
13,16,7,5,0,smooth,23,10,52,57,"You will be presented with a series of 16 different environments to explore.
In each trial, you can select an option between numbers 1 and 30 by pressing the corresponding key.
By selecting any of these options, you will earn points associated with each unique option.
Imagine these options 1 through 30 as lying next to each other in an ordered line; options closer to each other tend to have similar rewards as rewards tend to cluster together.
For each environment, you will be able to make either 5 or 10 choices.
When you made all your choices in a given environment, you will start making choices in the next unexplored environment.
The rewards underlying the different options are different in each environment so you will learn them anew for each environment.
Each environment starts with the value of a single option revealed.
When you choose the number corresponding to a different option, you will be told the value of that option and receive those points.
Previously revealed options, including the starting option, can also be reselected, although there may be small changes in the point value.
It is your task to gain as many points as possible across all 16 environments.

Environment number 1:
The value of option 19 is 75. You have 5 choices to make in this environment.
You press <<18>> and receive 70 points.
You press <<20>> and receive 67 points.
You press <<17>> and receive 50 points.
You press <<11>> and receive 10 points.
You press <<26>> and receive 23 points.

Environment number 2:
The value of option 8 is 43. You have 5 choices to make in this environment.
You press <<20>> and receive 2 points.
You press <<29>> and receive 34 points.
You press <<3>> and receive 59 points.
You press <<15>> and receive 76 points.
You press <<16>> and receive 61 points.

Environment number 3:
The value of option 2 is 3. You have 5 choices to make in this environment.
You press <<15>> and receive 70 points.
You press <<14>> and receive 65 points.
You press <<16>> and receive 61 points.
You press <<9>> and receive 3 points.
You press <<24>> and receive 28 points.

Environment number 4:
The value of option 7 is 1. You have 10 choices to make in this environment.
You press <<13>> and receive 22 points.
You press <<18>> and receive 41 points.
You press <<24>> and receive 37 points.
You press <<19>> and receive 57 points.
You press <<17>> and receive 29 points.
You press <<20>> and receive 64 points.
You press <<21>> and receive 63 points.
You press <<22>> and receive 57 points.
You press <<16>> and receive 17 points.
You press <<12>> and receive 28 points.

Environment number 5:
The value of option 4 is 51. You have 10 choices to make in this environment.
You press <<5>> and receive 47 points.
You press <<3>> and receive 48 points.
You press <<13>> and receive 48 points.
You press <<12>> and receive 59 points.
You press <<11>> and receive 54 points.
You press <<21>> and receive 21 points.
You press <<28>> and receive 31 points.
You press <<17>> and receive 75 points.
You press <<18>> and receive 85 points.
You press <<19>> and receive 76 points.

Environment number 6:
The value of option 3 is 65. You have 5 choices to make in this environment.
You press <<12>> and receive 46 points.
You press <<21>> and receive 83 points.
You press <<22>> and receive 82 points.
You press <<20>> and receive 79 points.
You press <<23>> and receive 76 points.

Environment number 7:
The value of option 7 is 59. You have 10 choices to make in this environment.
You press <<6>> and receive 40 points.
You press <<8>> and receive 76 points.
You press <<9>> and receive 73 points.
You press <<18>> and receive 72 points.
You press <<17>> and receive 45 points.
You press <<19>> and receive 78 points.
You press <<20>> and receive 68 points.
You press <<12>> and receive 19 points.
You press <<24>> and receive 25 points.
You press <<29>> and receive 48 points.

Environment number 8:
The value of option 9 is 46. You have 5 choices to make in this environment.
You press <<15>> and receive 11 points.
You press <<23>> and receive 13 points.
You press <<4>> and receive 75 points.
You press <<5>> and receive 58 points.
You press <<3>> and receive 82 points.

Environment number 9:
The value of option 23 is 72. You have 10 choices to make in this environment.
You press <<22>> and receive 69 points.
You press <<24>> and receive 66 points.
You press <<12>> and receive 44 points.
You press <<4>> and receive 62 points.
You press <<5>> and receive 54 points.
You press <<17>> and receive 3 points.
You press <<27>> and receive 29 points.
You press <<9>> and receive 66 points.
You press <<10>> and receive 68 points.
You press <<8>> and receive 59 points.

Environment number 10:
The value of option 25 is 10. You have 10 choices to make in this environment.
You press <<15>> and receive 52 points.
You press <<7>> and receive 35 points.
You press <<2>> and receive 7 points.
You press <<14>> and receive 75 points.
You press <<13>> and receive 74 points.
You press <<16>> and receive 22 points.
You press <<22>> and receive 12 points.
You press <<11>> and receive 44 points.
You press <<12>> and receive 58 points.
You press <<10>> and receive 37 points.

Environment number 11:
The value of option 10 is 31. You have 10 choices to make in this environment.
You press <<19>> and receive 0 points.
You press <<4>> and receive 32 points.
You press <<2>> and receive 37 points.
You press <<3>> and receive 29 points.
You press <<15>> and receive 20 points.
You press <<22>> and receive 66 points.
You press <<23>> and receive 53 points.
You press <<21>> and receive 36 points.
You press <<11>> and receive 17 points.
You press <<26>> and receive 12 points.

Environment number 12:
The value of option 10 is 30. You have 10 choices to make in this environment.
You press <<15>> and receive 44 points.
You press <<18>> and receive 62 points.
You press <<17>> and receive 54 points.
You press <<19>> and receive 71 points.
You press <<20>> and receive 82 points.
You press <<21>> and receive 85 points.
You press <<22>> and receive 75 points.
You press <<7>> and receive 45 points.
You press <<4>> and receive 19 points.
You press <<27>> and receive 38 points.

Environment number 13:
The value of option 23 is 52. You have 10 choices to make in this environment.
You press <<22>> and receive 59 points.
You press <<24>> and receive 37 points.
You press <<13>> and receive 41 points.
You press <<8>> and receive 52 points.
You press <<7>> and receive 63 points.
You press <<6>> and receive 67 points.
You press <<",20
13,16,8,14,0,smooth,23,10,52,34,"You will be presented with a series of 16 different environments to explore.
In each trial, you can select an option between numbers 1 and 30 by pressing the corresponding key.
By selecting any of these options, you will earn points associated with each unique option.
Imagine these options 1 through 30 as lying next to each other in an ordered line; options closer to each other tend to have similar rewards as rewards tend to cluster together.
For each environment, you will be able to make either 5 or 10 choices.
When you made all your choices in a given environment, you will start making choices in the next unexplored environment.
The rewards underlying the different options are different in each environment so you will learn them anew for each environment.
Each environment starts with the value of a single option revealed.
When you choose the number corresponding to a different option, you will be told the value of that option and receive those points.
Previously revealed options, including the starting option, can also be reselected, although there may be small changes in the point value.
It is your task to gain as many points as possible across all 16 environments.

Environment number 1:
The value of option 19 is 75. You have 5 choices to make in this environment.
You press <<18>> and receive 70 points.
You press <<20>> and receive 67 points.
You press <<17>> and receive 50 points.
You press <<11>> and receive 10 points.
You press <<26>> and receive 23 points.

Environment number 2:
The value of option 8 is 43. You have 5 choices to make in this environment.
You press <<20>> and receive 2 points.
You press <<29>> and receive 34 points.
You press <<3>> and receive 59 points.
You press <<15>> and receive 76 points.
You press <<16>> and receive 61 points.

Environment number 3:
The value of option 2 is 3. You have 5 choices to make in this environment.
You press <<15>> and receive 70 points.
You press <<14>> and receive 65 points.
You press <<16>> and receive 61 points.
You press <<9>> and receive 3 points.
You press <<24>> and receive 28 points.

Environment number 4:
The value of option 7 is 1. You have 10 choices to make in this environment.
You press <<13>> and receive 22 points.
You press <<18>> and receive 41 points.
You press <<24>> and receive 37 points.
You press <<19>> and receive 57 points.
You press <<17>> and receive 29 points.
You press <<20>> and receive 64 points.
You press <<21>> and receive 63 points.
You press <<22>> and receive 57 points.
You press <<16>> and receive 17 points.
You press <<12>> and receive 28 points.

Environment number 5:
The value of option 4 is 51. You have 10 choices to make in this environment.
You press <<5>> and receive 47 points.
You press <<3>> and receive 48 points.
You press <<13>> and receive 48 points.
You press <<12>> and receive 59 points.
You press <<11>> and receive 54 points.
You press <<21>> and receive 21 points.
You press <<28>> and receive 31 points.
You press <<17>> and receive 75 points.
You press <<18>> and receive 85 points.
You press <<19>> and receive 76 points.

Environment number 6:
The value of option 3 is 65. You have 5 choices to make in this environment.
You press <<12>> and receive 46 points.
You press <<21>> and receive 83 points.
You press <<22>> and receive 82 points.
You press <<20>> and receive 79 points.
You press <<23>> and receive 76 points.

Environment number 7:
The value of option 7 is 59. You have 10 choices to make in this environment.
You press <<6>> and receive 40 points.
You press <<8>> and receive 76 points.
You press <<9>> and receive 73 points.
You press <<18>> and receive 72 points.
You press <<17>> and receive 45 points.
You press <<19>> and receive 78 points.
You press <<20>> and receive 68 points.
You press <<12>> and receive 19 points.
You press <<24>> and receive 25 points.
You press <<29>> and receive 48 points.

Environment number 8:
The value of option 9 is 46. You have 5 choices to make in this environment.
You press <<15>> and receive 11 points.
You press <<23>> and receive 13 points.
You press <<4>> and receive 75 points.
You press <<5>> and receive 58 points.
You press <<3>> and receive 82 points.

Environment number 9:
The value of option 23 is 72. You have 10 choices to make in this environment.
You press <<22>> and receive 69 points.
You press <<24>> and receive 66 points.
You press <<12>> and receive 44 points.
You press <<4>> and receive 62 points.
You press <<5>> and receive 54 points.
You press <<17>> and receive 3 points.
You press <<27>> and receive 29 points.
You press <<9>> and receive 66 points.
You press <<10>> and receive 68 points.
You press <<8>> and receive 59 points.

Environment number 10:
The value of option 25 is 10. You have 10 choices to make in this environment.
You press <<15>> and receive 52 points.
You press <<7>> and receive 35 points.
You press <<2>> and receive 7 points.
You press <<14>> and receive 75 points.
You press <<13>> and receive 74 points.
You press <<16>> and receive 22 points.
You press <<22>> and receive 12 points.
You press <<11>> and receive 44 points.
You press <<12>> and receive 58 points.
You press <<10>> and receive 37 points.

Environment number 11:
The value of option 10 is 31. You have 10 choices to make in this environment.
You press <<19>> and receive 0 points.
You press <<4>> and receive 32 points.
You press <<2>> and receive 37 points.
You press <<3>> and receive 29 points.
You press <<15>> and receive 20 points.
You press <<22>> and receive 66 points.
You press <<23>> and receive 53 points.
You press <<21>> and receive 36 points.
You press <<11>> and receive 17 points.
You press <<26>> and receive 12 points.

Environment number 12:
The value of option 10 is 30. You have 10 choices to make in this environment.
You press <<15>> and receive 44 points.
You press <<18>> and receive 62 points.
You press <<17>> and receive 54 points.
You press <<19>> and receive 71 points.
You press <<20>> and receive 82 points.
You press <<21>> and receive 85 points.
You press <<22>> and receive 75 points.
You press <<7>> and receive 45 points.
You press <<4>> and receive 19 points.
You press <<27>> and receive 38 points.

Environment number 13:
The value of option 23 is 52. You have 10 choices to make in this environment.
You press <<22>> and receive 59 points.
You press <<24>> and receive 37 points.
You press <<13>> and receive 41 points.
You press <<8>> and receive 52 points.
You press <<7>> and receive 63 points.
You press <<6>> and receive 67 points.
You press <<5>> and receive 57 points.
You press <<",20
13,16,9,19,0,smooth,23,10,52,43,"You will be presented with a series of 16 different environments to explore.
In each trial, you can select an option between numbers 1 and 30 by pressing the corresponding key.
By selecting any of these options, you will earn points associated with each unique option.
Imagine these options 1 through 30 as lying next to each other in an ordered line; options closer to each other tend to have similar rewards as rewards tend to cluster together.
For each environment, you will be able to make either 5 or 10 choices.
When you made all your choices in a given environment, you will start making choices in the next unexplored environment.
The rewards underlying the different options are different in each environment so you will learn them anew for each environment.
Each environment starts with the value of a single option revealed.
When you choose the number corresponding to a different option, you will be told the value of that option and receive those points.
Previously revealed options, including the starting option, can also be reselected, although there may be small changes in the point value.
It is your task to gain as many points as possible across all 16 environments.

Environment number 1:
The value of option 19 is 75. You have 5 choices to make in this environment.
You press <<18>> and receive 70 points.
You press <<20>> and receive 67 points.
You press <<17>> and receive 50 points.
You press <<11>> and receive 10 points.
You press <<26>> and receive 23 points.

Environment number 2:
The value of option 8 is 43. You have 5 choices to make in this environment.
You press <<20>> and receive 2 points.
You press <<29>> and receive 34 points.
You press <<3>> and receive 59 points.
You press <<15>> and receive 76 points.
You press <<16>> and receive 61 points.

Environment number 3:
The value of option 2 is 3. You have 5 choices to make in this environment.
You press <<15>> and receive 70 points.
You press <<14>> and receive 65 points.
You press <<16>> and receive 61 points.
You press <<9>> and receive 3 points.
You press <<24>> and receive 28 points.

Environment number 4:
The value of option 7 is 1. You have 10 choices to make in this environment.
You press <<13>> and receive 22 points.
You press <<18>> and receive 41 points.
You press <<24>> and receive 37 points.
You press <<19>> and receive 57 points.
You press <<17>> and receive 29 points.
You press <<20>> and receive 64 points.
You press <<21>> and receive 63 points.
You press <<22>> and receive 57 points.
You press <<16>> and receive 17 points.
You press <<12>> and receive 28 points.

Environment number 5:
The value of option 4 is 51. You have 10 choices to make in this environment.
You press <<5>> and receive 47 points.
You press <<3>> and receive 48 points.
You press <<13>> and receive 48 points.
You press <<12>> and receive 59 points.
You press <<11>> and receive 54 points.
You press <<21>> and receive 21 points.
You press <<28>> and receive 31 points.
You press <<17>> and receive 75 points.
You press <<18>> and receive 85 points.
You press <<19>> and receive 76 points.

Environment number 6:
The value of option 3 is 65. You have 5 choices to make in this environment.
You press <<12>> and receive 46 points.
You press <<21>> and receive 83 points.
You press <<22>> and receive 82 points.
You press <<20>> and receive 79 points.
You press <<23>> and receive 76 points.

Environment number 7:
The value of option 7 is 59. You have 10 choices to make in this environment.
You press <<6>> and receive 40 points.
You press <<8>> and receive 76 points.
You press <<9>> and receive 73 points.
You press <<18>> and receive 72 points.
You press <<17>> and receive 45 points.
You press <<19>> and receive 78 points.
You press <<20>> and receive 68 points.
You press <<12>> and receive 19 points.
You press <<24>> and receive 25 points.
You press <<29>> and receive 48 points.

Environment number 8:
The value of option 9 is 46. You have 5 choices to make in this environment.
You press <<15>> and receive 11 points.
You press <<23>> and receive 13 points.
You press <<4>> and receive 75 points.
You press <<5>> and receive 58 points.
You press <<3>> and receive 82 points.

Environment number 9:
The value of option 23 is 72. You have 10 choices to make in this environment.
You press <<22>> and receive 69 points.
You press <<24>> and receive 66 points.
You press <<12>> and receive 44 points.
You press <<4>> and receive 62 points.
You press <<5>> and receive 54 points.
You press <<17>> and receive 3 points.
You press <<27>> and receive 29 points.
You press <<9>> and receive 66 points.
You press <<10>> and receive 68 points.
You press <<8>> and receive 59 points.

Environment number 10:
The value of option 25 is 10. You have 10 choices to make in this environment.
You press <<15>> and receive 52 points.
You press <<7>> and receive 35 points.
You press <<2>> and receive 7 points.
You press <<14>> and receive 75 points.
You press <<13>> and receive 74 points.
You press <<16>> and receive 22 points.
You press <<22>> and receive 12 points.
You press <<11>> and receive 44 points.
You press <<12>> and receive 58 points.
You press <<10>> and receive 37 points.

Environment number 11:
The value of option 10 is 31. You have 10 choices to make in this environment.
You press <<19>> and receive 0 points.
You press <<4>> and receive 32 points.
You press <<2>> and receive 37 points.
You press <<3>> and receive 29 points.
You press <<15>> and receive 20 points.
You press <<22>> and receive 66 points.
You press <<23>> and receive 53 points.
You press <<21>> and receive 36 points.
You press <<11>> and receive 17 points.
You press <<26>> and receive 12 points.

Environment number 12:
The value of option 10 is 30. You have 10 choices to make in this environment.
You press <<15>> and receive 44 points.
You press <<18>> and receive 62 points.
You press <<17>> and receive 54 points.
You press <<19>> and receive 71 points.
You press <<20>> and receive 82 points.
You press <<21>> and receive 85 points.
You press <<22>> and receive 75 points.
You press <<7>> and receive 45 points.
You press <<4>> and receive 19 points.
You press <<27>> and receive 38 points.

Environment number 13:
The value of option 23 is 52. You have 10 choices to make in this environment.
You press <<22>> and receive 59 points.
You press <<24>> and receive 37 points.
You press <<13>> and receive 41 points.
You press <<8>> and receive 52 points.
You press <<7>> and receive 63 points.
You press <<6>> and receive 67 points.
You press <<5>> and receive 57 points.
You press <<14>> and receive 34 points.
You press <<",20
13,16,10,26,0,smooth,23,10,52,22,"You will be presented with a series of 16 different environments to explore.
In each trial, you can select an option between numbers 1 and 30 by pressing the corresponding key.
By selecting any of these options, you will earn points associated with each unique option.
Imagine these options 1 through 30 as lying next to each other in an ordered line; options closer to each other tend to have similar rewards as rewards tend to cluster together.
For each environment, you will be able to make either 5 or 10 choices.
When you made all your choices in a given environment, you will start making choices in the next unexplored environment.
The rewards underlying the different options are different in each environment so you will learn them anew for each environment.
Each environment starts with the value of a single option revealed.
When you choose the number corresponding to a different option, you will be told the value of that option and receive those points.
Previously revealed options, including the starting option, can also be reselected, although there may be small changes in the point value.
It is your task to gain as many points as possible across all 16 environments.

Environment number 1:
The value of option 19 is 75. You have 5 choices to make in this environment.
You press <<18>> and receive 70 points.
You press <<20>> and receive 67 points.
You press <<17>> and receive 50 points.
You press <<11>> and receive 10 points.
You press <<26>> and receive 23 points.

Environment number 2:
The value of option 8 is 43. You have 5 choices to make in this environment.
You press <<20>> and receive 2 points.
You press <<29>> and receive 34 points.
You press <<3>> and receive 59 points.
You press <<15>> and receive 76 points.
You press <<16>> and receive 61 points.

Environment number 3:
The value of option 2 is 3. You have 5 choices to make in this environment.
You press <<15>> and receive 70 points.
You press <<14>> and receive 65 points.
You press <<16>> and receive 61 points.
You press <<9>> and receive 3 points.
You press <<24>> and receive 28 points.

Environment number 4:
The value of option 7 is 1. You have 10 choices to make in this environment.
You press <<13>> and receive 22 points.
You press <<18>> and receive 41 points.
You press <<24>> and receive 37 points.
You press <<19>> and receive 57 points.
You press <<17>> and receive 29 points.
You press <<20>> and receive 64 points.
You press <<21>> and receive 63 points.
You press <<22>> and receive 57 points.
You press <<16>> and receive 17 points.
You press <<12>> and receive 28 points.

Environment number 5:
The value of option 4 is 51. You have 10 choices to make in this environment.
You press <<5>> and receive 47 points.
You press <<3>> and receive 48 points.
You press <<13>> and receive 48 points.
You press <<12>> and receive 59 points.
You press <<11>> and receive 54 points.
You press <<21>> and receive 21 points.
You press <<28>> and receive 31 points.
You press <<17>> and receive 75 points.
You press <<18>> and receive 85 points.
You press <<19>> and receive 76 points.

Environment number 6:
The value of option 3 is 65. You have 5 choices to make in this environment.
You press <<12>> and receive 46 points.
You press <<21>> and receive 83 points.
You press <<22>> and receive 82 points.
You press <<20>> and receive 79 points.
You press <<23>> and receive 76 points.

Environment number 7:
The value of option 7 is 59. You have 10 choices to make in this environment.
You press <<6>> and receive 40 points.
You press <<8>> and receive 76 points.
You press <<9>> and receive 73 points.
You press <<18>> and receive 72 points.
You press <<17>> and receive 45 points.
You press <<19>> and receive 78 points.
You press <<20>> and receive 68 points.
You press <<12>> and receive 19 points.
You press <<24>> and receive 25 points.
You press <<29>> and receive 48 points.

Environment number 8:
The value of option 9 is 46. You have 5 choices to make in this environment.
You press <<15>> and receive 11 points.
You press <<23>> and receive 13 points.
You press <<4>> and receive 75 points.
You press <<5>> and receive 58 points.
You press <<3>> and receive 82 points.

Environment number 9:
The value of option 23 is 72. You have 10 choices to make in this environment.
You press <<22>> and receive 69 points.
You press <<24>> and receive 66 points.
You press <<12>> and receive 44 points.
You press <<4>> and receive 62 points.
You press <<5>> and receive 54 points.
You press <<17>> and receive 3 points.
You press <<27>> and receive 29 points.
You press <<9>> and receive 66 points.
You press <<10>> and receive 68 points.
You press <<8>> and receive 59 points.

Environment number 10:
The value of option 25 is 10. You have 10 choices to make in this environment.
You press <<15>> and receive 52 points.
You press <<7>> and receive 35 points.
You press <<2>> and receive 7 points.
You press <<14>> and receive 75 points.
You press <<13>> and receive 74 points.
You press <<16>> and receive 22 points.
You press <<22>> and receive 12 points.
You press <<11>> and receive 44 points.
You press <<12>> and receive 58 points.
You press <<10>> and receive 37 points.

Environment number 11:
The value of option 10 is 31. You have 10 choices to make in this environment.
You press <<19>> and receive 0 points.
You press <<4>> and receive 32 points.
You press <<2>> and receive 37 points.
You press <<3>> and receive 29 points.
You press <<15>> and receive 20 points.
You press <<22>> and receive 66 points.
You press <<23>> and receive 53 points.
You press <<21>> and receive 36 points.
You press <<11>> and receive 17 points.
You press <<26>> and receive 12 points.

Environment number 12:
The value of option 10 is 30. You have 10 choices to make in this environment.
You press <<15>> and receive 44 points.
You press <<18>> and receive 62 points.
You press <<17>> and receive 54 points.
You press <<19>> and receive 71 points.
You press <<20>> and receive 82 points.
You press <<21>> and receive 85 points.
You press <<22>> and receive 75 points.
You press <<7>> and receive 45 points.
You press <<4>> and receive 19 points.
You press <<27>> and receive 38 points.

Environment number 13:
The value of option 23 is 52. You have 10 choices to make in this environment.
You press <<22>> and receive 59 points.
You press <<24>> and receive 37 points.
You press <<13>> and receive 41 points.
You press <<8>> and receive 52 points.
You press <<7>> and receive 63 points.
You press <<6>> and receive 67 points.
You press <<5>> and receive 57 points.
You press <<14>> and receive 34 points.
You press <<19>> and receive 43 points.
You press <<",20
14,19,1,17,0,smooth,9,5,30,19,"You will be presented with a series of 16 different environments to explore.
In each trial, you can select an option between numbers 1 and 30 by pressing the corresponding key.
By selecting any of these options, you will earn points associated with each unique option.
Imagine these options 1 through 30 as lying next to each other in an ordered line; options closer to each other tend to have similar rewards as rewards tend to cluster together.
For each environment, you will be able to make either 5 or 10 choices.
When you made all your choices in a given environment, you will start making choices in the next unexplored environment.
The rewards underlying the different options are different in each environment so you will learn them anew for each environment.
Each environment starts with the value of a single option revealed.
When you choose the number corresponding to a different option, you will be told the value of that option and receive those points.
Previously revealed options, including the starting option, can also be reselected, although there may be small changes in the point value.
It is your task to gain as many points as possible across all 16 environments.

Environment number 1:
The value of option 19 is 75. You have 5 choices to make in this environment.
You press <<18>> and receive 70 points.
You press <<20>> and receive 67 points.
You press <<17>> and receive 50 points.
You press <<11>> and receive 10 points.
You press <<26>> and receive 23 points.

Environment number 2:
The value of option 8 is 43. You have 5 choices to make in this environment.
You press <<20>> and receive 2 points.
You press <<29>> and receive 34 points.
You press <<3>> and receive 59 points.
You press <<15>> and receive 76 points.
You press <<16>> and receive 61 points.

Environment number 3:
The value of option 2 is 3. You have 5 choices to make in this environment.
You press <<15>> and receive 70 points.
You press <<14>> and receive 65 points.
You press <<16>> and receive 61 points.
You press <<9>> and receive 3 points.
You press <<24>> and receive 28 points.

Environment number 4:
The value of option 7 is 1. You have 10 choices to make in this environment.
You press <<13>> and receive 22 points.
You press <<18>> and receive 41 points.
You press <<24>> and receive 37 points.
You press <<19>> and receive 57 points.
You press <<17>> and receive 29 points.
You press <<20>> and receive 64 points.
You press <<21>> and receive 63 points.
You press <<22>> and receive 57 points.
You press <<16>> and receive 17 points.
You press <<12>> and receive 28 points.

Environment number 5:
The value of option 4 is 51. You have 10 choices to make in this environment.
You press <<5>> and receive 47 points.
You press <<3>> and receive 48 points.
You press <<13>> and receive 48 points.
You press <<12>> and receive 59 points.
You press <<11>> and receive 54 points.
You press <<21>> and receive 21 points.
You press <<28>> and receive 31 points.
You press <<17>> and receive 75 points.
You press <<18>> and receive 85 points.
You press <<19>> and receive 76 points.

Environment number 6:
The value of option 3 is 65. You have 5 choices to make in this environment.
You press <<12>> and receive 46 points.
You press <<21>> and receive 83 points.
You press <<22>> and receive 82 points.
You press <<20>> and receive 79 points.
You press <<23>> and receive 76 points.

Environment number 7:
The value of option 7 is 59. You have 10 choices to make in this environment.
You press <<6>> and receive 40 points.
You press <<8>> and receive 76 points.
You press <<9>> and receive 73 points.
You press <<18>> and receive 72 points.
You press <<17>> and receive 45 points.
You press <<19>> and receive 78 points.
You press <<20>> and receive 68 points.
You press <<12>> and receive 19 points.
You press <<24>> and receive 25 points.
You press <<29>> and receive 48 points.

Environment number 8:
The value of option 9 is 46. You have 5 choices to make in this environment.
You press <<15>> and receive 11 points.
You press <<23>> and receive 13 points.
You press <<4>> and receive 75 points.
You press <<5>> and receive 58 points.
You press <<3>> and receive 82 points.

Environment number 9:
The value of option 23 is 72. You have 10 choices to make in this environment.
You press <<22>> and receive 69 points.
You press <<24>> and receive 66 points.
You press <<12>> and receive 44 points.
You press <<4>> and receive 62 points.
You press <<5>> and receive 54 points.
You press <<17>> and receive 3 points.
You press <<27>> and receive 29 points.
You press <<9>> and receive 66 points.
You press <<10>> and receive 68 points.
You press <<8>> and receive 59 points.

Environment number 10:
The value of option 25 is 10. You have 10 choices to make in this environment.
You press <<15>> and receive 52 points.
You press <<7>> and receive 35 points.
You press <<2>> and receive 7 points.
You press <<14>> and receive 75 points.
You press <<13>> and receive 74 points.
You press <<16>> and receive 22 points.
You press <<22>> and receive 12 points.
You press <<11>> and receive 44 points.
You press <<12>> and receive 58 points.
You press <<10>> and receive 37 points.

Environment number 11:
The value of option 10 is 31. You have 10 choices to make in this environment.
You press <<19>> and receive 0 points.
You press <<4>> and receive 32 points.
You press <<2>> and receive 37 points.
You press <<3>> and receive 29 points.
You press <<15>> and receive 20 points.
You press <<22>> and receive 66 points.
You press <<23>> and receive 53 points.
You press <<21>> and receive 36 points.
You press <<11>> and receive 17 points.
You press <<26>> and receive 12 points.

Environment number 12:
The value of option 10 is 30. You have 10 choices to make in this environment.
You press <<15>> and receive 44 points.
You press <<18>> and receive 62 points.
You press <<17>> and receive 54 points.
You press <<19>> and receive 71 points.
You press <<20>> and receive 82 points.
You press <<21>> and receive 85 points.
You press <<22>> and receive 75 points.
You press <<7>> and receive 45 points.
You press <<4>> and receive 19 points.
You press <<27>> and receive 38 points.

Environment number 13:
The value of option 23 is 52. You have 10 choices to make in this environment.
You press <<22>> and receive 59 points.
You press <<24>> and receive 37 points.
You press <<13>> and receive 41 points.
You press <<8>> and receive 52 points.
You press <<7>> and receive 63 points.
You press <<6>> and receive 67 points.
You press <<5>> and receive 57 points.
You press <<14>> and receive 34 points.
You press <<19>> and receive 43 points.
You press <<26>> and receive 22 points.

Environment number 14:
The value of option 9 is 30. You have 5 choices to make in this environment.
You press <<",20
14,19,2,24,0,smooth,9,5,30,43,"You will be presented with a series of 16 different environments to explore.
In each trial, you can select an option between numbers 1 and 30 by pressing the corresponding key.
By selecting any of these options, you will earn points associated with each unique option.
Imagine these options 1 through 30 as lying next to each other in an ordered line; options closer to each other tend to have similar rewards as rewards tend to cluster together.
For each environment, you will be able to make either 5 or 10 choices.
When you made all your choices in a given environment, you will start making choices in the next unexplored environment.
The rewards underlying the different options are different in each environment so you will learn them anew for each environment.
Each environment starts with the value of a single option revealed.
When you choose the number corresponding to a different option, you will be told the value of that option and receive those points.
Previously revealed options, including the starting option, can also be reselected, although there may be small changes in the point value.
It is your task to gain as many points as possible across all 16 environments.

Environment number 1:
The value of option 19 is 75. You have 5 choices to make in this environment.
You press <<18>> and receive 70 points.
You press <<20>> and receive 67 points.
You press <<17>> and receive 50 points.
You press <<11>> and receive 10 points.
You press <<26>> and receive 23 points.

Environment number 2:
The value of option 8 is 43. You have 5 choices to make in this environment.
You press <<20>> and receive 2 points.
You press <<29>> and receive 34 points.
You press <<3>> and receive 59 points.
You press <<15>> and receive 76 points.
You press <<16>> and receive 61 points.

Environment number 3:
The value of option 2 is 3. You have 5 choices to make in this environment.
You press <<15>> and receive 70 points.
You press <<14>> and receive 65 points.
You press <<16>> and receive 61 points.
You press <<9>> and receive 3 points.
You press <<24>> and receive 28 points.

Environment number 4:
The value of option 7 is 1. You have 10 choices to make in this environment.
You press <<13>> and receive 22 points.
You press <<18>> and receive 41 points.
You press <<24>> and receive 37 points.
You press <<19>> and receive 57 points.
You press <<17>> and receive 29 points.
You press <<20>> and receive 64 points.
You press <<21>> and receive 63 points.
You press <<22>> and receive 57 points.
You press <<16>> and receive 17 points.
You press <<12>> and receive 28 points.

Environment number 5:
The value of option 4 is 51. You have 10 choices to make in this environment.
You press <<5>> and receive 47 points.
You press <<3>> and receive 48 points.
You press <<13>> and receive 48 points.
You press <<12>> and receive 59 points.
You press <<11>> and receive 54 points.
You press <<21>> and receive 21 points.
You press <<28>> and receive 31 points.
You press <<17>> and receive 75 points.
You press <<18>> and receive 85 points.
You press <<19>> and receive 76 points.

Environment number 6:
The value of option 3 is 65. You have 5 choices to make in this environment.
You press <<12>> and receive 46 points.
You press <<21>> and receive 83 points.
You press <<22>> and receive 82 points.
You press <<20>> and receive 79 points.
You press <<23>> and receive 76 points.

Environment number 7:
The value of option 7 is 59. You have 10 choices to make in this environment.
You press <<6>> and receive 40 points.
You press <<8>> and receive 76 points.
You press <<9>> and receive 73 points.
You press <<18>> and receive 72 points.
You press <<17>> and receive 45 points.
You press <<19>> and receive 78 points.
You press <<20>> and receive 68 points.
You press <<12>> and receive 19 points.
You press <<24>> and receive 25 points.
You press <<29>> and receive 48 points.

Environment number 8:
The value of option 9 is 46. You have 5 choices to make in this environment.
You press <<15>> and receive 11 points.
You press <<23>> and receive 13 points.
You press <<4>> and receive 75 points.
You press <<5>> and receive 58 points.
You press <<3>> and receive 82 points.

Environment number 9:
The value of option 23 is 72. You have 10 choices to make in this environment.
You press <<22>> and receive 69 points.
You press <<24>> and receive 66 points.
You press <<12>> and receive 44 points.
You press <<4>> and receive 62 points.
You press <<5>> and receive 54 points.
You press <<17>> and receive 3 points.
You press <<27>> and receive 29 points.
You press <<9>> and receive 66 points.
You press <<10>> and receive 68 points.
You press <<8>> and receive 59 points.

Environment number 10:
The value of option 25 is 10. You have 10 choices to make in this environment.
You press <<15>> and receive 52 points.
You press <<7>> and receive 35 points.
You press <<2>> and receive 7 points.
You press <<14>> and receive 75 points.
You press <<13>> and receive 74 points.
You press <<16>> and receive 22 points.
You press <<22>> and receive 12 points.
You press <<11>> and receive 44 points.
You press <<12>> and receive 58 points.
You press <<10>> and receive 37 points.

Environment number 11:
The value of option 10 is 31. You have 10 choices to make in this environment.
You press <<19>> and receive 0 points.
You press <<4>> and receive 32 points.
You press <<2>> and receive 37 points.
You press <<3>> and receive 29 points.
You press <<15>> and receive 20 points.
You press <<22>> and receive 66 points.
You press <<23>> and receive 53 points.
You press <<21>> and receive 36 points.
You press <<11>> and receive 17 points.
You press <<26>> and receive 12 points.

Environment number 12:
The value of option 10 is 30. You have 10 choices to make in this environment.
You press <<15>> and receive 44 points.
You press <<18>> and receive 62 points.
You press <<17>> and receive 54 points.
You press <<19>> and receive 71 points.
You press <<20>> and receive 82 points.
You press <<21>> and receive 85 points.
You press <<22>> and receive 75 points.
You press <<7>> and receive 45 points.
You press <<4>> and receive 19 points.
You press <<27>> and receive 38 points.

Environment number 13:
The value of option 23 is 52. You have 10 choices to make in this environment.
You press <<22>> and receive 59 points.
You press <<24>> and receive 37 points.
You press <<13>> and receive 41 points.
You press <<8>> and receive 52 points.
You press <<7>> and receive 63 points.
You press <<6>> and receive 67 points.
You press <<5>> and receive 57 points.
You press <<14>> and receive 34 points.
You press <<19>> and receive 43 points.
You press <<26>> and receive 22 points.

Environment number 14:
The value of option 9 is 30. You have 5 choices to make in this environment.
You press <<17>> and receive 19 points.
You press <<",20
14,19,3,25,0,smooth,9,5,30,56,"You will be presented with a series of 16 different environments to explore.
In each trial, you can select an option between numbers 1 and 30 by pressing the corresponding key.
By selecting any of these options, you will earn points associated with each unique option.
Imagine these options 1 through 30 as lying next to each other in an ordered line; options closer to each other tend to have similar rewards as rewards tend to cluster together.
For each environment, you will be able to make either 5 or 10 choices.
When you made all your choices in a given environment, you will start making choices in the next unexplored environment.
The rewards underlying the different options are different in each environment so you will learn them anew for each environment.
Each environment starts with the value of a single option revealed.
When you choose the number corresponding to a different option, you will be told the value of that option and receive those points.
Previously revealed options, including the starting option, can also be reselected, although there may be small changes in the point value.
It is your task to gain as many points as possible across all 16 environments.

Environment number 1:
The value of option 19 is 75. You have 5 choices to make in this environment.
You press <<18>> and receive 70 points.
You press <<20>> and receive 67 points.
You press <<17>> and receive 50 points.
You press <<11>> and receive 10 points.
You press <<26>> and receive 23 points.

Environment number 2:
The value of option 8 is 43. You have 5 choices to make in this environment.
You press <<20>> and receive 2 points.
You press <<29>> and receive 34 points.
You press <<3>> and receive 59 points.
You press <<15>> and receive 76 points.
You press <<16>> and receive 61 points.

Environment number 3:
The value of option 2 is 3. You have 5 choices to make in this environment.
You press <<15>> and receive 70 points.
You press <<14>> and receive 65 points.
You press <<16>> and receive 61 points.
You press <<9>> and receive 3 points.
You press <<24>> and receive 28 points.

Environment number 4:
The value of option 7 is 1. You have 10 choices to make in this environment.
You press <<13>> and receive 22 points.
You press <<18>> and receive 41 points.
You press <<24>> and receive 37 points.
You press <<19>> and receive 57 points.
You press <<17>> and receive 29 points.
You press <<20>> and receive 64 points.
You press <<21>> and receive 63 points.
You press <<22>> and receive 57 points.
You press <<16>> and receive 17 points.
You press <<12>> and receive 28 points.

Environment number 5:
The value of option 4 is 51. You have 10 choices to make in this environment.
You press <<5>> and receive 47 points.
You press <<3>> and receive 48 points.
You press <<13>> and receive 48 points.
You press <<12>> and receive 59 points.
You press <<11>> and receive 54 points.
You press <<21>> and receive 21 points.
You press <<28>> and receive 31 points.
You press <<17>> and receive 75 points.
You press <<18>> and receive 85 points.
You press <<19>> and receive 76 points.

Environment number 6:
The value of option 3 is 65. You have 5 choices to make in this environment.
You press <<12>> and receive 46 points.
You press <<21>> and receive 83 points.
You press <<22>> and receive 82 points.
You press <<20>> and receive 79 points.
You press <<23>> and receive 76 points.

Environment number 7:
The value of option 7 is 59. You have 10 choices to make in this environment.
You press <<6>> and receive 40 points.
You press <<8>> and receive 76 points.
You press <<9>> and receive 73 points.
You press <<18>> and receive 72 points.
You press <<17>> and receive 45 points.
You press <<19>> and receive 78 points.
You press <<20>> and receive 68 points.
You press <<12>> and receive 19 points.
You press <<24>> and receive 25 points.
You press <<29>> and receive 48 points.

Environment number 8:
The value of option 9 is 46. You have 5 choices to make in this environment.
You press <<15>> and receive 11 points.
You press <<23>> and receive 13 points.
You press <<4>> and receive 75 points.
You press <<5>> and receive 58 points.
You press <<3>> and receive 82 points.

Environment number 9:
The value of option 23 is 72. You have 10 choices to make in this environment.
You press <<22>> and receive 69 points.
You press <<24>> and receive 66 points.
You press <<12>> and receive 44 points.
You press <<4>> and receive 62 points.
You press <<5>> and receive 54 points.
You press <<17>> and receive 3 points.
You press <<27>> and receive 29 points.
You press <<9>> and receive 66 points.
You press <<10>> and receive 68 points.
You press <<8>> and receive 59 points.

Environment number 10:
The value of option 25 is 10. You have 10 choices to make in this environment.
You press <<15>> and receive 52 points.
You press <<7>> and receive 35 points.
You press <<2>> and receive 7 points.
You press <<14>> and receive 75 points.
You press <<13>> and receive 74 points.
You press <<16>> and receive 22 points.
You press <<22>> and receive 12 points.
You press <<11>> and receive 44 points.
You press <<12>> and receive 58 points.
You press <<10>> and receive 37 points.

Environment number 11:
The value of option 10 is 31. You have 10 choices to make in this environment.
You press <<19>> and receive 0 points.
You press <<4>> and receive 32 points.
You press <<2>> and receive 37 points.
You press <<3>> and receive 29 points.
You press <<15>> and receive 20 points.
You press <<22>> and receive 66 points.
You press <<23>> and receive 53 points.
You press <<21>> and receive 36 points.
You press <<11>> and receive 17 points.
You press <<26>> and receive 12 points.

Environment number 12:
The value of option 10 is 30. You have 10 choices to make in this environment.
You press <<15>> and receive 44 points.
You press <<18>> and receive 62 points.
You press <<17>> and receive 54 points.
You press <<19>> and receive 71 points.
You press <<20>> and receive 82 points.
You press <<21>> and receive 85 points.
You press <<22>> and receive 75 points.
You press <<7>> and receive 45 points.
You press <<4>> and receive 19 points.
You press <<27>> and receive 38 points.

Environment number 13:
The value of option 23 is 52. You have 10 choices to make in this environment.
You press <<22>> and receive 59 points.
You press <<24>> and receive 37 points.
You press <<13>> and receive 41 points.
You press <<8>> and receive 52 points.
You press <<7>> and receive 63 points.
You press <<6>> and receive 67 points.
You press <<5>> and receive 57 points.
You press <<14>> and receive 34 points.
You press <<19>> and receive 43 points.
You press <<26>> and receive 22 points.

Environment number 14:
The value of option 9 is 30. You have 5 choices to make in this environment.
You press <<17>> and receive 19 points.
You press <<24>> and receive 43 points.
You press <<",20
14,19,4,26,0,smooth,9,5,30,66,"You will be presented with a series of 16 different environments to explore.
In each trial, you can select an option between numbers 1 and 30 by pressing the corresponding key.
By selecting any of these options, you will earn points associated with each unique option.
Imagine these options 1 through 30 as lying next to each other in an ordered line; options closer to each other tend to have similar rewards as rewards tend to cluster together.
For each environment, you will be able to make either 5 or 10 choices.
When you made all your choices in a given environment, you will start making choices in the next unexplored environment.
The rewards underlying the different options are different in each environment so you will learn them anew for each environment.
Each environment starts with the value of a single option revealed.
When you choose the number corresponding to a different option, you will be told the value of that option and receive those points.
Previously revealed options, including the starting option, can also be reselected, although there may be small changes in the point value.
It is your task to gain as many points as possible across all 16 environments.

Environment number 1:
The value of option 19 is 75. You have 5 choices to make in this environment.
You press <<18>> and receive 70 points.
You press <<20>> and receive 67 points.
You press <<17>> and receive 50 points.
You press <<11>> and receive 10 points.
You press <<26>> and receive 23 points.

Environment number 2:
The value of option 8 is 43. You have 5 choices to make in this environment.
You press <<20>> and receive 2 points.
You press <<29>> and receive 34 points.
You press <<3>> and receive 59 points.
You press <<15>> and receive 76 points.
You press <<16>> and receive 61 points.

Environment number 3:
The value of option 2 is 3. You have 5 choices to make in this environment.
You press <<15>> and receive 70 points.
You press <<14>> and receive 65 points.
You press <<16>> and receive 61 points.
You press <<9>> and receive 3 points.
You press <<24>> and receive 28 points.

Environment number 4:
The value of option 7 is 1. You have 10 choices to make in this environment.
You press <<13>> and receive 22 points.
You press <<18>> and receive 41 points.
You press <<24>> and receive 37 points.
You press <<19>> and receive 57 points.
You press <<17>> and receive 29 points.
You press <<20>> and receive 64 points.
You press <<21>> and receive 63 points.
You press <<22>> and receive 57 points.
You press <<16>> and receive 17 points.
You press <<12>> and receive 28 points.

Environment number 5:
The value of option 4 is 51. You have 10 choices to make in this environment.
You press <<5>> and receive 47 points.
You press <<3>> and receive 48 points.
You press <<13>> and receive 48 points.
You press <<12>> and receive 59 points.
You press <<11>> and receive 54 points.
You press <<21>> and receive 21 points.
You press <<28>> and receive 31 points.
You press <<17>> and receive 75 points.
You press <<18>> and receive 85 points.
You press <<19>> and receive 76 points.

Environment number 6:
The value of option 3 is 65. You have 5 choices to make in this environment.
You press <<12>> and receive 46 points.
You press <<21>> and receive 83 points.
You press <<22>> and receive 82 points.
You press <<20>> and receive 79 points.
You press <<23>> and receive 76 points.

Environment number 7:
The value of option 7 is 59. You have 10 choices to make in this environment.
You press <<6>> and receive 40 points.
You press <<8>> and receive 76 points.
You press <<9>> and receive 73 points.
You press <<18>> and receive 72 points.
You press <<17>> and receive 45 points.
You press <<19>> and receive 78 points.
You press <<20>> and receive 68 points.
You press <<12>> and receive 19 points.
You press <<24>> and receive 25 points.
You press <<29>> and receive 48 points.

Environment number 8:
The value of option 9 is 46. You have 5 choices to make in this environment.
You press <<15>> and receive 11 points.
You press <<23>> and receive 13 points.
You press <<4>> and receive 75 points.
You press <<5>> and receive 58 points.
You press <<3>> and receive 82 points.

Environment number 9:
The value of option 23 is 72. You have 10 choices to make in this environment.
You press <<22>> and receive 69 points.
You press <<24>> and receive 66 points.
You press <<12>> and receive 44 points.
You press <<4>> and receive 62 points.
You press <<5>> and receive 54 points.
You press <<17>> and receive 3 points.
You press <<27>> and receive 29 points.
You press <<9>> and receive 66 points.
You press <<10>> and receive 68 points.
You press <<8>> and receive 59 points.

Environment number 10:
The value of option 25 is 10. You have 10 choices to make in this environment.
You press <<15>> and receive 52 points.
You press <<7>> and receive 35 points.
You press <<2>> and receive 7 points.
You press <<14>> and receive 75 points.
You press <<13>> and receive 74 points.
You press <<16>> and receive 22 points.
You press <<22>> and receive 12 points.
You press <<11>> and receive 44 points.
You press <<12>> and receive 58 points.
You press <<10>> and receive 37 points.

Environment number 11:
The value of option 10 is 31. You have 10 choices to make in this environment.
You press <<19>> and receive 0 points.
You press <<4>> and receive 32 points.
You press <<2>> and receive 37 points.
You press <<3>> and receive 29 points.
You press <<15>> and receive 20 points.
You press <<22>> and receive 66 points.
You press <<23>> and receive 53 points.
You press <<21>> and receive 36 points.
You press <<11>> and receive 17 points.
You press <<26>> and receive 12 points.

Environment number 12:
The value of option 10 is 30. You have 10 choices to make in this environment.
You press <<15>> and receive 44 points.
You press <<18>> and receive 62 points.
You press <<17>> and receive 54 points.
You press <<19>> and receive 71 points.
You press <<20>> and receive 82 points.
You press <<21>> and receive 85 points.
You press <<22>> and receive 75 points.
You press <<7>> and receive 45 points.
You press <<4>> and receive 19 points.
You press <<27>> and receive 38 points.

Environment number 13:
The value of option 23 is 52. You have 10 choices to make in this environment.
You press <<22>> and receive 59 points.
You press <<24>> and receive 37 points.
You press <<13>> and receive 41 points.
You press <<8>> and receive 52 points.
You press <<7>> and receive 63 points.
You press <<6>> and receive 67 points.
You press <<5>> and receive 57 points.
You press <<14>> and receive 34 points.
You press <<19>> and receive 43 points.
You press <<26>> and receive 22 points.

Environment number 14:
The value of option 9 is 30. You have 5 choices to make in this environment.
You press <<17>> and receive 19 points.
You press <<24>> and receive 43 points.
You press <<25>> and receive 56 points.
You press <<",20
14,19,5,27,0,smooth,9,5,30,65,"You will be presented with a series of 16 different environments to explore.
In each trial, you can select an option between numbers 1 and 30 by pressing the corresponding key.
By selecting any of these options, you will earn points associated with each unique option.
Imagine these options 1 through 30 as lying next to each other in an ordered line; options closer to each other tend to have similar rewards as rewards tend to cluster together.
For each environment, you will be able to make either 5 or 10 choices.
When you made all your choices in a given environment, you will start making choices in the next unexplored environment.
The rewards underlying the different options are different in each environment so you will learn them anew for each environment.
Each environment starts with the value of a single option revealed.
When you choose the number corresponding to a different option, you will be told the value of that option and receive those points.
Previously revealed options, including the starting option, can also be reselected, although there may be small changes in the point value.
It is your task to gain as many points as possible across all 16 environments.

Environment number 1:
The value of option 19 is 75. You have 5 choices to make in this environment.
You press <<18>> and receive 70 points.
You press <<20>> and receive 67 points.
You press <<17>> and receive 50 points.
You press <<11>> and receive 10 points.
You press <<26>> and receive 23 points.

Environment number 2:
The value of option 8 is 43. You have 5 choices to make in this environment.
You press <<20>> and receive 2 points.
You press <<29>> and receive 34 points.
You press <<3>> and receive 59 points.
You press <<15>> and receive 76 points.
You press <<16>> and receive 61 points.

Environment number 3:
The value of option 2 is 3. You have 5 choices to make in this environment.
You press <<15>> and receive 70 points.
You press <<14>> and receive 65 points.
You press <<16>> and receive 61 points.
You press <<9>> and receive 3 points.
You press <<24>> and receive 28 points.

Environment number 4:
The value of option 7 is 1. You have 10 choices to make in this environment.
You press <<13>> and receive 22 points.
You press <<18>> and receive 41 points.
You press <<24>> and receive 37 points.
You press <<19>> and receive 57 points.
You press <<17>> and receive 29 points.
You press <<20>> and receive 64 points.
You press <<21>> and receive 63 points.
You press <<22>> and receive 57 points.
You press <<16>> and receive 17 points.
You press <<12>> and receive 28 points.

Environment number 5:
The value of option 4 is 51. You have 10 choices to make in this environment.
You press <<5>> and receive 47 points.
You press <<3>> and receive 48 points.
You press <<13>> and receive 48 points.
You press <<12>> and receive 59 points.
You press <<11>> and receive 54 points.
You press <<21>> and receive 21 points.
You press <<28>> and receive 31 points.
You press <<17>> and receive 75 points.
You press <<18>> and receive 85 points.
You press <<19>> and receive 76 points.

Environment number 6:
The value of option 3 is 65. You have 5 choices to make in this environment.
You press <<12>> and receive 46 points.
You press <<21>> and receive 83 points.
You press <<22>> and receive 82 points.
You press <<20>> and receive 79 points.
You press <<23>> and receive 76 points.

Environment number 7:
The value of option 7 is 59. You have 10 choices to make in this environment.
You press <<6>> and receive 40 points.
You press <<8>> and receive 76 points.
You press <<9>> and receive 73 points.
You press <<18>> and receive 72 points.
You press <<17>> and receive 45 points.
You press <<19>> and receive 78 points.
You press <<20>> and receive 68 points.
You press <<12>> and receive 19 points.
You press <<24>> and receive 25 points.
You press <<29>> and receive 48 points.

Environment number 8:
The value of option 9 is 46. You have 5 choices to make in this environment.
You press <<15>> and receive 11 points.
You press <<23>> and receive 13 points.
You press <<4>> and receive 75 points.
You press <<5>> and receive 58 points.
You press <<3>> and receive 82 points.

Environment number 9:
The value of option 23 is 72. You have 10 choices to make in this environment.
You press <<22>> and receive 69 points.
You press <<24>> and receive 66 points.
You press <<12>> and receive 44 points.
You press <<4>> and receive 62 points.
You press <<5>> and receive 54 points.
You press <<17>> and receive 3 points.
You press <<27>> and receive 29 points.
You press <<9>> and receive 66 points.
You press <<10>> and receive 68 points.
You press <<8>> and receive 59 points.

Environment number 10:
The value of option 25 is 10. You have 10 choices to make in this environment.
You press <<15>> and receive 52 points.
You press <<7>> and receive 35 points.
You press <<2>> and receive 7 points.
You press <<14>> and receive 75 points.
You press <<13>> and receive 74 points.
You press <<16>> and receive 22 points.
You press <<22>> and receive 12 points.
You press <<11>> and receive 44 points.
You press <<12>> and receive 58 points.
You press <<10>> and receive 37 points.

Environment number 11:
The value of option 10 is 31. You have 10 choices to make in this environment.
You press <<19>> and receive 0 points.
You press <<4>> and receive 32 points.
You press <<2>> and receive 37 points.
You press <<3>> and receive 29 points.
You press <<15>> and receive 20 points.
You press <<22>> and receive 66 points.
You press <<23>> and receive 53 points.
You press <<21>> and receive 36 points.
You press <<11>> and receive 17 points.
You press <<26>> and receive 12 points.

Environment number 12:
The value of option 10 is 30. You have 10 choices to make in this environment.
You press <<15>> and receive 44 points.
You press <<18>> and receive 62 points.
You press <<17>> and receive 54 points.
You press <<19>> and receive 71 points.
You press <<20>> and receive 82 points.
You press <<21>> and receive 85 points.
You press <<22>> and receive 75 points.
You press <<7>> and receive 45 points.
You press <<4>> and receive 19 points.
You press <<27>> and receive 38 points.

Environment number 13:
The value of option 23 is 52. You have 10 choices to make in this environment.
You press <<22>> and receive 59 points.
You press <<24>> and receive 37 points.
You press <<13>> and receive 41 points.
You press <<8>> and receive 52 points.
You press <<7>> and receive 63 points.
You press <<6>> and receive 67 points.
You press <<5>> and receive 57 points.
You press <<14>> and receive 34 points.
You press <<19>> and receive 43 points.
You press <<26>> and receive 22 points.

Environment number 14:
The value of option 9 is 30. You have 5 choices to make in this environment.
You press <<17>> and receive 19 points.
You press <<24>> and receive 43 points.
You press <<25>> and receive 56 points.
You press <<26>> and receive 66 points.
You press <<",20
15,15,1,15,0,smooth,6,5,9,13,"You will be presented with a series of 16 different environments to explore.
In each trial, you can select an option between numbers 1 and 30 by pressing the corresponding key.
By selecting any of these options, you will earn points associated with each unique option.
Imagine these options 1 through 30 as lying next to each other in an ordered line; options closer to each other tend to have similar rewards as rewards tend to cluster together.
For each environment, you will be able to make either 5 or 10 choices.
When you made all your choices in a given environment, you will start making choices in the next unexplored environment.
The rewards underlying the different options are different in each environment so you will learn them anew for each environment.
Each environment starts with the value of a single option revealed.
When you choose the number corresponding to a different option, you will be told the value of that option and receive those points.
Previously revealed options, including the starting option, can also be reselected, although there may be small changes in the point value.
It is your task to gain as many points as possible across all 16 environments.

Environment number 1:
The value of option 19 is 75. You have 5 choices to make in this environment.
You press <<18>> and receive 70 points.
You press <<20>> and receive 67 points.
You press <<17>> and receive 50 points.
You press <<11>> and receive 10 points.
You press <<26>> and receive 23 points.

Environment number 2:
The value of option 8 is 43. You have 5 choices to make in this environment.
You press <<20>> and receive 2 points.
You press <<29>> and receive 34 points.
You press <<3>> and receive 59 points.
You press <<15>> and receive 76 points.
You press <<16>> and receive 61 points.

Environment number 3:
The value of option 2 is 3. You have 5 choices to make in this environment.
You press <<15>> and receive 70 points.
You press <<14>> and receive 65 points.
You press <<16>> and receive 61 points.
You press <<9>> and receive 3 points.
You press <<24>> and receive 28 points.

Environment number 4:
The value of option 7 is 1. You have 10 choices to make in this environment.
You press <<13>> and receive 22 points.
You press <<18>> and receive 41 points.
You press <<24>> and receive 37 points.
You press <<19>> and receive 57 points.
You press <<17>> and receive 29 points.
You press <<20>> and receive 64 points.
You press <<21>> and receive 63 points.
You press <<22>> and receive 57 points.
You press <<16>> and receive 17 points.
You press <<12>> and receive 28 points.

Environment number 5:
The value of option 4 is 51. You have 10 choices to make in this environment.
You press <<5>> and receive 47 points.
You press <<3>> and receive 48 points.
You press <<13>> and receive 48 points.
You press <<12>> and receive 59 points.
You press <<11>> and receive 54 points.
You press <<21>> and receive 21 points.
You press <<28>> and receive 31 points.
You press <<17>> and receive 75 points.
You press <<18>> and receive 85 points.
You press <<19>> and receive 76 points.

Environment number 6:
The value of option 3 is 65. You have 5 choices to make in this environment.
You press <<12>> and receive 46 points.
You press <<21>> and receive 83 points.
You press <<22>> and receive 82 points.
You press <<20>> and receive 79 points.
You press <<23>> and receive 76 points.

Environment number 7:
The value of option 7 is 59. You have 10 choices to make in this environment.
You press <<6>> and receive 40 points.
You press <<8>> and receive 76 points.
You press <<9>> and receive 73 points.
You press <<18>> and receive 72 points.
You press <<17>> and receive 45 points.
You press <<19>> and receive 78 points.
You press <<20>> and receive 68 points.
You press <<12>> and receive 19 points.
You press <<24>> and receive 25 points.
You press <<29>> and receive 48 points.

Environment number 8:
The value of option 9 is 46. You have 5 choices to make in this environment.
You press <<15>> and receive 11 points.
You press <<23>> and receive 13 points.
You press <<4>> and receive 75 points.
You press <<5>> and receive 58 points.
You press <<3>> and receive 82 points.

Environment number 9:
The value of option 23 is 72. You have 10 choices to make in this environment.
You press <<22>> and receive 69 points.
You press <<24>> and receive 66 points.
You press <<12>> and receive 44 points.
You press <<4>> and receive 62 points.
You press <<5>> and receive 54 points.
You press <<17>> and receive 3 points.
You press <<27>> and receive 29 points.
You press <<9>> and receive 66 points.
You press <<10>> and receive 68 points.
You press <<8>> and receive 59 points.

Environment number 10:
The value of option 25 is 10. You have 10 choices to make in this environment.
You press <<15>> and receive 52 points.
You press <<7>> and receive 35 points.
You press <<2>> and receive 7 points.
You press <<14>> and receive 75 points.
You press <<13>> and receive 74 points.
You press <<16>> and receive 22 points.
You press <<22>> and receive 12 points.
You press <<11>> and receive 44 points.
You press <<12>> and receive 58 points.
You press <<10>> and receive 37 points.

Environment number 11:
The value of option 10 is 31. You have 10 choices to make in this environment.
You press <<19>> and receive 0 points.
You press <<4>> and receive 32 points.
You press <<2>> and receive 37 points.
You press <<3>> and receive 29 points.
You press <<15>> and receive 20 points.
You press <<22>> and receive 66 points.
You press <<23>> and receive 53 points.
You press <<21>> and receive 36 points.
You press <<11>> and receive 17 points.
You press <<26>> and receive 12 points.

Environment number 12:
The value of option 10 is 30. You have 10 choices to make in this environment.
You press <<15>> and receive 44 points.
You press <<18>> and receive 62 points.
You press <<17>> and receive 54 points.
You press <<19>> and receive 71 points.
You press <<20>> and receive 82 points.
You press <<21>> and receive 85 points.
You press <<22>> and receive 75 points.
You press <<7>> and receive 45 points.
You press <<4>> and receive 19 points.
You press <<27>> and receive 38 points.

Environment number 13:
The value of option 23 is 52. You have 10 choices to make in this environment.
You press <<22>> and receive 59 points.
You press <<24>> and receive 37 points.
You press <<13>> and receive 41 points.
You press <<8>> and receive 52 points.
You press <<7>> and receive 63 points.
You press <<6>> and receive 67 points.
You press <<5>> and receive 57 points.
You press <<14>> and receive 34 points.
You press <<19>> and receive 43 points.
You press <<26>> and receive 22 points.

Environment number 14:
The value of option 9 is 30. You have 5 choices to make in this environment.
You press <<17>> and receive 19 points.
You press <<24>> and receive 43 points.
You press <<25>> and receive 56 points.
You press <<26>> and receive 66 points.
You press <<27>> and receive 65 points.

Environment number 15:
The value of option 6 is 9. You have 5 choices to make in this environment.
You press <<",20
15,15,2,22,0,smooth,6,5,9,35,"You will be presented with a series of 16 different environments to explore.
In each trial, you can select an option between numbers 1 and 30 by pressing the corresponding key.
By selecting any of these options, you will earn points associated with each unique option.
Imagine these options 1 through 30 as lying next to each other in an ordered line; options closer to each other tend to have similar rewards as rewards tend to cluster together.
For each environment, you will be able to make either 5 or 10 choices.
When you made all your choices in a given environment, you will start making choices in the next unexplored environment.
The rewards underlying the different options are different in each environment so you will learn them anew for each environment.
Each environment starts with the value of a single option revealed.
When you choose the number corresponding to a different option, you will be told the value of that option and receive those points.
Previously revealed options, including the starting option, can also be reselected, although there may be small changes in the point value.
It is your task to gain as many points as possible across all 16 environments.

Environment number 1:
The value of option 19 is 75. You have 5 choices to make in this environment.
You press <<18>> and receive 70 points.
You press <<20>> and receive 67 points.
You press <<17>> and receive 50 points.
You press <<11>> and receive 10 points.
You press <<26>> and receive 23 points.

Environment number 2:
The value of option 8 is 43. You have 5 choices to make in this environment.
You press <<20>> and receive 2 points.
You press <<29>> and receive 34 points.
You press <<3>> and receive 59 points.
You press <<15>> and receive 76 points.
You press <<16>> and receive 61 points.

Environment number 3:
The value of option 2 is 3. You have 5 choices to make in this environment.
You press <<15>> and receive 70 points.
You press <<14>> and receive 65 points.
You press <<16>> and receive 61 points.
You press <<9>> and receive 3 points.
You press <<24>> and receive 28 points.

Environment number 4:
The value of option 7 is 1. You have 10 choices to make in this environment.
You press <<13>> and receive 22 points.
You press <<18>> and receive 41 points.
You press <<24>> and receive 37 points.
You press <<19>> and receive 57 points.
You press <<17>> and receive 29 points.
You press <<20>> and receive 64 points.
You press <<21>> and receive 63 points.
You press <<22>> and receive 57 points.
You press <<16>> and receive 17 points.
You press <<12>> and receive 28 points.

Environment number 5:
The value of option 4 is 51. You have 10 choices to make in this environment.
You press <<5>> and receive 47 points.
You press <<3>> and receive 48 points.
You press <<13>> and receive 48 points.
You press <<12>> and receive 59 points.
You press <<11>> and receive 54 points.
You press <<21>> and receive 21 points.
You press <<28>> and receive 31 points.
You press <<17>> and receive 75 points.
You press <<18>> and receive 85 points.
You press <<19>> and receive 76 points.

Environment number 6:
The value of option 3 is 65. You have 5 choices to make in this environment.
You press <<12>> and receive 46 points.
You press <<21>> and receive 83 points.
You press <<22>> and receive 82 points.
You press <<20>> and receive 79 points.
You press <<23>> and receive 76 points.

Environment number 7:
The value of option 7 is 59. You have 10 choices to make in this environment.
You press <<6>> and receive 40 points.
You press <<8>> and receive 76 points.
You press <<9>> and receive 73 points.
You press <<18>> and receive 72 points.
You press <<17>> and receive 45 points.
You press <<19>> and receive 78 points.
You press <<20>> and receive 68 points.
You press <<12>> and receive 19 points.
You press <<24>> and receive 25 points.
You press <<29>> and receive 48 points.

Environment number 8:
The value of option 9 is 46. You have 5 choices to make in this environment.
You press <<15>> and receive 11 points.
You press <<23>> and receive 13 points.
You press <<4>> and receive 75 points.
You press <<5>> and receive 58 points.
You press <<3>> and receive 82 points.

Environment number 9:
The value of option 23 is 72. You have 10 choices to make in this environment.
You press <<22>> and receive 69 points.
You press <<24>> and receive 66 points.
You press <<12>> and receive 44 points.
You press <<4>> and receive 62 points.
You press <<5>> and receive 54 points.
You press <<17>> and receive 3 points.
You press <<27>> and receive 29 points.
You press <<9>> and receive 66 points.
You press <<10>> and receive 68 points.
You press <<8>> and receive 59 points.

Environment number 10:
The value of option 25 is 10. You have 10 choices to make in this environment.
You press <<15>> and receive 52 points.
You press <<7>> and receive 35 points.
You press <<2>> and receive 7 points.
You press <<14>> and receive 75 points.
You press <<13>> and receive 74 points.
You press <<16>> and receive 22 points.
You press <<22>> and receive 12 points.
You press <<11>> and receive 44 points.
You press <<12>> and receive 58 points.
You press <<10>> and receive 37 points.

Environment number 11:
The value of option 10 is 31. You have 10 choices to make in this environment.
You press <<19>> and receive 0 points.
You press <<4>> and receive 32 points.
You press <<2>> and receive 37 points.
You press <<3>> and receive 29 points.
You press <<15>> and receive 20 points.
You press <<22>> and receive 66 points.
You press <<23>> and receive 53 points.
You press <<21>> and receive 36 points.
You press <<11>> and receive 17 points.
You press <<26>> and receive 12 points.

Environment number 12:
The value of option 10 is 30. You have 10 choices to make in this environment.
You press <<15>> and receive 44 points.
You press <<18>> and receive 62 points.
You press <<17>> and receive 54 points.
You press <<19>> and receive 71 points.
You press <<20>> and receive 82 points.
You press <<21>> and receive 85 points.
You press <<22>> and receive 75 points.
You press <<7>> and receive 45 points.
You press <<4>> and receive 19 points.
You press <<27>> and receive 38 points.

Environment number 13:
The value of option 23 is 52. You have 10 choices to make in this environment.
You press <<22>> and receive 59 points.
You press <<24>> and receive 37 points.
You press <<13>> and receive 41 points.
You press <<8>> and receive 52 points.
You press <<7>> and receive 63 points.
You press <<6>> and receive 67 points.
You press <<5>> and receive 57 points.
You press <<14>> and receive 34 points.
You press <<19>> and receive 43 points.
You press <<26>> and receive 22 points.

Environment number 14:
The value of option 9 is 30. You have 5 choices to make in this environment.
You press <<17>> and receive 19 points.
You press <<24>> and receive 43 points.
You press <<25>> and receive 56 points.
You press <<26>> and receive 66 points.
You press <<27>> and receive 65 points.

Environment number 15:
The value of option 6 is 9. You have 5 choices to make in this environment.
You press <<15>> and receive 13 points.
You press <<",20
15,15,3,27,0,smooth,6,5,9,42,"You will be presented with a series of 16 different environments to explore.
In each trial, you can select an option between numbers 1 and 30 by pressing the corresponding key.
By selecting any of these options, you will earn points associated with each unique option.
Imagine these options 1 through 30 as lying next to each other in an ordered line; options closer to each other tend to have similar rewards as rewards tend to cluster together.
For each environment, you will be able to make either 5 or 10 choices.
When you made all your choices in a given environment, you will start making choices in the next unexplored environment.
The rewards underlying the different options are different in each environment so you will learn them anew for each environment.
Each environment starts with the value of a single option revealed.
When you choose the number corresponding to a different option, you will be told the value of that option and receive those points.
Previously revealed options, including the starting option, can also be reselected, although there may be small changes in the point value.
It is your task to gain as many points as possible across all 16 environments.

Environment number 1:
The value of option 19 is 75. You have 5 choices to make in this environment.
You press <<18>> and receive 70 points.
You press <<20>> and receive 67 points.
You press <<17>> and receive 50 points.
You press <<11>> and receive 10 points.
You press <<26>> and receive 23 points.

Environment number 2:
The value of option 8 is 43. You have 5 choices to make in this environment.
You press <<20>> and receive 2 points.
You press <<29>> and receive 34 points.
You press <<3>> and receive 59 points.
You press <<15>> and receive 76 points.
You press <<16>> and receive 61 points.

Environment number 3:
The value of option 2 is 3. You have 5 choices to make in this environment.
You press <<15>> and receive 70 points.
You press <<14>> and receive 65 points.
You press <<16>> and receive 61 points.
You press <<9>> and receive 3 points.
You press <<24>> and receive 28 points.

Environment number 4:
The value of option 7 is 1. You have 10 choices to make in this environment.
You press <<13>> and receive 22 points.
You press <<18>> and receive 41 points.
You press <<24>> and receive 37 points.
You press <<19>> and receive 57 points.
You press <<17>> and receive 29 points.
You press <<20>> and receive 64 points.
You press <<21>> and receive 63 points.
You press <<22>> and receive 57 points.
You press <<16>> and receive 17 points.
You press <<12>> and receive 28 points.

Environment number 5:
The value of option 4 is 51. You have 10 choices to make in this environment.
You press <<5>> and receive 47 points.
You press <<3>> and receive 48 points.
You press <<13>> and receive 48 points.
You press <<12>> and receive 59 points.
You press <<11>> and receive 54 points.
You press <<21>> and receive 21 points.
You press <<28>> and receive 31 points.
You press <<17>> and receive 75 points.
You press <<18>> and receive 85 points.
You press <<19>> and receive 76 points.

Environment number 6:
The value of option 3 is 65. You have 5 choices to make in this environment.
You press <<12>> and receive 46 points.
You press <<21>> and receive 83 points.
You press <<22>> and receive 82 points.
You press <<20>> and receive 79 points.
You press <<23>> and receive 76 points.

Environment number 7:
The value of option 7 is 59. You have 10 choices to make in this environment.
You press <<6>> and receive 40 points.
You press <<8>> and receive 76 points.
You press <<9>> and receive 73 points.
You press <<18>> and receive 72 points.
You press <<17>> and receive 45 points.
You press <<19>> and receive 78 points.
You press <<20>> and receive 68 points.
You press <<12>> and receive 19 points.
You press <<24>> and receive 25 points.
You press <<29>> and receive 48 points.

Environment number 8:
The value of option 9 is 46. You have 5 choices to make in this environment.
You press <<15>> and receive 11 points.
You press <<23>> and receive 13 points.
You press <<4>> and receive 75 points.
You press <<5>> and receive 58 points.
You press <<3>> and receive 82 points.

Environment number 9:
The value of option 23 is 72. You have 10 choices to make in this environment.
You press <<22>> and receive 69 points.
You press <<24>> and receive 66 points.
You press <<12>> and receive 44 points.
You press <<4>> and receive 62 points.
You press <<5>> and receive 54 points.
You press <<17>> and receive 3 points.
You press <<27>> and receive 29 points.
You press <<9>> and receive 66 points.
You press <<10>> and receive 68 points.
You press <<8>> and receive 59 points.

Environment number 10:
The value of option 25 is 10. You have 10 choices to make in this environment.
You press <<15>> and receive 52 points.
You press <<7>> and receive 35 points.
You press <<2>> and receive 7 points.
You press <<14>> and receive 75 points.
You press <<13>> and receive 74 points.
You press <<16>> and receive 22 points.
You press <<22>> and receive 12 points.
You press <<11>> and receive 44 points.
You press <<12>> and receive 58 points.
You press <<10>> and receive 37 points.

Environment number 11:
The value of option 10 is 31. You have 10 choices to make in this environment.
You press <<19>> and receive 0 points.
You press <<4>> and receive 32 points.
You press <<2>> and receive 37 points.
You press <<3>> and receive 29 points.
You press <<15>> and receive 20 points.
You press <<22>> and receive 66 points.
You press <<23>> and receive 53 points.
You press <<21>> and receive 36 points.
You press <<11>> and receive 17 points.
You press <<26>> and receive 12 points.

Environment number 12:
The value of option 10 is 30. You have 10 choices to make in this environment.
You press <<15>> and receive 44 points.
You press <<18>> and receive 62 points.
You press <<17>> and receive 54 points.
You press <<19>> and receive 71 points.
You press <<20>> and receive 82 points.
You press <<21>> and receive 85 points.
You press <<22>> and receive 75 points.
You press <<7>> and receive 45 points.
You press <<4>> and receive 19 points.
You press <<27>> and receive 38 points.

Environment number 13:
The value of option 23 is 52. You have 10 choices to make in this environment.
You press <<22>> and receive 59 points.
You press <<24>> and receive 37 points.
You press <<13>> and receive 41 points.
You press <<8>> and receive 52 points.
You press <<7>> and receive 63 points.
You press <<6>> and receive 67 points.
You press <<5>> and receive 57 points.
You press <<14>> and receive 34 points.
You press <<19>> and receive 43 points.
You press <<26>> and receive 22 points.

Environment number 14:
The value of option 9 is 30. You have 5 choices to make in this environment.
You press <<17>> and receive 19 points.
You press <<24>> and receive 43 points.
You press <<25>> and receive 56 points.
You press <<26>> and receive 66 points.
You press <<27>> and receive 65 points.

Environment number 15:
The value of option 6 is 9. You have 5 choices to make in this environment.
You press <<15>> and receive 13 points.
You press <<22>> and receive 35 points.
You press <<",20
15,15,4,28,0,smooth,6,5,9,23,"You will be presented with a series of 16 different environments to explore.
In each trial, you can select an option between numbers 1 and 30 by pressing the corresponding key.
By selecting any of these options, you will earn points associated with each unique option.
Imagine these options 1 through 30 as lying next to each other in an ordered line; options closer to each other tend to have similar rewards as rewards tend to cluster together.
For each environment, you will be able to make either 5 or 10 choices.
When you made all your choices in a given environment, you will start making choices in the next unexplored environment.
The rewards underlying the different options are different in each environment so you will learn them anew for each environment.
Each environment starts with the value of a single option revealed.
When you choose the number corresponding to a different option, you will be told the value of that option and receive those points.
Previously revealed options, including the starting option, can also be reselected, although there may be small changes in the point value.
It is your task to gain as many points as possible across all 16 environments.

Environment number 1:
The value of option 19 is 75. You have 5 choices to make in this environment.
You press <<18>> and receive 70 points.
You press <<20>> and receive 67 points.
You press <<17>> and receive 50 points.
You press <<11>> and receive 10 points.
You press <<26>> and receive 23 points.

Environment number 2:
The value of option 8 is 43. You have 5 choices to make in this environment.
You press <<20>> and receive 2 points.
You press <<29>> and receive 34 points.
You press <<3>> and receive 59 points.
You press <<15>> and receive 76 points.
You press <<16>> and receive 61 points.

Environment number 3:
The value of option 2 is 3. You have 5 choices to make in this environment.
You press <<15>> and receive 70 points.
You press <<14>> and receive 65 points.
You press <<16>> and receive 61 points.
You press <<9>> and receive 3 points.
You press <<24>> and receive 28 points.

Environment number 4:
The value of option 7 is 1. You have 10 choices to make in this environment.
You press <<13>> and receive 22 points.
You press <<18>> and receive 41 points.
You press <<24>> and receive 37 points.
You press <<19>> and receive 57 points.
You press <<17>> and receive 29 points.
You press <<20>> and receive 64 points.
You press <<21>> and receive 63 points.
You press <<22>> and receive 57 points.
You press <<16>> and receive 17 points.
You press <<12>> and receive 28 points.

Environment number 5:
The value of option 4 is 51. You have 10 choices to make in this environment.
You press <<5>> and receive 47 points.
You press <<3>> and receive 48 points.
You press <<13>> and receive 48 points.
You press <<12>> and receive 59 points.
You press <<11>> and receive 54 points.
You press <<21>> and receive 21 points.
You press <<28>> and receive 31 points.
You press <<17>> and receive 75 points.
You press <<18>> and receive 85 points.
You press <<19>> and receive 76 points.

Environment number 6:
The value of option 3 is 65. You have 5 choices to make in this environment.
You press <<12>> and receive 46 points.
You press <<21>> and receive 83 points.
You press <<22>> and receive 82 points.
You press <<20>> and receive 79 points.
You press <<23>> and receive 76 points.

Environment number 7:
The value of option 7 is 59. You have 10 choices to make in this environment.
You press <<6>> and receive 40 points.
You press <<8>> and receive 76 points.
You press <<9>> and receive 73 points.
You press <<18>> and receive 72 points.
You press <<17>> and receive 45 points.
You press <<19>> and receive 78 points.
You press <<20>> and receive 68 points.
You press <<12>> and receive 19 points.
You press <<24>> and receive 25 points.
You press <<29>> and receive 48 points.

Environment number 8:
The value of option 9 is 46. You have 5 choices to make in this environment.
You press <<15>> and receive 11 points.
You press <<23>> and receive 13 points.
You press <<4>> and receive 75 points.
You press <<5>> and receive 58 points.
You press <<3>> and receive 82 points.

Environment number 9:
The value of option 23 is 72. You have 10 choices to make in this environment.
You press <<22>> and receive 69 points.
You press <<24>> and receive 66 points.
You press <<12>> and receive 44 points.
You press <<4>> and receive 62 points.
You press <<5>> and receive 54 points.
You press <<17>> and receive 3 points.
You press <<27>> and receive 29 points.
You press <<9>> and receive 66 points.
You press <<10>> and receive 68 points.
You press <<8>> and receive 59 points.

Environment number 10:
The value of option 25 is 10. You have 10 choices to make in this environment.
You press <<15>> and receive 52 points.
You press <<7>> and receive 35 points.
You press <<2>> and receive 7 points.
You press <<14>> and receive 75 points.
You press <<13>> and receive 74 points.
You press <<16>> and receive 22 points.
You press <<22>> and receive 12 points.
You press <<11>> and receive 44 points.
You press <<12>> and receive 58 points.
You press <<10>> and receive 37 points.

Environment number 11:
The value of option 10 is 31. You have 10 choices to make in this environment.
You press <<19>> and receive 0 points.
You press <<4>> and receive 32 points.
You press <<2>> and receive 37 points.
You press <<3>> and receive 29 points.
You press <<15>> and receive 20 points.
You press <<22>> and receive 66 points.
You press <<23>> and receive 53 points.
You press <<21>> and receive 36 points.
You press <<11>> and receive 17 points.
You press <<26>> and receive 12 points.

Environment number 12:
The value of option 10 is 30. You have 10 choices to make in this environment.
You press <<15>> and receive 44 points.
You press <<18>> and receive 62 points.
You press <<17>> and receive 54 points.
You press <<19>> and receive 71 points.
You press <<20>> and receive 82 points.
You press <<21>> and receive 85 points.
You press <<22>> and receive 75 points.
You press <<7>> and receive 45 points.
You press <<4>> and receive 19 points.
You press <<27>> and receive 38 points.

Environment number 13:
The value of option 23 is 52. You have 10 choices to make in this environment.
You press <<22>> and receive 59 points.
You press <<24>> and receive 37 points.
You press <<13>> and receive 41 points.
You press <<8>> and receive 52 points.
You press <<7>> and receive 63 points.
You press <<6>> and receive 67 points.
You press <<5>> and receive 57 points.
You press <<14>> and receive 34 points.
You press <<19>> and receive 43 points.
You press <<26>> and receive 22 points.

Environment number 14:
The value of option 9 is 30. You have 5 choices to make in this environment.
You press <<17>> and receive 19 points.
You press <<24>> and receive 43 points.
You press <<25>> and receive 56 points.
You press <<26>> and receive 66 points.
You press <<27>> and receive 65 points.

Environment number 15:
The value of option 6 is 9. You have 5 choices to make in this environment.
You press <<15>> and receive 13 points.
You press <<22>> and receive 35 points.
You press <<27>> and receive 42 points.
You press <<",20
15,15,5,26,0,smooth,6,5,9,64,"You will be presented with a series of 16 different environments to explore.
In each trial, you can select an option between numbers 1 and 30 by pressing the corresponding key.
By selecting any of these options, you will earn points associated with each unique option.
Imagine these options 1 through 30 as lying next to each other in an ordered line; options closer to each other tend to have similar rewards as rewards tend to cluster together.
For each environment, you will be able to make either 5 or 10 choices.
When you made all your choices in a given environment, you will start making choices in the next unexplored environment.
The rewards underlying the different options are different in each environment so you will learn them anew for each environment.
Each environment starts with the value of a single option revealed.
When you choose the number corresponding to a different option, you will be told the value of that option and receive those points.
Previously revealed options, including the starting option, can also be reselected, although there may be small changes in the point value.
It is your task to gain as many points as possible across all 16 environments.

Environment number 1:
The value of option 19 is 75. You have 5 choices to make in this environment.
You press <<18>> and receive 70 points.
You press <<20>> and receive 67 points.
You press <<17>> and receive 50 points.
You press <<11>> and receive 10 points.
You press <<26>> and receive 23 points.

Environment number 2:
The value of option 8 is 43. You have 5 choices to make in this environment.
You press <<20>> and receive 2 points.
You press <<29>> and receive 34 points.
You press <<3>> and receive 59 points.
You press <<15>> and receive 76 points.
You press <<16>> and receive 61 points.

Environment number 3:
The value of option 2 is 3. You have 5 choices to make in this environment.
You press <<15>> and receive 70 points.
You press <<14>> and receive 65 points.
You press <<16>> and receive 61 points.
You press <<9>> and receive 3 points.
You press <<24>> and receive 28 points.

Environment number 4:
The value of option 7 is 1. You have 10 choices to make in this environment.
You press <<13>> and receive 22 points.
You press <<18>> and receive 41 points.
You press <<24>> and receive 37 points.
You press <<19>> and receive 57 points.
You press <<17>> and receive 29 points.
You press <<20>> and receive 64 points.
You press <<21>> and receive 63 points.
You press <<22>> and receive 57 points.
You press <<16>> and receive 17 points.
You press <<12>> and receive 28 points.

Environment number 5:
The value of option 4 is 51. You have 10 choices to make in this environment.
You press <<5>> and receive 47 points.
You press <<3>> and receive 48 points.
You press <<13>> and receive 48 points.
You press <<12>> and receive 59 points.
You press <<11>> and receive 54 points.
You press <<21>> and receive 21 points.
You press <<28>> and receive 31 points.
You press <<17>> and receive 75 points.
You press <<18>> and receive 85 points.
You press <<19>> and receive 76 points.

Environment number 6:
The value of option 3 is 65. You have 5 choices to make in this environment.
You press <<12>> and receive 46 points.
You press <<21>> and receive 83 points.
You press <<22>> and receive 82 points.
You press <<20>> and receive 79 points.
You press <<23>> and receive 76 points.

Environment number 7:
The value of option 7 is 59. You have 10 choices to make in this environment.
You press <<6>> and receive 40 points.
You press <<8>> and receive 76 points.
You press <<9>> and receive 73 points.
You press <<18>> and receive 72 points.
You press <<17>> and receive 45 points.
You press <<19>> and receive 78 points.
You press <<20>> and receive 68 points.
You press <<12>> and receive 19 points.
You press <<24>> and receive 25 points.
You press <<29>> and receive 48 points.

Environment number 8:
The value of option 9 is 46. You have 5 choices to make in this environment.
You press <<15>> and receive 11 points.
You press <<23>> and receive 13 points.
You press <<4>> and receive 75 points.
You press <<5>> and receive 58 points.
You press <<3>> and receive 82 points.

Environment number 9:
The value of option 23 is 72. You have 10 choices to make in this environment.
You press <<22>> and receive 69 points.
You press <<24>> and receive 66 points.
You press <<12>> and receive 44 points.
You press <<4>> and receive 62 points.
You press <<5>> and receive 54 points.
You press <<17>> and receive 3 points.
You press <<27>> and receive 29 points.
You press <<9>> and receive 66 points.
You press <<10>> and receive 68 points.
You press <<8>> and receive 59 points.

Environment number 10:
The value of option 25 is 10. You have 10 choices to make in this environment.
You press <<15>> and receive 52 points.
You press <<7>> and receive 35 points.
You press <<2>> and receive 7 points.
You press <<14>> and receive 75 points.
You press <<13>> and receive 74 points.
You press <<16>> and receive 22 points.
You press <<22>> and receive 12 points.
You press <<11>> and receive 44 points.
You press <<12>> and receive 58 points.
You press <<10>> and receive 37 points.

Environment number 11:
The value of option 10 is 31. You have 10 choices to make in this environment.
You press <<19>> and receive 0 points.
You press <<4>> and receive 32 points.
You press <<2>> and receive 37 points.
You press <<3>> and receive 29 points.
You press <<15>> and receive 20 points.
You press <<22>> and receive 66 points.
You press <<23>> and receive 53 points.
You press <<21>> and receive 36 points.
You press <<11>> and receive 17 points.
You press <<26>> and receive 12 points.

Environment number 12:
The value of option 10 is 30. You have 10 choices to make in this environment.
You press <<15>> and receive 44 points.
You press <<18>> and receive 62 points.
You press <<17>> and receive 54 points.
You press <<19>> and receive 71 points.
You press <<20>> and receive 82 points.
You press <<21>> and receive 85 points.
You press <<22>> and receive 75 points.
You press <<7>> and receive 45 points.
You press <<4>> and receive 19 points.
You press <<27>> and receive 38 points.

Environment number 13:
The value of option 23 is 52. You have 10 choices to make in this environment.
You press <<22>> and receive 59 points.
You press <<24>> and receive 37 points.
You press <<13>> and receive 41 points.
You press <<8>> and receive 52 points.
You press <<7>> and receive 63 points.
You press <<6>> and receive 67 points.
You press <<5>> and receive 57 points.
You press <<14>> and receive 34 points.
You press <<19>> and receive 43 points.
You press <<26>> and receive 22 points.

Environment number 14:
The value of option 9 is 30. You have 5 choices to make in this environment.
You press <<17>> and receive 19 points.
You press <<24>> and receive 43 points.
You press <<25>> and receive 56 points.
You press <<26>> and receive 66 points.
You press <<27>> and receive 65 points.

Environment number 15:
The value of option 6 is 9. You have 5 choices to make in this environment.
You press <<15>> and receive 13 points.
You press <<22>> and receive 35 points.
You press <<27>> and receive 42 points.
You press <<28>> and receive 23 points.
You press <<",20
16,14,1,13,0,smooth,20,5,20,15,"You will be presented with a series of 16 different environments to explore.
In each trial, you can select an option between numbers 1 and 30 by pressing the corresponding key.
By selecting any of these options, you will earn points associated with each unique option.
Imagine these options 1 through 30 as lying next to each other in an ordered line; options closer to each other tend to have similar rewards as rewards tend to cluster together.
For each environment, you will be able to make either 5 or 10 choices.
When you made all your choices in a given environment, you will start making choices in the next unexplored environment.
The rewards underlying the different options are different in each environment so you will learn them anew for each environment.
Each environment starts with the value of a single option revealed.
When you choose the number corresponding to a different option, you will be told the value of that option and receive those points.
Previously revealed options, including the starting option, can also be reselected, although there may be small changes in the point value.
It is your task to gain as many points as possible across all 16 environments.

Environment number 1:
The value of option 19 is 75. You have 5 choices to make in this environment.
You press <<18>> and receive 70 points.
You press <<20>> and receive 67 points.
You press <<17>> and receive 50 points.
You press <<11>> and receive 10 points.
You press <<26>> and receive 23 points.

Environment number 2:
The value of option 8 is 43. You have 5 choices to make in this environment.
You press <<20>> and receive 2 points.
You press <<29>> and receive 34 points.
You press <<3>> and receive 59 points.
You press <<15>> and receive 76 points.
You press <<16>> and receive 61 points.

Environment number 3:
The value of option 2 is 3. You have 5 choices to make in this environment.
You press <<15>> and receive 70 points.
You press <<14>> and receive 65 points.
You press <<16>> and receive 61 points.
You press <<9>> and receive 3 points.
You press <<24>> and receive 28 points.

Environment number 4:
The value of option 7 is 1. You have 10 choices to make in this environment.
You press <<13>> and receive 22 points.
You press <<18>> and receive 41 points.
You press <<24>> and receive 37 points.
You press <<19>> and receive 57 points.
You press <<17>> and receive 29 points.
You press <<20>> and receive 64 points.
You press <<21>> and receive 63 points.
You press <<22>> and receive 57 points.
You press <<16>> and receive 17 points.
You press <<12>> and receive 28 points.

Environment number 5:
The value of option 4 is 51. You have 10 choices to make in this environment.
You press <<5>> and receive 47 points.
You press <<3>> and receive 48 points.
You press <<13>> and receive 48 points.
You press <<12>> and receive 59 points.
You press <<11>> and receive 54 points.
You press <<21>> and receive 21 points.
You press <<28>> and receive 31 points.
You press <<17>> and receive 75 points.
You press <<18>> and receive 85 points.
You press <<19>> and receive 76 points.

Environment number 6:
The value of option 3 is 65. You have 5 choices to make in this environment.
You press <<12>> and receive 46 points.
You press <<21>> and receive 83 points.
You press <<22>> and receive 82 points.
You press <<20>> and receive 79 points.
You press <<23>> and receive 76 points.

Environment number 7:
The value of option 7 is 59. You have 10 choices to make in this environment.
You press <<6>> and receive 40 points.
You press <<8>> and receive 76 points.
You press <<9>> and receive 73 points.
You press <<18>> and receive 72 points.
You press <<17>> and receive 45 points.
You press <<19>> and receive 78 points.
You press <<20>> and receive 68 points.
You press <<12>> and receive 19 points.
You press <<24>> and receive 25 points.
You press <<29>> and receive 48 points.

Environment number 8:
The value of option 9 is 46. You have 5 choices to make in this environment.
You press <<15>> and receive 11 points.
You press <<23>> and receive 13 points.
You press <<4>> and receive 75 points.
You press <<5>> and receive 58 points.
You press <<3>> and receive 82 points.

Environment number 9:
The value of option 23 is 72. You have 10 choices to make in this environment.
You press <<22>> and receive 69 points.
You press <<24>> and receive 66 points.
You press <<12>> and receive 44 points.
You press <<4>> and receive 62 points.
You press <<5>> and receive 54 points.
You press <<17>> and receive 3 points.
You press <<27>> and receive 29 points.
You press <<9>> and receive 66 points.
You press <<10>> and receive 68 points.
You press <<8>> and receive 59 points.

Environment number 10:
The value of option 25 is 10. You have 10 choices to make in this environment.
You press <<15>> and receive 52 points.
You press <<7>> and receive 35 points.
You press <<2>> and receive 7 points.
You press <<14>> and receive 75 points.
You press <<13>> and receive 74 points.
You press <<16>> and receive 22 points.
You press <<22>> and receive 12 points.
You press <<11>> and receive 44 points.
You press <<12>> and receive 58 points.
You press <<10>> and receive 37 points.

Environment number 11:
The value of option 10 is 31. You have 10 choices to make in this environment.
You press <<19>> and receive 0 points.
You press <<4>> and receive 32 points.
You press <<2>> and receive 37 points.
You press <<3>> and receive 29 points.
You press <<15>> and receive 20 points.
You press <<22>> and receive 66 points.
You press <<23>> and receive 53 points.
You press <<21>> and receive 36 points.
You press <<11>> and receive 17 points.
You press <<26>> and receive 12 points.

Environment number 12:
The value of option 10 is 30. You have 10 choices to make in this environment.
You press <<15>> and receive 44 points.
You press <<18>> and receive 62 points.
You press <<17>> and receive 54 points.
You press <<19>> and receive 71 points.
You press <<20>> and receive 82 points.
You press <<21>> and receive 85 points.
You press <<22>> and receive 75 points.
You press <<7>> and receive 45 points.
You press <<4>> and receive 19 points.
You press <<27>> and receive 38 points.

Environment number 13:
The value of option 23 is 52. You have 10 choices to make in this environment.
You press <<22>> and receive 59 points.
You press <<24>> and receive 37 points.
You press <<13>> and receive 41 points.
You press <<8>> and receive 52 points.
You press <<7>> and receive 63 points.
You press <<6>> and receive 67 points.
You press <<5>> and receive 57 points.
You press <<14>> and receive 34 points.
You press <<19>> and receive 43 points.
You press <<26>> and receive 22 points.

Environment number 14:
The value of option 9 is 30. You have 5 choices to make in this environment.
You press <<17>> and receive 19 points.
You press <<24>> and receive 43 points.
You press <<25>> and receive 56 points.
You press <<26>> and receive 66 points.
You press <<27>> and receive 65 points.

Environment number 15:
The value of option 6 is 9. You have 5 choices to make in this environment.
You press <<15>> and receive 13 points.
You press <<22>> and receive 35 points.
You press <<27>> and receive 42 points.
You press <<28>> and receive 23 points.
You press <<26>> and receive 64 points.

Environment number 16:
The value of option 20 is 20. You have 5 choices to make in this environment.
You press <<",20
16,14,2,5,0,smooth,20,5,20,49,"You will be presented with a series of 16 different environments to explore.
In each trial, you can select an option between numbers 1 and 30 by pressing the corresponding key.
By selecting any of these options, you will earn points associated with each unique option.
Imagine these options 1 through 30 as lying next to each other in an ordered line; options closer to each other tend to have similar rewards as rewards tend to cluster together.
For each environment, you will be able to make either 5 or 10 choices.
When you made all your choices in a given environment, you will start making choices in the next unexplored environment.
The rewards underlying the different options are different in each environment so you will learn them anew for each environment.
Each environment starts with the value of a single option revealed.
When you choose the number corresponding to a different option, you will be told the value of that option and receive those points.
Previously revealed options, including the starting option, can also be reselected, although there may be small changes in the point value.
It is your task to gain as many points as possible across all 16 environments.

Environment number 1:
The value of option 19 is 75. You have 5 choices to make in this environment.
You press <<18>> and receive 70 points.
You press <<20>> and receive 67 points.
You press <<17>> and receive 50 points.
You press <<11>> and receive 10 points.
You press <<26>> and receive 23 points.

Environment number 2:
The value of option 8 is 43. You have 5 choices to make in this environment.
You press <<20>> and receive 2 points.
You press <<29>> and receive 34 points.
You press <<3>> and receive 59 points.
You press <<15>> and receive 76 points.
You press <<16>> and receive 61 points.

Environment number 3:
The value of option 2 is 3. You have 5 choices to make in this environment.
You press <<15>> and receive 70 points.
You press <<14>> and receive 65 points.
You press <<16>> and receive 61 points.
You press <<9>> and receive 3 points.
You press <<24>> and receive 28 points.

Environment number 4:
The value of option 7 is 1. You have 10 choices to make in this environment.
You press <<13>> and receive 22 points.
You press <<18>> and receive 41 points.
You press <<24>> and receive 37 points.
You press <<19>> and receive 57 points.
You press <<17>> and receive 29 points.
You press <<20>> and receive 64 points.
You press <<21>> and receive 63 points.
You press <<22>> and receive 57 points.
You press <<16>> and receive 17 points.
You press <<12>> and receive 28 points.

Environment number 5:
The value of option 4 is 51. You have 10 choices to make in this environment.
You press <<5>> and receive 47 points.
You press <<3>> and receive 48 points.
You press <<13>> and receive 48 points.
You press <<12>> and receive 59 points.
You press <<11>> and receive 54 points.
You press <<21>> and receive 21 points.
You press <<28>> and receive 31 points.
You press <<17>> and receive 75 points.
You press <<18>> and receive 85 points.
You press <<19>> and receive 76 points.

Environment number 6:
The value of option 3 is 65. You have 5 choices to make in this environment.
You press <<12>> and receive 46 points.
You press <<21>> and receive 83 points.
You press <<22>> and receive 82 points.
You press <<20>> and receive 79 points.
You press <<23>> and receive 76 points.

Environment number 7:
The value of option 7 is 59. You have 10 choices to make in this environment.
You press <<6>> and receive 40 points.
You press <<8>> and receive 76 points.
You press <<9>> and receive 73 points.
You press <<18>> and receive 72 points.
You press <<17>> and receive 45 points.
You press <<19>> and receive 78 points.
You press <<20>> and receive 68 points.
You press <<12>> and receive 19 points.
You press <<24>> and receive 25 points.
You press <<29>> and receive 48 points.

Environment number 8:
The value of option 9 is 46. You have 5 choices to make in this environment.
You press <<15>> and receive 11 points.
You press <<23>> and receive 13 points.
You press <<4>> and receive 75 points.
You press <<5>> and receive 58 points.
You press <<3>> and receive 82 points.

Environment number 9:
The value of option 23 is 72. You have 10 choices to make in this environment.
You press <<22>> and receive 69 points.
You press <<24>> and receive 66 points.
You press <<12>> and receive 44 points.
You press <<4>> and receive 62 points.
You press <<5>> and receive 54 points.
You press <<17>> and receive 3 points.
You press <<27>> and receive 29 points.
You press <<9>> and receive 66 points.
You press <<10>> and receive 68 points.
You press <<8>> and receive 59 points.

Environment number 10:
The value of option 25 is 10. You have 10 choices to make in this environment.
You press <<15>> and receive 52 points.
You press <<7>> and receive 35 points.
You press <<2>> and receive 7 points.
You press <<14>> and receive 75 points.
You press <<13>> and receive 74 points.
You press <<16>> and receive 22 points.
You press <<22>> and receive 12 points.
You press <<11>> and receive 44 points.
You press <<12>> and receive 58 points.
You press <<10>> and receive 37 points.

Environment number 11:
The value of option 10 is 31. You have 10 choices to make in this environment.
You press <<19>> and receive 0 points.
You press <<4>> and receive 32 points.
You press <<2>> and receive 37 points.
You press <<3>> and receive 29 points.
You press <<15>> and receive 20 points.
You press <<22>> and receive 66 points.
You press <<23>> and receive 53 points.
You press <<21>> and receive 36 points.
You press <<11>> and receive 17 points.
You press <<26>> and receive 12 points.

Environment number 12:
The value of option 10 is 30. You have 10 choices to make in this environment.
You press <<15>> and receive 44 points.
You press <<18>> and receive 62 points.
You press <<17>> and receive 54 points.
You press <<19>> and receive 71 points.
You press <<20>> and receive 82 points.
You press <<21>> and receive 85 points.
You press <<22>> and receive 75 points.
You press <<7>> and receive 45 points.
You press <<4>> and receive 19 points.
You press <<27>> and receive 38 points.

Environment number 13:
The value of option 23 is 52. You have 10 choices to make in this environment.
You press <<22>> and receive 59 points.
You press <<24>> and receive 37 points.
You press <<13>> and receive 41 points.
You press <<8>> and receive 52 points.
You press <<7>> and receive 63 points.
You press <<6>> and receive 67 points.
You press <<5>> and receive 57 points.
You press <<14>> and receive 34 points.
You press <<19>> and receive 43 points.
You press <<26>> and receive 22 points.

Environment number 14:
The value of option 9 is 30. You have 5 choices to make in this environment.
You press <<17>> and receive 19 points.
You press <<24>> and receive 43 points.
You press <<25>> and receive 56 points.
You press <<26>> and receive 66 points.
You press <<27>> and receive 65 points.

Environment number 15:
The value of option 6 is 9. You have 5 choices to make in this environment.
You press <<15>> and receive 13 points.
You press <<22>> and receive 35 points.
You press <<27>> and receive 42 points.
You press <<28>> and receive 23 points.
You press <<26>> and receive 64 points.

Environment number 16:
The value of option 20 is 20. You have 5 choices to make in this environment.
You press <<13>> and receive 15 points.
You press <<",20
16,14,3,4,0,smooth,20,5,20,48,"You will be presented with a series of 16 different environments to explore.
In each trial, you can select an option between numbers 1 and 30 by pressing the corresponding key.
By selecting any of these options, you will earn points associated with each unique option.
Imagine these options 1 through 30 as lying next to each other in an ordered line; options closer to each other tend to have similar rewards as rewards tend to cluster together.
For each environment, you will be able to make either 5 or 10 choices.
When you made all your choices in a given environment, you will start making choices in the next unexplored environment.
The rewards underlying the different options are different in each environment so you will learn them anew for each environment.
Each environment starts with the value of a single option revealed.
When you choose the number corresponding to a different option, you will be told the value of that option and receive those points.
Previously revealed options, including the starting option, can also be reselected, although there may be small changes in the point value.
It is your task to gain as many points as possible across all 16 environments.

Environment number 1:
The value of option 19 is 75. You have 5 choices to make in this environment.
You press <<18>> and receive 70 points.
You press <<20>> and receive 67 points.
You press <<17>> and receive 50 points.
You press <<11>> and receive 10 points.
You press <<26>> and receive 23 points.

Environment number 2:
The value of option 8 is 43. You have 5 choices to make in this environment.
You press <<20>> and receive 2 points.
You press <<29>> and receive 34 points.
You press <<3>> and receive 59 points.
You press <<15>> and receive 76 points.
You press <<16>> and receive 61 points.

Environment number 3:
The value of option 2 is 3. You have 5 choices to make in this environment.
You press <<15>> and receive 70 points.
You press <<14>> and receive 65 points.
You press <<16>> and receive 61 points.
You press <<9>> and receive 3 points.
You press <<24>> and receive 28 points.

Environment number 4:
The value of option 7 is 1. You have 10 choices to make in this environment.
You press <<13>> and receive 22 points.
You press <<18>> and receive 41 points.
You press <<24>> and receive 37 points.
You press <<19>> and receive 57 points.
You press <<17>> and receive 29 points.
You press <<20>> and receive 64 points.
You press <<21>> and receive 63 points.
You press <<22>> and receive 57 points.
You press <<16>> and receive 17 points.
You press <<12>> and receive 28 points.

Environment number 5:
The value of option 4 is 51. You have 10 choices to make in this environment.
You press <<5>> and receive 47 points.
You press <<3>> and receive 48 points.
You press <<13>> and receive 48 points.
You press <<12>> and receive 59 points.
You press <<11>> and receive 54 points.
You press <<21>> and receive 21 points.
You press <<28>> and receive 31 points.
You press <<17>> and receive 75 points.
You press <<18>> and receive 85 points.
You press <<19>> and receive 76 points.

Environment number 6:
The value of option 3 is 65. You have 5 choices to make in this environment.
You press <<12>> and receive 46 points.
You press <<21>> and receive 83 points.
You press <<22>> and receive 82 points.
You press <<20>> and receive 79 points.
You press <<23>> and receive 76 points.

Environment number 7:
The value of option 7 is 59. You have 10 choices to make in this environment.
You press <<6>> and receive 40 points.
You press <<8>> and receive 76 points.
You press <<9>> and receive 73 points.
You press <<18>> and receive 72 points.
You press <<17>> and receive 45 points.
You press <<19>> and receive 78 points.
You press <<20>> and receive 68 points.
You press <<12>> and receive 19 points.
You press <<24>> and receive 25 points.
You press <<29>> and receive 48 points.

Environment number 8:
The value of option 9 is 46. You have 5 choices to make in this environment.
You press <<15>> and receive 11 points.
You press <<23>> and receive 13 points.
You press <<4>> and receive 75 points.
You press <<5>> and receive 58 points.
You press <<3>> and receive 82 points.

Environment number 9:
The value of option 23 is 72. You have 10 choices to make in this environment.
You press <<22>> and receive 69 points.
You press <<24>> and receive 66 points.
You press <<12>> and receive 44 points.
You press <<4>> and receive 62 points.
You press <<5>> and receive 54 points.
You press <<17>> and receive 3 points.
You press <<27>> and receive 29 points.
You press <<9>> and receive 66 points.
You press <<10>> and receive 68 points.
You press <<8>> and receive 59 points.

Environment number 10:
The value of option 25 is 10. You have 10 choices to make in this environment.
You press <<15>> and receive 52 points.
You press <<7>> and receive 35 points.
You press <<2>> and receive 7 points.
You press <<14>> and receive 75 points.
You press <<13>> and receive 74 points.
You press <<16>> and receive 22 points.
You press <<22>> and receive 12 points.
You press <<11>> and receive 44 points.
You press <<12>> and receive 58 points.
You press <<10>> and receive 37 points.

Environment number 11:
The value of option 10 is 31. You have 10 choices to make in this environment.
You press <<19>> and receive 0 points.
You press <<4>> and receive 32 points.
You press <<2>> and receive 37 points.
You press <<3>> and receive 29 points.
You press <<15>> and receive 20 points.
You press <<22>> and receive 66 points.
You press <<23>> and receive 53 points.
You press <<21>> and receive 36 points.
You press <<11>> and receive 17 points.
You press <<26>> and receive 12 points.

Environment number 12:
The value of option 10 is 30. You have 10 choices to make in this environment.
You press <<15>> and receive 44 points.
You press <<18>> and receive 62 points.
You press <<17>> and receive 54 points.
You press <<19>> and receive 71 points.
You press <<20>> and receive 82 points.
You press <<21>> and receive 85 points.
You press <<22>> and receive 75 points.
You press <<7>> and receive 45 points.
You press <<4>> and receive 19 points.
You press <<27>> and receive 38 points.

Environment number 13:
The value of option 23 is 52. You have 10 choices to make in this environment.
You press <<22>> and receive 59 points.
You press <<24>> and receive 37 points.
You press <<13>> and receive 41 points.
You press <<8>> and receive 52 points.
You press <<7>> and receive 63 points.
You press <<6>> and receive 67 points.
You press <<5>> and receive 57 points.
You press <<14>> and receive 34 points.
You press <<19>> and receive 43 points.
You press <<26>> and receive 22 points.

Environment number 14:
The value of option 9 is 30. You have 5 choices to make in this environment.
You press <<17>> and receive 19 points.
You press <<24>> and receive 43 points.
You press <<25>> and receive 56 points.
You press <<26>> and receive 66 points.
You press <<27>> and receive 65 points.

Environment number 15:
The value of option 6 is 9. You have 5 choices to make in this environment.
You press <<15>> and receive 13 points.
You press <<22>> and receive 35 points.
You press <<27>> and receive 42 points.
You press <<28>> and receive 23 points.
You press <<26>> and receive 64 points.

Environment number 16:
The value of option 20 is 20. You have 5 choices to make in this environment.
You press <<13>> and receive 15 points.
You press <<5>> and receive 49 points.
You press <<",20
16,14,4,6,0,smooth,20,5,20,47,"You will be presented with a series of 16 different environments to explore.
In each trial, you can select an option between numbers 1 and 30 by pressing the corresponding key.
By selecting any of these options, you will earn points associated with each unique option.
Imagine these options 1 through 30 as lying next to each other in an ordered line; options closer to each other tend to have similar rewards as rewards tend to cluster together.
For each environment, you will be able to make either 5 or 10 choices.
When you made all your choices in a given environment, you will start making choices in the next unexplored environment.
The rewards underlying the different options are different in each environment so you will learn them anew for each environment.
Each environment starts with the value of a single option revealed.
When you choose the number corresponding to a different option, you will be told the value of that option and receive those points.
Previously revealed options, including the starting option, can also be reselected, although there may be small changes in the point value.
It is your task to gain as many points as possible across all 16 environments.

Environment number 1:
The value of option 19 is 75. You have 5 choices to make in this environment.
You press <<18>> and receive 70 points.
You press <<20>> and receive 67 points.
You press <<17>> and receive 50 points.
You press <<11>> and receive 10 points.
You press <<26>> and receive 23 points.

Environment number 2:
The value of option 8 is 43. You have 5 choices to make in this environment.
You press <<20>> and receive 2 points.
You press <<29>> and receive 34 points.
You press <<3>> and receive 59 points.
You press <<15>> and receive 76 points.
You press <<16>> and receive 61 points.

Environment number 3:
The value of option 2 is 3. You have 5 choices to make in this environment.
You press <<15>> and receive 70 points.
You press <<14>> and receive 65 points.
You press <<16>> and receive 61 points.
You press <<9>> and receive 3 points.
You press <<24>> and receive 28 points.

Environment number 4:
The value of option 7 is 1. You have 10 choices to make in this environment.
You press <<13>> and receive 22 points.
You press <<18>> and receive 41 points.
You press <<24>> and receive 37 points.
You press <<19>> and receive 57 points.
You press <<17>> and receive 29 points.
You press <<20>> and receive 64 points.
You press <<21>> and receive 63 points.
You press <<22>> and receive 57 points.
You press <<16>> and receive 17 points.
You press <<12>> and receive 28 points.

Environment number 5:
The value of option 4 is 51. You have 10 choices to make in this environment.
You press <<5>> and receive 47 points.
You press <<3>> and receive 48 points.
You press <<13>> and receive 48 points.
You press <<12>> and receive 59 points.
You press <<11>> and receive 54 points.
You press <<21>> and receive 21 points.
You press <<28>> and receive 31 points.
You press <<17>> and receive 75 points.
You press <<18>> and receive 85 points.
You press <<19>> and receive 76 points.

Environment number 6:
The value of option 3 is 65. You have 5 choices to make in this environment.
You press <<12>> and receive 46 points.
You press <<21>> and receive 83 points.
You press <<22>> and receive 82 points.
You press <<20>> and receive 79 points.
You press <<23>> and receive 76 points.

Environment number 7:
The value of option 7 is 59. You have 10 choices to make in this environment.
You press <<6>> and receive 40 points.
You press <<8>> and receive 76 points.
You press <<9>> and receive 73 points.
You press <<18>> and receive 72 points.
You press <<17>> and receive 45 points.
You press <<19>> and receive 78 points.
You press <<20>> and receive 68 points.
You press <<12>> and receive 19 points.
You press <<24>> and receive 25 points.
You press <<29>> and receive 48 points.

Environment number 8:
The value of option 9 is 46. You have 5 choices to make in this environment.
You press <<15>> and receive 11 points.
You press <<23>> and receive 13 points.
You press <<4>> and receive 75 points.
You press <<5>> and receive 58 points.
You press <<3>> and receive 82 points.

Environment number 9:
The value of option 23 is 72. You have 10 choices to make in this environment.
You press <<22>> and receive 69 points.
You press <<24>> and receive 66 points.
You press <<12>> and receive 44 points.
You press <<4>> and receive 62 points.
You press <<5>> and receive 54 points.
You press <<17>> and receive 3 points.
You press <<27>> and receive 29 points.
You press <<9>> and receive 66 points.
You press <<10>> and receive 68 points.
You press <<8>> and receive 59 points.

Environment number 10:
The value of option 25 is 10. You have 10 choices to make in this environment.
You press <<15>> and receive 52 points.
You press <<7>> and receive 35 points.
You press <<2>> and receive 7 points.
You press <<14>> and receive 75 points.
You press <<13>> and receive 74 points.
You press <<16>> and receive 22 points.
You press <<22>> and receive 12 points.
You press <<11>> and receive 44 points.
You press <<12>> and receive 58 points.
You press <<10>> and receive 37 points.

Environment number 11:
The value of option 10 is 31. You have 10 choices to make in this environment.
You press <<19>> and receive 0 points.
You press <<4>> and receive 32 points.
You press <<2>> and receive 37 points.
You press <<3>> and receive 29 points.
You press <<15>> and receive 20 points.
You press <<22>> and receive 66 points.
You press <<23>> and receive 53 points.
You press <<21>> and receive 36 points.
You press <<11>> and receive 17 points.
You press <<26>> and receive 12 points.

Environment number 12:
The value of option 10 is 30. You have 10 choices to make in this environment.
You press <<15>> and receive 44 points.
You press <<18>> and receive 62 points.
You press <<17>> and receive 54 points.
You press <<19>> and receive 71 points.
You press <<20>> and receive 82 points.
You press <<21>> and receive 85 points.
You press <<22>> and receive 75 points.
You press <<7>> and receive 45 points.
You press <<4>> and receive 19 points.
You press <<27>> and receive 38 points.

Environment number 13:
The value of option 23 is 52. You have 10 choices to make in this environment.
You press <<22>> and receive 59 points.
You press <<24>> and receive 37 points.
You press <<13>> and receive 41 points.
You press <<8>> and receive 52 points.
You press <<7>> and receive 63 points.
You press <<6>> and receive 67 points.
You press <<5>> and receive 57 points.
You press <<14>> and receive 34 points.
You press <<19>> and receive 43 points.
You press <<26>> and receive 22 points.

Environment number 14:
The value of option 9 is 30. You have 5 choices to make in this environment.
You press <<17>> and receive 19 points.
You press <<24>> and receive 43 points.
You press <<25>> and receive 56 points.
You press <<26>> and receive 66 points.
You press <<27>> and receive 65 points.

Environment number 15:
The value of option 6 is 9. You have 5 choices to make in this environment.
You press <<15>> and receive 13 points.
You press <<22>> and receive 35 points.
You press <<27>> and receive 42 points.
You press <<28>> and receive 23 points.
You press <<26>> and receive 64 points.

Environment number 16:
The value of option 20 is 20. You have 5 choices to make in this environment.
You press <<13>> and receive 15 points.
You press <<5>> and receive 49 points.
You press <<4>> and receive 48 points.
You press <<",20
16,14,5,25,0,smooth,20,5,20,38,"You will be presented with a series of 16 different environments to explore.
In each trial, you can select an option between numbers 1 and 30 by pressing the corresponding key.
By selecting any of these options, you will earn points associated with each unique option.
Imagine these options 1 through 30 as lying next to each other in an ordered line; options closer to each other tend to have similar rewards as rewards tend to cluster together.
For each environment, you will be able to make either 5 or 10 choices.
When you made all your choices in a given environment, you will start making choices in the next unexplored environment.
The rewards underlying the different options are different in each environment so you will learn them anew for each environment.
Each environment starts with the value of a single option revealed.
When you choose the number corresponding to a different option, you will be told the value of that option and receive those points.
Previously revealed options, including the starting option, can also be reselected, although there may be small changes in the point value.
It is your task to gain as many points as possible across all 16 environments.

Environment number 1:
The value of option 19 is 75. You have 5 choices to make in this environment.
You press <<18>> and receive 70 points.
You press <<20>> and receive 67 points.
You press <<17>> and receive 50 points.
You press <<11>> and receive 10 points.
You press <<26>> and receive 23 points.

Environment number 2:
The value of option 8 is 43. You have 5 choices to make in this environment.
You press <<20>> and receive 2 points.
You press <<29>> and receive 34 points.
You press <<3>> and receive 59 points.
You press <<15>> and receive 76 points.
You press <<16>> and receive 61 points.

Environment number 3:
The value of option 2 is 3. You have 5 choices to make in this environment.
You press <<15>> and receive 70 points.
You press <<14>> and receive 65 points.
You press <<16>> and receive 61 points.
You press <<9>> and receive 3 points.
You press <<24>> and receive 28 points.

Environment number 4:
The value of option 7 is 1. You have 10 choices to make in this environment.
You press <<13>> and receive 22 points.
You press <<18>> and receive 41 points.
You press <<24>> and receive 37 points.
You press <<19>> and receive 57 points.
You press <<17>> and receive 29 points.
You press <<20>> and receive 64 points.
You press <<21>> and receive 63 points.
You press <<22>> and receive 57 points.
You press <<16>> and receive 17 points.
You press <<12>> and receive 28 points.

Environment number 5:
The value of option 4 is 51. You have 10 choices to make in this environment.
You press <<5>> and receive 47 points.
You press <<3>> and receive 48 points.
You press <<13>> and receive 48 points.
You press <<12>> and receive 59 points.
You press <<11>> and receive 54 points.
You press <<21>> and receive 21 points.
You press <<28>> and receive 31 points.
You press <<17>> and receive 75 points.
You press <<18>> and receive 85 points.
You press <<19>> and receive 76 points.

Environment number 6:
The value of option 3 is 65. You have 5 choices to make in this environment.
You press <<12>> and receive 46 points.
You press <<21>> and receive 83 points.
You press <<22>> and receive 82 points.
You press <<20>> and receive 79 points.
You press <<23>> and receive 76 points.

Environment number 7:
The value of option 7 is 59. You have 10 choices to make in this environment.
You press <<6>> and receive 40 points.
You press <<8>> and receive 76 points.
You press <<9>> and receive 73 points.
You press <<18>> and receive 72 points.
You press <<17>> and receive 45 points.
You press <<19>> and receive 78 points.
You press <<20>> and receive 68 points.
You press <<12>> and receive 19 points.
You press <<24>> and receive 25 points.
You press <<29>> and receive 48 points.

Environment number 8:
The value of option 9 is 46. You have 5 choices to make in this environment.
You press <<15>> and receive 11 points.
You press <<23>> and receive 13 points.
You press <<4>> and receive 75 points.
You press <<5>> and receive 58 points.
You press <<3>> and receive 82 points.

Environment number 9:
The value of option 23 is 72. You have 10 choices to make in this environment.
You press <<22>> and receive 69 points.
You press <<24>> and receive 66 points.
You press <<12>> and receive 44 points.
You press <<4>> and receive 62 points.
You press <<5>> and receive 54 points.
You press <<17>> and receive 3 points.
You press <<27>> and receive 29 points.
You press <<9>> and receive 66 points.
You press <<10>> and receive 68 points.
You press <<8>> and receive 59 points.

Environment number 10:
The value of option 25 is 10. You have 10 choices to make in this environment.
You press <<15>> and receive 52 points.
You press <<7>> and receive 35 points.
You press <<2>> and receive 7 points.
You press <<14>> and receive 75 points.
You press <<13>> and receive 74 points.
You press <<16>> and receive 22 points.
You press <<22>> and receive 12 points.
You press <<11>> and receive 44 points.
You press <<12>> and receive 58 points.
You press <<10>> and receive 37 points.

Environment number 11:
The value of option 10 is 31. You have 10 choices to make in this environment.
You press <<19>> and receive 0 points.
You press <<4>> and receive 32 points.
You press <<2>> and receive 37 points.
You press <<3>> and receive 29 points.
You press <<15>> and receive 20 points.
You press <<22>> and receive 66 points.
You press <<23>> and receive 53 points.
You press <<21>> and receive 36 points.
You press <<11>> and receive 17 points.
You press <<26>> and receive 12 points.

Environment number 12:
The value of option 10 is 30. You have 10 choices to make in this environment.
You press <<15>> and receive 44 points.
You press <<18>> and receive 62 points.
You press <<17>> and receive 54 points.
You press <<19>> and receive 71 points.
You press <<20>> and receive 82 points.
You press <<21>> and receive 85 points.
You press <<22>> and receive 75 points.
You press <<7>> and receive 45 points.
You press <<4>> and receive 19 points.
You press <<27>> and receive 38 points.

Environment number 13:
The value of option 23 is 52. You have 10 choices to make in this environment.
You press <<22>> and receive 59 points.
You press <<24>> and receive 37 points.
You press <<13>> and receive 41 points.
You press <<8>> and receive 52 points.
You press <<7>> and receive 63 points.
You press <<6>> and receive 67 points.
You press <<5>> and receive 57 points.
You press <<14>> and receive 34 points.
You press <<19>> and receive 43 points.
You press <<26>> and receive 22 points.

Environment number 14:
The value of option 9 is 30. You have 5 choices to make in this environment.
You press <<17>> and receive 19 points.
You press <<24>> and receive 43 points.
You press <<25>> and receive 56 points.
You press <<26>> and receive 66 points.
You press <<27>> and receive 65 points.

Environment number 15:
The value of option 6 is 9. You have 5 choices to make in this environment.
You press <<15>> and receive 13 points.
You press <<22>> and receive 35 points.
You press <<27>> and receive 42 points.
You press <<28>> and receive 23 points.
You press <<26>> and receive 64 points.

Environment number 16:
The value of option 20 is 20. You have 5 choices to make in this environment.
You press <<13>> and receive 15 points.
You press <<5>> and receive 49 points.
You press <<4>> and receive 48 points.
You press <<6>> and receive 47 points.
You press <<",20
