env_idx,env_id,trial,choice,scenario,kernel,init_option,horizon,init_reward,reward,prompt,random_seed
1,9,1,4,1,smooth,4,10,16,16,"You will be presented with a series of 16 different environments to explore.
In each trial, you can select an option between numbers 1 and 30 by pressing the corresponding key.
By selecting any of these options, you will earn points associated with each unique option.
Imagine these options 1 through 30 as lying next to each other in an ordered line; options closer to each other tend to have similar rewards as rewards tend to cluster together.
For each environment, you will be able to make either 5 or 10 choices.
When you made all your choices in a given environment, you will start making choices in the next unexplored environment.
The rewards underlying the different options are different in each environment so you will learn them anew for each environment.
Each environment starts with the value of a single option revealed.
When you choose the number corresponding to a different option, you will be told the value of that option and receive those points.
Previously revealed options, including the starting option, can also be reselected, although there may be small changes in the point value.
It is your task to to learn where the largest reward is in each of the 16 environments.

Environment number 1:
The value of option 4 is 16. You have 10 choices to make in this environment.
You press <<",54
1,9,2,3,1,smooth,4,10,16,7,"You will be presented with a series of 16 different environments to explore.
In each trial, you can select an option between numbers 1 and 30 by pressing the corresponding key.
By selecting any of these options, you will earn points associated with each unique option.
Imagine these options 1 through 30 as lying next to each other in an ordered line; options closer to each other tend to have similar rewards as rewards tend to cluster together.
For each environment, you will be able to make either 5 or 10 choices.
When you made all your choices in a given environment, you will start making choices in the next unexplored environment.
The rewards underlying the different options are different in each environment so you will learn them anew for each environment.
Each environment starts with the value of a single option revealed.
When you choose the number corresponding to a different option, you will be told the value of that option and receive those points.
Previously revealed options, including the starting option, can also be reselected, although there may be small changes in the point value.
It is your task to to learn where the largest reward is in each of the 16 environments.

Environment number 1:
The value of option 4 is 16. You have 10 choices to make in this environment.
You press <<4>> and receive 16 points.
You press <<",54
1,9,3,5,1,smooth,4,10,16,25,"You will be presented with a series of 16 different environments to explore.
In each trial, you can select an option between numbers 1 and 30 by pressing the corresponding key.
By selecting any of these options, you will earn points associated with each unique option.
Imagine these options 1 through 30 as lying next to each other in an ordered line; options closer to each other tend to have similar rewards as rewards tend to cluster together.
For each environment, you will be able to make either 5 or 10 choices.
When you made all your choices in a given environment, you will start making choices in the next unexplored environment.
The rewards underlying the different options are different in each environment so you will learn them anew for each environment.
Each environment starts with the value of a single option revealed.
When you choose the number corresponding to a different option, you will be told the value of that option and receive those points.
Previously revealed options, including the starting option, can also be reselected, although there may be small changes in the point value.
It is your task to to learn where the largest reward is in each of the 16 environments.

Environment number 1:
The value of option 4 is 16. You have 10 choices to make in this environment.
You press <<4>> and receive 16 points.
You press <<3>> and receive 7 points.
You press <<",54
1,9,4,6,1,smooth,4,10,16,37,"You will be presented with a series of 16 different environments to explore.
In each trial, you can select an option between numbers 1 and 30 by pressing the corresponding key.
By selecting any of these options, you will earn points associated with each unique option.
Imagine these options 1 through 30 as lying next to each other in an ordered line; options closer to each other tend to have similar rewards as rewards tend to cluster together.
For each environment, you will be able to make either 5 or 10 choices.
When you made all your choices in a given environment, you will start making choices in the next unexplored environment.
The rewards underlying the different options are different in each environment so you will learn them anew for each environment.
Each environment starts with the value of a single option revealed.
When you choose the number corresponding to a different option, you will be told the value of that option and receive those points.
Previously revealed options, including the starting option, can also be reselected, although there may be small changes in the point value.
It is your task to to learn where the largest reward is in each of the 16 environments.

Environment number 1:
The value of option 4 is 16. You have 10 choices to make in this environment.
You press <<4>> and receive 16 points.
You press <<3>> and receive 7 points.
You press <<5>> and receive 25 points.
You press <<",54
1,9,5,7,1,smooth,4,10,16,50,"You will be presented with a series of 16 different environments to explore.
In each trial, you can select an option between numbers 1 and 30 by pressing the corresponding key.
By selecting any of these options, you will earn points associated with each unique option.
Imagine these options 1 through 30 as lying next to each other in an ordered line; options closer to each other tend to have similar rewards as rewards tend to cluster together.
For each environment, you will be able to make either 5 or 10 choices.
When you made all your choices in a given environment, you will start making choices in the next unexplored environment.
The rewards underlying the different options are different in each environment so you will learn them anew for each environment.
Each environment starts with the value of a single option revealed.
When you choose the number corresponding to a different option, you will be told the value of that option and receive those points.
Previously revealed options, including the starting option, can also be reselected, although there may be small changes in the point value.
It is your task to to learn where the largest reward is in each of the 16 environments.

Environment number 1:
The value of option 4 is 16. You have 10 choices to make in this environment.
You press <<4>> and receive 16 points.
You press <<3>> and receive 7 points.
You press <<5>> and receive 25 points.
You press <<6>> and receive 37 points.
You press <<",54
1,9,6,8,1,smooth,4,10,16,60,"You will be presented with a series of 16 different environments to explore.
In each trial, you can select an option between numbers 1 and 30 by pressing the corresponding key.
By selecting any of these options, you will earn points associated with each unique option.
Imagine these options 1 through 30 as lying next to each other in an ordered line; options closer to each other tend to have similar rewards as rewards tend to cluster together.
For each environment, you will be able to make either 5 or 10 choices.
When you made all your choices in a given environment, you will start making choices in the next unexplored environment.
The rewards underlying the different options are different in each environment so you will learn them anew for each environment.
Each environment starts with the value of a single option revealed.
When you choose the number corresponding to a different option, you will be told the value of that option and receive those points.
Previously revealed options, including the starting option, can also be reselected, although there may be small changes in the point value.
It is your task to to learn where the largest reward is in each of the 16 environments.

Environment number 1:
The value of option 4 is 16. You have 10 choices to make in this environment.
You press <<4>> and receive 16 points.
You press <<3>> and receive 7 points.
You press <<5>> and receive 25 points.
You press <<6>> and receive 37 points.
You press <<7>> and receive 50 points.
You press <<",54
1,9,7,9,1,smooth,4,10,16,69,"You will be presented with a series of 16 different environments to explore.
In each trial, you can select an option between numbers 1 and 30 by pressing the corresponding key.
By selecting any of these options, you will earn points associated with each unique option.
Imagine these options 1 through 30 as lying next to each other in an ordered line; options closer to each other tend to have similar rewards as rewards tend to cluster together.
For each environment, you will be able to make either 5 or 10 choices.
When you made all your choices in a given environment, you will start making choices in the next unexplored environment.
The rewards underlying the different options are different in each environment so you will learn them anew for each environment.
Each environment starts with the value of a single option revealed.
When you choose the number corresponding to a different option, you will be told the value of that option and receive those points.
Previously revealed options, including the starting option, can also be reselected, although there may be small changes in the point value.
It is your task to to learn where the largest reward is in each of the 16 environments.

Environment number 1:
The value of option 4 is 16. You have 10 choices to make in this environment.
You press <<4>> and receive 16 points.
You press <<3>> and receive 7 points.
You press <<5>> and receive 25 points.
You press <<6>> and receive 37 points.
You press <<7>> and receive 50 points.
You press <<8>> and receive 60 points.
You press <<",54
1,9,8,10,1,smooth,4,10,16,75,"You will be presented with a series of 16 different environments to explore.
In each trial, you can select an option between numbers 1 and 30 by pressing the corresponding key.
By selecting any of these options, you will earn points associated with each unique option.
Imagine these options 1 through 30 as lying next to each other in an ordered line; options closer to each other tend to have similar rewards as rewards tend to cluster together.
For each environment, you will be able to make either 5 or 10 choices.
When you made all your choices in a given environment, you will start making choices in the next unexplored environment.
The rewards underlying the different options are different in each environment so you will learn them anew for each environment.
Each environment starts with the value of a single option revealed.
When you choose the number corresponding to a different option, you will be told the value of that option and receive those points.
Previously revealed options, including the starting option, can also be reselected, although there may be small changes in the point value.
It is your task to to learn where the largest reward is in each of the 16 environments.

Environment number 1:
The value of option 4 is 16. You have 10 choices to make in this environment.
You press <<4>> and receive 16 points.
You press <<3>> and receive 7 points.
You press <<5>> and receive 25 points.
You press <<6>> and receive 37 points.
You press <<7>> and receive 50 points.
You press <<8>> and receive 60 points.
You press <<9>> and receive 69 points.
You press <<",54
1,9,9,11,1,smooth,4,10,16,70,"You will be presented with a series of 16 different environments to explore.
In each trial, you can select an option between numbers 1 and 30 by pressing the corresponding key.
By selecting any of these options, you will earn points associated with each unique option.
Imagine these options 1 through 30 as lying next to each other in an ordered line; options closer to each other tend to have similar rewards as rewards tend to cluster together.
For each environment, you will be able to make either 5 or 10 choices.
When you made all your choices in a given environment, you will start making choices in the next unexplored environment.
The rewards underlying the different options are different in each environment so you will learn them anew for each environment.
Each environment starts with the value of a single option revealed.
When you choose the number corresponding to a different option, you will be told the value of that option and receive those points.
Previously revealed options, including the starting option, can also be reselected, although there may be small changes in the point value.
It is your task to to learn where the largest reward is in each of the 16 environments.

Environment number 1:
The value of option 4 is 16. You have 10 choices to make in this environment.
You press <<4>> and receive 16 points.
You press <<3>> and receive 7 points.
You press <<5>> and receive 25 points.
You press <<6>> and receive 37 points.
You press <<7>> and receive 50 points.
You press <<8>> and receive 60 points.
You press <<9>> and receive 69 points.
You press <<10>> and receive 75 points.
You press <<",54
1,9,10,10,1,smooth,4,10,16,75,"You will be presented with a series of 16 different environments to explore.
In each trial, you can select an option between numbers 1 and 30 by pressing the corresponding key.
By selecting any of these options, you will earn points associated with each unique option.
Imagine these options 1 through 30 as lying next to each other in an ordered line; options closer to each other tend to have similar rewards as rewards tend to cluster together.
For each environment, you will be able to make either 5 or 10 choices.
When you made all your choices in a given environment, you will start making choices in the next unexplored environment.
The rewards underlying the different options are different in each environment so you will learn them anew for each environment.
Each environment starts with the value of a single option revealed.
When you choose the number corresponding to a different option, you will be told the value of that option and receive those points.
Previously revealed options, including the starting option, can also be reselected, although there may be small changes in the point value.
It is your task to to learn where the largest reward is in each of the 16 environments.

Environment number 1:
The value of option 4 is 16. You have 10 choices to make in this environment.
You press <<4>> and receive 16 points.
You press <<3>> and receive 7 points.
You press <<5>> and receive 25 points.
You press <<6>> and receive 37 points.
You press <<7>> and receive 50 points.
You press <<8>> and receive 60 points.
You press <<9>> and receive 69 points.
You press <<10>> and receive 75 points.
You press <<11>> and receive 70 points.
You press <<",54
2,29,1,22,1,smooth,21,5,72,78,"You will be presented with a series of 16 different environments to explore.
In each trial, you can select an option between numbers 1 and 30 by pressing the corresponding key.
By selecting any of these options, you will earn points associated with each unique option.
Imagine these options 1 through 30 as lying next to each other in an ordered line; options closer to each other tend to have similar rewards as rewards tend to cluster together.
For each environment, you will be able to make either 5 or 10 choices.
When you made all your choices in a given environment, you will start making choices in the next unexplored environment.
The rewards underlying the different options are different in each environment so you will learn them anew for each environment.
Each environment starts with the value of a single option revealed.
When you choose the number corresponding to a different option, you will be told the value of that option and receive those points.
Previously revealed options, including the starting option, can also be reselected, although there may be small changes in the point value.
It is your task to to learn where the largest reward is in each of the 16 environments.

Environment number 1:
The value of option 4 is 16. You have 10 choices to make in this environment.
You press <<4>> and receive 16 points.
You press <<3>> and receive 7 points.
You press <<5>> and receive 25 points.
You press <<6>> and receive 37 points.
You press <<7>> and receive 50 points.
You press <<8>> and receive 60 points.
You press <<9>> and receive 69 points.
You press <<10>> and receive 75 points.
You press <<11>> and receive 70 points.
You press <<10>> and receive 75 points.

Environment number 2:
The value of option 21 is 72. You have 5 choices to make in this environment.
You press <<",54
2,29,2,23,1,smooth,21,5,72,81,"You will be presented with a series of 16 different environments to explore.
In each trial, you can select an option between numbers 1 and 30 by pressing the corresponding key.
By selecting any of these options, you will earn points associated with each unique option.
Imagine these options 1 through 30 as lying next to each other in an ordered line; options closer to each other tend to have similar rewards as rewards tend to cluster together.
For each environment, you will be able to make either 5 or 10 choices.
When you made all your choices in a given environment, you will start making choices in the next unexplored environment.
The rewards underlying the different options are different in each environment so you will learn them anew for each environment.
Each environment starts with the value of a single option revealed.
When you choose the number corresponding to a different option, you will be told the value of that option and receive those points.
Previously revealed options, including the starting option, can also be reselected, although there may be small changes in the point value.
It is your task to to learn where the largest reward is in each of the 16 environments.

Environment number 1:
The value of option 4 is 16. You have 10 choices to make in this environment.
You press <<4>> and receive 16 points.
You press <<3>> and receive 7 points.
You press <<5>> and receive 25 points.
You press <<6>> and receive 37 points.
You press <<7>> and receive 50 points.
You press <<8>> and receive 60 points.
You press <<9>> and receive 69 points.
You press <<10>> and receive 75 points.
You press <<11>> and receive 70 points.
You press <<10>> and receive 75 points.

Environment number 2:
The value of option 21 is 72. You have 5 choices to make in this environment.
You press <<22>> and receive 78 points.
You press <<",54
2,29,3,24,1,smooth,21,5,72,73,"You will be presented with a series of 16 different environments to explore.
In each trial, you can select an option between numbers 1 and 30 by pressing the corresponding key.
By selecting any of these options, you will earn points associated with each unique option.
Imagine these options 1 through 30 as lying next to each other in an ordered line; options closer to each other tend to have similar rewards as rewards tend to cluster together.
For each environment, you will be able to make either 5 or 10 choices.
When you made all your choices in a given environment, you will start making choices in the next unexplored environment.
The rewards underlying the different options are different in each environment so you will learn them anew for each environment.
Each environment starts with the value of a single option revealed.
When you choose the number corresponding to a different option, you will be told the value of that option and receive those points.
Previously revealed options, including the starting option, can also be reselected, although there may be small changes in the point value.
It is your task to to learn where the largest reward is in each of the 16 environments.

Environment number 1:
The value of option 4 is 16. You have 10 choices to make in this environment.
You press <<4>> and receive 16 points.
You press <<3>> and receive 7 points.
You press <<5>> and receive 25 points.
You press <<6>> and receive 37 points.
You press <<7>> and receive 50 points.
You press <<8>> and receive 60 points.
You press <<9>> and receive 69 points.
You press <<10>> and receive 75 points.
You press <<11>> and receive 70 points.
You press <<10>> and receive 75 points.

Environment number 2:
The value of option 21 is 72. You have 5 choices to make in this environment.
You press <<22>> and receive 78 points.
You press <<23>> and receive 81 points.
You press <<",54
2,29,4,20,1,smooth,21,5,72,63,"You will be presented with a series of 16 different environments to explore.
In each trial, you can select an option between numbers 1 and 30 by pressing the corresponding key.
By selecting any of these options, you will earn points associated with each unique option.
Imagine these options 1 through 30 as lying next to each other in an ordered line; options closer to each other tend to have similar rewards as rewards tend to cluster together.
For each environment, you will be able to make either 5 or 10 choices.
When you made all your choices in a given environment, you will start making choices in the next unexplored environment.
The rewards underlying the different options are different in each environment so you will learn them anew for each environment.
Each environment starts with the value of a single option revealed.
When you choose the number corresponding to a different option, you will be told the value of that option and receive those points.
Previously revealed options, including the starting option, can also be reselected, although there may be small changes in the point value.
It is your task to to learn where the largest reward is in each of the 16 environments.

Environment number 1:
The value of option 4 is 16. You have 10 choices to make in this environment.
You press <<4>> and receive 16 points.
You press <<3>> and receive 7 points.
You press <<5>> and receive 25 points.
You press <<6>> and receive 37 points.
You press <<7>> and receive 50 points.
You press <<8>> and receive 60 points.
You press <<9>> and receive 69 points.
You press <<10>> and receive 75 points.
You press <<11>> and receive 70 points.
You press <<10>> and receive 75 points.

Environment number 2:
The value of option 21 is 72. You have 5 choices to make in this environment.
You press <<22>> and receive 78 points.
You press <<23>> and receive 81 points.
You press <<24>> and receive 73 points.
You press <<",54
2,29,5,23,1,smooth,21,5,72,81,"You will be presented with a series of 16 different environments to explore.
In each trial, you can select an option between numbers 1 and 30 by pressing the corresponding key.
By selecting any of these options, you will earn points associated with each unique option.
Imagine these options 1 through 30 as lying next to each other in an ordered line; options closer to each other tend to have similar rewards as rewards tend to cluster together.
For each environment, you will be able to make either 5 or 10 choices.
When you made all your choices in a given environment, you will start making choices in the next unexplored environment.
The rewards underlying the different options are different in each environment so you will learn them anew for each environment.
Each environment starts with the value of a single option revealed.
When you choose the number corresponding to a different option, you will be told the value of that option and receive those points.
Previously revealed options, including the starting option, can also be reselected, although there may be small changes in the point value.
It is your task to to learn where the largest reward is in each of the 16 environments.

Environment number 1:
The value of option 4 is 16. You have 10 choices to make in this environment.
You press <<4>> and receive 16 points.
You press <<3>> and receive 7 points.
You press <<5>> and receive 25 points.
You press <<6>> and receive 37 points.
You press <<7>> and receive 50 points.
You press <<8>> and receive 60 points.
You press <<9>> and receive 69 points.
You press <<10>> and receive 75 points.
You press <<11>> and receive 70 points.
You press <<10>> and receive 75 points.

Environment number 2:
The value of option 21 is 72. You have 5 choices to make in this environment.
You press <<22>> and receive 78 points.
You press <<23>> and receive 81 points.
You press <<24>> and receive 73 points.
You press <<20>> and receive 63 points.
You press <<",54
3,36,1,8,1,smooth,9,5,44,46,"You will be presented with a series of 16 different environments to explore.
In each trial, you can select an option between numbers 1 and 30 by pressing the corresponding key.
By selecting any of these options, you will earn points associated with each unique option.
Imagine these options 1 through 30 as lying next to each other in an ordered line; options closer to each other tend to have similar rewards as rewards tend to cluster together.
For each environment, you will be able to make either 5 or 10 choices.
When you made all your choices in a given environment, you will start making choices in the next unexplored environment.
The rewards underlying the different options are different in each environment so you will learn them anew for each environment.
Each environment starts with the value of a single option revealed.
When you choose the number corresponding to a different option, you will be told the value of that option and receive those points.
Previously revealed options, including the starting option, can also be reselected, although there may be small changes in the point value.
It is your task to to learn where the largest reward is in each of the 16 environments.

Environment number 1:
The value of option 4 is 16. You have 10 choices to make in this environment.
You press <<4>> and receive 16 points.
You press <<3>> and receive 7 points.
You press <<5>> and receive 25 points.
You press <<6>> and receive 37 points.
You press <<7>> and receive 50 points.
You press <<8>> and receive 60 points.
You press <<9>> and receive 69 points.
You press <<10>> and receive 75 points.
You press <<11>> and receive 70 points.
You press <<10>> and receive 75 points.

Environment number 2:
The value of option 21 is 72. You have 5 choices to make in this environment.
You press <<22>> and receive 78 points.
You press <<23>> and receive 81 points.
You press <<24>> and receive 73 points.
You press <<20>> and receive 63 points.
You press <<23>> and receive 81 points.

Environment number 3:
The value of option 9 is 44. You have 5 choices to make in this environment.
You press <<",54
3,36,2,7,1,smooth,9,5,44,48,"You will be presented with a series of 16 different environments to explore.
In each trial, you can select an option between numbers 1 and 30 by pressing the corresponding key.
By selecting any of these options, you will earn points associated with each unique option.
Imagine these options 1 through 30 as lying next to each other in an ordered line; options closer to each other tend to have similar rewards as rewards tend to cluster together.
For each environment, you will be able to make either 5 or 10 choices.
When you made all your choices in a given environment, you will start making choices in the next unexplored environment.
The rewards underlying the different options are different in each environment so you will learn them anew for each environment.
Each environment starts with the value of a single option revealed.
When you choose the number corresponding to a different option, you will be told the value of that option and receive those points.
Previously revealed options, including the starting option, can also be reselected, although there may be small changes in the point value.
It is your task to to learn where the largest reward is in each of the 16 environments.

Environment number 1:
The value of option 4 is 16. You have 10 choices to make in this environment.
You press <<4>> and receive 16 points.
You press <<3>> and receive 7 points.
You press <<5>> and receive 25 points.
You press <<6>> and receive 37 points.
You press <<7>> and receive 50 points.
You press <<8>> and receive 60 points.
You press <<9>> and receive 69 points.
You press <<10>> and receive 75 points.
You press <<11>> and receive 70 points.
You press <<10>> and receive 75 points.

Environment number 2:
The value of option 21 is 72. You have 5 choices to make in this environment.
You press <<22>> and receive 78 points.
You press <<23>> and receive 81 points.
You press <<24>> and receive 73 points.
You press <<20>> and receive 63 points.
You press <<23>> and receive 81 points.

Environment number 3:
The value of option 9 is 44. You have 5 choices to make in this environment.
You press <<8>> and receive 46 points.
You press <<",54
3,36,3,6,1,smooth,9,5,44,38,"You will be presented with a series of 16 different environments to explore.
In each trial, you can select an option between numbers 1 and 30 by pressing the corresponding key.
By selecting any of these options, you will earn points associated with each unique option.
Imagine these options 1 through 30 as lying next to each other in an ordered line; options closer to each other tend to have similar rewards as rewards tend to cluster together.
For each environment, you will be able to make either 5 or 10 choices.
When you made all your choices in a given environment, you will start making choices in the next unexplored environment.
The rewards underlying the different options are different in each environment so you will learn them anew for each environment.
Each environment starts with the value of a single option revealed.
When you choose the number corresponding to a different option, you will be told the value of that option and receive those points.
Previously revealed options, including the starting option, can also be reselected, although there may be small changes in the point value.
It is your task to to learn where the largest reward is in each of the 16 environments.

Environment number 1:
The value of option 4 is 16. You have 10 choices to make in this environment.
You press <<4>> and receive 16 points.
You press <<3>> and receive 7 points.
You press <<5>> and receive 25 points.
You press <<6>> and receive 37 points.
You press <<7>> and receive 50 points.
You press <<8>> and receive 60 points.
You press <<9>> and receive 69 points.
You press <<10>> and receive 75 points.
You press <<11>> and receive 70 points.
You press <<10>> and receive 75 points.

Environment number 2:
The value of option 21 is 72. You have 5 choices to make in this environment.
You press <<22>> and receive 78 points.
You press <<23>> and receive 81 points.
You press <<24>> and receive 73 points.
You press <<20>> and receive 63 points.
You press <<23>> and receive 81 points.

Environment number 3:
The value of option 9 is 44. You have 5 choices to make in this environment.
You press <<8>> and receive 46 points.
You press <<7>> and receive 48 points.
You press <<",54
3,36,4,10,1,smooth,9,5,44,31,"You will be presented with a series of 16 different environments to explore.
In each trial, you can select an option between numbers 1 and 30 by pressing the corresponding key.
By selecting any of these options, you will earn points associated with each unique option.
Imagine these options 1 through 30 as lying next to each other in an ordered line; options closer to each other tend to have similar rewards as rewards tend to cluster together.
For each environment, you will be able to make either 5 or 10 choices.
When you made all your choices in a given environment, you will start making choices in the next unexplored environment.
The rewards underlying the different options are different in each environment so you will learn them anew for each environment.
Each environment starts with the value of a single option revealed.
When you choose the number corresponding to a different option, you will be told the value of that option and receive those points.
Previously revealed options, including the starting option, can also be reselected, although there may be small changes in the point value.
It is your task to to learn where the largest reward is in each of the 16 environments.

Environment number 1:
The value of option 4 is 16. You have 10 choices to make in this environment.
You press <<4>> and receive 16 points.
You press <<3>> and receive 7 points.
You press <<5>> and receive 25 points.
You press <<6>> and receive 37 points.
You press <<7>> and receive 50 points.
You press <<8>> and receive 60 points.
You press <<9>> and receive 69 points.
You press <<10>> and receive 75 points.
You press <<11>> and receive 70 points.
You press <<10>> and receive 75 points.

Environment number 2:
The value of option 21 is 72. You have 5 choices to make in this environment.
You press <<22>> and receive 78 points.
You press <<23>> and receive 81 points.
You press <<24>> and receive 73 points.
You press <<20>> and receive 63 points.
You press <<23>> and receive 81 points.

Environment number 3:
The value of option 9 is 44. You have 5 choices to make in this environment.
You press <<8>> and receive 46 points.
You press <<7>> and receive 48 points.
You press <<6>> and receive 38 points.
You press <<",54
3,36,5,7,1,smooth,9,5,44,45,"You will be presented with a series of 16 different environments to explore.
In each trial, you can select an option between numbers 1 and 30 by pressing the corresponding key.
By selecting any of these options, you will earn points associated with each unique option.
Imagine these options 1 through 30 as lying next to each other in an ordered line; options closer to each other tend to have similar rewards as rewards tend to cluster together.
For each environment, you will be able to make either 5 or 10 choices.
When you made all your choices in a given environment, you will start making choices in the next unexplored environment.
The rewards underlying the different options are different in each environment so you will learn them anew for each environment.
Each environment starts with the value of a single option revealed.
When you choose the number corresponding to a different option, you will be told the value of that option and receive those points.
Previously revealed options, including the starting option, can also be reselected, although there may be small changes in the point value.
It is your task to to learn where the largest reward is in each of the 16 environments.

Environment number 1:
The value of option 4 is 16. You have 10 choices to make in this environment.
You press <<4>> and receive 16 points.
You press <<3>> and receive 7 points.
You press <<5>> and receive 25 points.
You press <<6>> and receive 37 points.
You press <<7>> and receive 50 points.
You press <<8>> and receive 60 points.
You press <<9>> and receive 69 points.
You press <<10>> and receive 75 points.
You press <<11>> and receive 70 points.
You press <<10>> and receive 75 points.

Environment number 2:
The value of option 21 is 72. You have 5 choices to make in this environment.
You press <<22>> and receive 78 points.
You press <<23>> and receive 81 points.
You press <<24>> and receive 73 points.
You press <<20>> and receive 63 points.
You press <<23>> and receive 81 points.

Environment number 3:
The value of option 9 is 44. You have 5 choices to make in this environment.
You press <<8>> and receive 46 points.
You press <<7>> and receive 48 points.
You press <<6>> and receive 38 points.
You press <<10>> and receive 31 points.
You press <<",54
4,20,1,8,1,smooth,9,10,72,71,"You will be presented with a series of 16 different environments to explore.
In each trial, you can select an option between numbers 1 and 30 by pressing the corresponding key.
By selecting any of these options, you will earn points associated with each unique option.
Imagine these options 1 through 30 as lying next to each other in an ordered line; options closer to each other tend to have similar rewards as rewards tend to cluster together.
For each environment, you will be able to make either 5 or 10 choices.
When you made all your choices in a given environment, you will start making choices in the next unexplored environment.
The rewards underlying the different options are different in each environment so you will learn them anew for each environment.
Each environment starts with the value of a single option revealed.
When you choose the number corresponding to a different option, you will be told the value of that option and receive those points.
Previously revealed options, including the starting option, can also be reselected, although there may be small changes in the point value.
It is your task to to learn where the largest reward is in each of the 16 environments.

Environment number 1:
The value of option 4 is 16. You have 10 choices to make in this environment.
You press <<4>> and receive 16 points.
You press <<3>> and receive 7 points.
You press <<5>> and receive 25 points.
You press <<6>> and receive 37 points.
You press <<7>> and receive 50 points.
You press <<8>> and receive 60 points.
You press <<9>> and receive 69 points.
You press <<10>> and receive 75 points.
You press <<11>> and receive 70 points.
You press <<10>> and receive 75 points.

Environment number 2:
The value of option 21 is 72. You have 5 choices to make in this environment.
You press <<22>> and receive 78 points.
You press <<23>> and receive 81 points.
You press <<24>> and receive 73 points.
You press <<20>> and receive 63 points.
You press <<23>> and receive 81 points.

Environment number 3:
The value of option 9 is 44. You have 5 choices to make in this environment.
You press <<8>> and receive 46 points.
You press <<7>> and receive 48 points.
You press <<6>> and receive 38 points.
You press <<10>> and receive 31 points.
You press <<7>> and receive 45 points.

Environment number 4:
The value of option 9 is 72. You have 10 choices to make in this environment.
You press <<",54
4,20,2,10,1,smooth,9,10,72,72,"You will be presented with a series of 16 different environments to explore.
In each trial, you can select an option between numbers 1 and 30 by pressing the corresponding key.
By selecting any of these options, you will earn points associated with each unique option.
Imagine these options 1 through 30 as lying next to each other in an ordered line; options closer to each other tend to have similar rewards as rewards tend to cluster together.
For each environment, you will be able to make either 5 or 10 choices.
When you made all your choices in a given environment, you will start making choices in the next unexplored environment.
The rewards underlying the different options are different in each environment so you will learn them anew for each environment.
Each environment starts with the value of a single option revealed.
When you choose the number corresponding to a different option, you will be told the value of that option and receive those points.
Previously revealed options, including the starting option, can also be reselected, although there may be small changes in the point value.
It is your task to to learn where the largest reward is in each of the 16 environments.

Environment number 1:
The value of option 4 is 16. You have 10 choices to make in this environment.
You press <<4>> and receive 16 points.
You press <<3>> and receive 7 points.
You press <<5>> and receive 25 points.
You press <<6>> and receive 37 points.
You press <<7>> and receive 50 points.
You press <<8>> and receive 60 points.
You press <<9>> and receive 69 points.
You press <<10>> and receive 75 points.
You press <<11>> and receive 70 points.
You press <<10>> and receive 75 points.

Environment number 2:
The value of option 21 is 72. You have 5 choices to make in this environment.
You press <<22>> and receive 78 points.
You press <<23>> and receive 81 points.
You press <<24>> and receive 73 points.
You press <<20>> and receive 63 points.
You press <<23>> and receive 81 points.

Environment number 3:
The value of option 9 is 44. You have 5 choices to make in this environment.
You press <<8>> and receive 46 points.
You press <<7>> and receive 48 points.
You press <<6>> and receive 38 points.
You press <<10>> and receive 31 points.
You press <<7>> and receive 45 points.

Environment number 4:
The value of option 9 is 72. You have 10 choices to make in this environment.
You press <<8>> and receive 71 points.
You press <<",54
4,20,3,11,1,smooth,9,10,72,66,"You will be presented with a series of 16 different environments to explore.
In each trial, you can select an option between numbers 1 and 30 by pressing the corresponding key.
By selecting any of these options, you will earn points associated with each unique option.
Imagine these options 1 through 30 as lying next to each other in an ordered line; options closer to each other tend to have similar rewards as rewards tend to cluster together.
For each environment, you will be able to make either 5 or 10 choices.
When you made all your choices in a given environment, you will start making choices in the next unexplored environment.
The rewards underlying the different options are different in each environment so you will learn them anew for each environment.
Each environment starts with the value of a single option revealed.
When you choose the number corresponding to a different option, you will be told the value of that option and receive those points.
Previously revealed options, including the starting option, can also be reselected, although there may be small changes in the point value.
It is your task to to learn where the largest reward is in each of the 16 environments.

Environment number 1:
The value of option 4 is 16. You have 10 choices to make in this environment.
You press <<4>> and receive 16 points.
You press <<3>> and receive 7 points.
You press <<5>> and receive 25 points.
You press <<6>> and receive 37 points.
You press <<7>> and receive 50 points.
You press <<8>> and receive 60 points.
You press <<9>> and receive 69 points.
You press <<10>> and receive 75 points.
You press <<11>> and receive 70 points.
You press <<10>> and receive 75 points.

Environment number 2:
The value of option 21 is 72. You have 5 choices to make in this environment.
You press <<22>> and receive 78 points.
You press <<23>> and receive 81 points.
You press <<24>> and receive 73 points.
You press <<20>> and receive 63 points.
You press <<23>> and receive 81 points.

Environment number 3:
The value of option 9 is 44. You have 5 choices to make in this environment.
You press <<8>> and receive 46 points.
You press <<7>> and receive 48 points.
You press <<6>> and receive 38 points.
You press <<10>> and receive 31 points.
You press <<7>> and receive 45 points.

Environment number 4:
The value of option 9 is 72. You have 10 choices to make in this environment.
You press <<8>> and receive 71 points.
You press <<10>> and receive 72 points.
You press <<",54
4,20,4,7,1,smooth,9,10,72,80,"You will be presented with a series of 16 different environments to explore.
In each trial, you can select an option between numbers 1 and 30 by pressing the corresponding key.
By selecting any of these options, you will earn points associated with each unique option.
Imagine these options 1 through 30 as lying next to each other in an ordered line; options closer to each other tend to have similar rewards as rewards tend to cluster together.
For each environment, you will be able to make either 5 or 10 choices.
When you made all your choices in a given environment, you will start making choices in the next unexplored environment.
The rewards underlying the different options are different in each environment so you will learn them anew for each environment.
Each environment starts with the value of a single option revealed.
When you choose the number corresponding to a different option, you will be told the value of that option and receive those points.
Previously revealed options, including the starting option, can also be reselected, although there may be small changes in the point value.
It is your task to to learn where the largest reward is in each of the 16 environments.

Environment number 1:
The value of option 4 is 16. You have 10 choices to make in this environment.
You press <<4>> and receive 16 points.
You press <<3>> and receive 7 points.
You press <<5>> and receive 25 points.
You press <<6>> and receive 37 points.
You press <<7>> and receive 50 points.
You press <<8>> and receive 60 points.
You press <<9>> and receive 69 points.
You press <<10>> and receive 75 points.
You press <<11>> and receive 70 points.
You press <<10>> and receive 75 points.

Environment number 2:
The value of option 21 is 72. You have 5 choices to make in this environment.
You press <<22>> and receive 78 points.
You press <<23>> and receive 81 points.
You press <<24>> and receive 73 points.
You press <<20>> and receive 63 points.
You press <<23>> and receive 81 points.

Environment number 3:
The value of option 9 is 44. You have 5 choices to make in this environment.
You press <<8>> and receive 46 points.
You press <<7>> and receive 48 points.
You press <<6>> and receive 38 points.
You press <<10>> and receive 31 points.
You press <<7>> and receive 45 points.

Environment number 4:
The value of option 9 is 72. You have 10 choices to make in this environment.
You press <<8>> and receive 71 points.
You press <<10>> and receive 72 points.
You press <<11>> and receive 66 points.
You press <<",54
4,20,5,6,1,smooth,9,10,72,84,"You will be presented with a series of 16 different environments to explore.
In each trial, you can select an option between numbers 1 and 30 by pressing the corresponding key.
By selecting any of these options, you will earn points associated with each unique option.
Imagine these options 1 through 30 as lying next to each other in an ordered line; options closer to each other tend to have similar rewards as rewards tend to cluster together.
For each environment, you will be able to make either 5 or 10 choices.
When you made all your choices in a given environment, you will start making choices in the next unexplored environment.
The rewards underlying the different options are different in each environment so you will learn them anew for each environment.
Each environment starts with the value of a single option revealed.
When you choose the number corresponding to a different option, you will be told the value of that option and receive those points.
Previously revealed options, including the starting option, can also be reselected, although there may be small changes in the point value.
It is your task to to learn where the largest reward is in each of the 16 environments.

Environment number 1:
The value of option 4 is 16. You have 10 choices to make in this environment.
You press <<4>> and receive 16 points.
You press <<3>> and receive 7 points.
You press <<5>> and receive 25 points.
You press <<6>> and receive 37 points.
You press <<7>> and receive 50 points.
You press <<8>> and receive 60 points.
You press <<9>> and receive 69 points.
You press <<10>> and receive 75 points.
You press <<11>> and receive 70 points.
You press <<10>> and receive 75 points.

Environment number 2:
The value of option 21 is 72. You have 5 choices to make in this environment.
You press <<22>> and receive 78 points.
You press <<23>> and receive 81 points.
You press <<24>> and receive 73 points.
You press <<20>> and receive 63 points.
You press <<23>> and receive 81 points.

Environment number 3:
The value of option 9 is 44. You have 5 choices to make in this environment.
You press <<8>> and receive 46 points.
You press <<7>> and receive 48 points.
You press <<6>> and receive 38 points.
You press <<10>> and receive 31 points.
You press <<7>> and receive 45 points.

Environment number 4:
The value of option 9 is 72. You have 10 choices to make in this environment.
You press <<8>> and receive 71 points.
You press <<10>> and receive 72 points.
You press <<11>> and receive 66 points.
You press <<7>> and receive 80 points.
You press <<",54
4,20,6,5,1,smooth,9,10,72,74,"You will be presented with a series of 16 different environments to explore.
In each trial, you can select an option between numbers 1 and 30 by pressing the corresponding key.
By selecting any of these options, you will earn points associated with each unique option.
Imagine these options 1 through 30 as lying next to each other in an ordered line; options closer to each other tend to have similar rewards as rewards tend to cluster together.
For each environment, you will be able to make either 5 or 10 choices.
When you made all your choices in a given environment, you will start making choices in the next unexplored environment.
The rewards underlying the different options are different in each environment so you will learn them anew for each environment.
Each environment starts with the value of a single option revealed.
When you choose the number corresponding to a different option, you will be told the value of that option and receive those points.
Previously revealed options, including the starting option, can also be reselected, although there may be small changes in the point value.
It is your task to to learn where the largest reward is in each of the 16 environments.

Environment number 1:
The value of option 4 is 16. You have 10 choices to make in this environment.
You press <<4>> and receive 16 points.
You press <<3>> and receive 7 points.
You press <<5>> and receive 25 points.
You press <<6>> and receive 37 points.
You press <<7>> and receive 50 points.
You press <<8>> and receive 60 points.
You press <<9>> and receive 69 points.
You press <<10>> and receive 75 points.
You press <<11>> and receive 70 points.
You press <<10>> and receive 75 points.

Environment number 2:
The value of option 21 is 72. You have 5 choices to make in this environment.
You press <<22>> and receive 78 points.
You press <<23>> and receive 81 points.
You press <<24>> and receive 73 points.
You press <<20>> and receive 63 points.
You press <<23>> and receive 81 points.

Environment number 3:
The value of option 9 is 44. You have 5 choices to make in this environment.
You press <<8>> and receive 46 points.
You press <<7>> and receive 48 points.
You press <<6>> and receive 38 points.
You press <<10>> and receive 31 points.
You press <<7>> and receive 45 points.

Environment number 4:
The value of option 9 is 72. You have 10 choices to make in this environment.
You press <<8>> and receive 71 points.
You press <<10>> and receive 72 points.
You press <<11>> and receive 66 points.
You press <<7>> and receive 80 points.
You press <<6>> and receive 84 points.
You press <<",54
4,20,7,6,1,smooth,9,10,72,84,"You will be presented with a series of 16 different environments to explore.
In each trial, you can select an option between numbers 1 and 30 by pressing the corresponding key.
By selecting any of these options, you will earn points associated with each unique option.
Imagine these options 1 through 30 as lying next to each other in an ordered line; options closer to each other tend to have similar rewards as rewards tend to cluster together.
For each environment, you will be able to make either 5 or 10 choices.
When you made all your choices in a given environment, you will start making choices in the next unexplored environment.
The rewards underlying the different options are different in each environment so you will learn them anew for each environment.
Each environment starts with the value of a single option revealed.
When you choose the number corresponding to a different option, you will be told the value of that option and receive those points.
Previously revealed options, including the starting option, can also be reselected, although there may be small changes in the point value.
It is your task to to learn where the largest reward is in each of the 16 environments.

Environment number 1:
The value of option 4 is 16. You have 10 choices to make in this environment.
You press <<4>> and receive 16 points.
You press <<3>> and receive 7 points.
You press <<5>> and receive 25 points.
You press <<6>> and receive 37 points.
You press <<7>> and receive 50 points.
You press <<8>> and receive 60 points.
You press <<9>> and receive 69 points.
You press <<10>> and receive 75 points.
You press <<11>> and receive 70 points.
You press <<10>> and receive 75 points.

Environment number 2:
The value of option 21 is 72. You have 5 choices to make in this environment.
You press <<22>> and receive 78 points.
You press <<23>> and receive 81 points.
You press <<24>> and receive 73 points.
You press <<20>> and receive 63 points.
You press <<23>> and receive 81 points.

Environment number 3:
The value of option 9 is 44. You have 5 choices to make in this environment.
You press <<8>> and receive 46 points.
You press <<7>> and receive 48 points.
You press <<6>> and receive 38 points.
You press <<10>> and receive 31 points.
You press <<7>> and receive 45 points.

Environment number 4:
The value of option 9 is 72. You have 10 choices to make in this environment.
You press <<8>> and receive 71 points.
You press <<10>> and receive 72 points.
You press <<11>> and receive 66 points.
You press <<7>> and receive 80 points.
You press <<6>> and receive 84 points.
You press <<5>> and receive 74 points.
You press <<",54
4,20,8,6,1,smooth,9,10,72,83,"You will be presented with a series of 16 different environments to explore.
In each trial, you can select an option between numbers 1 and 30 by pressing the corresponding key.
By selecting any of these options, you will earn points associated with each unique option.
Imagine these options 1 through 30 as lying next to each other in an ordered line; options closer to each other tend to have similar rewards as rewards tend to cluster together.
For each environment, you will be able to make either 5 or 10 choices.
When you made all your choices in a given environment, you will start making choices in the next unexplored environment.
The rewards underlying the different options are different in each environment so you will learn them anew for each environment.
Each environment starts with the value of a single option revealed.
When you choose the number corresponding to a different option, you will be told the value of that option and receive those points.
Previously revealed options, including the starting option, can also be reselected, although there may be small changes in the point value.
It is your task to to learn where the largest reward is in each of the 16 environments.

Environment number 1:
The value of option 4 is 16. You have 10 choices to make in this environment.
You press <<4>> and receive 16 points.
You press <<3>> and receive 7 points.
You press <<5>> and receive 25 points.
You press <<6>> and receive 37 points.
You press <<7>> and receive 50 points.
You press <<8>> and receive 60 points.
You press <<9>> and receive 69 points.
You press <<10>> and receive 75 points.
You press <<11>> and receive 70 points.
You press <<10>> and receive 75 points.

Environment number 2:
The value of option 21 is 72. You have 5 choices to make in this environment.
You press <<22>> and receive 78 points.
You press <<23>> and receive 81 points.
You press <<24>> and receive 73 points.
You press <<20>> and receive 63 points.
You press <<23>> and receive 81 points.

Environment number 3:
The value of option 9 is 44. You have 5 choices to make in this environment.
You press <<8>> and receive 46 points.
You press <<7>> and receive 48 points.
You press <<6>> and receive 38 points.
You press <<10>> and receive 31 points.
You press <<7>> and receive 45 points.

Environment number 4:
The value of option 9 is 72. You have 10 choices to make in this environment.
You press <<8>> and receive 71 points.
You press <<10>> and receive 72 points.
You press <<11>> and receive 66 points.
You press <<7>> and receive 80 points.
You press <<6>> and receive 84 points.
You press <<5>> and receive 74 points.
You press <<6>> and receive 84 points.
You press <<",54
4,20,9,6,1,smooth,9,10,72,84,"You will be presented with a series of 16 different environments to explore.
In each trial, you can select an option between numbers 1 and 30 by pressing the corresponding key.
By selecting any of these options, you will earn points associated with each unique option.
Imagine these options 1 through 30 as lying next to each other in an ordered line; options closer to each other tend to have similar rewards as rewards tend to cluster together.
For each environment, you will be able to make either 5 or 10 choices.
When you made all your choices in a given environment, you will start making choices in the next unexplored environment.
The rewards underlying the different options are different in each environment so you will learn them anew for each environment.
Each environment starts with the value of a single option revealed.
When you choose the number corresponding to a different option, you will be told the value of that option and receive those points.
Previously revealed options, including the starting option, can also be reselected, although there may be small changes in the point value.
It is your task to to learn where the largest reward is in each of the 16 environments.

Environment number 1:
The value of option 4 is 16. You have 10 choices to make in this environment.
You press <<4>> and receive 16 points.
You press <<3>> and receive 7 points.
You press <<5>> and receive 25 points.
You press <<6>> and receive 37 points.
You press <<7>> and receive 50 points.
You press <<8>> and receive 60 points.
You press <<9>> and receive 69 points.
You press <<10>> and receive 75 points.
You press <<11>> and receive 70 points.
You press <<10>> and receive 75 points.

Environment number 2:
The value of option 21 is 72. You have 5 choices to make in this environment.
You press <<22>> and receive 78 points.
You press <<23>> and receive 81 points.
You press <<24>> and receive 73 points.
You press <<20>> and receive 63 points.
You press <<23>> and receive 81 points.

Environment number 3:
The value of option 9 is 44. You have 5 choices to make in this environment.
You press <<8>> and receive 46 points.
You press <<7>> and receive 48 points.
You press <<6>> and receive 38 points.
You press <<10>> and receive 31 points.
You press <<7>> and receive 45 points.

Environment number 4:
The value of option 9 is 72. You have 10 choices to make in this environment.
You press <<8>> and receive 71 points.
You press <<10>> and receive 72 points.
You press <<11>> and receive 66 points.
You press <<7>> and receive 80 points.
You press <<6>> and receive 84 points.
You press <<5>> and receive 74 points.
You press <<6>> and receive 84 points.
You press <<6>> and receive 83 points.
You press <<",54
4,20,10,6,1,smooth,9,10,72,84,"You will be presented with a series of 16 different environments to explore.
In each trial, you can select an option between numbers 1 and 30 by pressing the corresponding key.
By selecting any of these options, you will earn points associated with each unique option.
Imagine these options 1 through 30 as lying next to each other in an ordered line; options closer to each other tend to have similar rewards as rewards tend to cluster together.
For each environment, you will be able to make either 5 or 10 choices.
When you made all your choices in a given environment, you will start making choices in the next unexplored environment.
The rewards underlying the different options are different in each environment so you will learn them anew for each environment.
Each environment starts with the value of a single option revealed.
When you choose the number corresponding to a different option, you will be told the value of that option and receive those points.
Previously revealed options, including the starting option, can also be reselected, although there may be small changes in the point value.
It is your task to to learn where the largest reward is in each of the 16 environments.

Environment number 1:
The value of option 4 is 16. You have 10 choices to make in this environment.
You press <<4>> and receive 16 points.
You press <<3>> and receive 7 points.
You press <<5>> and receive 25 points.
You press <<6>> and receive 37 points.
You press <<7>> and receive 50 points.
You press <<8>> and receive 60 points.
You press <<9>> and receive 69 points.
You press <<10>> and receive 75 points.
You press <<11>> and receive 70 points.
You press <<10>> and receive 75 points.

Environment number 2:
The value of option 21 is 72. You have 5 choices to make in this environment.
You press <<22>> and receive 78 points.
You press <<23>> and receive 81 points.
You press <<24>> and receive 73 points.
You press <<20>> and receive 63 points.
You press <<23>> and receive 81 points.

Environment number 3:
The value of option 9 is 44. You have 5 choices to make in this environment.
You press <<8>> and receive 46 points.
You press <<7>> and receive 48 points.
You press <<6>> and receive 38 points.
You press <<10>> and receive 31 points.
You press <<7>> and receive 45 points.

Environment number 4:
The value of option 9 is 72. You have 10 choices to make in this environment.
You press <<8>> and receive 71 points.
You press <<10>> and receive 72 points.
You press <<11>> and receive 66 points.
You press <<7>> and receive 80 points.
You press <<6>> and receive 84 points.
You press <<5>> and receive 74 points.
You press <<6>> and receive 84 points.
You press <<6>> and receive 83 points.
You press <<6>> and receive 84 points.
You press <<",54
5,31,1,14,1,smooth,15,5,0,0,"You will be presented with a series of 16 different environments to explore.
In each trial, you can select an option between numbers 1 and 30 by pressing the corresponding key.
By selecting any of these options, you will earn points associated with each unique option.
Imagine these options 1 through 30 as lying next to each other in an ordered line; options closer to each other tend to have similar rewards as rewards tend to cluster together.
For each environment, you will be able to make either 5 or 10 choices.
When you made all your choices in a given environment, you will start making choices in the next unexplored environment.
The rewards underlying the different options are different in each environment so you will learn them anew for each environment.
Each environment starts with the value of a single option revealed.
When you choose the number corresponding to a different option, you will be told the value of that option and receive those points.
Previously revealed options, including the starting option, can also be reselected, although there may be small changes in the point value.
It is your task to to learn where the largest reward is in each of the 16 environments.

Environment number 1:
The value of option 4 is 16. You have 10 choices to make in this environment.
You press <<4>> and receive 16 points.
You press <<3>> and receive 7 points.
You press <<5>> and receive 25 points.
You press <<6>> and receive 37 points.
You press <<7>> and receive 50 points.
You press <<8>> and receive 60 points.
You press <<9>> and receive 69 points.
You press <<10>> and receive 75 points.
You press <<11>> and receive 70 points.
You press <<10>> and receive 75 points.

Environment number 2:
The value of option 21 is 72. You have 5 choices to make in this environment.
You press <<22>> and receive 78 points.
You press <<23>> and receive 81 points.
You press <<24>> and receive 73 points.
You press <<20>> and receive 63 points.
You press <<23>> and receive 81 points.

Environment number 3:
The value of option 9 is 44. You have 5 choices to make in this environment.
You press <<8>> and receive 46 points.
You press <<7>> and receive 48 points.
You press <<6>> and receive 38 points.
You press <<10>> and receive 31 points.
You press <<7>> and receive 45 points.

Environment number 4:
The value of option 9 is 72. You have 10 choices to make in this environment.
You press <<8>> and receive 71 points.
You press <<10>> and receive 72 points.
You press <<11>> and receive 66 points.
You press <<7>> and receive 80 points.
You press <<6>> and receive 84 points.
You press <<5>> and receive 74 points.
You press <<6>> and receive 84 points.
You press <<6>> and receive 83 points.
You press <<6>> and receive 84 points.
You press <<6>> and receive 84 points.

Environment number 5:
The value of option 15 is 0. You have 5 choices to make in this environment.
You press <<",54
5,31,2,16,1,smooth,15,5,0,6,"You will be presented with a series of 16 different environments to explore.
In each trial, you can select an option between numbers 1 and 30 by pressing the corresponding key.
By selecting any of these options, you will earn points associated with each unique option.
Imagine these options 1 through 30 as lying next to each other in an ordered line; options closer to each other tend to have similar rewards as rewards tend to cluster together.
For each environment, you will be able to make either 5 or 10 choices.
When you made all your choices in a given environment, you will start making choices in the next unexplored environment.
The rewards underlying the different options are different in each environment so you will learn them anew for each environment.
Each environment starts with the value of a single option revealed.
When you choose the number corresponding to a different option, you will be told the value of that option and receive those points.
Previously revealed options, including the starting option, can also be reselected, although there may be small changes in the point value.
It is your task to to learn where the largest reward is in each of the 16 environments.

Environment number 1:
The value of option 4 is 16. You have 10 choices to make in this environment.
You press <<4>> and receive 16 points.
You press <<3>> and receive 7 points.
You press <<5>> and receive 25 points.
You press <<6>> and receive 37 points.
You press <<7>> and receive 50 points.
You press <<8>> and receive 60 points.
You press <<9>> and receive 69 points.
You press <<10>> and receive 75 points.
You press <<11>> and receive 70 points.
You press <<10>> and receive 75 points.

Environment number 2:
The value of option 21 is 72. You have 5 choices to make in this environment.
You press <<22>> and receive 78 points.
You press <<23>> and receive 81 points.
You press <<24>> and receive 73 points.
You press <<20>> and receive 63 points.
You press <<23>> and receive 81 points.

Environment number 3:
The value of option 9 is 44. You have 5 choices to make in this environment.
You press <<8>> and receive 46 points.
You press <<7>> and receive 48 points.
You press <<6>> and receive 38 points.
You press <<10>> and receive 31 points.
You press <<7>> and receive 45 points.

Environment number 4:
The value of option 9 is 72. You have 10 choices to make in this environment.
You press <<8>> and receive 71 points.
You press <<10>> and receive 72 points.
You press <<11>> and receive 66 points.
You press <<7>> and receive 80 points.
You press <<6>> and receive 84 points.
You press <<5>> and receive 74 points.
You press <<6>> and receive 84 points.
You press <<6>> and receive 83 points.
You press <<6>> and receive 84 points.
You press <<6>> and receive 84 points.

Environment number 5:
The value of option 15 is 0. You have 5 choices to make in this environment.
You press <<14>> and receive 0 points.
You press <<",54
5,31,3,17,1,smooth,15,5,0,16,"You will be presented with a series of 16 different environments to explore.
In each trial, you can select an option between numbers 1 and 30 by pressing the corresponding key.
By selecting any of these options, you will earn points associated with each unique option.
Imagine these options 1 through 30 as lying next to each other in an ordered line; options closer to each other tend to have similar rewards as rewards tend to cluster together.
For each environment, you will be able to make either 5 or 10 choices.
When you made all your choices in a given environment, you will start making choices in the next unexplored environment.
The rewards underlying the different options are different in each environment so you will learn them anew for each environment.
Each environment starts with the value of a single option revealed.
When you choose the number corresponding to a different option, you will be told the value of that option and receive those points.
Previously revealed options, including the starting option, can also be reselected, although there may be small changes in the point value.
It is your task to to learn where the largest reward is in each of the 16 environments.

Environment number 1:
The value of option 4 is 16. You have 10 choices to make in this environment.
You press <<4>> and receive 16 points.
You press <<3>> and receive 7 points.
You press <<5>> and receive 25 points.
You press <<6>> and receive 37 points.
You press <<7>> and receive 50 points.
You press <<8>> and receive 60 points.
You press <<9>> and receive 69 points.
You press <<10>> and receive 75 points.
You press <<11>> and receive 70 points.
You press <<10>> and receive 75 points.

Environment number 2:
The value of option 21 is 72. You have 5 choices to make in this environment.
You press <<22>> and receive 78 points.
You press <<23>> and receive 81 points.
You press <<24>> and receive 73 points.
You press <<20>> and receive 63 points.
You press <<23>> and receive 81 points.

Environment number 3:
The value of option 9 is 44. You have 5 choices to make in this environment.
You press <<8>> and receive 46 points.
You press <<7>> and receive 48 points.
You press <<6>> and receive 38 points.
You press <<10>> and receive 31 points.
You press <<7>> and receive 45 points.

Environment number 4:
The value of option 9 is 72. You have 10 choices to make in this environment.
You press <<8>> and receive 71 points.
You press <<10>> and receive 72 points.
You press <<11>> and receive 66 points.
You press <<7>> and receive 80 points.
You press <<6>> and receive 84 points.
You press <<5>> and receive 74 points.
You press <<6>> and receive 84 points.
You press <<6>> and receive 83 points.
You press <<6>> and receive 84 points.
You press <<6>> and receive 84 points.

Environment number 5:
The value of option 15 is 0. You have 5 choices to make in this environment.
You press <<14>> and receive 0 points.
You press <<16>> and receive 6 points.
You press <<",54
5,31,4,18,1,smooth,15,5,0,25,"You will be presented with a series of 16 different environments to explore.
In each trial, you can select an option between numbers 1 and 30 by pressing the corresponding key.
By selecting any of these options, you will earn points associated with each unique option.
Imagine these options 1 through 30 as lying next to each other in an ordered line; options closer to each other tend to have similar rewards as rewards tend to cluster together.
For each environment, you will be able to make either 5 or 10 choices.
When you made all your choices in a given environment, you will start making choices in the next unexplored environment.
The rewards underlying the different options are different in each environment so you will learn them anew for each environment.
Each environment starts with the value of a single option revealed.
When you choose the number corresponding to a different option, you will be told the value of that option and receive those points.
Previously revealed options, including the starting option, can also be reselected, although there may be small changes in the point value.
It is your task to to learn where the largest reward is in each of the 16 environments.

Environment number 1:
The value of option 4 is 16. You have 10 choices to make in this environment.
You press <<4>> and receive 16 points.
You press <<3>> and receive 7 points.
You press <<5>> and receive 25 points.
You press <<6>> and receive 37 points.
You press <<7>> and receive 50 points.
You press <<8>> and receive 60 points.
You press <<9>> and receive 69 points.
You press <<10>> and receive 75 points.
You press <<11>> and receive 70 points.
You press <<10>> and receive 75 points.

Environment number 2:
The value of option 21 is 72. You have 5 choices to make in this environment.
You press <<22>> and receive 78 points.
You press <<23>> and receive 81 points.
You press <<24>> and receive 73 points.
You press <<20>> and receive 63 points.
You press <<23>> and receive 81 points.

Environment number 3:
The value of option 9 is 44. You have 5 choices to make in this environment.
You press <<8>> and receive 46 points.
You press <<7>> and receive 48 points.
You press <<6>> and receive 38 points.
You press <<10>> and receive 31 points.
You press <<7>> and receive 45 points.

Environment number 4:
The value of option 9 is 72. You have 10 choices to make in this environment.
You press <<8>> and receive 71 points.
You press <<10>> and receive 72 points.
You press <<11>> and receive 66 points.
You press <<7>> and receive 80 points.
You press <<6>> and receive 84 points.
You press <<5>> and receive 74 points.
You press <<6>> and receive 84 points.
You press <<6>> and receive 83 points.
You press <<6>> and receive 84 points.
You press <<6>> and receive 84 points.

Environment number 5:
The value of option 15 is 0. You have 5 choices to make in this environment.
You press <<14>> and receive 0 points.
You press <<16>> and receive 6 points.
You press <<17>> and receive 16 points.
You press <<",54
5,31,5,19,1,smooth,15,5,0,32,"You will be presented with a series of 16 different environments to explore.
In each trial, you can select an option between numbers 1 and 30 by pressing the corresponding key.
By selecting any of these options, you will earn points associated with each unique option.
Imagine these options 1 through 30 as lying next to each other in an ordered line; options closer to each other tend to have similar rewards as rewards tend to cluster together.
For each environment, you will be able to make either 5 or 10 choices.
When you made all your choices in a given environment, you will start making choices in the next unexplored environment.
The rewards underlying the different options are different in each environment so you will learn them anew for each environment.
Each environment starts with the value of a single option revealed.
When you choose the number corresponding to a different option, you will be told the value of that option and receive those points.
Previously revealed options, including the starting option, can also be reselected, although there may be small changes in the point value.
It is your task to to learn where the largest reward is in each of the 16 environments.

Environment number 1:
The value of option 4 is 16. You have 10 choices to make in this environment.
You press <<4>> and receive 16 points.
You press <<3>> and receive 7 points.
You press <<5>> and receive 25 points.
You press <<6>> and receive 37 points.
You press <<7>> and receive 50 points.
You press <<8>> and receive 60 points.
You press <<9>> and receive 69 points.
You press <<10>> and receive 75 points.
You press <<11>> and receive 70 points.
You press <<10>> and receive 75 points.

Environment number 2:
The value of option 21 is 72. You have 5 choices to make in this environment.
You press <<22>> and receive 78 points.
You press <<23>> and receive 81 points.
You press <<24>> and receive 73 points.
You press <<20>> and receive 63 points.
You press <<23>> and receive 81 points.

Environment number 3:
The value of option 9 is 44. You have 5 choices to make in this environment.
You press <<8>> and receive 46 points.
You press <<7>> and receive 48 points.
You press <<6>> and receive 38 points.
You press <<10>> and receive 31 points.
You press <<7>> and receive 45 points.

Environment number 4:
The value of option 9 is 72. You have 10 choices to make in this environment.
You press <<8>> and receive 71 points.
You press <<10>> and receive 72 points.
You press <<11>> and receive 66 points.
You press <<7>> and receive 80 points.
You press <<6>> and receive 84 points.
You press <<5>> and receive 74 points.
You press <<6>> and receive 84 points.
You press <<6>> and receive 83 points.
You press <<6>> and receive 84 points.
You press <<6>> and receive 84 points.

Environment number 5:
The value of option 15 is 0. You have 5 choices to make in this environment.
You press <<14>> and receive 0 points.
You press <<16>> and receive 6 points.
You press <<17>> and receive 16 points.
You press <<18>> and receive 25 points.
You press <<",54
6,32,1,20,1,smooth,19,5,0,6,"You will be presented with a series of 16 different environments to explore.
In each trial, you can select an option between numbers 1 and 30 by pressing the corresponding key.
By selecting any of these options, you will earn points associated with each unique option.
Imagine these options 1 through 30 as lying next to each other in an ordered line; options closer to each other tend to have similar rewards as rewards tend to cluster together.
For each environment, you will be able to make either 5 or 10 choices.
When you made all your choices in a given environment, you will start making choices in the next unexplored environment.
The rewards underlying the different options are different in each environment so you will learn them anew for each environment.
Each environment starts with the value of a single option revealed.
When you choose the number corresponding to a different option, you will be told the value of that option and receive those points.
Previously revealed options, including the starting option, can also be reselected, although there may be small changes in the point value.
It is your task to to learn where the largest reward is in each of the 16 environments.

Environment number 1:
The value of option 4 is 16. You have 10 choices to make in this environment.
You press <<4>> and receive 16 points.
You press <<3>> and receive 7 points.
You press <<5>> and receive 25 points.
You press <<6>> and receive 37 points.
You press <<7>> and receive 50 points.
You press <<8>> and receive 60 points.
You press <<9>> and receive 69 points.
You press <<10>> and receive 75 points.
You press <<11>> and receive 70 points.
You press <<10>> and receive 75 points.

Environment number 2:
The value of option 21 is 72. You have 5 choices to make in this environment.
You press <<22>> and receive 78 points.
You press <<23>> and receive 81 points.
You press <<24>> and receive 73 points.
You press <<20>> and receive 63 points.
You press <<23>> and receive 81 points.

Environment number 3:
The value of option 9 is 44. You have 5 choices to make in this environment.
You press <<8>> and receive 46 points.
You press <<7>> and receive 48 points.
You press <<6>> and receive 38 points.
You press <<10>> and receive 31 points.
You press <<7>> and receive 45 points.

Environment number 4:
The value of option 9 is 72. You have 10 choices to make in this environment.
You press <<8>> and receive 71 points.
You press <<10>> and receive 72 points.
You press <<11>> and receive 66 points.
You press <<7>> and receive 80 points.
You press <<6>> and receive 84 points.
You press <<5>> and receive 74 points.
You press <<6>> and receive 84 points.
You press <<6>> and receive 83 points.
You press <<6>> and receive 84 points.
You press <<6>> and receive 84 points.

Environment number 5:
The value of option 15 is 0. You have 5 choices to make in this environment.
You press <<14>> and receive 0 points.
You press <<16>> and receive 6 points.
You press <<17>> and receive 16 points.
You press <<18>> and receive 25 points.
You press <<19>> and receive 32 points.

Environment number 6:
The value of option 19 is 0. You have 5 choices to make in this environment.
You press <<",54
6,32,2,18,1,smooth,19,5,0,17,"You will be presented with a series of 16 different environments to explore.
In each trial, you can select an option between numbers 1 and 30 by pressing the corresponding key.
By selecting any of these options, you will earn points associated with each unique option.
Imagine these options 1 through 30 as lying next to each other in an ordered line; options closer to each other tend to have similar rewards as rewards tend to cluster together.
For each environment, you will be able to make either 5 or 10 choices.
When you made all your choices in a given environment, you will start making choices in the next unexplored environment.
The rewards underlying the different options are different in each environment so you will learn them anew for each environment.
Each environment starts with the value of a single option revealed.
When you choose the number corresponding to a different option, you will be told the value of that option and receive those points.
Previously revealed options, including the starting option, can also be reselected, although there may be small changes in the point value.
It is your task to to learn where the largest reward is in each of the 16 environments.

Environment number 1:
The value of option 4 is 16. You have 10 choices to make in this environment.
You press <<4>> and receive 16 points.
You press <<3>> and receive 7 points.
You press <<5>> and receive 25 points.
You press <<6>> and receive 37 points.
You press <<7>> and receive 50 points.
You press <<8>> and receive 60 points.
You press <<9>> and receive 69 points.
You press <<10>> and receive 75 points.
You press <<11>> and receive 70 points.
You press <<10>> and receive 75 points.

Environment number 2:
The value of option 21 is 72. You have 5 choices to make in this environment.
You press <<22>> and receive 78 points.
You press <<23>> and receive 81 points.
You press <<24>> and receive 73 points.
You press <<20>> and receive 63 points.
You press <<23>> and receive 81 points.

Environment number 3:
The value of option 9 is 44. You have 5 choices to make in this environment.
You press <<8>> and receive 46 points.
You press <<7>> and receive 48 points.
You press <<6>> and receive 38 points.
You press <<10>> and receive 31 points.
You press <<7>> and receive 45 points.

Environment number 4:
The value of option 9 is 72. You have 10 choices to make in this environment.
You press <<8>> and receive 71 points.
You press <<10>> and receive 72 points.
You press <<11>> and receive 66 points.
You press <<7>> and receive 80 points.
You press <<6>> and receive 84 points.
You press <<5>> and receive 74 points.
You press <<6>> and receive 84 points.
You press <<6>> and receive 83 points.
You press <<6>> and receive 84 points.
You press <<6>> and receive 84 points.

Environment number 5:
The value of option 15 is 0. You have 5 choices to make in this environment.
You press <<14>> and receive 0 points.
You press <<16>> and receive 6 points.
You press <<17>> and receive 16 points.
You press <<18>> and receive 25 points.
You press <<19>> and receive 32 points.

Environment number 6:
The value of option 19 is 0. You have 5 choices to make in this environment.
You press <<20>> and receive 6 points.
You press <<",54
6,32,3,17,1,smooth,19,5,0,30,"You will be presented with a series of 16 different environments to explore.
In each trial, you can select an option between numbers 1 and 30 by pressing the corresponding key.
By selecting any of these options, you will earn points associated with each unique option.
Imagine these options 1 through 30 as lying next to each other in an ordered line; options closer to each other tend to have similar rewards as rewards tend to cluster together.
For each environment, you will be able to make either 5 or 10 choices.
When you made all your choices in a given environment, you will start making choices in the next unexplored environment.
The rewards underlying the different options are different in each environment so you will learn them anew for each environment.
Each environment starts with the value of a single option revealed.
When you choose the number corresponding to a different option, you will be told the value of that option and receive those points.
Previously revealed options, including the starting option, can also be reselected, although there may be small changes in the point value.
It is your task to to learn where the largest reward is in each of the 16 environments.

Environment number 1:
The value of option 4 is 16. You have 10 choices to make in this environment.
You press <<4>> and receive 16 points.
You press <<3>> and receive 7 points.
You press <<5>> and receive 25 points.
You press <<6>> and receive 37 points.
You press <<7>> and receive 50 points.
You press <<8>> and receive 60 points.
You press <<9>> and receive 69 points.
You press <<10>> and receive 75 points.
You press <<11>> and receive 70 points.
You press <<10>> and receive 75 points.

Environment number 2:
The value of option 21 is 72. You have 5 choices to make in this environment.
You press <<22>> and receive 78 points.
You press <<23>> and receive 81 points.
You press <<24>> and receive 73 points.
You press <<20>> and receive 63 points.
You press <<23>> and receive 81 points.

Environment number 3:
The value of option 9 is 44. You have 5 choices to make in this environment.
You press <<8>> and receive 46 points.
You press <<7>> and receive 48 points.
You press <<6>> and receive 38 points.
You press <<10>> and receive 31 points.
You press <<7>> and receive 45 points.

Environment number 4:
The value of option 9 is 72. You have 10 choices to make in this environment.
You press <<8>> and receive 71 points.
You press <<10>> and receive 72 points.
You press <<11>> and receive 66 points.
You press <<7>> and receive 80 points.
You press <<6>> and receive 84 points.
You press <<5>> and receive 74 points.
You press <<6>> and receive 84 points.
You press <<6>> and receive 83 points.
You press <<6>> and receive 84 points.
You press <<6>> and receive 84 points.

Environment number 5:
The value of option 15 is 0. You have 5 choices to make in this environment.
You press <<14>> and receive 0 points.
You press <<16>> and receive 6 points.
You press <<17>> and receive 16 points.
You press <<18>> and receive 25 points.
You press <<19>> and receive 32 points.

Environment number 6:
The value of option 19 is 0. You have 5 choices to make in this environment.
You press <<20>> and receive 6 points.
You press <<18>> and receive 17 points.
You press <<",54
6,32,4,16,1,smooth,19,5,0,28,"You will be presented with a series of 16 different environments to explore.
In each trial, you can select an option between numbers 1 and 30 by pressing the corresponding key.
By selecting any of these options, you will earn points associated with each unique option.
Imagine these options 1 through 30 as lying next to each other in an ordered line; options closer to each other tend to have similar rewards as rewards tend to cluster together.
For each environment, you will be able to make either 5 or 10 choices.
When you made all your choices in a given environment, you will start making choices in the next unexplored environment.
The rewards underlying the different options are different in each environment so you will learn them anew for each environment.
Each environment starts with the value of a single option revealed.
When you choose the number corresponding to a different option, you will be told the value of that option and receive those points.
Previously revealed options, including the starting option, can also be reselected, although there may be small changes in the point value.
It is your task to to learn where the largest reward is in each of the 16 environments.

Environment number 1:
The value of option 4 is 16. You have 10 choices to make in this environment.
You press <<4>> and receive 16 points.
You press <<3>> and receive 7 points.
You press <<5>> and receive 25 points.
You press <<6>> and receive 37 points.
You press <<7>> and receive 50 points.
You press <<8>> and receive 60 points.
You press <<9>> and receive 69 points.
You press <<10>> and receive 75 points.
You press <<11>> and receive 70 points.
You press <<10>> and receive 75 points.

Environment number 2:
The value of option 21 is 72. You have 5 choices to make in this environment.
You press <<22>> and receive 78 points.
You press <<23>> and receive 81 points.
You press <<24>> and receive 73 points.
You press <<20>> and receive 63 points.
You press <<23>> and receive 81 points.

Environment number 3:
The value of option 9 is 44. You have 5 choices to make in this environment.
You press <<8>> and receive 46 points.
You press <<7>> and receive 48 points.
You press <<6>> and receive 38 points.
You press <<10>> and receive 31 points.
You press <<7>> and receive 45 points.

Environment number 4:
The value of option 9 is 72. You have 10 choices to make in this environment.
You press <<8>> and receive 71 points.
You press <<10>> and receive 72 points.
You press <<11>> and receive 66 points.
You press <<7>> and receive 80 points.
You press <<6>> and receive 84 points.
You press <<5>> and receive 74 points.
You press <<6>> and receive 84 points.
You press <<6>> and receive 83 points.
You press <<6>> and receive 84 points.
You press <<6>> and receive 84 points.

Environment number 5:
The value of option 15 is 0. You have 5 choices to make in this environment.
You press <<14>> and receive 0 points.
You press <<16>> and receive 6 points.
You press <<17>> and receive 16 points.
You press <<18>> and receive 25 points.
You press <<19>> and receive 32 points.

Environment number 6:
The value of option 19 is 0. You have 5 choices to make in this environment.
You press <<20>> and receive 6 points.
You press <<18>> and receive 17 points.
You press <<17>> and receive 30 points.
You press <<",54
6,32,5,17,1,smooth,19,5,0,29,"You will be presented with a series of 16 different environments to explore.
In each trial, you can select an option between numbers 1 and 30 by pressing the corresponding key.
By selecting any of these options, you will earn points associated with each unique option.
Imagine these options 1 through 30 as lying next to each other in an ordered line; options closer to each other tend to have similar rewards as rewards tend to cluster together.
For each environment, you will be able to make either 5 or 10 choices.
When you made all your choices in a given environment, you will start making choices in the next unexplored environment.
The rewards underlying the different options are different in each environment so you will learn them anew for each environment.
Each environment starts with the value of a single option revealed.
When you choose the number corresponding to a different option, you will be told the value of that option and receive those points.
Previously revealed options, including the starting option, can also be reselected, although there may be small changes in the point value.
It is your task to to learn where the largest reward is in each of the 16 environments.

Environment number 1:
The value of option 4 is 16. You have 10 choices to make in this environment.
You press <<4>> and receive 16 points.
You press <<3>> and receive 7 points.
You press <<5>> and receive 25 points.
You press <<6>> and receive 37 points.
You press <<7>> and receive 50 points.
You press <<8>> and receive 60 points.
You press <<9>> and receive 69 points.
You press <<10>> and receive 75 points.
You press <<11>> and receive 70 points.
You press <<10>> and receive 75 points.

Environment number 2:
The value of option 21 is 72. You have 5 choices to make in this environment.
You press <<22>> and receive 78 points.
You press <<23>> and receive 81 points.
You press <<24>> and receive 73 points.
You press <<20>> and receive 63 points.
You press <<23>> and receive 81 points.

Environment number 3:
The value of option 9 is 44. You have 5 choices to make in this environment.
You press <<8>> and receive 46 points.
You press <<7>> and receive 48 points.
You press <<6>> and receive 38 points.
You press <<10>> and receive 31 points.
You press <<7>> and receive 45 points.

Environment number 4:
The value of option 9 is 72. You have 10 choices to make in this environment.
You press <<8>> and receive 71 points.
You press <<10>> and receive 72 points.
You press <<11>> and receive 66 points.
You press <<7>> and receive 80 points.
You press <<6>> and receive 84 points.
You press <<5>> and receive 74 points.
You press <<6>> and receive 84 points.
You press <<6>> and receive 83 points.
You press <<6>> and receive 84 points.
You press <<6>> and receive 84 points.

Environment number 5:
The value of option 15 is 0. You have 5 choices to make in this environment.
You press <<14>> and receive 0 points.
You press <<16>> and receive 6 points.
You press <<17>> and receive 16 points.
You press <<18>> and receive 25 points.
You press <<19>> and receive 32 points.

Environment number 6:
The value of option 19 is 0. You have 5 choices to make in this environment.
You press <<20>> and receive 6 points.
You press <<18>> and receive 17 points.
You press <<17>> and receive 30 points.
You press <<16>> and receive 28 points.
You press <<",54
7,25,1,28,1,smooth,29,5,42,42,"You will be presented with a series of 16 different environments to explore.
In each trial, you can select an option between numbers 1 and 30 by pressing the corresponding key.
By selecting any of these options, you will earn points associated with each unique option.
Imagine these options 1 through 30 as lying next to each other in an ordered line; options closer to each other tend to have similar rewards as rewards tend to cluster together.
For each environment, you will be able to make either 5 or 10 choices.
When you made all your choices in a given environment, you will start making choices in the next unexplored environment.
The rewards underlying the different options are different in each environment so you will learn them anew for each environment.
Each environment starts with the value of a single option revealed.
When you choose the number corresponding to a different option, you will be told the value of that option and receive those points.
Previously revealed options, including the starting option, can also be reselected, although there may be small changes in the point value.
It is your task to to learn where the largest reward is in each of the 16 environments.

Environment number 1:
The value of option 4 is 16. You have 10 choices to make in this environment.
You press <<4>> and receive 16 points.
You press <<3>> and receive 7 points.
You press <<5>> and receive 25 points.
You press <<6>> and receive 37 points.
You press <<7>> and receive 50 points.
You press <<8>> and receive 60 points.
You press <<9>> and receive 69 points.
You press <<10>> and receive 75 points.
You press <<11>> and receive 70 points.
You press <<10>> and receive 75 points.

Environment number 2:
The value of option 21 is 72. You have 5 choices to make in this environment.
You press <<22>> and receive 78 points.
You press <<23>> and receive 81 points.
You press <<24>> and receive 73 points.
You press <<20>> and receive 63 points.
You press <<23>> and receive 81 points.

Environment number 3:
The value of option 9 is 44. You have 5 choices to make in this environment.
You press <<8>> and receive 46 points.
You press <<7>> and receive 48 points.
You press <<6>> and receive 38 points.
You press <<10>> and receive 31 points.
You press <<7>> and receive 45 points.

Environment number 4:
The value of option 9 is 72. You have 10 choices to make in this environment.
You press <<8>> and receive 71 points.
You press <<10>> and receive 72 points.
You press <<11>> and receive 66 points.
You press <<7>> and receive 80 points.
You press <<6>> and receive 84 points.
You press <<5>> and receive 74 points.
You press <<6>> and receive 84 points.
You press <<6>> and receive 83 points.
You press <<6>> and receive 84 points.
You press <<6>> and receive 84 points.

Environment number 5:
The value of option 15 is 0. You have 5 choices to make in this environment.
You press <<14>> and receive 0 points.
You press <<16>> and receive 6 points.
You press <<17>> and receive 16 points.
You press <<18>> and receive 25 points.
You press <<19>> and receive 32 points.

Environment number 6:
The value of option 19 is 0. You have 5 choices to make in this environment.
You press <<20>> and receive 6 points.
You press <<18>> and receive 17 points.
You press <<17>> and receive 30 points.
You press <<16>> and receive 28 points.
You press <<17>> and receive 29 points.

Environment number 7:
The value of option 29 is 42. You have 5 choices to make in this environment.
You press <<",54
7,25,2,27,1,smooth,29,5,42,42,"You will be presented with a series of 16 different environments to explore.
In each trial, you can select an option between numbers 1 and 30 by pressing the corresponding key.
By selecting any of these options, you will earn points associated with each unique option.
Imagine these options 1 through 30 as lying next to each other in an ordered line; options closer to each other tend to have similar rewards as rewards tend to cluster together.
For each environment, you will be able to make either 5 or 10 choices.
When you made all your choices in a given environment, you will start making choices in the next unexplored environment.
The rewards underlying the different options are different in each environment so you will learn them anew for each environment.
Each environment starts with the value of a single option revealed.
When you choose the number corresponding to a different option, you will be told the value of that option and receive those points.
Previously revealed options, including the starting option, can also be reselected, although there may be small changes in the point value.
It is your task to to learn where the largest reward is in each of the 16 environments.

Environment number 1:
The value of option 4 is 16. You have 10 choices to make in this environment.
You press <<4>> and receive 16 points.
You press <<3>> and receive 7 points.
You press <<5>> and receive 25 points.
You press <<6>> and receive 37 points.
You press <<7>> and receive 50 points.
You press <<8>> and receive 60 points.
You press <<9>> and receive 69 points.
You press <<10>> and receive 75 points.
You press <<11>> and receive 70 points.
You press <<10>> and receive 75 points.

Environment number 2:
The value of option 21 is 72. You have 5 choices to make in this environment.
You press <<22>> and receive 78 points.
You press <<23>> and receive 81 points.
You press <<24>> and receive 73 points.
You press <<20>> and receive 63 points.
You press <<23>> and receive 81 points.

Environment number 3:
The value of option 9 is 44. You have 5 choices to make in this environment.
You press <<8>> and receive 46 points.
You press <<7>> and receive 48 points.
You press <<6>> and receive 38 points.
You press <<10>> and receive 31 points.
You press <<7>> and receive 45 points.

Environment number 4:
The value of option 9 is 72. You have 10 choices to make in this environment.
You press <<8>> and receive 71 points.
You press <<10>> and receive 72 points.
You press <<11>> and receive 66 points.
You press <<7>> and receive 80 points.
You press <<6>> and receive 84 points.
You press <<5>> and receive 74 points.
You press <<6>> and receive 84 points.
You press <<6>> and receive 83 points.
You press <<6>> and receive 84 points.
You press <<6>> and receive 84 points.

Environment number 5:
The value of option 15 is 0. You have 5 choices to make in this environment.
You press <<14>> and receive 0 points.
You press <<16>> and receive 6 points.
You press <<17>> and receive 16 points.
You press <<18>> and receive 25 points.
You press <<19>> and receive 32 points.

Environment number 6:
The value of option 19 is 0. You have 5 choices to make in this environment.
You press <<20>> and receive 6 points.
You press <<18>> and receive 17 points.
You press <<17>> and receive 30 points.
You press <<16>> and receive 28 points.
You press <<17>> and receive 29 points.

Environment number 7:
The value of option 29 is 42. You have 5 choices to make in this environment.
You press <<28>> and receive 42 points.
You press <<",54
7,25,3,26,1,smooth,29,5,42,42,"You will be presented with a series of 16 different environments to explore.
In each trial, you can select an option between numbers 1 and 30 by pressing the corresponding key.
By selecting any of these options, you will earn points associated with each unique option.
Imagine these options 1 through 30 as lying next to each other in an ordered line; options closer to each other tend to have similar rewards as rewards tend to cluster together.
For each environment, you will be able to make either 5 or 10 choices.
When you made all your choices in a given environment, you will start making choices in the next unexplored environment.
The rewards underlying the different options are different in each environment so you will learn them anew for each environment.
Each environment starts with the value of a single option revealed.
When you choose the number corresponding to a different option, you will be told the value of that option and receive those points.
Previously revealed options, including the starting option, can also be reselected, although there may be small changes in the point value.
It is your task to to learn where the largest reward is in each of the 16 environments.

Environment number 1:
The value of option 4 is 16. You have 10 choices to make in this environment.
You press <<4>> and receive 16 points.
You press <<3>> and receive 7 points.
You press <<5>> and receive 25 points.
You press <<6>> and receive 37 points.
You press <<7>> and receive 50 points.
You press <<8>> and receive 60 points.
You press <<9>> and receive 69 points.
You press <<10>> and receive 75 points.
You press <<11>> and receive 70 points.
You press <<10>> and receive 75 points.

Environment number 2:
The value of option 21 is 72. You have 5 choices to make in this environment.
You press <<22>> and receive 78 points.
You press <<23>> and receive 81 points.
You press <<24>> and receive 73 points.
You press <<20>> and receive 63 points.
You press <<23>> and receive 81 points.

Environment number 3:
The value of option 9 is 44. You have 5 choices to make in this environment.
You press <<8>> and receive 46 points.
You press <<7>> and receive 48 points.
You press <<6>> and receive 38 points.
You press <<10>> and receive 31 points.
You press <<7>> and receive 45 points.

Environment number 4:
The value of option 9 is 72. You have 10 choices to make in this environment.
You press <<8>> and receive 71 points.
You press <<10>> and receive 72 points.
You press <<11>> and receive 66 points.
You press <<7>> and receive 80 points.
You press <<6>> and receive 84 points.
You press <<5>> and receive 74 points.
You press <<6>> and receive 84 points.
You press <<6>> and receive 83 points.
You press <<6>> and receive 84 points.
You press <<6>> and receive 84 points.

Environment number 5:
The value of option 15 is 0. You have 5 choices to make in this environment.
You press <<14>> and receive 0 points.
You press <<16>> and receive 6 points.
You press <<17>> and receive 16 points.
You press <<18>> and receive 25 points.
You press <<19>> and receive 32 points.

Environment number 6:
The value of option 19 is 0. You have 5 choices to make in this environment.
You press <<20>> and receive 6 points.
You press <<18>> and receive 17 points.
You press <<17>> and receive 30 points.
You press <<16>> and receive 28 points.
You press <<17>> and receive 29 points.

Environment number 7:
The value of option 29 is 42. You have 5 choices to make in this environment.
You press <<28>> and receive 42 points.
You press <<27>> and receive 42 points.
You press <<",54
7,25,4,25,1,smooth,29,5,42,42,"You will be presented with a series of 16 different environments to explore.
In each trial, you can select an option between numbers 1 and 30 by pressing the corresponding key.
By selecting any of these options, you will earn points associated with each unique option.
Imagine these options 1 through 30 as lying next to each other in an ordered line; options closer to each other tend to have similar rewards as rewards tend to cluster together.
For each environment, you will be able to make either 5 or 10 choices.
When you made all your choices in a given environment, you will start making choices in the next unexplored environment.
The rewards underlying the different options are different in each environment so you will learn them anew for each environment.
Each environment starts with the value of a single option revealed.
When you choose the number corresponding to a different option, you will be told the value of that option and receive those points.
Previously revealed options, including the starting option, can also be reselected, although there may be small changes in the point value.
It is your task to to learn where the largest reward is in each of the 16 environments.

Environment number 1:
The value of option 4 is 16. You have 10 choices to make in this environment.
You press <<4>> and receive 16 points.
You press <<3>> and receive 7 points.
You press <<5>> and receive 25 points.
You press <<6>> and receive 37 points.
You press <<7>> and receive 50 points.
You press <<8>> and receive 60 points.
You press <<9>> and receive 69 points.
You press <<10>> and receive 75 points.
You press <<11>> and receive 70 points.
You press <<10>> and receive 75 points.

Environment number 2:
The value of option 21 is 72. You have 5 choices to make in this environment.
You press <<22>> and receive 78 points.
You press <<23>> and receive 81 points.
You press <<24>> and receive 73 points.
You press <<20>> and receive 63 points.
You press <<23>> and receive 81 points.

Environment number 3:
The value of option 9 is 44. You have 5 choices to make in this environment.
You press <<8>> and receive 46 points.
You press <<7>> and receive 48 points.
You press <<6>> and receive 38 points.
You press <<10>> and receive 31 points.
You press <<7>> and receive 45 points.

Environment number 4:
The value of option 9 is 72. You have 10 choices to make in this environment.
You press <<8>> and receive 71 points.
You press <<10>> and receive 72 points.
You press <<11>> and receive 66 points.
You press <<7>> and receive 80 points.
You press <<6>> and receive 84 points.
You press <<5>> and receive 74 points.
You press <<6>> and receive 84 points.
You press <<6>> and receive 83 points.
You press <<6>> and receive 84 points.
You press <<6>> and receive 84 points.

Environment number 5:
The value of option 15 is 0. You have 5 choices to make in this environment.
You press <<14>> and receive 0 points.
You press <<16>> and receive 6 points.
You press <<17>> and receive 16 points.
You press <<18>> and receive 25 points.
You press <<19>> and receive 32 points.

Environment number 6:
The value of option 19 is 0. You have 5 choices to make in this environment.
You press <<20>> and receive 6 points.
You press <<18>> and receive 17 points.
You press <<17>> and receive 30 points.
You press <<16>> and receive 28 points.
You press <<17>> and receive 29 points.

Environment number 7:
The value of option 29 is 42. You have 5 choices to make in this environment.
You press <<28>> and receive 42 points.
You press <<27>> and receive 42 points.
You press <<26>> and receive 42 points.
You press <<",54
7,25,5,24,1,smooth,29,5,42,44,"You will be presented with a series of 16 different environments to explore.
In each trial, you can select an option between numbers 1 and 30 by pressing the corresponding key.
By selecting any of these options, you will earn points associated with each unique option.
Imagine these options 1 through 30 as lying next to each other in an ordered line; options closer to each other tend to have similar rewards as rewards tend to cluster together.
For each environment, you will be able to make either 5 or 10 choices.
When you made all your choices in a given environment, you will start making choices in the next unexplored environment.
The rewards underlying the different options are different in each environment so you will learn them anew for each environment.
Each environment starts with the value of a single option revealed.
When you choose the number corresponding to a different option, you will be told the value of that option and receive those points.
Previously revealed options, including the starting option, can also be reselected, although there may be small changes in the point value.
It is your task to to learn where the largest reward is in each of the 16 environments.

Environment number 1:
The value of option 4 is 16. You have 10 choices to make in this environment.
You press <<4>> and receive 16 points.
You press <<3>> and receive 7 points.
You press <<5>> and receive 25 points.
You press <<6>> and receive 37 points.
You press <<7>> and receive 50 points.
You press <<8>> and receive 60 points.
You press <<9>> and receive 69 points.
You press <<10>> and receive 75 points.
You press <<11>> and receive 70 points.
You press <<10>> and receive 75 points.

Environment number 2:
The value of option 21 is 72. You have 5 choices to make in this environment.
You press <<22>> and receive 78 points.
You press <<23>> and receive 81 points.
You press <<24>> and receive 73 points.
You press <<20>> and receive 63 points.
You press <<23>> and receive 81 points.

Environment number 3:
The value of option 9 is 44. You have 5 choices to make in this environment.
You press <<8>> and receive 46 points.
You press <<7>> and receive 48 points.
You press <<6>> and receive 38 points.
You press <<10>> and receive 31 points.
You press <<7>> and receive 45 points.

Environment number 4:
The value of option 9 is 72. You have 10 choices to make in this environment.
You press <<8>> and receive 71 points.
You press <<10>> and receive 72 points.
You press <<11>> and receive 66 points.
You press <<7>> and receive 80 points.
You press <<6>> and receive 84 points.
You press <<5>> and receive 74 points.
You press <<6>> and receive 84 points.
You press <<6>> and receive 83 points.
You press <<6>> and receive 84 points.
You press <<6>> and receive 84 points.

Environment number 5:
The value of option 15 is 0. You have 5 choices to make in this environment.
You press <<14>> and receive 0 points.
You press <<16>> and receive 6 points.
You press <<17>> and receive 16 points.
You press <<18>> and receive 25 points.
You press <<19>> and receive 32 points.

Environment number 6:
The value of option 19 is 0. You have 5 choices to make in this environment.
You press <<20>> and receive 6 points.
You press <<18>> and receive 17 points.
You press <<17>> and receive 30 points.
You press <<16>> and receive 28 points.
You press <<17>> and receive 29 points.

Environment number 7:
The value of option 29 is 42. You have 5 choices to make in this environment.
You press <<28>> and receive 42 points.
You press <<27>> and receive 42 points.
You press <<26>> and receive 42 points.
You press <<25>> and receive 42 points.
You press <<",54
8,15,1,1,1,smooth,2,5,85,70,"You will be presented with a series of 16 different environments to explore.
In each trial, you can select an option between numbers 1 and 30 by pressing the corresponding key.
By selecting any of these options, you will earn points associated with each unique option.
Imagine these options 1 through 30 as lying next to each other in an ordered line; options closer to each other tend to have similar rewards as rewards tend to cluster together.
For each environment, you will be able to make either 5 or 10 choices.
When you made all your choices in a given environment, you will start making choices in the next unexplored environment.
The rewards underlying the different options are different in each environment so you will learn them anew for each environment.
Each environment starts with the value of a single option revealed.
When you choose the number corresponding to a different option, you will be told the value of that option and receive those points.
Previously revealed options, including the starting option, can also be reselected, although there may be small changes in the point value.
It is your task to to learn where the largest reward is in each of the 16 environments.

Environment number 1:
The value of option 4 is 16. You have 10 choices to make in this environment.
You press <<4>> and receive 16 points.
You press <<3>> and receive 7 points.
You press <<5>> and receive 25 points.
You press <<6>> and receive 37 points.
You press <<7>> and receive 50 points.
You press <<8>> and receive 60 points.
You press <<9>> and receive 69 points.
You press <<10>> and receive 75 points.
You press <<11>> and receive 70 points.
You press <<10>> and receive 75 points.

Environment number 2:
The value of option 21 is 72. You have 5 choices to make in this environment.
You press <<22>> and receive 78 points.
You press <<23>> and receive 81 points.
You press <<24>> and receive 73 points.
You press <<20>> and receive 63 points.
You press <<23>> and receive 81 points.

Environment number 3:
The value of option 9 is 44. You have 5 choices to make in this environment.
You press <<8>> and receive 46 points.
You press <<7>> and receive 48 points.
You press <<6>> and receive 38 points.
You press <<10>> and receive 31 points.
You press <<7>> and receive 45 points.

Environment number 4:
The value of option 9 is 72. You have 10 choices to make in this environment.
You press <<8>> and receive 71 points.
You press <<10>> and receive 72 points.
You press <<11>> and receive 66 points.
You press <<7>> and receive 80 points.
You press <<6>> and receive 84 points.
You press <<5>> and receive 74 points.
You press <<6>> and receive 84 points.
You press <<6>> and receive 83 points.
You press <<6>> and receive 84 points.
You press <<6>> and receive 84 points.

Environment number 5:
The value of option 15 is 0. You have 5 choices to make in this environment.
You press <<14>> and receive 0 points.
You press <<16>> and receive 6 points.
You press <<17>> and receive 16 points.
You press <<18>> and receive 25 points.
You press <<19>> and receive 32 points.

Environment number 6:
The value of option 19 is 0. You have 5 choices to make in this environment.
You press <<20>> and receive 6 points.
You press <<18>> and receive 17 points.
You press <<17>> and receive 30 points.
You press <<16>> and receive 28 points.
You press <<17>> and receive 29 points.

Environment number 7:
The value of option 29 is 42. You have 5 choices to make in this environment.
You press <<28>> and receive 42 points.
You press <<27>> and receive 42 points.
You press <<26>> and receive 42 points.
You press <<25>> and receive 42 points.
You press <<24>> and receive 44 points.

Environment number 8:
The value of option 2 is 85. You have 5 choices to make in this environment.
You press <<",54
8,15,2,3,1,smooth,2,5,85,80,"You will be presented with a series of 16 different environments to explore.
In each trial, you can select an option between numbers 1 and 30 by pressing the corresponding key.
By selecting any of these options, you will earn points associated with each unique option.
Imagine these options 1 through 30 as lying next to each other in an ordered line; options closer to each other tend to have similar rewards as rewards tend to cluster together.
For each environment, you will be able to make either 5 or 10 choices.
When you made all your choices in a given environment, you will start making choices in the next unexplored environment.
The rewards underlying the different options are different in each environment so you will learn them anew for each environment.
Each environment starts with the value of a single option revealed.
When you choose the number corresponding to a different option, you will be told the value of that option and receive those points.
Previously revealed options, including the starting option, can also be reselected, although there may be small changes in the point value.
It is your task to to learn where the largest reward is in each of the 16 environments.

Environment number 1:
The value of option 4 is 16. You have 10 choices to make in this environment.
You press <<4>> and receive 16 points.
You press <<3>> and receive 7 points.
You press <<5>> and receive 25 points.
You press <<6>> and receive 37 points.
You press <<7>> and receive 50 points.
You press <<8>> and receive 60 points.
You press <<9>> and receive 69 points.
You press <<10>> and receive 75 points.
You press <<11>> and receive 70 points.
You press <<10>> and receive 75 points.

Environment number 2:
The value of option 21 is 72. You have 5 choices to make in this environment.
You press <<22>> and receive 78 points.
You press <<23>> and receive 81 points.
You press <<24>> and receive 73 points.
You press <<20>> and receive 63 points.
You press <<23>> and receive 81 points.

Environment number 3:
The value of option 9 is 44. You have 5 choices to make in this environment.
You press <<8>> and receive 46 points.
You press <<7>> and receive 48 points.
You press <<6>> and receive 38 points.
You press <<10>> and receive 31 points.
You press <<7>> and receive 45 points.

Environment number 4:
The value of option 9 is 72. You have 10 choices to make in this environment.
You press <<8>> and receive 71 points.
You press <<10>> and receive 72 points.
You press <<11>> and receive 66 points.
You press <<7>> and receive 80 points.
You press <<6>> and receive 84 points.
You press <<5>> and receive 74 points.
You press <<6>> and receive 84 points.
You press <<6>> and receive 83 points.
You press <<6>> and receive 84 points.
You press <<6>> and receive 84 points.

Environment number 5:
The value of option 15 is 0. You have 5 choices to make in this environment.
You press <<14>> and receive 0 points.
You press <<16>> and receive 6 points.
You press <<17>> and receive 16 points.
You press <<18>> and receive 25 points.
You press <<19>> and receive 32 points.

Environment number 6:
The value of option 19 is 0. You have 5 choices to make in this environment.
You press <<20>> and receive 6 points.
You press <<18>> and receive 17 points.
You press <<17>> and receive 30 points.
You press <<16>> and receive 28 points.
You press <<17>> and receive 29 points.

Environment number 7:
The value of option 29 is 42. You have 5 choices to make in this environment.
You press <<28>> and receive 42 points.
You press <<27>> and receive 42 points.
You press <<26>> and receive 42 points.
You press <<25>> and receive 42 points.
You press <<24>> and receive 44 points.

Environment number 8:
The value of option 2 is 85. You have 5 choices to make in this environment.
You press <<1>> and receive 70 points.
You press <<",54
8,15,3,4,1,smooth,2,5,85,59,"You will be presented with a series of 16 different environments to explore.
In each trial, you can select an option between numbers 1 and 30 by pressing the corresponding key.
By selecting any of these options, you will earn points associated with each unique option.
Imagine these options 1 through 30 as lying next to each other in an ordered line; options closer to each other tend to have similar rewards as rewards tend to cluster together.
For each environment, you will be able to make either 5 or 10 choices.
When you made all your choices in a given environment, you will start making choices in the next unexplored environment.
The rewards underlying the different options are different in each environment so you will learn them anew for each environment.
Each environment starts with the value of a single option revealed.
When you choose the number corresponding to a different option, you will be told the value of that option and receive those points.
Previously revealed options, including the starting option, can also be reselected, although there may be small changes in the point value.
It is your task to to learn where the largest reward is in each of the 16 environments.

Environment number 1:
The value of option 4 is 16. You have 10 choices to make in this environment.
You press <<4>> and receive 16 points.
You press <<3>> and receive 7 points.
You press <<5>> and receive 25 points.
You press <<6>> and receive 37 points.
You press <<7>> and receive 50 points.
You press <<8>> and receive 60 points.
You press <<9>> and receive 69 points.
You press <<10>> and receive 75 points.
You press <<11>> and receive 70 points.
You press <<10>> and receive 75 points.

Environment number 2:
The value of option 21 is 72. You have 5 choices to make in this environment.
You press <<22>> and receive 78 points.
You press <<23>> and receive 81 points.
You press <<24>> and receive 73 points.
You press <<20>> and receive 63 points.
You press <<23>> and receive 81 points.

Environment number 3:
The value of option 9 is 44. You have 5 choices to make in this environment.
You press <<8>> and receive 46 points.
You press <<7>> and receive 48 points.
You press <<6>> and receive 38 points.
You press <<10>> and receive 31 points.
You press <<7>> and receive 45 points.

Environment number 4:
The value of option 9 is 72. You have 10 choices to make in this environment.
You press <<8>> and receive 71 points.
You press <<10>> and receive 72 points.
You press <<11>> and receive 66 points.
You press <<7>> and receive 80 points.
You press <<6>> and receive 84 points.
You press <<5>> and receive 74 points.
You press <<6>> and receive 84 points.
You press <<6>> and receive 83 points.
You press <<6>> and receive 84 points.
You press <<6>> and receive 84 points.

Environment number 5:
The value of option 15 is 0. You have 5 choices to make in this environment.
You press <<14>> and receive 0 points.
You press <<16>> and receive 6 points.
You press <<17>> and receive 16 points.
You press <<18>> and receive 25 points.
You press <<19>> and receive 32 points.

Environment number 6:
The value of option 19 is 0. You have 5 choices to make in this environment.
You press <<20>> and receive 6 points.
You press <<18>> and receive 17 points.
You press <<17>> and receive 30 points.
You press <<16>> and receive 28 points.
You press <<17>> and receive 29 points.

Environment number 7:
The value of option 29 is 42. You have 5 choices to make in this environment.
You press <<28>> and receive 42 points.
You press <<27>> and receive 42 points.
You press <<26>> and receive 42 points.
You press <<25>> and receive 42 points.
You press <<24>> and receive 44 points.

Environment number 8:
The value of option 2 is 85. You have 5 choices to make in this environment.
You press <<1>> and receive 70 points.
You press <<3>> and receive 80 points.
You press <<",54
8,15,4,2,1,smooth,2,5,85,84,"You will be presented with a series of 16 different environments to explore.
In each trial, you can select an option between numbers 1 and 30 by pressing the corresponding key.
By selecting any of these options, you will earn points associated with each unique option.
Imagine these options 1 through 30 as lying next to each other in an ordered line; options closer to each other tend to have similar rewards as rewards tend to cluster together.
For each environment, you will be able to make either 5 or 10 choices.
When you made all your choices in a given environment, you will start making choices in the next unexplored environment.
The rewards underlying the different options are different in each environment so you will learn them anew for each environment.
Each environment starts with the value of a single option revealed.
When you choose the number corresponding to a different option, you will be told the value of that option and receive those points.
Previously revealed options, including the starting option, can also be reselected, although there may be small changes in the point value.
It is your task to to learn where the largest reward is in each of the 16 environments.

Environment number 1:
The value of option 4 is 16. You have 10 choices to make in this environment.
You press <<4>> and receive 16 points.
You press <<3>> and receive 7 points.
You press <<5>> and receive 25 points.
You press <<6>> and receive 37 points.
You press <<7>> and receive 50 points.
You press <<8>> and receive 60 points.
You press <<9>> and receive 69 points.
You press <<10>> and receive 75 points.
You press <<11>> and receive 70 points.
You press <<10>> and receive 75 points.

Environment number 2:
The value of option 21 is 72. You have 5 choices to make in this environment.
You press <<22>> and receive 78 points.
You press <<23>> and receive 81 points.
You press <<24>> and receive 73 points.
You press <<20>> and receive 63 points.
You press <<23>> and receive 81 points.

Environment number 3:
The value of option 9 is 44. You have 5 choices to make in this environment.
You press <<8>> and receive 46 points.
You press <<7>> and receive 48 points.
You press <<6>> and receive 38 points.
You press <<10>> and receive 31 points.
You press <<7>> and receive 45 points.

Environment number 4:
The value of option 9 is 72. You have 10 choices to make in this environment.
You press <<8>> and receive 71 points.
You press <<10>> and receive 72 points.
You press <<11>> and receive 66 points.
You press <<7>> and receive 80 points.
You press <<6>> and receive 84 points.
You press <<5>> and receive 74 points.
You press <<6>> and receive 84 points.
You press <<6>> and receive 83 points.
You press <<6>> and receive 84 points.
You press <<6>> and receive 84 points.

Environment number 5:
The value of option 15 is 0. You have 5 choices to make in this environment.
You press <<14>> and receive 0 points.
You press <<16>> and receive 6 points.
You press <<17>> and receive 16 points.
You press <<18>> and receive 25 points.
You press <<19>> and receive 32 points.

Environment number 6:
The value of option 19 is 0. You have 5 choices to make in this environment.
You press <<20>> and receive 6 points.
You press <<18>> and receive 17 points.
You press <<17>> and receive 30 points.
You press <<16>> and receive 28 points.
You press <<17>> and receive 29 points.

Environment number 7:
The value of option 29 is 42. You have 5 choices to make in this environment.
You press <<28>> and receive 42 points.
You press <<27>> and receive 42 points.
You press <<26>> and receive 42 points.
You press <<25>> and receive 42 points.
You press <<24>> and receive 44 points.

Environment number 8:
The value of option 2 is 85. You have 5 choices to make in this environment.
You press <<1>> and receive 70 points.
You press <<3>> and receive 80 points.
You press <<4>> and receive 59 points.
You press <<",54
8,15,5,2,1,smooth,2,5,85,85,"You will be presented with a series of 16 different environments to explore.
In each trial, you can select an option between numbers 1 and 30 by pressing the corresponding key.
By selecting any of these options, you will earn points associated with each unique option.
Imagine these options 1 through 30 as lying next to each other in an ordered line; options closer to each other tend to have similar rewards as rewards tend to cluster together.
For each environment, you will be able to make either 5 or 10 choices.
When you made all your choices in a given environment, you will start making choices in the next unexplored environment.
The rewards underlying the different options are different in each environment so you will learn them anew for each environment.
Each environment starts with the value of a single option revealed.
When you choose the number corresponding to a different option, you will be told the value of that option and receive those points.
Previously revealed options, including the starting option, can also be reselected, although there may be small changes in the point value.
It is your task to to learn where the largest reward is in each of the 16 environments.

Environment number 1:
The value of option 4 is 16. You have 10 choices to make in this environment.
You press <<4>> and receive 16 points.
You press <<3>> and receive 7 points.
You press <<5>> and receive 25 points.
You press <<6>> and receive 37 points.
You press <<7>> and receive 50 points.
You press <<8>> and receive 60 points.
You press <<9>> and receive 69 points.
You press <<10>> and receive 75 points.
You press <<11>> and receive 70 points.
You press <<10>> and receive 75 points.

Environment number 2:
The value of option 21 is 72. You have 5 choices to make in this environment.
You press <<22>> and receive 78 points.
You press <<23>> and receive 81 points.
You press <<24>> and receive 73 points.
You press <<20>> and receive 63 points.
You press <<23>> and receive 81 points.

Environment number 3:
The value of option 9 is 44. You have 5 choices to make in this environment.
You press <<8>> and receive 46 points.
You press <<7>> and receive 48 points.
You press <<6>> and receive 38 points.
You press <<10>> and receive 31 points.
You press <<7>> and receive 45 points.

Environment number 4:
The value of option 9 is 72. You have 10 choices to make in this environment.
You press <<8>> and receive 71 points.
You press <<10>> and receive 72 points.
You press <<11>> and receive 66 points.
You press <<7>> and receive 80 points.
You press <<6>> and receive 84 points.
You press <<5>> and receive 74 points.
You press <<6>> and receive 84 points.
You press <<6>> and receive 83 points.
You press <<6>> and receive 84 points.
You press <<6>> and receive 84 points.

Environment number 5:
The value of option 15 is 0. You have 5 choices to make in this environment.
You press <<14>> and receive 0 points.
You press <<16>> and receive 6 points.
You press <<17>> and receive 16 points.
You press <<18>> and receive 25 points.
You press <<19>> and receive 32 points.

Environment number 6:
The value of option 19 is 0. You have 5 choices to make in this environment.
You press <<20>> and receive 6 points.
You press <<18>> and receive 17 points.
You press <<17>> and receive 30 points.
You press <<16>> and receive 28 points.
You press <<17>> and receive 29 points.

Environment number 7:
The value of option 29 is 42. You have 5 choices to make in this environment.
You press <<28>> and receive 42 points.
You press <<27>> and receive 42 points.
You press <<26>> and receive 42 points.
You press <<25>> and receive 42 points.
You press <<24>> and receive 44 points.

Environment number 8:
The value of option 2 is 85. You have 5 choices to make in this environment.
You press <<1>> and receive 70 points.
You press <<3>> and receive 80 points.
You press <<4>> and receive 59 points.
You press <<2>> and receive 84 points.
You press <<",54
9,39,1,12,1,smooth,13,10,2,1,"You will be presented with a series of 16 different environments to explore.
In each trial, you can select an option between numbers 1 and 30 by pressing the corresponding key.
By selecting any of these options, you will earn points associated with each unique option.
Imagine these options 1 through 30 as lying next to each other in an ordered line; options closer to each other tend to have similar rewards as rewards tend to cluster together.
For each environment, you will be able to make either 5 or 10 choices.
When you made all your choices in a given environment, you will start making choices in the next unexplored environment.
The rewards underlying the different options are different in each environment so you will learn them anew for each environment.
Each environment starts with the value of a single option revealed.
When you choose the number corresponding to a different option, you will be told the value of that option and receive those points.
Previously revealed options, including the starting option, can also be reselected, although there may be small changes in the point value.
It is your task to to learn where the largest reward is in each of the 16 environments.

Environment number 1:
The value of option 4 is 16. You have 10 choices to make in this environment.
You press <<4>> and receive 16 points.
You press <<3>> and receive 7 points.
You press <<5>> and receive 25 points.
You press <<6>> and receive 37 points.
You press <<7>> and receive 50 points.
You press <<8>> and receive 60 points.
You press <<9>> and receive 69 points.
You press <<10>> and receive 75 points.
You press <<11>> and receive 70 points.
You press <<10>> and receive 75 points.

Environment number 2:
The value of option 21 is 72. You have 5 choices to make in this environment.
You press <<22>> and receive 78 points.
You press <<23>> and receive 81 points.
You press <<24>> and receive 73 points.
You press <<20>> and receive 63 points.
You press <<23>> and receive 81 points.

Environment number 3:
The value of option 9 is 44. You have 5 choices to make in this environment.
You press <<8>> and receive 46 points.
You press <<7>> and receive 48 points.
You press <<6>> and receive 38 points.
You press <<10>> and receive 31 points.
You press <<7>> and receive 45 points.

Environment number 4:
The value of option 9 is 72. You have 10 choices to make in this environment.
You press <<8>> and receive 71 points.
You press <<10>> and receive 72 points.
You press <<11>> and receive 66 points.
You press <<7>> and receive 80 points.
You press <<6>> and receive 84 points.
You press <<5>> and receive 74 points.
You press <<6>> and receive 84 points.
You press <<6>> and receive 83 points.
You press <<6>> and receive 84 points.
You press <<6>> and receive 84 points.

Environment number 5:
The value of option 15 is 0. You have 5 choices to make in this environment.
You press <<14>> and receive 0 points.
You press <<16>> and receive 6 points.
You press <<17>> and receive 16 points.
You press <<18>> and receive 25 points.
You press <<19>> and receive 32 points.

Environment number 6:
The value of option 19 is 0. You have 5 choices to make in this environment.
You press <<20>> and receive 6 points.
You press <<18>> and receive 17 points.
You press <<17>> and receive 30 points.
You press <<16>> and receive 28 points.
You press <<17>> and receive 29 points.

Environment number 7:
The value of option 29 is 42. You have 5 choices to make in this environment.
You press <<28>> and receive 42 points.
You press <<27>> and receive 42 points.
You press <<26>> and receive 42 points.
You press <<25>> and receive 42 points.
You press <<24>> and receive 44 points.

Environment number 8:
The value of option 2 is 85. You have 5 choices to make in this environment.
You press <<1>> and receive 70 points.
You press <<3>> and receive 80 points.
You press <<4>> and receive 59 points.
You press <<2>> and receive 84 points.
You press <<2>> and receive 85 points.

Environment number 9:
The value of option 13 is 2. You have 10 choices to make in this environment.
You press <<",54
9,39,2,14,1,smooth,13,10,2,30,"You will be presented with a series of 16 different environments to explore.
In each trial, you can select an option between numbers 1 and 30 by pressing the corresponding key.
By selecting any of these options, you will earn points associated with each unique option.
Imagine these options 1 through 30 as lying next to each other in an ordered line; options closer to each other tend to have similar rewards as rewards tend to cluster together.
For each environment, you will be able to make either 5 or 10 choices.
When you made all your choices in a given environment, you will start making choices in the next unexplored environment.
The rewards underlying the different options are different in each environment so you will learn them anew for each environment.
Each environment starts with the value of a single option revealed.
When you choose the number corresponding to a different option, you will be told the value of that option and receive those points.
Previously revealed options, including the starting option, can also be reselected, although there may be small changes in the point value.
It is your task to to learn where the largest reward is in each of the 16 environments.

Environment number 1:
The value of option 4 is 16. You have 10 choices to make in this environment.
You press <<4>> and receive 16 points.
You press <<3>> and receive 7 points.
You press <<5>> and receive 25 points.
You press <<6>> and receive 37 points.
You press <<7>> and receive 50 points.
You press <<8>> and receive 60 points.
You press <<9>> and receive 69 points.
You press <<10>> and receive 75 points.
You press <<11>> and receive 70 points.
You press <<10>> and receive 75 points.

Environment number 2:
The value of option 21 is 72. You have 5 choices to make in this environment.
You press <<22>> and receive 78 points.
You press <<23>> and receive 81 points.
You press <<24>> and receive 73 points.
You press <<20>> and receive 63 points.
You press <<23>> and receive 81 points.

Environment number 3:
The value of option 9 is 44. You have 5 choices to make in this environment.
You press <<8>> and receive 46 points.
You press <<7>> and receive 48 points.
You press <<6>> and receive 38 points.
You press <<10>> and receive 31 points.
You press <<7>> and receive 45 points.

Environment number 4:
The value of option 9 is 72. You have 10 choices to make in this environment.
You press <<8>> and receive 71 points.
You press <<10>> and receive 72 points.
You press <<11>> and receive 66 points.
You press <<7>> and receive 80 points.
You press <<6>> and receive 84 points.
You press <<5>> and receive 74 points.
You press <<6>> and receive 84 points.
You press <<6>> and receive 83 points.
You press <<6>> and receive 84 points.
You press <<6>> and receive 84 points.

Environment number 5:
The value of option 15 is 0. You have 5 choices to make in this environment.
You press <<14>> and receive 0 points.
You press <<16>> and receive 6 points.
You press <<17>> and receive 16 points.
You press <<18>> and receive 25 points.
You press <<19>> and receive 32 points.

Environment number 6:
The value of option 19 is 0. You have 5 choices to make in this environment.
You press <<20>> and receive 6 points.
You press <<18>> and receive 17 points.
You press <<17>> and receive 30 points.
You press <<16>> and receive 28 points.
You press <<17>> and receive 29 points.

Environment number 7:
The value of option 29 is 42. You have 5 choices to make in this environment.
You press <<28>> and receive 42 points.
You press <<27>> and receive 42 points.
You press <<26>> and receive 42 points.
You press <<25>> and receive 42 points.
You press <<24>> and receive 44 points.

Environment number 8:
The value of option 2 is 85. You have 5 choices to make in this environment.
You press <<1>> and receive 70 points.
You press <<3>> and receive 80 points.
You press <<4>> and receive 59 points.
You press <<2>> and receive 84 points.
You press <<2>> and receive 85 points.

Environment number 9:
The value of option 13 is 2. You have 10 choices to make in this environment.
You press <<12>> and receive 1 points.
You press <<",54
9,39,3,15,1,smooth,13,10,2,62,"You will be presented with a series of 16 different environments to explore.
In each trial, you can select an option between numbers 1 and 30 by pressing the corresponding key.
By selecting any of these options, you will earn points associated with each unique option.
Imagine these options 1 through 30 as lying next to each other in an ordered line; options closer to each other tend to have similar rewards as rewards tend to cluster together.
For each environment, you will be able to make either 5 or 10 choices.
When you made all your choices in a given environment, you will start making choices in the next unexplored environment.
The rewards underlying the different options are different in each environment so you will learn them anew for each environment.
Each environment starts with the value of a single option revealed.
When you choose the number corresponding to a different option, you will be told the value of that option and receive those points.
Previously revealed options, including the starting option, can also be reselected, although there may be small changes in the point value.
It is your task to to learn where the largest reward is in each of the 16 environments.

Environment number 1:
The value of option 4 is 16. You have 10 choices to make in this environment.
You press <<4>> and receive 16 points.
You press <<3>> and receive 7 points.
You press <<5>> and receive 25 points.
You press <<6>> and receive 37 points.
You press <<7>> and receive 50 points.
You press <<8>> and receive 60 points.
You press <<9>> and receive 69 points.
You press <<10>> and receive 75 points.
You press <<11>> and receive 70 points.
You press <<10>> and receive 75 points.

Environment number 2:
The value of option 21 is 72. You have 5 choices to make in this environment.
You press <<22>> and receive 78 points.
You press <<23>> and receive 81 points.
You press <<24>> and receive 73 points.
You press <<20>> and receive 63 points.
You press <<23>> and receive 81 points.

Environment number 3:
The value of option 9 is 44. You have 5 choices to make in this environment.
You press <<8>> and receive 46 points.
You press <<7>> and receive 48 points.
You press <<6>> and receive 38 points.
You press <<10>> and receive 31 points.
You press <<7>> and receive 45 points.

Environment number 4:
The value of option 9 is 72. You have 10 choices to make in this environment.
You press <<8>> and receive 71 points.
You press <<10>> and receive 72 points.
You press <<11>> and receive 66 points.
You press <<7>> and receive 80 points.
You press <<6>> and receive 84 points.
You press <<5>> and receive 74 points.
You press <<6>> and receive 84 points.
You press <<6>> and receive 83 points.
You press <<6>> and receive 84 points.
You press <<6>> and receive 84 points.

Environment number 5:
The value of option 15 is 0. You have 5 choices to make in this environment.
You press <<14>> and receive 0 points.
You press <<16>> and receive 6 points.
You press <<17>> and receive 16 points.
You press <<18>> and receive 25 points.
You press <<19>> and receive 32 points.

Environment number 6:
The value of option 19 is 0. You have 5 choices to make in this environment.
You press <<20>> and receive 6 points.
You press <<18>> and receive 17 points.
You press <<17>> and receive 30 points.
You press <<16>> and receive 28 points.
You press <<17>> and receive 29 points.

Environment number 7:
The value of option 29 is 42. You have 5 choices to make in this environment.
You press <<28>> and receive 42 points.
You press <<27>> and receive 42 points.
You press <<26>> and receive 42 points.
You press <<25>> and receive 42 points.
You press <<24>> and receive 44 points.

Environment number 8:
The value of option 2 is 85. You have 5 choices to make in this environment.
You press <<1>> and receive 70 points.
You press <<3>> and receive 80 points.
You press <<4>> and receive 59 points.
You press <<2>> and receive 84 points.
You press <<2>> and receive 85 points.

Environment number 9:
The value of option 13 is 2. You have 10 choices to make in this environment.
You press <<12>> and receive 1 points.
You press <<14>> and receive 30 points.
You press <<",54
9,39,4,16,1,smooth,13,10,2,81,"You will be presented with a series of 16 different environments to explore.
In each trial, you can select an option between numbers 1 and 30 by pressing the corresponding key.
By selecting any of these options, you will earn points associated with each unique option.
Imagine these options 1 through 30 as lying next to each other in an ordered line; options closer to each other tend to have similar rewards as rewards tend to cluster together.
For each environment, you will be able to make either 5 or 10 choices.
When you made all your choices in a given environment, you will start making choices in the next unexplored environment.
The rewards underlying the different options are different in each environment so you will learn them anew for each environment.
Each environment starts with the value of a single option revealed.
When you choose the number corresponding to a different option, you will be told the value of that option and receive those points.
Previously revealed options, including the starting option, can also be reselected, although there may be small changes in the point value.
It is your task to to learn where the largest reward is in each of the 16 environments.

Environment number 1:
The value of option 4 is 16. You have 10 choices to make in this environment.
You press <<4>> and receive 16 points.
You press <<3>> and receive 7 points.
You press <<5>> and receive 25 points.
You press <<6>> and receive 37 points.
You press <<7>> and receive 50 points.
You press <<8>> and receive 60 points.
You press <<9>> and receive 69 points.
You press <<10>> and receive 75 points.
You press <<11>> and receive 70 points.
You press <<10>> and receive 75 points.

Environment number 2:
The value of option 21 is 72. You have 5 choices to make in this environment.
You press <<22>> and receive 78 points.
You press <<23>> and receive 81 points.
You press <<24>> and receive 73 points.
You press <<20>> and receive 63 points.
You press <<23>> and receive 81 points.

Environment number 3:
The value of option 9 is 44. You have 5 choices to make in this environment.
You press <<8>> and receive 46 points.
You press <<7>> and receive 48 points.
You press <<6>> and receive 38 points.
You press <<10>> and receive 31 points.
You press <<7>> and receive 45 points.

Environment number 4:
The value of option 9 is 72. You have 10 choices to make in this environment.
You press <<8>> and receive 71 points.
You press <<10>> and receive 72 points.
You press <<11>> and receive 66 points.
You press <<7>> and receive 80 points.
You press <<6>> and receive 84 points.
You press <<5>> and receive 74 points.
You press <<6>> and receive 84 points.
You press <<6>> and receive 83 points.
You press <<6>> and receive 84 points.
You press <<6>> and receive 84 points.

Environment number 5:
The value of option 15 is 0. You have 5 choices to make in this environment.
You press <<14>> and receive 0 points.
You press <<16>> and receive 6 points.
You press <<17>> and receive 16 points.
You press <<18>> and receive 25 points.
You press <<19>> and receive 32 points.

Environment number 6:
The value of option 19 is 0. You have 5 choices to make in this environment.
You press <<20>> and receive 6 points.
You press <<18>> and receive 17 points.
You press <<17>> and receive 30 points.
You press <<16>> and receive 28 points.
You press <<17>> and receive 29 points.

Environment number 7:
The value of option 29 is 42. You have 5 choices to make in this environment.
You press <<28>> and receive 42 points.
You press <<27>> and receive 42 points.
You press <<26>> and receive 42 points.
You press <<25>> and receive 42 points.
You press <<24>> and receive 44 points.

Environment number 8:
The value of option 2 is 85. You have 5 choices to make in this environment.
You press <<1>> and receive 70 points.
You press <<3>> and receive 80 points.
You press <<4>> and receive 59 points.
You press <<2>> and receive 84 points.
You press <<2>> and receive 85 points.

Environment number 9:
The value of option 13 is 2. You have 10 choices to make in this environment.
You press <<12>> and receive 1 points.
You press <<14>> and receive 30 points.
You press <<15>> and receive 62 points.
You press <<",54
9,39,5,17,1,smooth,13,10,2,79,"You will be presented with a series of 16 different environments to explore.
In each trial, you can select an option between numbers 1 and 30 by pressing the corresponding key.
By selecting any of these options, you will earn points associated with each unique option.
Imagine these options 1 through 30 as lying next to each other in an ordered line; options closer to each other tend to have similar rewards as rewards tend to cluster together.
For each environment, you will be able to make either 5 or 10 choices.
When you made all your choices in a given environment, you will start making choices in the next unexplored environment.
The rewards underlying the different options are different in each environment so you will learn them anew for each environment.
Each environment starts with the value of a single option revealed.
When you choose the number corresponding to a different option, you will be told the value of that option and receive those points.
Previously revealed options, including the starting option, can also be reselected, although there may be small changes in the point value.
It is your task to to learn where the largest reward is in each of the 16 environments.

Environment number 1:
The value of option 4 is 16. You have 10 choices to make in this environment.
You press <<4>> and receive 16 points.
You press <<3>> and receive 7 points.
You press <<5>> and receive 25 points.
You press <<6>> and receive 37 points.
You press <<7>> and receive 50 points.
You press <<8>> and receive 60 points.
You press <<9>> and receive 69 points.
You press <<10>> and receive 75 points.
You press <<11>> and receive 70 points.
You press <<10>> and receive 75 points.

Environment number 2:
The value of option 21 is 72. You have 5 choices to make in this environment.
You press <<22>> and receive 78 points.
You press <<23>> and receive 81 points.
You press <<24>> and receive 73 points.
You press <<20>> and receive 63 points.
You press <<23>> and receive 81 points.

Environment number 3:
The value of option 9 is 44. You have 5 choices to make in this environment.
You press <<8>> and receive 46 points.
You press <<7>> and receive 48 points.
You press <<6>> and receive 38 points.
You press <<10>> and receive 31 points.
You press <<7>> and receive 45 points.

Environment number 4:
The value of option 9 is 72. You have 10 choices to make in this environment.
You press <<8>> and receive 71 points.
You press <<10>> and receive 72 points.
You press <<11>> and receive 66 points.
You press <<7>> and receive 80 points.
You press <<6>> and receive 84 points.
You press <<5>> and receive 74 points.
You press <<6>> and receive 84 points.
You press <<6>> and receive 83 points.
You press <<6>> and receive 84 points.
You press <<6>> and receive 84 points.

Environment number 5:
The value of option 15 is 0. You have 5 choices to make in this environment.
You press <<14>> and receive 0 points.
You press <<16>> and receive 6 points.
You press <<17>> and receive 16 points.
You press <<18>> and receive 25 points.
You press <<19>> and receive 32 points.

Environment number 6:
The value of option 19 is 0. You have 5 choices to make in this environment.
You press <<20>> and receive 6 points.
You press <<18>> and receive 17 points.
You press <<17>> and receive 30 points.
You press <<16>> and receive 28 points.
You press <<17>> and receive 29 points.

Environment number 7:
The value of option 29 is 42. You have 5 choices to make in this environment.
You press <<28>> and receive 42 points.
You press <<27>> and receive 42 points.
You press <<26>> and receive 42 points.
You press <<25>> and receive 42 points.
You press <<24>> and receive 44 points.

Environment number 8:
The value of option 2 is 85. You have 5 choices to make in this environment.
You press <<1>> and receive 70 points.
You press <<3>> and receive 80 points.
You press <<4>> and receive 59 points.
You press <<2>> and receive 84 points.
You press <<2>> and receive 85 points.

Environment number 9:
The value of option 13 is 2. You have 10 choices to make in this environment.
You press <<12>> and receive 1 points.
You press <<14>> and receive 30 points.
You press <<15>> and receive 62 points.
You press <<16>> and receive 81 points.
You press <<",54
9,39,6,16,1,smooth,13,10,2,80,"You will be presented with a series of 16 different environments to explore.
In each trial, you can select an option between numbers 1 and 30 by pressing the corresponding key.
By selecting any of these options, you will earn points associated with each unique option.
Imagine these options 1 through 30 as lying next to each other in an ordered line; options closer to each other tend to have similar rewards as rewards tend to cluster together.
For each environment, you will be able to make either 5 or 10 choices.
When you made all your choices in a given environment, you will start making choices in the next unexplored environment.
The rewards underlying the different options are different in each environment so you will learn them anew for each environment.
Each environment starts with the value of a single option revealed.
When you choose the number corresponding to a different option, you will be told the value of that option and receive those points.
Previously revealed options, including the starting option, can also be reselected, although there may be small changes in the point value.
It is your task to to learn where the largest reward is in each of the 16 environments.

Environment number 1:
The value of option 4 is 16. You have 10 choices to make in this environment.
You press <<4>> and receive 16 points.
You press <<3>> and receive 7 points.
You press <<5>> and receive 25 points.
You press <<6>> and receive 37 points.
You press <<7>> and receive 50 points.
You press <<8>> and receive 60 points.
You press <<9>> and receive 69 points.
You press <<10>> and receive 75 points.
You press <<11>> and receive 70 points.
You press <<10>> and receive 75 points.

Environment number 2:
The value of option 21 is 72. You have 5 choices to make in this environment.
You press <<22>> and receive 78 points.
You press <<23>> and receive 81 points.
You press <<24>> and receive 73 points.
You press <<20>> and receive 63 points.
You press <<23>> and receive 81 points.

Environment number 3:
The value of option 9 is 44. You have 5 choices to make in this environment.
You press <<8>> and receive 46 points.
You press <<7>> and receive 48 points.
You press <<6>> and receive 38 points.
You press <<10>> and receive 31 points.
You press <<7>> and receive 45 points.

Environment number 4:
The value of option 9 is 72. You have 10 choices to make in this environment.
You press <<8>> and receive 71 points.
You press <<10>> and receive 72 points.
You press <<11>> and receive 66 points.
You press <<7>> and receive 80 points.
You press <<6>> and receive 84 points.
You press <<5>> and receive 74 points.
You press <<6>> and receive 84 points.
You press <<6>> and receive 83 points.
You press <<6>> and receive 84 points.
You press <<6>> and receive 84 points.

Environment number 5:
The value of option 15 is 0. You have 5 choices to make in this environment.
You press <<14>> and receive 0 points.
You press <<16>> and receive 6 points.
You press <<17>> and receive 16 points.
You press <<18>> and receive 25 points.
You press <<19>> and receive 32 points.

Environment number 6:
The value of option 19 is 0. You have 5 choices to make in this environment.
You press <<20>> and receive 6 points.
You press <<18>> and receive 17 points.
You press <<17>> and receive 30 points.
You press <<16>> and receive 28 points.
You press <<17>> and receive 29 points.

Environment number 7:
The value of option 29 is 42. You have 5 choices to make in this environment.
You press <<28>> and receive 42 points.
You press <<27>> and receive 42 points.
You press <<26>> and receive 42 points.
You press <<25>> and receive 42 points.
You press <<24>> and receive 44 points.

Environment number 8:
The value of option 2 is 85. You have 5 choices to make in this environment.
You press <<1>> and receive 70 points.
You press <<3>> and receive 80 points.
You press <<4>> and receive 59 points.
You press <<2>> and receive 84 points.
You press <<2>> and receive 85 points.

Environment number 9:
The value of option 13 is 2. You have 10 choices to make in this environment.
You press <<12>> and receive 1 points.
You press <<14>> and receive 30 points.
You press <<15>> and receive 62 points.
You press <<16>> and receive 81 points.
You press <<17>> and receive 79 points.
You press <<",54
9,39,7,16,1,smooth,13,10,2,81,"You will be presented with a series of 16 different environments to explore.
In each trial, you can select an option between numbers 1 and 30 by pressing the corresponding key.
By selecting any of these options, you will earn points associated with each unique option.
Imagine these options 1 through 30 as lying next to each other in an ordered line; options closer to each other tend to have similar rewards as rewards tend to cluster together.
For each environment, you will be able to make either 5 or 10 choices.
When you made all your choices in a given environment, you will start making choices in the next unexplored environment.
The rewards underlying the different options are different in each environment so you will learn them anew for each environment.
Each environment starts with the value of a single option revealed.
When you choose the number corresponding to a different option, you will be told the value of that option and receive those points.
Previously revealed options, including the starting option, can also be reselected, although there may be small changes in the point value.
It is your task to to learn where the largest reward is in each of the 16 environments.

Environment number 1:
The value of option 4 is 16. You have 10 choices to make in this environment.
You press <<4>> and receive 16 points.
You press <<3>> and receive 7 points.
You press <<5>> and receive 25 points.
You press <<6>> and receive 37 points.
You press <<7>> and receive 50 points.
You press <<8>> and receive 60 points.
You press <<9>> and receive 69 points.
You press <<10>> and receive 75 points.
You press <<11>> and receive 70 points.
You press <<10>> and receive 75 points.

Environment number 2:
The value of option 21 is 72. You have 5 choices to make in this environment.
You press <<22>> and receive 78 points.
You press <<23>> and receive 81 points.
You press <<24>> and receive 73 points.
You press <<20>> and receive 63 points.
You press <<23>> and receive 81 points.

Environment number 3:
The value of option 9 is 44. You have 5 choices to make in this environment.
You press <<8>> and receive 46 points.
You press <<7>> and receive 48 points.
You press <<6>> and receive 38 points.
You press <<10>> and receive 31 points.
You press <<7>> and receive 45 points.

Environment number 4:
The value of option 9 is 72. You have 10 choices to make in this environment.
You press <<8>> and receive 71 points.
You press <<10>> and receive 72 points.
You press <<11>> and receive 66 points.
You press <<7>> and receive 80 points.
You press <<6>> and receive 84 points.
You press <<5>> and receive 74 points.
You press <<6>> and receive 84 points.
You press <<6>> and receive 83 points.
You press <<6>> and receive 84 points.
You press <<6>> and receive 84 points.

Environment number 5:
The value of option 15 is 0. You have 5 choices to make in this environment.
You press <<14>> and receive 0 points.
You press <<16>> and receive 6 points.
You press <<17>> and receive 16 points.
You press <<18>> and receive 25 points.
You press <<19>> and receive 32 points.

Environment number 6:
The value of option 19 is 0. You have 5 choices to make in this environment.
You press <<20>> and receive 6 points.
You press <<18>> and receive 17 points.
You press <<17>> and receive 30 points.
You press <<16>> and receive 28 points.
You press <<17>> and receive 29 points.

Environment number 7:
The value of option 29 is 42. You have 5 choices to make in this environment.
You press <<28>> and receive 42 points.
You press <<27>> and receive 42 points.
You press <<26>> and receive 42 points.
You press <<25>> and receive 42 points.
You press <<24>> and receive 44 points.

Environment number 8:
The value of option 2 is 85. You have 5 choices to make in this environment.
You press <<1>> and receive 70 points.
You press <<3>> and receive 80 points.
You press <<4>> and receive 59 points.
You press <<2>> and receive 84 points.
You press <<2>> and receive 85 points.

Environment number 9:
The value of option 13 is 2. You have 10 choices to make in this environment.
You press <<12>> and receive 1 points.
You press <<14>> and receive 30 points.
You press <<15>> and receive 62 points.
You press <<16>> and receive 81 points.
You press <<17>> and receive 79 points.
You press <<16>> and receive 80 points.
You press <<",54
9,39,8,16,1,smooth,13,10,2,81,"You will be presented with a series of 16 different environments to explore.
In each trial, you can select an option between numbers 1 and 30 by pressing the corresponding key.
By selecting any of these options, you will earn points associated with each unique option.
Imagine these options 1 through 30 as lying next to each other in an ordered line; options closer to each other tend to have similar rewards as rewards tend to cluster together.
For each environment, you will be able to make either 5 or 10 choices.
When you made all your choices in a given environment, you will start making choices in the next unexplored environment.
The rewards underlying the different options are different in each environment so you will learn them anew for each environment.
Each environment starts with the value of a single option revealed.
When you choose the number corresponding to a different option, you will be told the value of that option and receive those points.
Previously revealed options, including the starting option, can also be reselected, although there may be small changes in the point value.
It is your task to to learn where the largest reward is in each of the 16 environments.

Environment number 1:
The value of option 4 is 16. You have 10 choices to make in this environment.
You press <<4>> and receive 16 points.
You press <<3>> and receive 7 points.
You press <<5>> and receive 25 points.
You press <<6>> and receive 37 points.
You press <<7>> and receive 50 points.
You press <<8>> and receive 60 points.
You press <<9>> and receive 69 points.
You press <<10>> and receive 75 points.
You press <<11>> and receive 70 points.
You press <<10>> and receive 75 points.

Environment number 2:
The value of option 21 is 72. You have 5 choices to make in this environment.
You press <<22>> and receive 78 points.
You press <<23>> and receive 81 points.
You press <<24>> and receive 73 points.
You press <<20>> and receive 63 points.
You press <<23>> and receive 81 points.

Environment number 3:
The value of option 9 is 44. You have 5 choices to make in this environment.
You press <<8>> and receive 46 points.
You press <<7>> and receive 48 points.
You press <<6>> and receive 38 points.
You press <<10>> and receive 31 points.
You press <<7>> and receive 45 points.

Environment number 4:
The value of option 9 is 72. You have 10 choices to make in this environment.
You press <<8>> and receive 71 points.
You press <<10>> and receive 72 points.
You press <<11>> and receive 66 points.
You press <<7>> and receive 80 points.
You press <<6>> and receive 84 points.
You press <<5>> and receive 74 points.
You press <<6>> and receive 84 points.
You press <<6>> and receive 83 points.
You press <<6>> and receive 84 points.
You press <<6>> and receive 84 points.

Environment number 5:
The value of option 15 is 0. You have 5 choices to make in this environment.
You press <<14>> and receive 0 points.
You press <<16>> and receive 6 points.
You press <<17>> and receive 16 points.
You press <<18>> and receive 25 points.
You press <<19>> and receive 32 points.

Environment number 6:
The value of option 19 is 0. You have 5 choices to make in this environment.
You press <<20>> and receive 6 points.
You press <<18>> and receive 17 points.
You press <<17>> and receive 30 points.
You press <<16>> and receive 28 points.
You press <<17>> and receive 29 points.

Environment number 7:
The value of option 29 is 42. You have 5 choices to make in this environment.
You press <<28>> and receive 42 points.
You press <<27>> and receive 42 points.
You press <<26>> and receive 42 points.
You press <<25>> and receive 42 points.
You press <<24>> and receive 44 points.

Environment number 8:
The value of option 2 is 85. You have 5 choices to make in this environment.
You press <<1>> and receive 70 points.
You press <<3>> and receive 80 points.
You press <<4>> and receive 59 points.
You press <<2>> and receive 84 points.
You press <<2>> and receive 85 points.

Environment number 9:
The value of option 13 is 2. You have 10 choices to make in this environment.
You press <<12>> and receive 1 points.
You press <<14>> and receive 30 points.
You press <<15>> and receive 62 points.
You press <<16>> and receive 81 points.
You press <<17>> and receive 79 points.
You press <<16>> and receive 80 points.
You press <<16>> and receive 81 points.
You press <<",54
9,39,9,16,1,smooth,13,10,2,81,"You will be presented with a series of 16 different environments to explore.
In each trial, you can select an option between numbers 1 and 30 by pressing the corresponding key.
By selecting any of these options, you will earn points associated with each unique option.
Imagine these options 1 through 30 as lying next to each other in an ordered line; options closer to each other tend to have similar rewards as rewards tend to cluster together.
For each environment, you will be able to make either 5 or 10 choices.
When you made all your choices in a given environment, you will start making choices in the next unexplored environment.
The rewards underlying the different options are different in each environment so you will learn them anew for each environment.
Each environment starts with the value of a single option revealed.
When you choose the number corresponding to a different option, you will be told the value of that option and receive those points.
Previously revealed options, including the starting option, can also be reselected, although there may be small changes in the point value.
It is your task to to learn where the largest reward is in each of the 16 environments.

Environment number 1:
The value of option 4 is 16. You have 10 choices to make in this environment.
You press <<4>> and receive 16 points.
You press <<3>> and receive 7 points.
You press <<5>> and receive 25 points.
You press <<6>> and receive 37 points.
You press <<7>> and receive 50 points.
You press <<8>> and receive 60 points.
You press <<9>> and receive 69 points.
You press <<10>> and receive 75 points.
You press <<11>> and receive 70 points.
You press <<10>> and receive 75 points.

Environment number 2:
The value of option 21 is 72. You have 5 choices to make in this environment.
You press <<22>> and receive 78 points.
You press <<23>> and receive 81 points.
You press <<24>> and receive 73 points.
You press <<20>> and receive 63 points.
You press <<23>> and receive 81 points.

Environment number 3:
The value of option 9 is 44. You have 5 choices to make in this environment.
You press <<8>> and receive 46 points.
You press <<7>> and receive 48 points.
You press <<6>> and receive 38 points.
You press <<10>> and receive 31 points.
You press <<7>> and receive 45 points.

Environment number 4:
The value of option 9 is 72. You have 10 choices to make in this environment.
You press <<8>> and receive 71 points.
You press <<10>> and receive 72 points.
You press <<11>> and receive 66 points.
You press <<7>> and receive 80 points.
You press <<6>> and receive 84 points.
You press <<5>> and receive 74 points.
You press <<6>> and receive 84 points.
You press <<6>> and receive 83 points.
You press <<6>> and receive 84 points.
You press <<6>> and receive 84 points.

Environment number 5:
The value of option 15 is 0. You have 5 choices to make in this environment.
You press <<14>> and receive 0 points.
You press <<16>> and receive 6 points.
You press <<17>> and receive 16 points.
You press <<18>> and receive 25 points.
You press <<19>> and receive 32 points.

Environment number 6:
The value of option 19 is 0. You have 5 choices to make in this environment.
You press <<20>> and receive 6 points.
You press <<18>> and receive 17 points.
You press <<17>> and receive 30 points.
You press <<16>> and receive 28 points.
You press <<17>> and receive 29 points.

Environment number 7:
The value of option 29 is 42. You have 5 choices to make in this environment.
You press <<28>> and receive 42 points.
You press <<27>> and receive 42 points.
You press <<26>> and receive 42 points.
You press <<25>> and receive 42 points.
You press <<24>> and receive 44 points.

Environment number 8:
The value of option 2 is 85. You have 5 choices to make in this environment.
You press <<1>> and receive 70 points.
You press <<3>> and receive 80 points.
You press <<4>> and receive 59 points.
You press <<2>> and receive 84 points.
You press <<2>> and receive 85 points.

Environment number 9:
The value of option 13 is 2. You have 10 choices to make in this environment.
You press <<12>> and receive 1 points.
You press <<14>> and receive 30 points.
You press <<15>> and receive 62 points.
You press <<16>> and receive 81 points.
You press <<17>> and receive 79 points.
You press <<16>> and receive 80 points.
You press <<16>> and receive 81 points.
You press <<16>> and receive 81 points.
You press <<",54
9,39,10,16,1,smooth,13,10,2,82,"You will be presented with a series of 16 different environments to explore.
In each trial, you can select an option between numbers 1 and 30 by pressing the corresponding key.
By selecting any of these options, you will earn points associated with each unique option.
Imagine these options 1 through 30 as lying next to each other in an ordered line; options closer to each other tend to have similar rewards as rewards tend to cluster together.
For each environment, you will be able to make either 5 or 10 choices.
When you made all your choices in a given environment, you will start making choices in the next unexplored environment.
The rewards underlying the different options are different in each environment so you will learn them anew for each environment.
Each environment starts with the value of a single option revealed.
When you choose the number corresponding to a different option, you will be told the value of that option and receive those points.
Previously revealed options, including the starting option, can also be reselected, although there may be small changes in the point value.
It is your task to to learn where the largest reward is in each of the 16 environments.

Environment number 1:
The value of option 4 is 16. You have 10 choices to make in this environment.
You press <<4>> and receive 16 points.
You press <<3>> and receive 7 points.
You press <<5>> and receive 25 points.
You press <<6>> and receive 37 points.
You press <<7>> and receive 50 points.
You press <<8>> and receive 60 points.
You press <<9>> and receive 69 points.
You press <<10>> and receive 75 points.
You press <<11>> and receive 70 points.
You press <<10>> and receive 75 points.

Environment number 2:
The value of option 21 is 72. You have 5 choices to make in this environment.
You press <<22>> and receive 78 points.
You press <<23>> and receive 81 points.
You press <<24>> and receive 73 points.
You press <<20>> and receive 63 points.
You press <<23>> and receive 81 points.

Environment number 3:
The value of option 9 is 44. You have 5 choices to make in this environment.
You press <<8>> and receive 46 points.
You press <<7>> and receive 48 points.
You press <<6>> and receive 38 points.
You press <<10>> and receive 31 points.
You press <<7>> and receive 45 points.

Environment number 4:
The value of option 9 is 72. You have 10 choices to make in this environment.
You press <<8>> and receive 71 points.
You press <<10>> and receive 72 points.
You press <<11>> and receive 66 points.
You press <<7>> and receive 80 points.
You press <<6>> and receive 84 points.
You press <<5>> and receive 74 points.
You press <<6>> and receive 84 points.
You press <<6>> and receive 83 points.
You press <<6>> and receive 84 points.
You press <<6>> and receive 84 points.

Environment number 5:
The value of option 15 is 0. You have 5 choices to make in this environment.
You press <<14>> and receive 0 points.
You press <<16>> and receive 6 points.
You press <<17>> and receive 16 points.
You press <<18>> and receive 25 points.
You press <<19>> and receive 32 points.

Environment number 6:
The value of option 19 is 0. You have 5 choices to make in this environment.
You press <<20>> and receive 6 points.
You press <<18>> and receive 17 points.
You press <<17>> and receive 30 points.
You press <<16>> and receive 28 points.
You press <<17>> and receive 29 points.

Environment number 7:
The value of option 29 is 42. You have 5 choices to make in this environment.
You press <<28>> and receive 42 points.
You press <<27>> and receive 42 points.
You press <<26>> and receive 42 points.
You press <<25>> and receive 42 points.
You press <<24>> and receive 44 points.

Environment number 8:
The value of option 2 is 85. You have 5 choices to make in this environment.
You press <<1>> and receive 70 points.
You press <<3>> and receive 80 points.
You press <<4>> and receive 59 points.
You press <<2>> and receive 84 points.
You press <<2>> and receive 85 points.

Environment number 9:
The value of option 13 is 2. You have 10 choices to make in this environment.
You press <<12>> and receive 1 points.
You press <<14>> and receive 30 points.
You press <<15>> and receive 62 points.
You press <<16>> and receive 81 points.
You press <<17>> and receive 79 points.
You press <<16>> and receive 80 points.
You press <<16>> and receive 81 points.
You press <<16>> and receive 81 points.
You press <<16>> and receive 81 points.
You press <<",54
10,11,1,23,1,smooth,22,10,0,0,"You will be presented with a series of 16 different environments to explore.
In each trial, you can select an option between numbers 1 and 30 by pressing the corresponding key.
By selecting any of these options, you will earn points associated with each unique option.
Imagine these options 1 through 30 as lying next to each other in an ordered line; options closer to each other tend to have similar rewards as rewards tend to cluster together.
For each environment, you will be able to make either 5 or 10 choices.
When you made all your choices in a given environment, you will start making choices in the next unexplored environment.
The rewards underlying the different options are different in each environment so you will learn them anew for each environment.
Each environment starts with the value of a single option revealed.
When you choose the number corresponding to a different option, you will be told the value of that option and receive those points.
Previously revealed options, including the starting option, can also be reselected, although there may be small changes in the point value.
It is your task to to learn where the largest reward is in each of the 16 environments.

Environment number 1:
The value of option 4 is 16. You have 10 choices to make in this environment.
You press <<4>> and receive 16 points.
You press <<3>> and receive 7 points.
You press <<5>> and receive 25 points.
You press <<6>> and receive 37 points.
You press <<7>> and receive 50 points.
You press <<8>> and receive 60 points.
You press <<9>> and receive 69 points.
You press <<10>> and receive 75 points.
You press <<11>> and receive 70 points.
You press <<10>> and receive 75 points.

Environment number 2:
The value of option 21 is 72. You have 5 choices to make in this environment.
You press <<22>> and receive 78 points.
You press <<23>> and receive 81 points.
You press <<24>> and receive 73 points.
You press <<20>> and receive 63 points.
You press <<23>> and receive 81 points.

Environment number 3:
The value of option 9 is 44. You have 5 choices to make in this environment.
You press <<8>> and receive 46 points.
You press <<7>> and receive 48 points.
You press <<6>> and receive 38 points.
You press <<10>> and receive 31 points.
You press <<7>> and receive 45 points.

Environment number 4:
The value of option 9 is 72. You have 10 choices to make in this environment.
You press <<8>> and receive 71 points.
You press <<10>> and receive 72 points.
You press <<11>> and receive 66 points.
You press <<7>> and receive 80 points.
You press <<6>> and receive 84 points.
You press <<5>> and receive 74 points.
You press <<6>> and receive 84 points.
You press <<6>> and receive 83 points.
You press <<6>> and receive 84 points.
You press <<6>> and receive 84 points.

Environment number 5:
The value of option 15 is 0. You have 5 choices to make in this environment.
You press <<14>> and receive 0 points.
You press <<16>> and receive 6 points.
You press <<17>> and receive 16 points.
You press <<18>> and receive 25 points.
You press <<19>> and receive 32 points.

Environment number 6:
The value of option 19 is 0. You have 5 choices to make in this environment.
You press <<20>> and receive 6 points.
You press <<18>> and receive 17 points.
You press <<17>> and receive 30 points.
You press <<16>> and receive 28 points.
You press <<17>> and receive 29 points.

Environment number 7:
The value of option 29 is 42. You have 5 choices to make in this environment.
You press <<28>> and receive 42 points.
You press <<27>> and receive 42 points.
You press <<26>> and receive 42 points.
You press <<25>> and receive 42 points.
You press <<24>> and receive 44 points.

Environment number 8:
The value of option 2 is 85. You have 5 choices to make in this environment.
You press <<1>> and receive 70 points.
You press <<3>> and receive 80 points.
You press <<4>> and receive 59 points.
You press <<2>> and receive 84 points.
You press <<2>> and receive 85 points.

Environment number 9:
The value of option 13 is 2. You have 10 choices to make in this environment.
You press <<12>> and receive 1 points.
You press <<14>> and receive 30 points.
You press <<15>> and receive 62 points.
You press <<16>> and receive 81 points.
You press <<17>> and receive 79 points.
You press <<16>> and receive 80 points.
You press <<16>> and receive 81 points.
You press <<16>> and receive 81 points.
You press <<16>> and receive 81 points.
You press <<16>> and receive 82 points.

Environment number 10:
The value of option 22 is 0. You have 10 choices to make in this environment.
You press <<",54
10,11,2,21,1,smooth,22,10,0,23,"You will be presented with a series of 16 different environments to explore.
In each trial, you can select an option between numbers 1 and 30 by pressing the corresponding key.
By selecting any of these options, you will earn points associated with each unique option.
Imagine these options 1 through 30 as lying next to each other in an ordered line; options closer to each other tend to have similar rewards as rewards tend to cluster together.
For each environment, you will be able to make either 5 or 10 choices.
When you made all your choices in a given environment, you will start making choices in the next unexplored environment.
The rewards underlying the different options are different in each environment so you will learn them anew for each environment.
Each environment starts with the value of a single option revealed.
When you choose the number corresponding to a different option, you will be told the value of that option and receive those points.
Previously revealed options, including the starting option, can also be reselected, although there may be small changes in the point value.
It is your task to to learn where the largest reward is in each of the 16 environments.

Environment number 1:
The value of option 4 is 16. You have 10 choices to make in this environment.
You press <<4>> and receive 16 points.
You press <<3>> and receive 7 points.
You press <<5>> and receive 25 points.
You press <<6>> and receive 37 points.
You press <<7>> and receive 50 points.
You press <<8>> and receive 60 points.
You press <<9>> and receive 69 points.
You press <<10>> and receive 75 points.
You press <<11>> and receive 70 points.
You press <<10>> and receive 75 points.

Environment number 2:
The value of option 21 is 72. You have 5 choices to make in this environment.
You press <<22>> and receive 78 points.
You press <<23>> and receive 81 points.
You press <<24>> and receive 73 points.
You press <<20>> and receive 63 points.
You press <<23>> and receive 81 points.

Environment number 3:
The value of option 9 is 44. You have 5 choices to make in this environment.
You press <<8>> and receive 46 points.
You press <<7>> and receive 48 points.
You press <<6>> and receive 38 points.
You press <<10>> and receive 31 points.
You press <<7>> and receive 45 points.

Environment number 4:
The value of option 9 is 72. You have 10 choices to make in this environment.
You press <<8>> and receive 71 points.
You press <<10>> and receive 72 points.
You press <<11>> and receive 66 points.
You press <<7>> and receive 80 points.
You press <<6>> and receive 84 points.
You press <<5>> and receive 74 points.
You press <<6>> and receive 84 points.
You press <<6>> and receive 83 points.
You press <<6>> and receive 84 points.
You press <<6>> and receive 84 points.

Environment number 5:
The value of option 15 is 0. You have 5 choices to make in this environment.
You press <<14>> and receive 0 points.
You press <<16>> and receive 6 points.
You press <<17>> and receive 16 points.
You press <<18>> and receive 25 points.
You press <<19>> and receive 32 points.

Environment number 6:
The value of option 19 is 0. You have 5 choices to make in this environment.
You press <<20>> and receive 6 points.
You press <<18>> and receive 17 points.
You press <<17>> and receive 30 points.
You press <<16>> and receive 28 points.
You press <<17>> and receive 29 points.

Environment number 7:
The value of option 29 is 42. You have 5 choices to make in this environment.
You press <<28>> and receive 42 points.
You press <<27>> and receive 42 points.
You press <<26>> and receive 42 points.
You press <<25>> and receive 42 points.
You press <<24>> and receive 44 points.

Environment number 8:
The value of option 2 is 85. You have 5 choices to make in this environment.
You press <<1>> and receive 70 points.
You press <<3>> and receive 80 points.
You press <<4>> and receive 59 points.
You press <<2>> and receive 84 points.
You press <<2>> and receive 85 points.

Environment number 9:
The value of option 13 is 2. You have 10 choices to make in this environment.
You press <<12>> and receive 1 points.
You press <<14>> and receive 30 points.
You press <<15>> and receive 62 points.
You press <<16>> and receive 81 points.
You press <<17>> and receive 79 points.
You press <<16>> and receive 80 points.
You press <<16>> and receive 81 points.
You press <<16>> and receive 81 points.
You press <<16>> and receive 81 points.
You press <<16>> and receive 82 points.

Environment number 10:
The value of option 22 is 0. You have 10 choices to make in this environment.
You press <<23>> and receive 0 points.
You press <<",54
10,11,3,20,1,smooth,22,10,0,55,"You will be presented with a series of 16 different environments to explore.
In each trial, you can select an option between numbers 1 and 30 by pressing the corresponding key.
By selecting any of these options, you will earn points associated with each unique option.
Imagine these options 1 through 30 as lying next to each other in an ordered line; options closer to each other tend to have similar rewards as rewards tend to cluster together.
For each environment, you will be able to make either 5 or 10 choices.
When you made all your choices in a given environment, you will start making choices in the next unexplored environment.
The rewards underlying the different options are different in each environment so you will learn them anew for each environment.
Each environment starts with the value of a single option revealed.
When you choose the number corresponding to a different option, you will be told the value of that option and receive those points.
Previously revealed options, including the starting option, can also be reselected, although there may be small changes in the point value.
It is your task to to learn where the largest reward is in each of the 16 environments.

Environment number 1:
The value of option 4 is 16. You have 10 choices to make in this environment.
You press <<4>> and receive 16 points.
You press <<3>> and receive 7 points.
You press <<5>> and receive 25 points.
You press <<6>> and receive 37 points.
You press <<7>> and receive 50 points.
You press <<8>> and receive 60 points.
You press <<9>> and receive 69 points.
You press <<10>> and receive 75 points.
You press <<11>> and receive 70 points.
You press <<10>> and receive 75 points.

Environment number 2:
The value of option 21 is 72. You have 5 choices to make in this environment.
You press <<22>> and receive 78 points.
You press <<23>> and receive 81 points.
You press <<24>> and receive 73 points.
You press <<20>> and receive 63 points.
You press <<23>> and receive 81 points.

Environment number 3:
The value of option 9 is 44. You have 5 choices to make in this environment.
You press <<8>> and receive 46 points.
You press <<7>> and receive 48 points.
You press <<6>> and receive 38 points.
You press <<10>> and receive 31 points.
You press <<7>> and receive 45 points.

Environment number 4:
The value of option 9 is 72. You have 10 choices to make in this environment.
You press <<8>> and receive 71 points.
You press <<10>> and receive 72 points.
You press <<11>> and receive 66 points.
You press <<7>> and receive 80 points.
You press <<6>> and receive 84 points.
You press <<5>> and receive 74 points.
You press <<6>> and receive 84 points.
You press <<6>> and receive 83 points.
You press <<6>> and receive 84 points.
You press <<6>> and receive 84 points.

Environment number 5:
The value of option 15 is 0. You have 5 choices to make in this environment.
You press <<14>> and receive 0 points.
You press <<16>> and receive 6 points.
You press <<17>> and receive 16 points.
You press <<18>> and receive 25 points.
You press <<19>> and receive 32 points.

Environment number 6:
The value of option 19 is 0. You have 5 choices to make in this environment.
You press <<20>> and receive 6 points.
You press <<18>> and receive 17 points.
You press <<17>> and receive 30 points.
You press <<16>> and receive 28 points.
You press <<17>> and receive 29 points.

Environment number 7:
The value of option 29 is 42. You have 5 choices to make in this environment.
You press <<28>> and receive 42 points.
You press <<27>> and receive 42 points.
You press <<26>> and receive 42 points.
You press <<25>> and receive 42 points.
You press <<24>> and receive 44 points.

Environment number 8:
The value of option 2 is 85. You have 5 choices to make in this environment.
You press <<1>> and receive 70 points.
You press <<3>> and receive 80 points.
You press <<4>> and receive 59 points.
You press <<2>> and receive 84 points.
You press <<2>> and receive 85 points.

Environment number 9:
The value of option 13 is 2. You have 10 choices to make in this environment.
You press <<12>> and receive 1 points.
You press <<14>> and receive 30 points.
You press <<15>> and receive 62 points.
You press <<16>> and receive 81 points.
You press <<17>> and receive 79 points.
You press <<16>> and receive 80 points.
You press <<16>> and receive 81 points.
You press <<16>> and receive 81 points.
You press <<16>> and receive 81 points.
You press <<16>> and receive 82 points.

Environment number 10:
The value of option 22 is 0. You have 10 choices to make in this environment.
You press <<23>> and receive 0 points.
You press <<21>> and receive 23 points.
You press <<",54
10,11,4,19,1,smooth,22,10,0,76,"You will be presented with a series of 16 different environments to explore.
In each trial, you can select an option between numbers 1 and 30 by pressing the corresponding key.
By selecting any of these options, you will earn points associated with each unique option.
Imagine these options 1 through 30 as lying next to each other in an ordered line; options closer to each other tend to have similar rewards as rewards tend to cluster together.
For each environment, you will be able to make either 5 or 10 choices.
When you made all your choices in a given environment, you will start making choices in the next unexplored environment.
The rewards underlying the different options are different in each environment so you will learn them anew for each environment.
Each environment starts with the value of a single option revealed.
When you choose the number corresponding to a different option, you will be told the value of that option and receive those points.
Previously revealed options, including the starting option, can also be reselected, although there may be small changes in the point value.
It is your task to to learn where the largest reward is in each of the 16 environments.

Environment number 1:
The value of option 4 is 16. You have 10 choices to make in this environment.
You press <<4>> and receive 16 points.
You press <<3>> and receive 7 points.
You press <<5>> and receive 25 points.
You press <<6>> and receive 37 points.
You press <<7>> and receive 50 points.
You press <<8>> and receive 60 points.
You press <<9>> and receive 69 points.
You press <<10>> and receive 75 points.
You press <<11>> and receive 70 points.
You press <<10>> and receive 75 points.

Environment number 2:
The value of option 21 is 72. You have 5 choices to make in this environment.
You press <<22>> and receive 78 points.
You press <<23>> and receive 81 points.
You press <<24>> and receive 73 points.
You press <<20>> and receive 63 points.
You press <<23>> and receive 81 points.

Environment number 3:
The value of option 9 is 44. You have 5 choices to make in this environment.
You press <<8>> and receive 46 points.
You press <<7>> and receive 48 points.
You press <<6>> and receive 38 points.
You press <<10>> and receive 31 points.
You press <<7>> and receive 45 points.

Environment number 4:
The value of option 9 is 72. You have 10 choices to make in this environment.
You press <<8>> and receive 71 points.
You press <<10>> and receive 72 points.
You press <<11>> and receive 66 points.
You press <<7>> and receive 80 points.
You press <<6>> and receive 84 points.
You press <<5>> and receive 74 points.
You press <<6>> and receive 84 points.
You press <<6>> and receive 83 points.
You press <<6>> and receive 84 points.
You press <<6>> and receive 84 points.

Environment number 5:
The value of option 15 is 0. You have 5 choices to make in this environment.
You press <<14>> and receive 0 points.
You press <<16>> and receive 6 points.
You press <<17>> and receive 16 points.
You press <<18>> and receive 25 points.
You press <<19>> and receive 32 points.

Environment number 6:
The value of option 19 is 0. You have 5 choices to make in this environment.
You press <<20>> and receive 6 points.
You press <<18>> and receive 17 points.
You press <<17>> and receive 30 points.
You press <<16>> and receive 28 points.
You press <<17>> and receive 29 points.

Environment number 7:
The value of option 29 is 42. You have 5 choices to make in this environment.
You press <<28>> and receive 42 points.
You press <<27>> and receive 42 points.
You press <<26>> and receive 42 points.
You press <<25>> and receive 42 points.
You press <<24>> and receive 44 points.

Environment number 8:
The value of option 2 is 85. You have 5 choices to make in this environment.
You press <<1>> and receive 70 points.
You press <<3>> and receive 80 points.
You press <<4>> and receive 59 points.
You press <<2>> and receive 84 points.
You press <<2>> and receive 85 points.

Environment number 9:
The value of option 13 is 2. You have 10 choices to make in this environment.
You press <<12>> and receive 1 points.
You press <<14>> and receive 30 points.
You press <<15>> and receive 62 points.
You press <<16>> and receive 81 points.
You press <<17>> and receive 79 points.
You press <<16>> and receive 80 points.
You press <<16>> and receive 81 points.
You press <<16>> and receive 81 points.
You press <<16>> and receive 81 points.
You press <<16>> and receive 82 points.

Environment number 10:
The value of option 22 is 0. You have 10 choices to make in this environment.
You press <<23>> and receive 0 points.
You press <<21>> and receive 23 points.
You press <<20>> and receive 55 points.
You press <<",54
10,11,5,18,1,smooth,22,10,0,85,"You will be presented with a series of 16 different environments to explore.
In each trial, you can select an option between numbers 1 and 30 by pressing the corresponding key.
By selecting any of these options, you will earn points associated with each unique option.
Imagine these options 1 through 30 as lying next to each other in an ordered line; options closer to each other tend to have similar rewards as rewards tend to cluster together.
For each environment, you will be able to make either 5 or 10 choices.
When you made all your choices in a given environment, you will start making choices in the next unexplored environment.
The rewards underlying the different options are different in each environment so you will learn them anew for each environment.
Each environment starts with the value of a single option revealed.
When you choose the number corresponding to a different option, you will be told the value of that option and receive those points.
Previously revealed options, including the starting option, can also be reselected, although there may be small changes in the point value.
It is your task to to learn where the largest reward is in each of the 16 environments.

Environment number 1:
The value of option 4 is 16. You have 10 choices to make in this environment.
You press <<4>> and receive 16 points.
You press <<3>> and receive 7 points.
You press <<5>> and receive 25 points.
You press <<6>> and receive 37 points.
You press <<7>> and receive 50 points.
You press <<8>> and receive 60 points.
You press <<9>> and receive 69 points.
You press <<10>> and receive 75 points.
You press <<11>> and receive 70 points.
You press <<10>> and receive 75 points.

Environment number 2:
The value of option 21 is 72. You have 5 choices to make in this environment.
You press <<22>> and receive 78 points.
You press <<23>> and receive 81 points.
You press <<24>> and receive 73 points.
You press <<20>> and receive 63 points.
You press <<23>> and receive 81 points.

Environment number 3:
The value of option 9 is 44. You have 5 choices to make in this environment.
You press <<8>> and receive 46 points.
You press <<7>> and receive 48 points.
You press <<6>> and receive 38 points.
You press <<10>> and receive 31 points.
You press <<7>> and receive 45 points.

Environment number 4:
The value of option 9 is 72. You have 10 choices to make in this environment.
You press <<8>> and receive 71 points.
You press <<10>> and receive 72 points.
You press <<11>> and receive 66 points.
You press <<7>> and receive 80 points.
You press <<6>> and receive 84 points.
You press <<5>> and receive 74 points.
You press <<6>> and receive 84 points.
You press <<6>> and receive 83 points.
You press <<6>> and receive 84 points.
You press <<6>> and receive 84 points.

Environment number 5:
The value of option 15 is 0. You have 5 choices to make in this environment.
You press <<14>> and receive 0 points.
You press <<16>> and receive 6 points.
You press <<17>> and receive 16 points.
You press <<18>> and receive 25 points.
You press <<19>> and receive 32 points.

Environment number 6:
The value of option 19 is 0. You have 5 choices to make in this environment.
You press <<20>> and receive 6 points.
You press <<18>> and receive 17 points.
You press <<17>> and receive 30 points.
You press <<16>> and receive 28 points.
You press <<17>> and receive 29 points.

Environment number 7:
The value of option 29 is 42. You have 5 choices to make in this environment.
You press <<28>> and receive 42 points.
You press <<27>> and receive 42 points.
You press <<26>> and receive 42 points.
You press <<25>> and receive 42 points.
You press <<24>> and receive 44 points.

Environment number 8:
The value of option 2 is 85. You have 5 choices to make in this environment.
You press <<1>> and receive 70 points.
You press <<3>> and receive 80 points.
You press <<4>> and receive 59 points.
You press <<2>> and receive 84 points.
You press <<2>> and receive 85 points.

Environment number 9:
The value of option 13 is 2. You have 10 choices to make in this environment.
You press <<12>> and receive 1 points.
You press <<14>> and receive 30 points.
You press <<15>> and receive 62 points.
You press <<16>> and receive 81 points.
You press <<17>> and receive 79 points.
You press <<16>> and receive 80 points.
You press <<16>> and receive 81 points.
You press <<16>> and receive 81 points.
You press <<16>> and receive 81 points.
You press <<16>> and receive 82 points.

Environment number 10:
The value of option 22 is 0. You have 10 choices to make in this environment.
You press <<23>> and receive 0 points.
You press <<21>> and receive 23 points.
You press <<20>> and receive 55 points.
You press <<19>> and receive 76 points.
You press <<",54
10,11,6,17,1,smooth,22,10,0,77,"You will be presented with a series of 16 different environments to explore.
In each trial, you can select an option between numbers 1 and 30 by pressing the corresponding key.
By selecting any of these options, you will earn points associated with each unique option.
Imagine these options 1 through 30 as lying next to each other in an ordered line; options closer to each other tend to have similar rewards as rewards tend to cluster together.
For each environment, you will be able to make either 5 or 10 choices.
When you made all your choices in a given environment, you will start making choices in the next unexplored environment.
The rewards underlying the different options are different in each environment so you will learn them anew for each environment.
Each environment starts with the value of a single option revealed.
When you choose the number corresponding to a different option, you will be told the value of that option and receive those points.
Previously revealed options, including the starting option, can also be reselected, although there may be small changes in the point value.
It is your task to to learn where the largest reward is in each of the 16 environments.

Environment number 1:
The value of option 4 is 16. You have 10 choices to make in this environment.
You press <<4>> and receive 16 points.
You press <<3>> and receive 7 points.
You press <<5>> and receive 25 points.
You press <<6>> and receive 37 points.
You press <<7>> and receive 50 points.
You press <<8>> and receive 60 points.
You press <<9>> and receive 69 points.
You press <<10>> and receive 75 points.
You press <<11>> and receive 70 points.
You press <<10>> and receive 75 points.

Environment number 2:
The value of option 21 is 72. You have 5 choices to make in this environment.
You press <<22>> and receive 78 points.
You press <<23>> and receive 81 points.
You press <<24>> and receive 73 points.
You press <<20>> and receive 63 points.
You press <<23>> and receive 81 points.

Environment number 3:
The value of option 9 is 44. You have 5 choices to make in this environment.
You press <<8>> and receive 46 points.
You press <<7>> and receive 48 points.
You press <<6>> and receive 38 points.
You press <<10>> and receive 31 points.
You press <<7>> and receive 45 points.

Environment number 4:
The value of option 9 is 72. You have 10 choices to make in this environment.
You press <<8>> and receive 71 points.
You press <<10>> and receive 72 points.
You press <<11>> and receive 66 points.
You press <<7>> and receive 80 points.
You press <<6>> and receive 84 points.
You press <<5>> and receive 74 points.
You press <<6>> and receive 84 points.
You press <<6>> and receive 83 points.
You press <<6>> and receive 84 points.
You press <<6>> and receive 84 points.

Environment number 5:
The value of option 15 is 0. You have 5 choices to make in this environment.
You press <<14>> and receive 0 points.
You press <<16>> and receive 6 points.
You press <<17>> and receive 16 points.
You press <<18>> and receive 25 points.
You press <<19>> and receive 32 points.

Environment number 6:
The value of option 19 is 0. You have 5 choices to make in this environment.
You press <<20>> and receive 6 points.
You press <<18>> and receive 17 points.
You press <<17>> and receive 30 points.
You press <<16>> and receive 28 points.
You press <<17>> and receive 29 points.

Environment number 7:
The value of option 29 is 42. You have 5 choices to make in this environment.
You press <<28>> and receive 42 points.
You press <<27>> and receive 42 points.
You press <<26>> and receive 42 points.
You press <<25>> and receive 42 points.
You press <<24>> and receive 44 points.

Environment number 8:
The value of option 2 is 85. You have 5 choices to make in this environment.
You press <<1>> and receive 70 points.
You press <<3>> and receive 80 points.
You press <<4>> and receive 59 points.
You press <<2>> and receive 84 points.
You press <<2>> and receive 85 points.

Environment number 9:
The value of option 13 is 2. You have 10 choices to make in this environment.
You press <<12>> and receive 1 points.
You press <<14>> and receive 30 points.
You press <<15>> and receive 62 points.
You press <<16>> and receive 81 points.
You press <<17>> and receive 79 points.
You press <<16>> and receive 80 points.
You press <<16>> and receive 81 points.
You press <<16>> and receive 81 points.
You press <<16>> and receive 81 points.
You press <<16>> and receive 82 points.

Environment number 10:
The value of option 22 is 0. You have 10 choices to make in this environment.
You press <<23>> and receive 0 points.
You press <<21>> and receive 23 points.
You press <<20>> and receive 55 points.
You press <<19>> and receive 76 points.
You press <<18>> and receive 85 points.
You press <<",54
10,11,7,18,1,smooth,22,10,0,84,"You will be presented with a series of 16 different environments to explore.
In each trial, you can select an option between numbers 1 and 30 by pressing the corresponding key.
By selecting any of these options, you will earn points associated with each unique option.
Imagine these options 1 through 30 as lying next to each other in an ordered line; options closer to each other tend to have similar rewards as rewards tend to cluster together.
For each environment, you will be able to make either 5 or 10 choices.
When you made all your choices in a given environment, you will start making choices in the next unexplored environment.
The rewards underlying the different options are different in each environment so you will learn them anew for each environment.
Each environment starts with the value of a single option revealed.
When you choose the number corresponding to a different option, you will be told the value of that option and receive those points.
Previously revealed options, including the starting option, can also be reselected, although there may be small changes in the point value.
It is your task to to learn where the largest reward is in each of the 16 environments.

Environment number 1:
The value of option 4 is 16. You have 10 choices to make in this environment.
You press <<4>> and receive 16 points.
You press <<3>> and receive 7 points.
You press <<5>> and receive 25 points.
You press <<6>> and receive 37 points.
You press <<7>> and receive 50 points.
You press <<8>> and receive 60 points.
You press <<9>> and receive 69 points.
You press <<10>> and receive 75 points.
You press <<11>> and receive 70 points.
You press <<10>> and receive 75 points.

Environment number 2:
The value of option 21 is 72. You have 5 choices to make in this environment.
You press <<22>> and receive 78 points.
You press <<23>> and receive 81 points.
You press <<24>> and receive 73 points.
You press <<20>> and receive 63 points.
You press <<23>> and receive 81 points.

Environment number 3:
The value of option 9 is 44. You have 5 choices to make in this environment.
You press <<8>> and receive 46 points.
You press <<7>> and receive 48 points.
You press <<6>> and receive 38 points.
You press <<10>> and receive 31 points.
You press <<7>> and receive 45 points.

Environment number 4:
The value of option 9 is 72. You have 10 choices to make in this environment.
You press <<8>> and receive 71 points.
You press <<10>> and receive 72 points.
You press <<11>> and receive 66 points.
You press <<7>> and receive 80 points.
You press <<6>> and receive 84 points.
You press <<5>> and receive 74 points.
You press <<6>> and receive 84 points.
You press <<6>> and receive 83 points.
You press <<6>> and receive 84 points.
You press <<6>> and receive 84 points.

Environment number 5:
The value of option 15 is 0. You have 5 choices to make in this environment.
You press <<14>> and receive 0 points.
You press <<16>> and receive 6 points.
You press <<17>> and receive 16 points.
You press <<18>> and receive 25 points.
You press <<19>> and receive 32 points.

Environment number 6:
The value of option 19 is 0. You have 5 choices to make in this environment.
You press <<20>> and receive 6 points.
You press <<18>> and receive 17 points.
You press <<17>> and receive 30 points.
You press <<16>> and receive 28 points.
You press <<17>> and receive 29 points.

Environment number 7:
The value of option 29 is 42. You have 5 choices to make in this environment.
You press <<28>> and receive 42 points.
You press <<27>> and receive 42 points.
You press <<26>> and receive 42 points.
You press <<25>> and receive 42 points.
You press <<24>> and receive 44 points.

Environment number 8:
The value of option 2 is 85. You have 5 choices to make in this environment.
You press <<1>> and receive 70 points.
You press <<3>> and receive 80 points.
You press <<4>> and receive 59 points.
You press <<2>> and receive 84 points.
You press <<2>> and receive 85 points.

Environment number 9:
The value of option 13 is 2. You have 10 choices to make in this environment.
You press <<12>> and receive 1 points.
You press <<14>> and receive 30 points.
You press <<15>> and receive 62 points.
You press <<16>> and receive 81 points.
You press <<17>> and receive 79 points.
You press <<16>> and receive 80 points.
You press <<16>> and receive 81 points.
You press <<16>> and receive 81 points.
You press <<16>> and receive 81 points.
You press <<16>> and receive 82 points.

Environment number 10:
The value of option 22 is 0. You have 10 choices to make in this environment.
You press <<23>> and receive 0 points.
You press <<21>> and receive 23 points.
You press <<20>> and receive 55 points.
You press <<19>> and receive 76 points.
You press <<18>> and receive 85 points.
You press <<17>> and receive 77 points.
You press <<",54
10,11,8,18,1,smooth,22,10,0,84,"You will be presented with a series of 16 different environments to explore.
In each trial, you can select an option between numbers 1 and 30 by pressing the corresponding key.
By selecting any of these options, you will earn points associated with each unique option.
Imagine these options 1 through 30 as lying next to each other in an ordered line; options closer to each other tend to have similar rewards as rewards tend to cluster together.
For each environment, you will be able to make either 5 or 10 choices.
When you made all your choices in a given environment, you will start making choices in the next unexplored environment.
The rewards underlying the different options are different in each environment so you will learn them anew for each environment.
Each environment starts with the value of a single option revealed.
When you choose the number corresponding to a different option, you will be told the value of that option and receive those points.
Previously revealed options, including the starting option, can also be reselected, although there may be small changes in the point value.
It is your task to to learn where the largest reward is in each of the 16 environments.

Environment number 1:
The value of option 4 is 16. You have 10 choices to make in this environment.
You press <<4>> and receive 16 points.
You press <<3>> and receive 7 points.
You press <<5>> and receive 25 points.
You press <<6>> and receive 37 points.
You press <<7>> and receive 50 points.
You press <<8>> and receive 60 points.
You press <<9>> and receive 69 points.
You press <<10>> and receive 75 points.
You press <<11>> and receive 70 points.
You press <<10>> and receive 75 points.

Environment number 2:
The value of option 21 is 72. You have 5 choices to make in this environment.
You press <<22>> and receive 78 points.
You press <<23>> and receive 81 points.
You press <<24>> and receive 73 points.
You press <<20>> and receive 63 points.
You press <<23>> and receive 81 points.

Environment number 3:
The value of option 9 is 44. You have 5 choices to make in this environment.
You press <<8>> and receive 46 points.
You press <<7>> and receive 48 points.
You press <<6>> and receive 38 points.
You press <<10>> and receive 31 points.
You press <<7>> and receive 45 points.

Environment number 4:
The value of option 9 is 72. You have 10 choices to make in this environment.
You press <<8>> and receive 71 points.
You press <<10>> and receive 72 points.
You press <<11>> and receive 66 points.
You press <<7>> and receive 80 points.
You press <<6>> and receive 84 points.
You press <<5>> and receive 74 points.
You press <<6>> and receive 84 points.
You press <<6>> and receive 83 points.
You press <<6>> and receive 84 points.
You press <<6>> and receive 84 points.

Environment number 5:
The value of option 15 is 0. You have 5 choices to make in this environment.
You press <<14>> and receive 0 points.
You press <<16>> and receive 6 points.
You press <<17>> and receive 16 points.
You press <<18>> and receive 25 points.
You press <<19>> and receive 32 points.

Environment number 6:
The value of option 19 is 0. You have 5 choices to make in this environment.
You press <<20>> and receive 6 points.
You press <<18>> and receive 17 points.
You press <<17>> and receive 30 points.
You press <<16>> and receive 28 points.
You press <<17>> and receive 29 points.

Environment number 7:
The value of option 29 is 42. You have 5 choices to make in this environment.
You press <<28>> and receive 42 points.
You press <<27>> and receive 42 points.
You press <<26>> and receive 42 points.
You press <<25>> and receive 42 points.
You press <<24>> and receive 44 points.

Environment number 8:
The value of option 2 is 85. You have 5 choices to make in this environment.
You press <<1>> and receive 70 points.
You press <<3>> and receive 80 points.
You press <<4>> and receive 59 points.
You press <<2>> and receive 84 points.
You press <<2>> and receive 85 points.

Environment number 9:
The value of option 13 is 2. You have 10 choices to make in this environment.
You press <<12>> and receive 1 points.
You press <<14>> and receive 30 points.
You press <<15>> and receive 62 points.
You press <<16>> and receive 81 points.
You press <<17>> and receive 79 points.
You press <<16>> and receive 80 points.
You press <<16>> and receive 81 points.
You press <<16>> and receive 81 points.
You press <<16>> and receive 81 points.
You press <<16>> and receive 82 points.

Environment number 10:
The value of option 22 is 0. You have 10 choices to make in this environment.
You press <<23>> and receive 0 points.
You press <<21>> and receive 23 points.
You press <<20>> and receive 55 points.
You press <<19>> and receive 76 points.
You press <<18>> and receive 85 points.
You press <<17>> and receive 77 points.
You press <<18>> and receive 84 points.
You press <<",54
10,11,9,18,1,smooth,22,10,0,84,"You will be presented with a series of 16 different environments to explore.
In each trial, you can select an option between numbers 1 and 30 by pressing the corresponding key.
By selecting any of these options, you will earn points associated with each unique option.
Imagine these options 1 through 30 as lying next to each other in an ordered line; options closer to each other tend to have similar rewards as rewards tend to cluster together.
For each environment, you will be able to make either 5 or 10 choices.
When you made all your choices in a given environment, you will start making choices in the next unexplored environment.
The rewards underlying the different options are different in each environment so you will learn them anew for each environment.
Each environment starts with the value of a single option revealed.
When you choose the number corresponding to a different option, you will be told the value of that option and receive those points.
Previously revealed options, including the starting option, can also be reselected, although there may be small changes in the point value.
It is your task to to learn where the largest reward is in each of the 16 environments.

Environment number 1:
The value of option 4 is 16. You have 10 choices to make in this environment.
You press <<4>> and receive 16 points.
You press <<3>> and receive 7 points.
You press <<5>> and receive 25 points.
You press <<6>> and receive 37 points.
You press <<7>> and receive 50 points.
You press <<8>> and receive 60 points.
You press <<9>> and receive 69 points.
You press <<10>> and receive 75 points.
You press <<11>> and receive 70 points.
You press <<10>> and receive 75 points.

Environment number 2:
The value of option 21 is 72. You have 5 choices to make in this environment.
You press <<22>> and receive 78 points.
You press <<23>> and receive 81 points.
You press <<24>> and receive 73 points.
You press <<20>> and receive 63 points.
You press <<23>> and receive 81 points.

Environment number 3:
The value of option 9 is 44. You have 5 choices to make in this environment.
You press <<8>> and receive 46 points.
You press <<7>> and receive 48 points.
You press <<6>> and receive 38 points.
You press <<10>> and receive 31 points.
You press <<7>> and receive 45 points.

Environment number 4:
The value of option 9 is 72. You have 10 choices to make in this environment.
You press <<8>> and receive 71 points.
You press <<10>> and receive 72 points.
You press <<11>> and receive 66 points.
You press <<7>> and receive 80 points.
You press <<6>> and receive 84 points.
You press <<5>> and receive 74 points.
You press <<6>> and receive 84 points.
You press <<6>> and receive 83 points.
You press <<6>> and receive 84 points.
You press <<6>> and receive 84 points.

Environment number 5:
The value of option 15 is 0. You have 5 choices to make in this environment.
You press <<14>> and receive 0 points.
You press <<16>> and receive 6 points.
You press <<17>> and receive 16 points.
You press <<18>> and receive 25 points.
You press <<19>> and receive 32 points.

Environment number 6:
The value of option 19 is 0. You have 5 choices to make in this environment.
You press <<20>> and receive 6 points.
You press <<18>> and receive 17 points.
You press <<17>> and receive 30 points.
You press <<16>> and receive 28 points.
You press <<17>> and receive 29 points.

Environment number 7:
The value of option 29 is 42. You have 5 choices to make in this environment.
You press <<28>> and receive 42 points.
You press <<27>> and receive 42 points.
You press <<26>> and receive 42 points.
You press <<25>> and receive 42 points.
You press <<24>> and receive 44 points.

Environment number 8:
The value of option 2 is 85. You have 5 choices to make in this environment.
You press <<1>> and receive 70 points.
You press <<3>> and receive 80 points.
You press <<4>> and receive 59 points.
You press <<2>> and receive 84 points.
You press <<2>> and receive 85 points.

Environment number 9:
The value of option 13 is 2. You have 10 choices to make in this environment.
You press <<12>> and receive 1 points.
You press <<14>> and receive 30 points.
You press <<15>> and receive 62 points.
You press <<16>> and receive 81 points.
You press <<17>> and receive 79 points.
You press <<16>> and receive 80 points.
You press <<16>> and receive 81 points.
You press <<16>> and receive 81 points.
You press <<16>> and receive 81 points.
You press <<16>> and receive 82 points.

Environment number 10:
The value of option 22 is 0. You have 10 choices to make in this environment.
You press <<23>> and receive 0 points.
You press <<21>> and receive 23 points.
You press <<20>> and receive 55 points.
You press <<19>> and receive 76 points.
You press <<18>> and receive 85 points.
You press <<17>> and receive 77 points.
You press <<18>> and receive 84 points.
You press <<18>> and receive 84 points.
You press <<",54
10,11,10,18,1,smooth,22,10,0,84,"You will be presented with a series of 16 different environments to explore.
In each trial, you can select an option between numbers 1 and 30 by pressing the corresponding key.
By selecting any of these options, you will earn points associated with each unique option.
Imagine these options 1 through 30 as lying next to each other in an ordered line; options closer to each other tend to have similar rewards as rewards tend to cluster together.
For each environment, you will be able to make either 5 or 10 choices.
When you made all your choices in a given environment, you will start making choices in the next unexplored environment.
The rewards underlying the different options are different in each environment so you will learn them anew for each environment.
Each environment starts with the value of a single option revealed.
When you choose the number corresponding to a different option, you will be told the value of that option and receive those points.
Previously revealed options, including the starting option, can also be reselected, although there may be small changes in the point value.
It is your task to to learn where the largest reward is in each of the 16 environments.

Environment number 1:
The value of option 4 is 16. You have 10 choices to make in this environment.
You press <<4>> and receive 16 points.
You press <<3>> and receive 7 points.
You press <<5>> and receive 25 points.
You press <<6>> and receive 37 points.
You press <<7>> and receive 50 points.
You press <<8>> and receive 60 points.
You press <<9>> and receive 69 points.
You press <<10>> and receive 75 points.
You press <<11>> and receive 70 points.
You press <<10>> and receive 75 points.

Environment number 2:
The value of option 21 is 72. You have 5 choices to make in this environment.
You press <<22>> and receive 78 points.
You press <<23>> and receive 81 points.
You press <<24>> and receive 73 points.
You press <<20>> and receive 63 points.
You press <<23>> and receive 81 points.

Environment number 3:
The value of option 9 is 44. You have 5 choices to make in this environment.
You press <<8>> and receive 46 points.
You press <<7>> and receive 48 points.
You press <<6>> and receive 38 points.
You press <<10>> and receive 31 points.
You press <<7>> and receive 45 points.

Environment number 4:
The value of option 9 is 72. You have 10 choices to make in this environment.
You press <<8>> and receive 71 points.
You press <<10>> and receive 72 points.
You press <<11>> and receive 66 points.
You press <<7>> and receive 80 points.
You press <<6>> and receive 84 points.
You press <<5>> and receive 74 points.
You press <<6>> and receive 84 points.
You press <<6>> and receive 83 points.
You press <<6>> and receive 84 points.
You press <<6>> and receive 84 points.

Environment number 5:
The value of option 15 is 0. You have 5 choices to make in this environment.
You press <<14>> and receive 0 points.
You press <<16>> and receive 6 points.
You press <<17>> and receive 16 points.
You press <<18>> and receive 25 points.
You press <<19>> and receive 32 points.

Environment number 6:
The value of option 19 is 0. You have 5 choices to make in this environment.
You press <<20>> and receive 6 points.
You press <<18>> and receive 17 points.
You press <<17>> and receive 30 points.
You press <<16>> and receive 28 points.
You press <<17>> and receive 29 points.

Environment number 7:
The value of option 29 is 42. You have 5 choices to make in this environment.
You press <<28>> and receive 42 points.
You press <<27>> and receive 42 points.
You press <<26>> and receive 42 points.
You press <<25>> and receive 42 points.
You press <<24>> and receive 44 points.

Environment number 8:
The value of option 2 is 85. You have 5 choices to make in this environment.
You press <<1>> and receive 70 points.
You press <<3>> and receive 80 points.
You press <<4>> and receive 59 points.
You press <<2>> and receive 84 points.
You press <<2>> and receive 85 points.

Environment number 9:
The value of option 13 is 2. You have 10 choices to make in this environment.
You press <<12>> and receive 1 points.
You press <<14>> and receive 30 points.
You press <<15>> and receive 62 points.
You press <<16>> and receive 81 points.
You press <<17>> and receive 79 points.
You press <<16>> and receive 80 points.
You press <<16>> and receive 81 points.
You press <<16>> and receive 81 points.
You press <<16>> and receive 81 points.
You press <<16>> and receive 82 points.

Environment number 10:
The value of option 22 is 0. You have 10 choices to make in this environment.
You press <<23>> and receive 0 points.
You press <<21>> and receive 23 points.
You press <<20>> and receive 55 points.
You press <<19>> and receive 76 points.
You press <<18>> and receive 85 points.
You press <<17>> and receive 77 points.
You press <<18>> and receive 84 points.
You press <<18>> and receive 84 points.
You press <<18>> and receive 84 points.
You press <<",54
11,19,1,2,1,smooth,1,10,21,15,"You will be presented with a series of 16 different environments to explore.
In each trial, you can select an option between numbers 1 and 30 by pressing the corresponding key.
By selecting any of these options, you will earn points associated with each unique option.
Imagine these options 1 through 30 as lying next to each other in an ordered line; options closer to each other tend to have similar rewards as rewards tend to cluster together.
For each environment, you will be able to make either 5 or 10 choices.
When you made all your choices in a given environment, you will start making choices in the next unexplored environment.
The rewards underlying the different options are different in each environment so you will learn them anew for each environment.
Each environment starts with the value of a single option revealed.
When you choose the number corresponding to a different option, you will be told the value of that option and receive those points.
Previously revealed options, including the starting option, can also be reselected, although there may be small changes in the point value.
It is your task to to learn where the largest reward is in each of the 16 environments.

Environment number 1:
The value of option 4 is 16. You have 10 choices to make in this environment.
You press <<4>> and receive 16 points.
You press <<3>> and receive 7 points.
You press <<5>> and receive 25 points.
You press <<6>> and receive 37 points.
You press <<7>> and receive 50 points.
You press <<8>> and receive 60 points.
You press <<9>> and receive 69 points.
You press <<10>> and receive 75 points.
You press <<11>> and receive 70 points.
You press <<10>> and receive 75 points.

Environment number 2:
The value of option 21 is 72. You have 5 choices to make in this environment.
You press <<22>> and receive 78 points.
You press <<23>> and receive 81 points.
You press <<24>> and receive 73 points.
You press <<20>> and receive 63 points.
You press <<23>> and receive 81 points.

Environment number 3:
The value of option 9 is 44. You have 5 choices to make in this environment.
You press <<8>> and receive 46 points.
You press <<7>> and receive 48 points.
You press <<6>> and receive 38 points.
You press <<10>> and receive 31 points.
You press <<7>> and receive 45 points.

Environment number 4:
The value of option 9 is 72. You have 10 choices to make in this environment.
You press <<8>> and receive 71 points.
You press <<10>> and receive 72 points.
You press <<11>> and receive 66 points.
You press <<7>> and receive 80 points.
You press <<6>> and receive 84 points.
You press <<5>> and receive 74 points.
You press <<6>> and receive 84 points.
You press <<6>> and receive 83 points.
You press <<6>> and receive 84 points.
You press <<6>> and receive 84 points.

Environment number 5:
The value of option 15 is 0. You have 5 choices to make in this environment.
You press <<14>> and receive 0 points.
You press <<16>> and receive 6 points.
You press <<17>> and receive 16 points.
You press <<18>> and receive 25 points.
You press <<19>> and receive 32 points.

Environment number 6:
The value of option 19 is 0. You have 5 choices to make in this environment.
You press <<20>> and receive 6 points.
You press <<18>> and receive 17 points.
You press <<17>> and receive 30 points.
You press <<16>> and receive 28 points.
You press <<17>> and receive 29 points.

Environment number 7:
The value of option 29 is 42. You have 5 choices to make in this environment.
You press <<28>> and receive 42 points.
You press <<27>> and receive 42 points.
You press <<26>> and receive 42 points.
You press <<25>> and receive 42 points.
You press <<24>> and receive 44 points.

Environment number 8:
The value of option 2 is 85. You have 5 choices to make in this environment.
You press <<1>> and receive 70 points.
You press <<3>> and receive 80 points.
You press <<4>> and receive 59 points.
You press <<2>> and receive 84 points.
You press <<2>> and receive 85 points.

Environment number 9:
The value of option 13 is 2. You have 10 choices to make in this environment.
You press <<12>> and receive 1 points.
You press <<14>> and receive 30 points.
You press <<15>> and receive 62 points.
You press <<16>> and receive 81 points.
You press <<17>> and receive 79 points.
You press <<16>> and receive 80 points.
You press <<16>> and receive 81 points.
You press <<16>> and receive 81 points.
You press <<16>> and receive 81 points.
You press <<16>> and receive 82 points.

Environment number 10:
The value of option 22 is 0. You have 10 choices to make in this environment.
You press <<23>> and receive 0 points.
You press <<21>> and receive 23 points.
You press <<20>> and receive 55 points.
You press <<19>> and receive 76 points.
You press <<18>> and receive 85 points.
You press <<17>> and receive 77 points.
You press <<18>> and receive 84 points.
You press <<18>> and receive 84 points.
You press <<18>> and receive 84 points.
You press <<18>> and receive 84 points.

Environment number 11:
The value of option 1 is 21. You have 10 choices to make in this environment.
You press <<",54
11,19,2,3,1,smooth,1,10,21,13,"You will be presented with a series of 16 different environments to explore.
In each trial, you can select an option between numbers 1 and 30 by pressing the corresponding key.
By selecting any of these options, you will earn points associated with each unique option.
Imagine these options 1 through 30 as lying next to each other in an ordered line; options closer to each other tend to have similar rewards as rewards tend to cluster together.
For each environment, you will be able to make either 5 or 10 choices.
When you made all your choices in a given environment, you will start making choices in the next unexplored environment.
The rewards underlying the different options are different in each environment so you will learn them anew for each environment.
Each environment starts with the value of a single option revealed.
When you choose the number corresponding to a different option, you will be told the value of that option and receive those points.
Previously revealed options, including the starting option, can also be reselected, although there may be small changes in the point value.
It is your task to to learn where the largest reward is in each of the 16 environments.

Environment number 1:
The value of option 4 is 16. You have 10 choices to make in this environment.
You press <<4>> and receive 16 points.
You press <<3>> and receive 7 points.
You press <<5>> and receive 25 points.
You press <<6>> and receive 37 points.
You press <<7>> and receive 50 points.
You press <<8>> and receive 60 points.
You press <<9>> and receive 69 points.
You press <<10>> and receive 75 points.
You press <<11>> and receive 70 points.
You press <<10>> and receive 75 points.

Environment number 2:
The value of option 21 is 72. You have 5 choices to make in this environment.
You press <<22>> and receive 78 points.
You press <<23>> and receive 81 points.
You press <<24>> and receive 73 points.
You press <<20>> and receive 63 points.
You press <<23>> and receive 81 points.

Environment number 3:
The value of option 9 is 44. You have 5 choices to make in this environment.
You press <<8>> and receive 46 points.
You press <<7>> and receive 48 points.
You press <<6>> and receive 38 points.
You press <<10>> and receive 31 points.
You press <<7>> and receive 45 points.

Environment number 4:
The value of option 9 is 72. You have 10 choices to make in this environment.
You press <<8>> and receive 71 points.
You press <<10>> and receive 72 points.
You press <<11>> and receive 66 points.
You press <<7>> and receive 80 points.
You press <<6>> and receive 84 points.
You press <<5>> and receive 74 points.
You press <<6>> and receive 84 points.
You press <<6>> and receive 83 points.
You press <<6>> and receive 84 points.
You press <<6>> and receive 84 points.

Environment number 5:
The value of option 15 is 0. You have 5 choices to make in this environment.
You press <<14>> and receive 0 points.
You press <<16>> and receive 6 points.
You press <<17>> and receive 16 points.
You press <<18>> and receive 25 points.
You press <<19>> and receive 32 points.

Environment number 6:
The value of option 19 is 0. You have 5 choices to make in this environment.
You press <<20>> and receive 6 points.
You press <<18>> and receive 17 points.
You press <<17>> and receive 30 points.
You press <<16>> and receive 28 points.
You press <<17>> and receive 29 points.

Environment number 7:
The value of option 29 is 42. You have 5 choices to make in this environment.
You press <<28>> and receive 42 points.
You press <<27>> and receive 42 points.
You press <<26>> and receive 42 points.
You press <<25>> and receive 42 points.
You press <<24>> and receive 44 points.

Environment number 8:
The value of option 2 is 85. You have 5 choices to make in this environment.
You press <<1>> and receive 70 points.
You press <<3>> and receive 80 points.
You press <<4>> and receive 59 points.
You press <<2>> and receive 84 points.
You press <<2>> and receive 85 points.

Environment number 9:
The value of option 13 is 2. You have 10 choices to make in this environment.
You press <<12>> and receive 1 points.
You press <<14>> and receive 30 points.
You press <<15>> and receive 62 points.
You press <<16>> and receive 81 points.
You press <<17>> and receive 79 points.
You press <<16>> and receive 80 points.
You press <<16>> and receive 81 points.
You press <<16>> and receive 81 points.
You press <<16>> and receive 81 points.
You press <<16>> and receive 82 points.

Environment number 10:
The value of option 22 is 0. You have 10 choices to make in this environment.
You press <<23>> and receive 0 points.
You press <<21>> and receive 23 points.
You press <<20>> and receive 55 points.
You press <<19>> and receive 76 points.
You press <<18>> and receive 85 points.
You press <<17>> and receive 77 points.
You press <<18>> and receive 84 points.
You press <<18>> and receive 84 points.
You press <<18>> and receive 84 points.
You press <<18>> and receive 84 points.

Environment number 11:
The value of option 1 is 21. You have 10 choices to make in this environment.
You press <<2>> and receive 15 points.
You press <<",54
11,19,3,4,1,smooth,1,10,21,25,"You will be presented with a series of 16 different environments to explore.
In each trial, you can select an option between numbers 1 and 30 by pressing the corresponding key.
By selecting any of these options, you will earn points associated with each unique option.
Imagine these options 1 through 30 as lying next to each other in an ordered line; options closer to each other tend to have similar rewards as rewards tend to cluster together.
For each environment, you will be able to make either 5 or 10 choices.
When you made all your choices in a given environment, you will start making choices in the next unexplored environment.
The rewards underlying the different options are different in each environment so you will learn them anew for each environment.
Each environment starts with the value of a single option revealed.
When you choose the number corresponding to a different option, you will be told the value of that option and receive those points.
Previously revealed options, including the starting option, can also be reselected, although there may be small changes in the point value.
It is your task to to learn where the largest reward is in each of the 16 environments.

Environment number 1:
The value of option 4 is 16. You have 10 choices to make in this environment.
You press <<4>> and receive 16 points.
You press <<3>> and receive 7 points.
You press <<5>> and receive 25 points.
You press <<6>> and receive 37 points.
You press <<7>> and receive 50 points.
You press <<8>> and receive 60 points.
You press <<9>> and receive 69 points.
You press <<10>> and receive 75 points.
You press <<11>> and receive 70 points.
You press <<10>> and receive 75 points.

Environment number 2:
The value of option 21 is 72. You have 5 choices to make in this environment.
You press <<22>> and receive 78 points.
You press <<23>> and receive 81 points.
You press <<24>> and receive 73 points.
You press <<20>> and receive 63 points.
You press <<23>> and receive 81 points.

Environment number 3:
The value of option 9 is 44. You have 5 choices to make in this environment.
You press <<8>> and receive 46 points.
You press <<7>> and receive 48 points.
You press <<6>> and receive 38 points.
You press <<10>> and receive 31 points.
You press <<7>> and receive 45 points.

Environment number 4:
The value of option 9 is 72. You have 10 choices to make in this environment.
You press <<8>> and receive 71 points.
You press <<10>> and receive 72 points.
You press <<11>> and receive 66 points.
You press <<7>> and receive 80 points.
You press <<6>> and receive 84 points.
You press <<5>> and receive 74 points.
You press <<6>> and receive 84 points.
You press <<6>> and receive 83 points.
You press <<6>> and receive 84 points.
You press <<6>> and receive 84 points.

Environment number 5:
The value of option 15 is 0. You have 5 choices to make in this environment.
You press <<14>> and receive 0 points.
You press <<16>> and receive 6 points.
You press <<17>> and receive 16 points.
You press <<18>> and receive 25 points.
You press <<19>> and receive 32 points.

Environment number 6:
The value of option 19 is 0. You have 5 choices to make in this environment.
You press <<20>> and receive 6 points.
You press <<18>> and receive 17 points.
You press <<17>> and receive 30 points.
You press <<16>> and receive 28 points.
You press <<17>> and receive 29 points.

Environment number 7:
The value of option 29 is 42. You have 5 choices to make in this environment.
You press <<28>> and receive 42 points.
You press <<27>> and receive 42 points.
You press <<26>> and receive 42 points.
You press <<25>> and receive 42 points.
You press <<24>> and receive 44 points.

Environment number 8:
The value of option 2 is 85. You have 5 choices to make in this environment.
You press <<1>> and receive 70 points.
You press <<3>> and receive 80 points.
You press <<4>> and receive 59 points.
You press <<2>> and receive 84 points.
You press <<2>> and receive 85 points.

Environment number 9:
The value of option 13 is 2. You have 10 choices to make in this environment.
You press <<12>> and receive 1 points.
You press <<14>> and receive 30 points.
You press <<15>> and receive 62 points.
You press <<16>> and receive 81 points.
You press <<17>> and receive 79 points.
You press <<16>> and receive 80 points.
You press <<16>> and receive 81 points.
You press <<16>> and receive 81 points.
You press <<16>> and receive 81 points.
You press <<16>> and receive 82 points.

Environment number 10:
The value of option 22 is 0. You have 10 choices to make in this environment.
You press <<23>> and receive 0 points.
You press <<21>> and receive 23 points.
You press <<20>> and receive 55 points.
You press <<19>> and receive 76 points.
You press <<18>> and receive 85 points.
You press <<17>> and receive 77 points.
You press <<18>> and receive 84 points.
You press <<18>> and receive 84 points.
You press <<18>> and receive 84 points.
You press <<18>> and receive 84 points.

Environment number 11:
The value of option 1 is 21. You have 10 choices to make in this environment.
You press <<2>> and receive 15 points.
You press <<3>> and receive 13 points.
You press <<",54
11,19,4,5,1,smooth,1,10,21,44,"You will be presented with a series of 16 different environments to explore.
In each trial, you can select an option between numbers 1 and 30 by pressing the corresponding key.
By selecting any of these options, you will earn points associated with each unique option.
Imagine these options 1 through 30 as lying next to each other in an ordered line; options closer to each other tend to have similar rewards as rewards tend to cluster together.
For each environment, you will be able to make either 5 or 10 choices.
When you made all your choices in a given environment, you will start making choices in the next unexplored environment.
The rewards underlying the different options are different in each environment so you will learn them anew for each environment.
Each environment starts with the value of a single option revealed.
When you choose the number corresponding to a different option, you will be told the value of that option and receive those points.
Previously revealed options, including the starting option, can also be reselected, although there may be small changes in the point value.
It is your task to to learn where the largest reward is in each of the 16 environments.

Environment number 1:
The value of option 4 is 16. You have 10 choices to make in this environment.
You press <<4>> and receive 16 points.
You press <<3>> and receive 7 points.
You press <<5>> and receive 25 points.
You press <<6>> and receive 37 points.
You press <<7>> and receive 50 points.
You press <<8>> and receive 60 points.
You press <<9>> and receive 69 points.
You press <<10>> and receive 75 points.
You press <<11>> and receive 70 points.
You press <<10>> and receive 75 points.

Environment number 2:
The value of option 21 is 72. You have 5 choices to make in this environment.
You press <<22>> and receive 78 points.
You press <<23>> and receive 81 points.
You press <<24>> and receive 73 points.
You press <<20>> and receive 63 points.
You press <<23>> and receive 81 points.

Environment number 3:
The value of option 9 is 44. You have 5 choices to make in this environment.
You press <<8>> and receive 46 points.
You press <<7>> and receive 48 points.
You press <<6>> and receive 38 points.
You press <<10>> and receive 31 points.
You press <<7>> and receive 45 points.

Environment number 4:
The value of option 9 is 72. You have 10 choices to make in this environment.
You press <<8>> and receive 71 points.
You press <<10>> and receive 72 points.
You press <<11>> and receive 66 points.
You press <<7>> and receive 80 points.
You press <<6>> and receive 84 points.
You press <<5>> and receive 74 points.
You press <<6>> and receive 84 points.
You press <<6>> and receive 83 points.
You press <<6>> and receive 84 points.
You press <<6>> and receive 84 points.

Environment number 5:
The value of option 15 is 0. You have 5 choices to make in this environment.
You press <<14>> and receive 0 points.
You press <<16>> and receive 6 points.
You press <<17>> and receive 16 points.
You press <<18>> and receive 25 points.
You press <<19>> and receive 32 points.

Environment number 6:
The value of option 19 is 0. You have 5 choices to make in this environment.
You press <<20>> and receive 6 points.
You press <<18>> and receive 17 points.
You press <<17>> and receive 30 points.
You press <<16>> and receive 28 points.
You press <<17>> and receive 29 points.

Environment number 7:
The value of option 29 is 42. You have 5 choices to make in this environment.
You press <<28>> and receive 42 points.
You press <<27>> and receive 42 points.
You press <<26>> and receive 42 points.
You press <<25>> and receive 42 points.
You press <<24>> and receive 44 points.

Environment number 8:
The value of option 2 is 85. You have 5 choices to make in this environment.
You press <<1>> and receive 70 points.
You press <<3>> and receive 80 points.
You press <<4>> and receive 59 points.
You press <<2>> and receive 84 points.
You press <<2>> and receive 85 points.

Environment number 9:
The value of option 13 is 2. You have 10 choices to make in this environment.
You press <<12>> and receive 1 points.
You press <<14>> and receive 30 points.
You press <<15>> and receive 62 points.
You press <<16>> and receive 81 points.
You press <<17>> and receive 79 points.
You press <<16>> and receive 80 points.
You press <<16>> and receive 81 points.
You press <<16>> and receive 81 points.
You press <<16>> and receive 81 points.
You press <<16>> and receive 82 points.

Environment number 10:
The value of option 22 is 0. You have 10 choices to make in this environment.
You press <<23>> and receive 0 points.
You press <<21>> and receive 23 points.
You press <<20>> and receive 55 points.
You press <<19>> and receive 76 points.
You press <<18>> and receive 85 points.
You press <<17>> and receive 77 points.
You press <<18>> and receive 84 points.
You press <<18>> and receive 84 points.
You press <<18>> and receive 84 points.
You press <<18>> and receive 84 points.

Environment number 11:
The value of option 1 is 21. You have 10 choices to make in this environment.
You press <<2>> and receive 15 points.
You press <<3>> and receive 13 points.
You press <<4>> and receive 25 points.
You press <<",54
11,19,5,6,1,smooth,1,10,21,60,"You will be presented with a series of 16 different environments to explore.
In each trial, you can select an option between numbers 1 and 30 by pressing the corresponding key.
By selecting any of these options, you will earn points associated with each unique option.
Imagine these options 1 through 30 as lying next to each other in an ordered line; options closer to each other tend to have similar rewards as rewards tend to cluster together.
For each environment, you will be able to make either 5 or 10 choices.
When you made all your choices in a given environment, you will start making choices in the next unexplored environment.
The rewards underlying the different options are different in each environment so you will learn them anew for each environment.
Each environment starts with the value of a single option revealed.
When you choose the number corresponding to a different option, you will be told the value of that option and receive those points.
Previously revealed options, including the starting option, can also be reselected, although there may be small changes in the point value.
It is your task to to learn where the largest reward is in each of the 16 environments.

Environment number 1:
The value of option 4 is 16. You have 10 choices to make in this environment.
You press <<4>> and receive 16 points.
You press <<3>> and receive 7 points.
You press <<5>> and receive 25 points.
You press <<6>> and receive 37 points.
You press <<7>> and receive 50 points.
You press <<8>> and receive 60 points.
You press <<9>> and receive 69 points.
You press <<10>> and receive 75 points.
You press <<11>> and receive 70 points.
You press <<10>> and receive 75 points.

Environment number 2:
The value of option 21 is 72. You have 5 choices to make in this environment.
You press <<22>> and receive 78 points.
You press <<23>> and receive 81 points.
You press <<24>> and receive 73 points.
You press <<20>> and receive 63 points.
You press <<23>> and receive 81 points.

Environment number 3:
The value of option 9 is 44. You have 5 choices to make in this environment.
You press <<8>> and receive 46 points.
You press <<7>> and receive 48 points.
You press <<6>> and receive 38 points.
You press <<10>> and receive 31 points.
You press <<7>> and receive 45 points.

Environment number 4:
The value of option 9 is 72. You have 10 choices to make in this environment.
You press <<8>> and receive 71 points.
You press <<10>> and receive 72 points.
You press <<11>> and receive 66 points.
You press <<7>> and receive 80 points.
You press <<6>> and receive 84 points.
You press <<5>> and receive 74 points.
You press <<6>> and receive 84 points.
You press <<6>> and receive 83 points.
You press <<6>> and receive 84 points.
You press <<6>> and receive 84 points.

Environment number 5:
The value of option 15 is 0. You have 5 choices to make in this environment.
You press <<14>> and receive 0 points.
You press <<16>> and receive 6 points.
You press <<17>> and receive 16 points.
You press <<18>> and receive 25 points.
You press <<19>> and receive 32 points.

Environment number 6:
The value of option 19 is 0. You have 5 choices to make in this environment.
You press <<20>> and receive 6 points.
You press <<18>> and receive 17 points.
You press <<17>> and receive 30 points.
You press <<16>> and receive 28 points.
You press <<17>> and receive 29 points.

Environment number 7:
The value of option 29 is 42. You have 5 choices to make in this environment.
You press <<28>> and receive 42 points.
You press <<27>> and receive 42 points.
You press <<26>> and receive 42 points.
You press <<25>> and receive 42 points.
You press <<24>> and receive 44 points.

Environment number 8:
The value of option 2 is 85. You have 5 choices to make in this environment.
You press <<1>> and receive 70 points.
You press <<3>> and receive 80 points.
You press <<4>> and receive 59 points.
You press <<2>> and receive 84 points.
You press <<2>> and receive 85 points.

Environment number 9:
The value of option 13 is 2. You have 10 choices to make in this environment.
You press <<12>> and receive 1 points.
You press <<14>> and receive 30 points.
You press <<15>> and receive 62 points.
You press <<16>> and receive 81 points.
You press <<17>> and receive 79 points.
You press <<16>> and receive 80 points.
You press <<16>> and receive 81 points.
You press <<16>> and receive 81 points.
You press <<16>> and receive 81 points.
You press <<16>> and receive 82 points.

Environment number 10:
The value of option 22 is 0. You have 10 choices to make in this environment.
You press <<23>> and receive 0 points.
You press <<21>> and receive 23 points.
You press <<20>> and receive 55 points.
You press <<19>> and receive 76 points.
You press <<18>> and receive 85 points.
You press <<17>> and receive 77 points.
You press <<18>> and receive 84 points.
You press <<18>> and receive 84 points.
You press <<18>> and receive 84 points.
You press <<18>> and receive 84 points.

Environment number 11:
The value of option 1 is 21. You have 10 choices to make in this environment.
You press <<2>> and receive 15 points.
You press <<3>> and receive 13 points.
You press <<4>> and receive 25 points.
You press <<5>> and receive 44 points.
You press <<",54
11,19,6,7,1,smooth,1,10,21,62,"You will be presented with a series of 16 different environments to explore.
In each trial, you can select an option between numbers 1 and 30 by pressing the corresponding key.
By selecting any of these options, you will earn points associated with each unique option.
Imagine these options 1 through 30 as lying next to each other in an ordered line; options closer to each other tend to have similar rewards as rewards tend to cluster together.
For each environment, you will be able to make either 5 or 10 choices.
When you made all your choices in a given environment, you will start making choices in the next unexplored environment.
The rewards underlying the different options are different in each environment so you will learn them anew for each environment.
Each environment starts with the value of a single option revealed.
When you choose the number corresponding to a different option, you will be told the value of that option and receive those points.
Previously revealed options, including the starting option, can also be reselected, although there may be small changes in the point value.
It is your task to to learn where the largest reward is in each of the 16 environments.

Environment number 1:
The value of option 4 is 16. You have 10 choices to make in this environment.
You press <<4>> and receive 16 points.
You press <<3>> and receive 7 points.
You press <<5>> and receive 25 points.
You press <<6>> and receive 37 points.
You press <<7>> and receive 50 points.
You press <<8>> and receive 60 points.
You press <<9>> and receive 69 points.
You press <<10>> and receive 75 points.
You press <<11>> and receive 70 points.
You press <<10>> and receive 75 points.

Environment number 2:
The value of option 21 is 72. You have 5 choices to make in this environment.
You press <<22>> and receive 78 points.
You press <<23>> and receive 81 points.
You press <<24>> and receive 73 points.
You press <<20>> and receive 63 points.
You press <<23>> and receive 81 points.

Environment number 3:
The value of option 9 is 44. You have 5 choices to make in this environment.
You press <<8>> and receive 46 points.
You press <<7>> and receive 48 points.
You press <<6>> and receive 38 points.
You press <<10>> and receive 31 points.
You press <<7>> and receive 45 points.

Environment number 4:
The value of option 9 is 72. You have 10 choices to make in this environment.
You press <<8>> and receive 71 points.
You press <<10>> and receive 72 points.
You press <<11>> and receive 66 points.
You press <<7>> and receive 80 points.
You press <<6>> and receive 84 points.
You press <<5>> and receive 74 points.
You press <<6>> and receive 84 points.
You press <<6>> and receive 83 points.
You press <<6>> and receive 84 points.
You press <<6>> and receive 84 points.

Environment number 5:
The value of option 15 is 0. You have 5 choices to make in this environment.
You press <<14>> and receive 0 points.
You press <<16>> and receive 6 points.
You press <<17>> and receive 16 points.
You press <<18>> and receive 25 points.
You press <<19>> and receive 32 points.

Environment number 6:
The value of option 19 is 0. You have 5 choices to make in this environment.
You press <<20>> and receive 6 points.
You press <<18>> and receive 17 points.
You press <<17>> and receive 30 points.
You press <<16>> and receive 28 points.
You press <<17>> and receive 29 points.

Environment number 7:
The value of option 29 is 42. You have 5 choices to make in this environment.
You press <<28>> and receive 42 points.
You press <<27>> and receive 42 points.
You press <<26>> and receive 42 points.
You press <<25>> and receive 42 points.
You press <<24>> and receive 44 points.

Environment number 8:
The value of option 2 is 85. You have 5 choices to make in this environment.
You press <<1>> and receive 70 points.
You press <<3>> and receive 80 points.
You press <<4>> and receive 59 points.
You press <<2>> and receive 84 points.
You press <<2>> and receive 85 points.

Environment number 9:
The value of option 13 is 2. You have 10 choices to make in this environment.
You press <<12>> and receive 1 points.
You press <<14>> and receive 30 points.
You press <<15>> and receive 62 points.
You press <<16>> and receive 81 points.
You press <<17>> and receive 79 points.
You press <<16>> and receive 80 points.
You press <<16>> and receive 81 points.
You press <<16>> and receive 81 points.
You press <<16>> and receive 81 points.
You press <<16>> and receive 82 points.

Environment number 10:
The value of option 22 is 0. You have 10 choices to make in this environment.
You press <<23>> and receive 0 points.
You press <<21>> and receive 23 points.
You press <<20>> and receive 55 points.
You press <<19>> and receive 76 points.
You press <<18>> and receive 85 points.
You press <<17>> and receive 77 points.
You press <<18>> and receive 84 points.
You press <<18>> and receive 84 points.
You press <<18>> and receive 84 points.
You press <<18>> and receive 84 points.

Environment number 11:
The value of option 1 is 21. You have 10 choices to make in this environment.
You press <<2>> and receive 15 points.
You press <<3>> and receive 13 points.
You press <<4>> and receive 25 points.
You press <<5>> and receive 44 points.
You press <<6>> and receive 60 points.
You press <<",54
11,19,7,8,1,smooth,1,10,21,48,"You will be presented with a series of 16 different environments to explore.
In each trial, you can select an option between numbers 1 and 30 by pressing the corresponding key.
By selecting any of these options, you will earn points associated with each unique option.
Imagine these options 1 through 30 as lying next to each other in an ordered line; options closer to each other tend to have similar rewards as rewards tend to cluster together.
For each environment, you will be able to make either 5 or 10 choices.
When you made all your choices in a given environment, you will start making choices in the next unexplored environment.
The rewards underlying the different options are different in each environment so you will learn them anew for each environment.
Each environment starts with the value of a single option revealed.
When you choose the number corresponding to a different option, you will be told the value of that option and receive those points.
Previously revealed options, including the starting option, can also be reselected, although there may be small changes in the point value.
It is your task to to learn where the largest reward is in each of the 16 environments.

Environment number 1:
The value of option 4 is 16. You have 10 choices to make in this environment.
You press <<4>> and receive 16 points.
You press <<3>> and receive 7 points.
You press <<5>> and receive 25 points.
You press <<6>> and receive 37 points.
You press <<7>> and receive 50 points.
You press <<8>> and receive 60 points.
You press <<9>> and receive 69 points.
You press <<10>> and receive 75 points.
You press <<11>> and receive 70 points.
You press <<10>> and receive 75 points.

Environment number 2:
The value of option 21 is 72. You have 5 choices to make in this environment.
You press <<22>> and receive 78 points.
You press <<23>> and receive 81 points.
You press <<24>> and receive 73 points.
You press <<20>> and receive 63 points.
You press <<23>> and receive 81 points.

Environment number 3:
The value of option 9 is 44. You have 5 choices to make in this environment.
You press <<8>> and receive 46 points.
You press <<7>> and receive 48 points.
You press <<6>> and receive 38 points.
You press <<10>> and receive 31 points.
You press <<7>> and receive 45 points.

Environment number 4:
The value of option 9 is 72. You have 10 choices to make in this environment.
You press <<8>> and receive 71 points.
You press <<10>> and receive 72 points.
You press <<11>> and receive 66 points.
You press <<7>> and receive 80 points.
You press <<6>> and receive 84 points.
You press <<5>> and receive 74 points.
You press <<6>> and receive 84 points.
You press <<6>> and receive 83 points.
You press <<6>> and receive 84 points.
You press <<6>> and receive 84 points.

Environment number 5:
The value of option 15 is 0. You have 5 choices to make in this environment.
You press <<14>> and receive 0 points.
You press <<16>> and receive 6 points.
You press <<17>> and receive 16 points.
You press <<18>> and receive 25 points.
You press <<19>> and receive 32 points.

Environment number 6:
The value of option 19 is 0. You have 5 choices to make in this environment.
You press <<20>> and receive 6 points.
You press <<18>> and receive 17 points.
You press <<17>> and receive 30 points.
You press <<16>> and receive 28 points.
You press <<17>> and receive 29 points.

Environment number 7:
The value of option 29 is 42. You have 5 choices to make in this environment.
You press <<28>> and receive 42 points.
You press <<27>> and receive 42 points.
You press <<26>> and receive 42 points.
You press <<25>> and receive 42 points.
You press <<24>> and receive 44 points.

Environment number 8:
The value of option 2 is 85. You have 5 choices to make in this environment.
You press <<1>> and receive 70 points.
You press <<3>> and receive 80 points.
You press <<4>> and receive 59 points.
You press <<2>> and receive 84 points.
You press <<2>> and receive 85 points.

Environment number 9:
The value of option 13 is 2. You have 10 choices to make in this environment.
You press <<12>> and receive 1 points.
You press <<14>> and receive 30 points.
You press <<15>> and receive 62 points.
You press <<16>> and receive 81 points.
You press <<17>> and receive 79 points.
You press <<16>> and receive 80 points.
You press <<16>> and receive 81 points.
You press <<16>> and receive 81 points.
You press <<16>> and receive 81 points.
You press <<16>> and receive 82 points.

Environment number 10:
The value of option 22 is 0. You have 10 choices to make in this environment.
You press <<23>> and receive 0 points.
You press <<21>> and receive 23 points.
You press <<20>> and receive 55 points.
You press <<19>> and receive 76 points.
You press <<18>> and receive 85 points.
You press <<17>> and receive 77 points.
You press <<18>> and receive 84 points.
You press <<18>> and receive 84 points.
You press <<18>> and receive 84 points.
You press <<18>> and receive 84 points.

Environment number 11:
The value of option 1 is 21. You have 10 choices to make in this environment.
You press <<2>> and receive 15 points.
You press <<3>> and receive 13 points.
You press <<4>> and receive 25 points.
You press <<5>> and receive 44 points.
You press <<6>> and receive 60 points.
You press <<7>> and receive 62 points.
You press <<",54
11,19,8,7,1,smooth,1,10,21,61,"You will be presented with a series of 16 different environments to explore.
In each trial, you can select an option between numbers 1 and 30 by pressing the corresponding key.
By selecting any of these options, you will earn points associated with each unique option.
Imagine these options 1 through 30 as lying next to each other in an ordered line; options closer to each other tend to have similar rewards as rewards tend to cluster together.
For each environment, you will be able to make either 5 or 10 choices.
When you made all your choices in a given environment, you will start making choices in the next unexplored environment.
The rewards underlying the different options are different in each environment so you will learn them anew for each environment.
Each environment starts with the value of a single option revealed.
When you choose the number corresponding to a different option, you will be told the value of that option and receive those points.
Previously revealed options, including the starting option, can also be reselected, although there may be small changes in the point value.
It is your task to to learn where the largest reward is in each of the 16 environments.

Environment number 1:
The value of option 4 is 16. You have 10 choices to make in this environment.
You press <<4>> and receive 16 points.
You press <<3>> and receive 7 points.
You press <<5>> and receive 25 points.
You press <<6>> and receive 37 points.
You press <<7>> and receive 50 points.
You press <<8>> and receive 60 points.
You press <<9>> and receive 69 points.
You press <<10>> and receive 75 points.
You press <<11>> and receive 70 points.
You press <<10>> and receive 75 points.

Environment number 2:
The value of option 21 is 72. You have 5 choices to make in this environment.
You press <<22>> and receive 78 points.
You press <<23>> and receive 81 points.
You press <<24>> and receive 73 points.
You press <<20>> and receive 63 points.
You press <<23>> and receive 81 points.

Environment number 3:
The value of option 9 is 44. You have 5 choices to make in this environment.
You press <<8>> and receive 46 points.
You press <<7>> and receive 48 points.
You press <<6>> and receive 38 points.
You press <<10>> and receive 31 points.
You press <<7>> and receive 45 points.

Environment number 4:
The value of option 9 is 72. You have 10 choices to make in this environment.
You press <<8>> and receive 71 points.
You press <<10>> and receive 72 points.
You press <<11>> and receive 66 points.
You press <<7>> and receive 80 points.
You press <<6>> and receive 84 points.
You press <<5>> and receive 74 points.
You press <<6>> and receive 84 points.
You press <<6>> and receive 83 points.
You press <<6>> and receive 84 points.
You press <<6>> and receive 84 points.

Environment number 5:
The value of option 15 is 0. You have 5 choices to make in this environment.
You press <<14>> and receive 0 points.
You press <<16>> and receive 6 points.
You press <<17>> and receive 16 points.
You press <<18>> and receive 25 points.
You press <<19>> and receive 32 points.

Environment number 6:
The value of option 19 is 0. You have 5 choices to make in this environment.
You press <<20>> and receive 6 points.
You press <<18>> and receive 17 points.
You press <<17>> and receive 30 points.
You press <<16>> and receive 28 points.
You press <<17>> and receive 29 points.

Environment number 7:
The value of option 29 is 42. You have 5 choices to make in this environment.
You press <<28>> and receive 42 points.
You press <<27>> and receive 42 points.
You press <<26>> and receive 42 points.
You press <<25>> and receive 42 points.
You press <<24>> and receive 44 points.

Environment number 8:
The value of option 2 is 85. You have 5 choices to make in this environment.
You press <<1>> and receive 70 points.
You press <<3>> and receive 80 points.
You press <<4>> and receive 59 points.
You press <<2>> and receive 84 points.
You press <<2>> and receive 85 points.

Environment number 9:
The value of option 13 is 2. You have 10 choices to make in this environment.
You press <<12>> and receive 1 points.
You press <<14>> and receive 30 points.
You press <<15>> and receive 62 points.
You press <<16>> and receive 81 points.
You press <<17>> and receive 79 points.
You press <<16>> and receive 80 points.
You press <<16>> and receive 81 points.
You press <<16>> and receive 81 points.
You press <<16>> and receive 81 points.
You press <<16>> and receive 82 points.

Environment number 10:
The value of option 22 is 0. You have 10 choices to make in this environment.
You press <<23>> and receive 0 points.
You press <<21>> and receive 23 points.
You press <<20>> and receive 55 points.
You press <<19>> and receive 76 points.
You press <<18>> and receive 85 points.
You press <<17>> and receive 77 points.
You press <<18>> and receive 84 points.
You press <<18>> and receive 84 points.
You press <<18>> and receive 84 points.
You press <<18>> and receive 84 points.

Environment number 11:
The value of option 1 is 21. You have 10 choices to make in this environment.
You press <<2>> and receive 15 points.
You press <<3>> and receive 13 points.
You press <<4>> and receive 25 points.
You press <<5>> and receive 44 points.
You press <<6>> and receive 60 points.
You press <<7>> and receive 62 points.
You press <<8>> and receive 48 points.
You press <<",54
11,19,9,7,1,smooth,1,10,21,61,"You will be presented with a series of 16 different environments to explore.
In each trial, you can select an option between numbers 1 and 30 by pressing the corresponding key.
By selecting any of these options, you will earn points associated with each unique option.
Imagine these options 1 through 30 as lying next to each other in an ordered line; options closer to each other tend to have similar rewards as rewards tend to cluster together.
For each environment, you will be able to make either 5 or 10 choices.
When you made all your choices in a given environment, you will start making choices in the next unexplored environment.
The rewards underlying the different options are different in each environment so you will learn them anew for each environment.
Each environment starts with the value of a single option revealed.
When you choose the number corresponding to a different option, you will be told the value of that option and receive those points.
Previously revealed options, including the starting option, can also be reselected, although there may be small changes in the point value.
It is your task to to learn where the largest reward is in each of the 16 environments.

Environment number 1:
The value of option 4 is 16. You have 10 choices to make in this environment.
You press <<4>> and receive 16 points.
You press <<3>> and receive 7 points.
You press <<5>> and receive 25 points.
You press <<6>> and receive 37 points.
You press <<7>> and receive 50 points.
You press <<8>> and receive 60 points.
You press <<9>> and receive 69 points.
You press <<10>> and receive 75 points.
You press <<11>> and receive 70 points.
You press <<10>> and receive 75 points.

Environment number 2:
The value of option 21 is 72. You have 5 choices to make in this environment.
You press <<22>> and receive 78 points.
You press <<23>> and receive 81 points.
You press <<24>> and receive 73 points.
You press <<20>> and receive 63 points.
You press <<23>> and receive 81 points.

Environment number 3:
The value of option 9 is 44. You have 5 choices to make in this environment.
You press <<8>> and receive 46 points.
You press <<7>> and receive 48 points.
You press <<6>> and receive 38 points.
You press <<10>> and receive 31 points.
You press <<7>> and receive 45 points.

Environment number 4:
The value of option 9 is 72. You have 10 choices to make in this environment.
You press <<8>> and receive 71 points.
You press <<10>> and receive 72 points.
You press <<11>> and receive 66 points.
You press <<7>> and receive 80 points.
You press <<6>> and receive 84 points.
You press <<5>> and receive 74 points.
You press <<6>> and receive 84 points.
You press <<6>> and receive 83 points.
You press <<6>> and receive 84 points.
You press <<6>> and receive 84 points.

Environment number 5:
The value of option 15 is 0. You have 5 choices to make in this environment.
You press <<14>> and receive 0 points.
You press <<16>> and receive 6 points.
You press <<17>> and receive 16 points.
You press <<18>> and receive 25 points.
You press <<19>> and receive 32 points.

Environment number 6:
The value of option 19 is 0. You have 5 choices to make in this environment.
You press <<20>> and receive 6 points.
You press <<18>> and receive 17 points.
You press <<17>> and receive 30 points.
You press <<16>> and receive 28 points.
You press <<17>> and receive 29 points.

Environment number 7:
The value of option 29 is 42. You have 5 choices to make in this environment.
You press <<28>> and receive 42 points.
You press <<27>> and receive 42 points.
You press <<26>> and receive 42 points.
You press <<25>> and receive 42 points.
You press <<24>> and receive 44 points.

Environment number 8:
The value of option 2 is 85. You have 5 choices to make in this environment.
You press <<1>> and receive 70 points.
You press <<3>> and receive 80 points.
You press <<4>> and receive 59 points.
You press <<2>> and receive 84 points.
You press <<2>> and receive 85 points.

Environment number 9:
The value of option 13 is 2. You have 10 choices to make in this environment.
You press <<12>> and receive 1 points.
You press <<14>> and receive 30 points.
You press <<15>> and receive 62 points.
You press <<16>> and receive 81 points.
You press <<17>> and receive 79 points.
You press <<16>> and receive 80 points.
You press <<16>> and receive 81 points.
You press <<16>> and receive 81 points.
You press <<16>> and receive 81 points.
You press <<16>> and receive 82 points.

Environment number 10:
The value of option 22 is 0. You have 10 choices to make in this environment.
You press <<23>> and receive 0 points.
You press <<21>> and receive 23 points.
You press <<20>> and receive 55 points.
You press <<19>> and receive 76 points.
You press <<18>> and receive 85 points.
You press <<17>> and receive 77 points.
You press <<18>> and receive 84 points.
You press <<18>> and receive 84 points.
You press <<18>> and receive 84 points.
You press <<18>> and receive 84 points.

Environment number 11:
The value of option 1 is 21. You have 10 choices to make in this environment.
You press <<2>> and receive 15 points.
You press <<3>> and receive 13 points.
You press <<4>> and receive 25 points.
You press <<5>> and receive 44 points.
You press <<6>> and receive 60 points.
You press <<7>> and receive 62 points.
You press <<8>> and receive 48 points.
You press <<7>> and receive 61 points.
You press <<",54
11,19,10,7,1,smooth,1,10,21,60,"You will be presented with a series of 16 different environments to explore.
In each trial, you can select an option between numbers 1 and 30 by pressing the corresponding key.
By selecting any of these options, you will earn points associated with each unique option.
Imagine these options 1 through 30 as lying next to each other in an ordered line; options closer to each other tend to have similar rewards as rewards tend to cluster together.
For each environment, you will be able to make either 5 or 10 choices.
When you made all your choices in a given environment, you will start making choices in the next unexplored environment.
The rewards underlying the different options are different in each environment so you will learn them anew for each environment.
Each environment starts with the value of a single option revealed.
When you choose the number corresponding to a different option, you will be told the value of that option and receive those points.
Previously revealed options, including the starting option, can also be reselected, although there may be small changes in the point value.
It is your task to to learn where the largest reward is in each of the 16 environments.

Environment number 1:
The value of option 4 is 16. You have 10 choices to make in this environment.
You press <<4>> and receive 16 points.
You press <<3>> and receive 7 points.
You press <<5>> and receive 25 points.
You press <<6>> and receive 37 points.
You press <<7>> and receive 50 points.
You press <<8>> and receive 60 points.
You press <<9>> and receive 69 points.
You press <<10>> and receive 75 points.
You press <<11>> and receive 70 points.
You press <<10>> and receive 75 points.

Environment number 2:
The value of option 21 is 72. You have 5 choices to make in this environment.
You press <<22>> and receive 78 points.
You press <<23>> and receive 81 points.
You press <<24>> and receive 73 points.
You press <<20>> and receive 63 points.
You press <<23>> and receive 81 points.

Environment number 3:
The value of option 9 is 44. You have 5 choices to make in this environment.
You press <<8>> and receive 46 points.
You press <<7>> and receive 48 points.
You press <<6>> and receive 38 points.
You press <<10>> and receive 31 points.
You press <<7>> and receive 45 points.

Environment number 4:
The value of option 9 is 72. You have 10 choices to make in this environment.
You press <<8>> and receive 71 points.
You press <<10>> and receive 72 points.
You press <<11>> and receive 66 points.
You press <<7>> and receive 80 points.
You press <<6>> and receive 84 points.
You press <<5>> and receive 74 points.
You press <<6>> and receive 84 points.
You press <<6>> and receive 83 points.
You press <<6>> and receive 84 points.
You press <<6>> and receive 84 points.

Environment number 5:
The value of option 15 is 0. You have 5 choices to make in this environment.
You press <<14>> and receive 0 points.
You press <<16>> and receive 6 points.
You press <<17>> and receive 16 points.
You press <<18>> and receive 25 points.
You press <<19>> and receive 32 points.

Environment number 6:
The value of option 19 is 0. You have 5 choices to make in this environment.
You press <<20>> and receive 6 points.
You press <<18>> and receive 17 points.
You press <<17>> and receive 30 points.
You press <<16>> and receive 28 points.
You press <<17>> and receive 29 points.

Environment number 7:
The value of option 29 is 42. You have 5 choices to make in this environment.
You press <<28>> and receive 42 points.
You press <<27>> and receive 42 points.
You press <<26>> and receive 42 points.
You press <<25>> and receive 42 points.
You press <<24>> and receive 44 points.

Environment number 8:
The value of option 2 is 85. You have 5 choices to make in this environment.
You press <<1>> and receive 70 points.
You press <<3>> and receive 80 points.
You press <<4>> and receive 59 points.
You press <<2>> and receive 84 points.
You press <<2>> and receive 85 points.

Environment number 9:
The value of option 13 is 2. You have 10 choices to make in this environment.
You press <<12>> and receive 1 points.
You press <<14>> and receive 30 points.
You press <<15>> and receive 62 points.
You press <<16>> and receive 81 points.
You press <<17>> and receive 79 points.
You press <<16>> and receive 80 points.
You press <<16>> and receive 81 points.
You press <<16>> and receive 81 points.
You press <<16>> and receive 81 points.
You press <<16>> and receive 82 points.

Environment number 10:
The value of option 22 is 0. You have 10 choices to make in this environment.
You press <<23>> and receive 0 points.
You press <<21>> and receive 23 points.
You press <<20>> and receive 55 points.
You press <<19>> and receive 76 points.
You press <<18>> and receive 85 points.
You press <<17>> and receive 77 points.
You press <<18>> and receive 84 points.
You press <<18>> and receive 84 points.
You press <<18>> and receive 84 points.
You press <<18>> and receive 84 points.

Environment number 11:
The value of option 1 is 21. You have 10 choices to make in this environment.
You press <<2>> and receive 15 points.
You press <<3>> and receive 13 points.
You press <<4>> and receive 25 points.
You press <<5>> and receive 44 points.
You press <<6>> and receive 60 points.
You press <<7>> and receive 62 points.
You press <<8>> and receive 48 points.
You press <<7>> and receive 61 points.
You press <<7>> and receive 61 points.
You press <<",54
12,24,1,11,1,smooth,12,10,28,13,"You will be presented with a series of 16 different environments to explore.
In each trial, you can select an option between numbers 1 and 30 by pressing the corresponding key.
By selecting any of these options, you will earn points associated with each unique option.
Imagine these options 1 through 30 as lying next to each other in an ordered line; options closer to each other tend to have similar rewards as rewards tend to cluster together.
For each environment, you will be able to make either 5 or 10 choices.
When you made all your choices in a given environment, you will start making choices in the next unexplored environment.
The rewards underlying the different options are different in each environment so you will learn them anew for each environment.
Each environment starts with the value of a single option revealed.
When you choose the number corresponding to a different option, you will be told the value of that option and receive those points.
Previously revealed options, including the starting option, can also be reselected, although there may be small changes in the point value.
It is your task to to learn where the largest reward is in each of the 16 environments.

Environment number 1:
The value of option 4 is 16. You have 10 choices to make in this environment.
You press <<4>> and receive 16 points.
You press <<3>> and receive 7 points.
You press <<5>> and receive 25 points.
You press <<6>> and receive 37 points.
You press <<7>> and receive 50 points.
You press <<8>> and receive 60 points.
You press <<9>> and receive 69 points.
You press <<10>> and receive 75 points.
You press <<11>> and receive 70 points.
You press <<10>> and receive 75 points.

Environment number 2:
The value of option 21 is 72. You have 5 choices to make in this environment.
You press <<22>> and receive 78 points.
You press <<23>> and receive 81 points.
You press <<24>> and receive 73 points.
You press <<20>> and receive 63 points.
You press <<23>> and receive 81 points.

Environment number 3:
The value of option 9 is 44. You have 5 choices to make in this environment.
You press <<8>> and receive 46 points.
You press <<7>> and receive 48 points.
You press <<6>> and receive 38 points.
You press <<10>> and receive 31 points.
You press <<7>> and receive 45 points.

Environment number 4:
The value of option 9 is 72. You have 10 choices to make in this environment.
You press <<8>> and receive 71 points.
You press <<10>> and receive 72 points.
You press <<11>> and receive 66 points.
You press <<7>> and receive 80 points.
You press <<6>> and receive 84 points.
You press <<5>> and receive 74 points.
You press <<6>> and receive 84 points.
You press <<6>> and receive 83 points.
You press <<6>> and receive 84 points.
You press <<6>> and receive 84 points.

Environment number 5:
The value of option 15 is 0. You have 5 choices to make in this environment.
You press <<14>> and receive 0 points.
You press <<16>> and receive 6 points.
You press <<17>> and receive 16 points.
You press <<18>> and receive 25 points.
You press <<19>> and receive 32 points.

Environment number 6:
The value of option 19 is 0. You have 5 choices to make in this environment.
You press <<20>> and receive 6 points.
You press <<18>> and receive 17 points.
You press <<17>> and receive 30 points.
You press <<16>> and receive 28 points.
You press <<17>> and receive 29 points.

Environment number 7:
The value of option 29 is 42. You have 5 choices to make in this environment.
You press <<28>> and receive 42 points.
You press <<27>> and receive 42 points.
You press <<26>> and receive 42 points.
You press <<25>> and receive 42 points.
You press <<24>> and receive 44 points.

Environment number 8:
The value of option 2 is 85. You have 5 choices to make in this environment.
You press <<1>> and receive 70 points.
You press <<3>> and receive 80 points.
You press <<4>> and receive 59 points.
You press <<2>> and receive 84 points.
You press <<2>> and receive 85 points.

Environment number 9:
The value of option 13 is 2. You have 10 choices to make in this environment.
You press <<12>> and receive 1 points.
You press <<14>> and receive 30 points.
You press <<15>> and receive 62 points.
You press <<16>> and receive 81 points.
You press <<17>> and receive 79 points.
You press <<16>> and receive 80 points.
You press <<16>> and receive 81 points.
You press <<16>> and receive 81 points.
You press <<16>> and receive 81 points.
You press <<16>> and receive 82 points.

Environment number 10:
The value of option 22 is 0. You have 10 choices to make in this environment.
You press <<23>> and receive 0 points.
You press <<21>> and receive 23 points.
You press <<20>> and receive 55 points.
You press <<19>> and receive 76 points.
You press <<18>> and receive 85 points.
You press <<17>> and receive 77 points.
You press <<18>> and receive 84 points.
You press <<18>> and receive 84 points.
You press <<18>> and receive 84 points.
You press <<18>> and receive 84 points.

Environment number 11:
The value of option 1 is 21. You have 10 choices to make in this environment.
You press <<2>> and receive 15 points.
You press <<3>> and receive 13 points.
You press <<4>> and receive 25 points.
You press <<5>> and receive 44 points.
You press <<6>> and receive 60 points.
You press <<7>> and receive 62 points.
You press <<8>> and receive 48 points.
You press <<7>> and receive 61 points.
You press <<7>> and receive 61 points.
You press <<7>> and receive 60 points.

Environment number 12:
The value of option 12 is 28. You have 10 choices to make in this environment.
You press <<",54
12,24,2,13,1,smooth,12,10,28,44,"You will be presented with a series of 16 different environments to explore.
In each trial, you can select an option between numbers 1 and 30 by pressing the corresponding key.
By selecting any of these options, you will earn points associated with each unique option.
Imagine these options 1 through 30 as lying next to each other in an ordered line; options closer to each other tend to have similar rewards as rewards tend to cluster together.
For each environment, you will be able to make either 5 or 10 choices.
When you made all your choices in a given environment, you will start making choices in the next unexplored environment.
The rewards underlying the different options are different in each environment so you will learn them anew for each environment.
Each environment starts with the value of a single option revealed.
When you choose the number corresponding to a different option, you will be told the value of that option and receive those points.
Previously revealed options, including the starting option, can also be reselected, although there may be small changes in the point value.
It is your task to to learn where the largest reward is in each of the 16 environments.

Environment number 1:
The value of option 4 is 16. You have 10 choices to make in this environment.
You press <<4>> and receive 16 points.
You press <<3>> and receive 7 points.
You press <<5>> and receive 25 points.
You press <<6>> and receive 37 points.
You press <<7>> and receive 50 points.
You press <<8>> and receive 60 points.
You press <<9>> and receive 69 points.
You press <<10>> and receive 75 points.
You press <<11>> and receive 70 points.
You press <<10>> and receive 75 points.

Environment number 2:
The value of option 21 is 72. You have 5 choices to make in this environment.
You press <<22>> and receive 78 points.
You press <<23>> and receive 81 points.
You press <<24>> and receive 73 points.
You press <<20>> and receive 63 points.
You press <<23>> and receive 81 points.

Environment number 3:
The value of option 9 is 44. You have 5 choices to make in this environment.
You press <<8>> and receive 46 points.
You press <<7>> and receive 48 points.
You press <<6>> and receive 38 points.
You press <<10>> and receive 31 points.
You press <<7>> and receive 45 points.

Environment number 4:
The value of option 9 is 72. You have 10 choices to make in this environment.
You press <<8>> and receive 71 points.
You press <<10>> and receive 72 points.
You press <<11>> and receive 66 points.
You press <<7>> and receive 80 points.
You press <<6>> and receive 84 points.
You press <<5>> and receive 74 points.
You press <<6>> and receive 84 points.
You press <<6>> and receive 83 points.
You press <<6>> and receive 84 points.
You press <<6>> and receive 84 points.

Environment number 5:
The value of option 15 is 0. You have 5 choices to make in this environment.
You press <<14>> and receive 0 points.
You press <<16>> and receive 6 points.
You press <<17>> and receive 16 points.
You press <<18>> and receive 25 points.
You press <<19>> and receive 32 points.

Environment number 6:
The value of option 19 is 0. You have 5 choices to make in this environment.
You press <<20>> and receive 6 points.
You press <<18>> and receive 17 points.
You press <<17>> and receive 30 points.
You press <<16>> and receive 28 points.
You press <<17>> and receive 29 points.

Environment number 7:
The value of option 29 is 42. You have 5 choices to make in this environment.
You press <<28>> and receive 42 points.
You press <<27>> and receive 42 points.
You press <<26>> and receive 42 points.
You press <<25>> and receive 42 points.
You press <<24>> and receive 44 points.

Environment number 8:
The value of option 2 is 85. You have 5 choices to make in this environment.
You press <<1>> and receive 70 points.
You press <<3>> and receive 80 points.
You press <<4>> and receive 59 points.
You press <<2>> and receive 84 points.
You press <<2>> and receive 85 points.

Environment number 9:
The value of option 13 is 2. You have 10 choices to make in this environment.
You press <<12>> and receive 1 points.
You press <<14>> and receive 30 points.
You press <<15>> and receive 62 points.
You press <<16>> and receive 81 points.
You press <<17>> and receive 79 points.
You press <<16>> and receive 80 points.
You press <<16>> and receive 81 points.
You press <<16>> and receive 81 points.
You press <<16>> and receive 81 points.
You press <<16>> and receive 82 points.

Environment number 10:
The value of option 22 is 0. You have 10 choices to make in this environment.
You press <<23>> and receive 0 points.
You press <<21>> and receive 23 points.
You press <<20>> and receive 55 points.
You press <<19>> and receive 76 points.
You press <<18>> and receive 85 points.
You press <<17>> and receive 77 points.
You press <<18>> and receive 84 points.
You press <<18>> and receive 84 points.
You press <<18>> and receive 84 points.
You press <<18>> and receive 84 points.

Environment number 11:
The value of option 1 is 21. You have 10 choices to make in this environment.
You press <<2>> and receive 15 points.
You press <<3>> and receive 13 points.
You press <<4>> and receive 25 points.
You press <<5>> and receive 44 points.
You press <<6>> and receive 60 points.
You press <<7>> and receive 62 points.
You press <<8>> and receive 48 points.
You press <<7>> and receive 61 points.
You press <<7>> and receive 61 points.
You press <<7>> and receive 60 points.

Environment number 12:
The value of option 12 is 28. You have 10 choices to make in this environment.
You press <<11>> and receive 13 points.
You press <<",54
12,24,3,14,1,smooth,12,10,28,49,"You will be presented with a series of 16 different environments to explore.
In each trial, you can select an option between numbers 1 and 30 by pressing the corresponding key.
By selecting any of these options, you will earn points associated with each unique option.
Imagine these options 1 through 30 as lying next to each other in an ordered line; options closer to each other tend to have similar rewards as rewards tend to cluster together.
For each environment, you will be able to make either 5 or 10 choices.
When you made all your choices in a given environment, you will start making choices in the next unexplored environment.
The rewards underlying the different options are different in each environment so you will learn them anew for each environment.
Each environment starts with the value of a single option revealed.
When you choose the number corresponding to a different option, you will be told the value of that option and receive those points.
Previously revealed options, including the starting option, can also be reselected, although there may be small changes in the point value.
It is your task to to learn where the largest reward is in each of the 16 environments.

Environment number 1:
The value of option 4 is 16. You have 10 choices to make in this environment.
You press <<4>> and receive 16 points.
You press <<3>> and receive 7 points.
You press <<5>> and receive 25 points.
You press <<6>> and receive 37 points.
You press <<7>> and receive 50 points.
You press <<8>> and receive 60 points.
You press <<9>> and receive 69 points.
You press <<10>> and receive 75 points.
You press <<11>> and receive 70 points.
You press <<10>> and receive 75 points.

Environment number 2:
The value of option 21 is 72. You have 5 choices to make in this environment.
You press <<22>> and receive 78 points.
You press <<23>> and receive 81 points.
You press <<24>> and receive 73 points.
You press <<20>> and receive 63 points.
You press <<23>> and receive 81 points.

Environment number 3:
The value of option 9 is 44. You have 5 choices to make in this environment.
You press <<8>> and receive 46 points.
You press <<7>> and receive 48 points.
You press <<6>> and receive 38 points.
You press <<10>> and receive 31 points.
You press <<7>> and receive 45 points.

Environment number 4:
The value of option 9 is 72. You have 10 choices to make in this environment.
You press <<8>> and receive 71 points.
You press <<10>> and receive 72 points.
You press <<11>> and receive 66 points.
You press <<7>> and receive 80 points.
You press <<6>> and receive 84 points.
You press <<5>> and receive 74 points.
You press <<6>> and receive 84 points.
You press <<6>> and receive 83 points.
You press <<6>> and receive 84 points.
You press <<6>> and receive 84 points.

Environment number 5:
The value of option 15 is 0. You have 5 choices to make in this environment.
You press <<14>> and receive 0 points.
You press <<16>> and receive 6 points.
You press <<17>> and receive 16 points.
You press <<18>> and receive 25 points.
You press <<19>> and receive 32 points.

Environment number 6:
The value of option 19 is 0. You have 5 choices to make in this environment.
You press <<20>> and receive 6 points.
You press <<18>> and receive 17 points.
You press <<17>> and receive 30 points.
You press <<16>> and receive 28 points.
You press <<17>> and receive 29 points.

Environment number 7:
The value of option 29 is 42. You have 5 choices to make in this environment.
You press <<28>> and receive 42 points.
You press <<27>> and receive 42 points.
You press <<26>> and receive 42 points.
You press <<25>> and receive 42 points.
You press <<24>> and receive 44 points.

Environment number 8:
The value of option 2 is 85. You have 5 choices to make in this environment.
You press <<1>> and receive 70 points.
You press <<3>> and receive 80 points.
You press <<4>> and receive 59 points.
You press <<2>> and receive 84 points.
You press <<2>> and receive 85 points.

Environment number 9:
The value of option 13 is 2. You have 10 choices to make in this environment.
You press <<12>> and receive 1 points.
You press <<14>> and receive 30 points.
You press <<15>> and receive 62 points.
You press <<16>> and receive 81 points.
You press <<17>> and receive 79 points.
You press <<16>> and receive 80 points.
You press <<16>> and receive 81 points.
You press <<16>> and receive 81 points.
You press <<16>> and receive 81 points.
You press <<16>> and receive 82 points.

Environment number 10:
The value of option 22 is 0. You have 10 choices to make in this environment.
You press <<23>> and receive 0 points.
You press <<21>> and receive 23 points.
You press <<20>> and receive 55 points.
You press <<19>> and receive 76 points.
You press <<18>> and receive 85 points.
You press <<17>> and receive 77 points.
You press <<18>> and receive 84 points.
You press <<18>> and receive 84 points.
You press <<18>> and receive 84 points.
You press <<18>> and receive 84 points.

Environment number 11:
The value of option 1 is 21. You have 10 choices to make in this environment.
You press <<2>> and receive 15 points.
You press <<3>> and receive 13 points.
You press <<4>> and receive 25 points.
You press <<5>> and receive 44 points.
You press <<6>> and receive 60 points.
You press <<7>> and receive 62 points.
You press <<8>> and receive 48 points.
You press <<7>> and receive 61 points.
You press <<7>> and receive 61 points.
You press <<7>> and receive 60 points.

Environment number 12:
The value of option 12 is 28. You have 10 choices to make in this environment.
You press <<11>> and receive 13 points.
You press <<13>> and receive 44 points.
You press <<",54
12,24,4,15,1,smooth,12,10,28,53,"You will be presented with a series of 16 different environments to explore.
In each trial, you can select an option between numbers 1 and 30 by pressing the corresponding key.
By selecting any of these options, you will earn points associated with each unique option.
Imagine these options 1 through 30 as lying next to each other in an ordered line; options closer to each other tend to have similar rewards as rewards tend to cluster together.
For each environment, you will be able to make either 5 or 10 choices.
When you made all your choices in a given environment, you will start making choices in the next unexplored environment.
The rewards underlying the different options are different in each environment so you will learn them anew for each environment.
Each environment starts with the value of a single option revealed.
When you choose the number corresponding to a different option, you will be told the value of that option and receive those points.
Previously revealed options, including the starting option, can also be reselected, although there may be small changes in the point value.
It is your task to to learn where the largest reward is in each of the 16 environments.

Environment number 1:
The value of option 4 is 16. You have 10 choices to make in this environment.
You press <<4>> and receive 16 points.
You press <<3>> and receive 7 points.
You press <<5>> and receive 25 points.
You press <<6>> and receive 37 points.
You press <<7>> and receive 50 points.
You press <<8>> and receive 60 points.
You press <<9>> and receive 69 points.
You press <<10>> and receive 75 points.
You press <<11>> and receive 70 points.
You press <<10>> and receive 75 points.

Environment number 2:
The value of option 21 is 72. You have 5 choices to make in this environment.
You press <<22>> and receive 78 points.
You press <<23>> and receive 81 points.
You press <<24>> and receive 73 points.
You press <<20>> and receive 63 points.
You press <<23>> and receive 81 points.

Environment number 3:
The value of option 9 is 44. You have 5 choices to make in this environment.
You press <<8>> and receive 46 points.
You press <<7>> and receive 48 points.
You press <<6>> and receive 38 points.
You press <<10>> and receive 31 points.
You press <<7>> and receive 45 points.

Environment number 4:
The value of option 9 is 72. You have 10 choices to make in this environment.
You press <<8>> and receive 71 points.
You press <<10>> and receive 72 points.
You press <<11>> and receive 66 points.
You press <<7>> and receive 80 points.
You press <<6>> and receive 84 points.
You press <<5>> and receive 74 points.
You press <<6>> and receive 84 points.
You press <<6>> and receive 83 points.
You press <<6>> and receive 84 points.
You press <<6>> and receive 84 points.

Environment number 5:
The value of option 15 is 0. You have 5 choices to make in this environment.
You press <<14>> and receive 0 points.
You press <<16>> and receive 6 points.
You press <<17>> and receive 16 points.
You press <<18>> and receive 25 points.
You press <<19>> and receive 32 points.

Environment number 6:
The value of option 19 is 0. You have 5 choices to make in this environment.
You press <<20>> and receive 6 points.
You press <<18>> and receive 17 points.
You press <<17>> and receive 30 points.
You press <<16>> and receive 28 points.
You press <<17>> and receive 29 points.

Environment number 7:
The value of option 29 is 42. You have 5 choices to make in this environment.
You press <<28>> and receive 42 points.
You press <<27>> and receive 42 points.
You press <<26>> and receive 42 points.
You press <<25>> and receive 42 points.
You press <<24>> and receive 44 points.

Environment number 8:
The value of option 2 is 85. You have 5 choices to make in this environment.
You press <<1>> and receive 70 points.
You press <<3>> and receive 80 points.
You press <<4>> and receive 59 points.
You press <<2>> and receive 84 points.
You press <<2>> and receive 85 points.

Environment number 9:
The value of option 13 is 2. You have 10 choices to make in this environment.
You press <<12>> and receive 1 points.
You press <<14>> and receive 30 points.
You press <<15>> and receive 62 points.
You press <<16>> and receive 81 points.
You press <<17>> and receive 79 points.
You press <<16>> and receive 80 points.
You press <<16>> and receive 81 points.
You press <<16>> and receive 81 points.
You press <<16>> and receive 81 points.
You press <<16>> and receive 82 points.

Environment number 10:
The value of option 22 is 0. You have 10 choices to make in this environment.
You press <<23>> and receive 0 points.
You press <<21>> and receive 23 points.
You press <<20>> and receive 55 points.
You press <<19>> and receive 76 points.
You press <<18>> and receive 85 points.
You press <<17>> and receive 77 points.
You press <<18>> and receive 84 points.
You press <<18>> and receive 84 points.
You press <<18>> and receive 84 points.
You press <<18>> and receive 84 points.

Environment number 11:
The value of option 1 is 21. You have 10 choices to make in this environment.
You press <<2>> and receive 15 points.
You press <<3>> and receive 13 points.
You press <<4>> and receive 25 points.
You press <<5>> and receive 44 points.
You press <<6>> and receive 60 points.
You press <<7>> and receive 62 points.
You press <<8>> and receive 48 points.
You press <<7>> and receive 61 points.
You press <<7>> and receive 61 points.
You press <<7>> and receive 60 points.

Environment number 12:
The value of option 12 is 28. You have 10 choices to make in this environment.
You press <<11>> and receive 13 points.
You press <<13>> and receive 44 points.
You press <<14>> and receive 49 points.
You press <<",54
12,24,5,16,1,smooth,12,10,28,45,"You will be presented with a series of 16 different environments to explore.
In each trial, you can select an option between numbers 1 and 30 by pressing the corresponding key.
By selecting any of these options, you will earn points associated with each unique option.
Imagine these options 1 through 30 as lying next to each other in an ordered line; options closer to each other tend to have similar rewards as rewards tend to cluster together.
For each environment, you will be able to make either 5 or 10 choices.
When you made all your choices in a given environment, you will start making choices in the next unexplored environment.
The rewards underlying the different options are different in each environment so you will learn them anew for each environment.
Each environment starts with the value of a single option revealed.
When you choose the number corresponding to a different option, you will be told the value of that option and receive those points.
Previously revealed options, including the starting option, can also be reselected, although there may be small changes in the point value.
It is your task to to learn where the largest reward is in each of the 16 environments.

Environment number 1:
The value of option 4 is 16. You have 10 choices to make in this environment.
You press <<4>> and receive 16 points.
You press <<3>> and receive 7 points.
You press <<5>> and receive 25 points.
You press <<6>> and receive 37 points.
You press <<7>> and receive 50 points.
You press <<8>> and receive 60 points.
You press <<9>> and receive 69 points.
You press <<10>> and receive 75 points.
You press <<11>> and receive 70 points.
You press <<10>> and receive 75 points.

Environment number 2:
The value of option 21 is 72. You have 5 choices to make in this environment.
You press <<22>> and receive 78 points.
You press <<23>> and receive 81 points.
You press <<24>> and receive 73 points.
You press <<20>> and receive 63 points.
You press <<23>> and receive 81 points.

Environment number 3:
The value of option 9 is 44. You have 5 choices to make in this environment.
You press <<8>> and receive 46 points.
You press <<7>> and receive 48 points.
You press <<6>> and receive 38 points.
You press <<10>> and receive 31 points.
You press <<7>> and receive 45 points.

Environment number 4:
The value of option 9 is 72. You have 10 choices to make in this environment.
You press <<8>> and receive 71 points.
You press <<10>> and receive 72 points.
You press <<11>> and receive 66 points.
You press <<7>> and receive 80 points.
You press <<6>> and receive 84 points.
You press <<5>> and receive 74 points.
You press <<6>> and receive 84 points.
You press <<6>> and receive 83 points.
You press <<6>> and receive 84 points.
You press <<6>> and receive 84 points.

Environment number 5:
The value of option 15 is 0. You have 5 choices to make in this environment.
You press <<14>> and receive 0 points.
You press <<16>> and receive 6 points.
You press <<17>> and receive 16 points.
You press <<18>> and receive 25 points.
You press <<19>> and receive 32 points.

Environment number 6:
The value of option 19 is 0. You have 5 choices to make in this environment.
You press <<20>> and receive 6 points.
You press <<18>> and receive 17 points.
You press <<17>> and receive 30 points.
You press <<16>> and receive 28 points.
You press <<17>> and receive 29 points.

Environment number 7:
The value of option 29 is 42. You have 5 choices to make in this environment.
You press <<28>> and receive 42 points.
You press <<27>> and receive 42 points.
You press <<26>> and receive 42 points.
You press <<25>> and receive 42 points.
You press <<24>> and receive 44 points.

Environment number 8:
The value of option 2 is 85. You have 5 choices to make in this environment.
You press <<1>> and receive 70 points.
You press <<3>> and receive 80 points.
You press <<4>> and receive 59 points.
You press <<2>> and receive 84 points.
You press <<2>> and receive 85 points.

Environment number 9:
The value of option 13 is 2. You have 10 choices to make in this environment.
You press <<12>> and receive 1 points.
You press <<14>> and receive 30 points.
You press <<15>> and receive 62 points.
You press <<16>> and receive 81 points.
You press <<17>> and receive 79 points.
You press <<16>> and receive 80 points.
You press <<16>> and receive 81 points.
You press <<16>> and receive 81 points.
You press <<16>> and receive 81 points.
You press <<16>> and receive 82 points.

Environment number 10:
The value of option 22 is 0. You have 10 choices to make in this environment.
You press <<23>> and receive 0 points.
You press <<21>> and receive 23 points.
You press <<20>> and receive 55 points.
You press <<19>> and receive 76 points.
You press <<18>> and receive 85 points.
You press <<17>> and receive 77 points.
You press <<18>> and receive 84 points.
You press <<18>> and receive 84 points.
You press <<18>> and receive 84 points.
You press <<18>> and receive 84 points.

Environment number 11:
The value of option 1 is 21. You have 10 choices to make in this environment.
You press <<2>> and receive 15 points.
You press <<3>> and receive 13 points.
You press <<4>> and receive 25 points.
You press <<5>> and receive 44 points.
You press <<6>> and receive 60 points.
You press <<7>> and receive 62 points.
You press <<8>> and receive 48 points.
You press <<7>> and receive 61 points.
You press <<7>> and receive 61 points.
You press <<7>> and receive 60 points.

Environment number 12:
The value of option 12 is 28. You have 10 choices to make in this environment.
You press <<11>> and receive 13 points.
You press <<13>> and receive 44 points.
You press <<14>> and receive 49 points.
You press <<15>> and receive 53 points.
You press <<",54
12,24,6,15,1,smooth,12,10,28,51,"You will be presented with a series of 16 different environments to explore.
In each trial, you can select an option between numbers 1 and 30 by pressing the corresponding key.
By selecting any of these options, you will earn points associated with each unique option.
Imagine these options 1 through 30 as lying next to each other in an ordered line; options closer to each other tend to have similar rewards as rewards tend to cluster together.
For each environment, you will be able to make either 5 or 10 choices.
When you made all your choices in a given environment, you will start making choices in the next unexplored environment.
The rewards underlying the different options are different in each environment so you will learn them anew for each environment.
Each environment starts with the value of a single option revealed.
When you choose the number corresponding to a different option, you will be told the value of that option and receive those points.
Previously revealed options, including the starting option, can also be reselected, although there may be small changes in the point value.
It is your task to to learn where the largest reward is in each of the 16 environments.

Environment number 1:
The value of option 4 is 16. You have 10 choices to make in this environment.
You press <<4>> and receive 16 points.
You press <<3>> and receive 7 points.
You press <<5>> and receive 25 points.
You press <<6>> and receive 37 points.
You press <<7>> and receive 50 points.
You press <<8>> and receive 60 points.
You press <<9>> and receive 69 points.
You press <<10>> and receive 75 points.
You press <<11>> and receive 70 points.
You press <<10>> and receive 75 points.

Environment number 2:
The value of option 21 is 72. You have 5 choices to make in this environment.
You press <<22>> and receive 78 points.
You press <<23>> and receive 81 points.
You press <<24>> and receive 73 points.
You press <<20>> and receive 63 points.
You press <<23>> and receive 81 points.

Environment number 3:
The value of option 9 is 44. You have 5 choices to make in this environment.
You press <<8>> and receive 46 points.
You press <<7>> and receive 48 points.
You press <<6>> and receive 38 points.
You press <<10>> and receive 31 points.
You press <<7>> and receive 45 points.

Environment number 4:
The value of option 9 is 72. You have 10 choices to make in this environment.
You press <<8>> and receive 71 points.
You press <<10>> and receive 72 points.
You press <<11>> and receive 66 points.
You press <<7>> and receive 80 points.
You press <<6>> and receive 84 points.
You press <<5>> and receive 74 points.
You press <<6>> and receive 84 points.
You press <<6>> and receive 83 points.
You press <<6>> and receive 84 points.
You press <<6>> and receive 84 points.

Environment number 5:
The value of option 15 is 0. You have 5 choices to make in this environment.
You press <<14>> and receive 0 points.
You press <<16>> and receive 6 points.
You press <<17>> and receive 16 points.
You press <<18>> and receive 25 points.
You press <<19>> and receive 32 points.

Environment number 6:
The value of option 19 is 0. You have 5 choices to make in this environment.
You press <<20>> and receive 6 points.
You press <<18>> and receive 17 points.
You press <<17>> and receive 30 points.
You press <<16>> and receive 28 points.
You press <<17>> and receive 29 points.

Environment number 7:
The value of option 29 is 42. You have 5 choices to make in this environment.
You press <<28>> and receive 42 points.
You press <<27>> and receive 42 points.
You press <<26>> and receive 42 points.
You press <<25>> and receive 42 points.
You press <<24>> and receive 44 points.

Environment number 8:
The value of option 2 is 85. You have 5 choices to make in this environment.
You press <<1>> and receive 70 points.
You press <<3>> and receive 80 points.
You press <<4>> and receive 59 points.
You press <<2>> and receive 84 points.
You press <<2>> and receive 85 points.

Environment number 9:
The value of option 13 is 2. You have 10 choices to make in this environment.
You press <<12>> and receive 1 points.
You press <<14>> and receive 30 points.
You press <<15>> and receive 62 points.
You press <<16>> and receive 81 points.
You press <<17>> and receive 79 points.
You press <<16>> and receive 80 points.
You press <<16>> and receive 81 points.
You press <<16>> and receive 81 points.
You press <<16>> and receive 81 points.
You press <<16>> and receive 82 points.

Environment number 10:
The value of option 22 is 0. You have 10 choices to make in this environment.
You press <<23>> and receive 0 points.
You press <<21>> and receive 23 points.
You press <<20>> and receive 55 points.
You press <<19>> and receive 76 points.
You press <<18>> and receive 85 points.
You press <<17>> and receive 77 points.
You press <<18>> and receive 84 points.
You press <<18>> and receive 84 points.
You press <<18>> and receive 84 points.
You press <<18>> and receive 84 points.

Environment number 11:
The value of option 1 is 21. You have 10 choices to make in this environment.
You press <<2>> and receive 15 points.
You press <<3>> and receive 13 points.
You press <<4>> and receive 25 points.
You press <<5>> and receive 44 points.
You press <<6>> and receive 60 points.
You press <<7>> and receive 62 points.
You press <<8>> and receive 48 points.
You press <<7>> and receive 61 points.
You press <<7>> and receive 61 points.
You press <<7>> and receive 60 points.

Environment number 12:
The value of option 12 is 28. You have 10 choices to make in this environment.
You press <<11>> and receive 13 points.
You press <<13>> and receive 44 points.
You press <<14>> and receive 49 points.
You press <<15>> and receive 53 points.
You press <<16>> and receive 45 points.
You press <<",54
12,24,7,15,1,smooth,12,10,28,51,"You will be presented with a series of 16 different environments to explore.
In each trial, you can select an option between numbers 1 and 30 by pressing the corresponding key.
By selecting any of these options, you will earn points associated with each unique option.
Imagine these options 1 through 30 as lying next to each other in an ordered line; options closer to each other tend to have similar rewards as rewards tend to cluster together.
For each environment, you will be able to make either 5 or 10 choices.
When you made all your choices in a given environment, you will start making choices in the next unexplored environment.
The rewards underlying the different options are different in each environment so you will learn them anew for each environment.
Each environment starts with the value of a single option revealed.
When you choose the number corresponding to a different option, you will be told the value of that option and receive those points.
Previously revealed options, including the starting option, can also be reselected, although there may be small changes in the point value.
It is your task to to learn where the largest reward is in each of the 16 environments.

Environment number 1:
The value of option 4 is 16. You have 10 choices to make in this environment.
You press <<4>> and receive 16 points.
You press <<3>> and receive 7 points.
You press <<5>> and receive 25 points.
You press <<6>> and receive 37 points.
You press <<7>> and receive 50 points.
You press <<8>> and receive 60 points.
You press <<9>> and receive 69 points.
You press <<10>> and receive 75 points.
You press <<11>> and receive 70 points.
You press <<10>> and receive 75 points.

Environment number 2:
The value of option 21 is 72. You have 5 choices to make in this environment.
You press <<22>> and receive 78 points.
You press <<23>> and receive 81 points.
You press <<24>> and receive 73 points.
You press <<20>> and receive 63 points.
You press <<23>> and receive 81 points.

Environment number 3:
The value of option 9 is 44. You have 5 choices to make in this environment.
You press <<8>> and receive 46 points.
You press <<7>> and receive 48 points.
You press <<6>> and receive 38 points.
You press <<10>> and receive 31 points.
You press <<7>> and receive 45 points.

Environment number 4:
The value of option 9 is 72. You have 10 choices to make in this environment.
You press <<8>> and receive 71 points.
You press <<10>> and receive 72 points.
You press <<11>> and receive 66 points.
You press <<7>> and receive 80 points.
You press <<6>> and receive 84 points.
You press <<5>> and receive 74 points.
You press <<6>> and receive 84 points.
You press <<6>> and receive 83 points.
You press <<6>> and receive 84 points.
You press <<6>> and receive 84 points.

Environment number 5:
The value of option 15 is 0. You have 5 choices to make in this environment.
You press <<14>> and receive 0 points.
You press <<16>> and receive 6 points.
You press <<17>> and receive 16 points.
You press <<18>> and receive 25 points.
You press <<19>> and receive 32 points.

Environment number 6:
The value of option 19 is 0. You have 5 choices to make in this environment.
You press <<20>> and receive 6 points.
You press <<18>> and receive 17 points.
You press <<17>> and receive 30 points.
You press <<16>> and receive 28 points.
You press <<17>> and receive 29 points.

Environment number 7:
The value of option 29 is 42. You have 5 choices to make in this environment.
You press <<28>> and receive 42 points.
You press <<27>> and receive 42 points.
You press <<26>> and receive 42 points.
You press <<25>> and receive 42 points.
You press <<24>> and receive 44 points.

Environment number 8:
The value of option 2 is 85. You have 5 choices to make in this environment.
You press <<1>> and receive 70 points.
You press <<3>> and receive 80 points.
You press <<4>> and receive 59 points.
You press <<2>> and receive 84 points.
You press <<2>> and receive 85 points.

Environment number 9:
The value of option 13 is 2. You have 10 choices to make in this environment.
You press <<12>> and receive 1 points.
You press <<14>> and receive 30 points.
You press <<15>> and receive 62 points.
You press <<16>> and receive 81 points.
You press <<17>> and receive 79 points.
You press <<16>> and receive 80 points.
You press <<16>> and receive 81 points.
You press <<16>> and receive 81 points.
You press <<16>> and receive 81 points.
You press <<16>> and receive 82 points.

Environment number 10:
The value of option 22 is 0. You have 10 choices to make in this environment.
You press <<23>> and receive 0 points.
You press <<21>> and receive 23 points.
You press <<20>> and receive 55 points.
You press <<19>> and receive 76 points.
You press <<18>> and receive 85 points.
You press <<17>> and receive 77 points.
You press <<18>> and receive 84 points.
You press <<18>> and receive 84 points.
You press <<18>> and receive 84 points.
You press <<18>> and receive 84 points.

Environment number 11:
The value of option 1 is 21. You have 10 choices to make in this environment.
You press <<2>> and receive 15 points.
You press <<3>> and receive 13 points.
You press <<4>> and receive 25 points.
You press <<5>> and receive 44 points.
You press <<6>> and receive 60 points.
You press <<7>> and receive 62 points.
You press <<8>> and receive 48 points.
You press <<7>> and receive 61 points.
You press <<7>> and receive 61 points.
You press <<7>> and receive 60 points.

Environment number 12:
The value of option 12 is 28. You have 10 choices to make in this environment.
You press <<11>> and receive 13 points.
You press <<13>> and receive 44 points.
You press <<14>> and receive 49 points.
You press <<15>> and receive 53 points.
You press <<16>> and receive 45 points.
You press <<15>> and receive 51 points.
You press <<",54
12,24,8,15,1,smooth,12,10,28,51,"You will be presented with a series of 16 different environments to explore.
In each trial, you can select an option between numbers 1 and 30 by pressing the corresponding key.
By selecting any of these options, you will earn points associated with each unique option.
Imagine these options 1 through 30 as lying next to each other in an ordered line; options closer to each other tend to have similar rewards as rewards tend to cluster together.
For each environment, you will be able to make either 5 or 10 choices.
When you made all your choices in a given environment, you will start making choices in the next unexplored environment.
The rewards underlying the different options are different in each environment so you will learn them anew for each environment.
Each environment starts with the value of a single option revealed.
When you choose the number corresponding to a different option, you will be told the value of that option and receive those points.
Previously revealed options, including the starting option, can also be reselected, although there may be small changes in the point value.
It is your task to to learn where the largest reward is in each of the 16 environments.

Environment number 1:
The value of option 4 is 16. You have 10 choices to make in this environment.
You press <<4>> and receive 16 points.
You press <<3>> and receive 7 points.
You press <<5>> and receive 25 points.
You press <<6>> and receive 37 points.
You press <<7>> and receive 50 points.
You press <<8>> and receive 60 points.
You press <<9>> and receive 69 points.
You press <<10>> and receive 75 points.
You press <<11>> and receive 70 points.
You press <<10>> and receive 75 points.

Environment number 2:
The value of option 21 is 72. You have 5 choices to make in this environment.
You press <<22>> and receive 78 points.
You press <<23>> and receive 81 points.
You press <<24>> and receive 73 points.
You press <<20>> and receive 63 points.
You press <<23>> and receive 81 points.

Environment number 3:
The value of option 9 is 44. You have 5 choices to make in this environment.
You press <<8>> and receive 46 points.
You press <<7>> and receive 48 points.
You press <<6>> and receive 38 points.
You press <<10>> and receive 31 points.
You press <<7>> and receive 45 points.

Environment number 4:
The value of option 9 is 72. You have 10 choices to make in this environment.
You press <<8>> and receive 71 points.
You press <<10>> and receive 72 points.
You press <<11>> and receive 66 points.
You press <<7>> and receive 80 points.
You press <<6>> and receive 84 points.
You press <<5>> and receive 74 points.
You press <<6>> and receive 84 points.
You press <<6>> and receive 83 points.
You press <<6>> and receive 84 points.
You press <<6>> and receive 84 points.

Environment number 5:
The value of option 15 is 0. You have 5 choices to make in this environment.
You press <<14>> and receive 0 points.
You press <<16>> and receive 6 points.
You press <<17>> and receive 16 points.
You press <<18>> and receive 25 points.
You press <<19>> and receive 32 points.

Environment number 6:
The value of option 19 is 0. You have 5 choices to make in this environment.
You press <<20>> and receive 6 points.
You press <<18>> and receive 17 points.
You press <<17>> and receive 30 points.
You press <<16>> and receive 28 points.
You press <<17>> and receive 29 points.

Environment number 7:
The value of option 29 is 42. You have 5 choices to make in this environment.
You press <<28>> and receive 42 points.
You press <<27>> and receive 42 points.
You press <<26>> and receive 42 points.
You press <<25>> and receive 42 points.
You press <<24>> and receive 44 points.

Environment number 8:
The value of option 2 is 85. You have 5 choices to make in this environment.
You press <<1>> and receive 70 points.
You press <<3>> and receive 80 points.
You press <<4>> and receive 59 points.
You press <<2>> and receive 84 points.
You press <<2>> and receive 85 points.

Environment number 9:
The value of option 13 is 2. You have 10 choices to make in this environment.
You press <<12>> and receive 1 points.
You press <<14>> and receive 30 points.
You press <<15>> and receive 62 points.
You press <<16>> and receive 81 points.
You press <<17>> and receive 79 points.
You press <<16>> and receive 80 points.
You press <<16>> and receive 81 points.
You press <<16>> and receive 81 points.
You press <<16>> and receive 81 points.
You press <<16>> and receive 82 points.

Environment number 10:
The value of option 22 is 0. You have 10 choices to make in this environment.
You press <<23>> and receive 0 points.
You press <<21>> and receive 23 points.
You press <<20>> and receive 55 points.
You press <<19>> and receive 76 points.
You press <<18>> and receive 85 points.
You press <<17>> and receive 77 points.
You press <<18>> and receive 84 points.
You press <<18>> and receive 84 points.
You press <<18>> and receive 84 points.
You press <<18>> and receive 84 points.

Environment number 11:
The value of option 1 is 21. You have 10 choices to make in this environment.
You press <<2>> and receive 15 points.
You press <<3>> and receive 13 points.
You press <<4>> and receive 25 points.
You press <<5>> and receive 44 points.
You press <<6>> and receive 60 points.
You press <<7>> and receive 62 points.
You press <<8>> and receive 48 points.
You press <<7>> and receive 61 points.
You press <<7>> and receive 61 points.
You press <<7>> and receive 60 points.

Environment number 12:
The value of option 12 is 28. You have 10 choices to make in this environment.
You press <<11>> and receive 13 points.
You press <<13>> and receive 44 points.
You press <<14>> and receive 49 points.
You press <<15>> and receive 53 points.
You press <<16>> and receive 45 points.
You press <<15>> and receive 51 points.
You press <<15>> and receive 51 points.
You press <<",54
12,24,9,15,1,smooth,12,10,28,53,"You will be presented with a series of 16 different environments to explore.
In each trial, you can select an option between numbers 1 and 30 by pressing the corresponding key.
By selecting any of these options, you will earn points associated with each unique option.
Imagine these options 1 through 30 as lying next to each other in an ordered line; options closer to each other tend to have similar rewards as rewards tend to cluster together.
For each environment, you will be able to make either 5 or 10 choices.
When you made all your choices in a given environment, you will start making choices in the next unexplored environment.
The rewards underlying the different options are different in each environment so you will learn them anew for each environment.
Each environment starts with the value of a single option revealed.
When you choose the number corresponding to a different option, you will be told the value of that option and receive those points.
Previously revealed options, including the starting option, can also be reselected, although there may be small changes in the point value.
It is your task to to learn where the largest reward is in each of the 16 environments.

Environment number 1:
The value of option 4 is 16. You have 10 choices to make in this environment.
You press <<4>> and receive 16 points.
You press <<3>> and receive 7 points.
You press <<5>> and receive 25 points.
You press <<6>> and receive 37 points.
You press <<7>> and receive 50 points.
You press <<8>> and receive 60 points.
You press <<9>> and receive 69 points.
You press <<10>> and receive 75 points.
You press <<11>> and receive 70 points.
You press <<10>> and receive 75 points.

Environment number 2:
The value of option 21 is 72. You have 5 choices to make in this environment.
You press <<22>> and receive 78 points.
You press <<23>> and receive 81 points.
You press <<24>> and receive 73 points.
You press <<20>> and receive 63 points.
You press <<23>> and receive 81 points.

Environment number 3:
The value of option 9 is 44. You have 5 choices to make in this environment.
You press <<8>> and receive 46 points.
You press <<7>> and receive 48 points.
You press <<6>> and receive 38 points.
You press <<10>> and receive 31 points.
You press <<7>> and receive 45 points.

Environment number 4:
The value of option 9 is 72. You have 10 choices to make in this environment.
You press <<8>> and receive 71 points.
You press <<10>> and receive 72 points.
You press <<11>> and receive 66 points.
You press <<7>> and receive 80 points.
You press <<6>> and receive 84 points.
You press <<5>> and receive 74 points.
You press <<6>> and receive 84 points.
You press <<6>> and receive 83 points.
You press <<6>> and receive 84 points.
You press <<6>> and receive 84 points.

Environment number 5:
The value of option 15 is 0. You have 5 choices to make in this environment.
You press <<14>> and receive 0 points.
You press <<16>> and receive 6 points.
You press <<17>> and receive 16 points.
You press <<18>> and receive 25 points.
You press <<19>> and receive 32 points.

Environment number 6:
The value of option 19 is 0. You have 5 choices to make in this environment.
You press <<20>> and receive 6 points.
You press <<18>> and receive 17 points.
You press <<17>> and receive 30 points.
You press <<16>> and receive 28 points.
You press <<17>> and receive 29 points.

Environment number 7:
The value of option 29 is 42. You have 5 choices to make in this environment.
You press <<28>> and receive 42 points.
You press <<27>> and receive 42 points.
You press <<26>> and receive 42 points.
You press <<25>> and receive 42 points.
You press <<24>> and receive 44 points.

Environment number 8:
The value of option 2 is 85. You have 5 choices to make in this environment.
You press <<1>> and receive 70 points.
You press <<3>> and receive 80 points.
You press <<4>> and receive 59 points.
You press <<2>> and receive 84 points.
You press <<2>> and receive 85 points.

Environment number 9:
The value of option 13 is 2. You have 10 choices to make in this environment.
You press <<12>> and receive 1 points.
You press <<14>> and receive 30 points.
You press <<15>> and receive 62 points.
You press <<16>> and receive 81 points.
You press <<17>> and receive 79 points.
You press <<16>> and receive 80 points.
You press <<16>> and receive 81 points.
You press <<16>> and receive 81 points.
You press <<16>> and receive 81 points.
You press <<16>> and receive 82 points.

Environment number 10:
The value of option 22 is 0. You have 10 choices to make in this environment.
You press <<23>> and receive 0 points.
You press <<21>> and receive 23 points.
You press <<20>> and receive 55 points.
You press <<19>> and receive 76 points.
You press <<18>> and receive 85 points.
You press <<17>> and receive 77 points.
You press <<18>> and receive 84 points.
You press <<18>> and receive 84 points.
You press <<18>> and receive 84 points.
You press <<18>> and receive 84 points.

Environment number 11:
The value of option 1 is 21. You have 10 choices to make in this environment.
You press <<2>> and receive 15 points.
You press <<3>> and receive 13 points.
You press <<4>> and receive 25 points.
You press <<5>> and receive 44 points.
You press <<6>> and receive 60 points.
You press <<7>> and receive 62 points.
You press <<8>> and receive 48 points.
You press <<7>> and receive 61 points.
You press <<7>> and receive 61 points.
You press <<7>> and receive 60 points.

Environment number 12:
The value of option 12 is 28. You have 10 choices to make in this environment.
You press <<11>> and receive 13 points.
You press <<13>> and receive 44 points.
You press <<14>> and receive 49 points.
You press <<15>> and receive 53 points.
You press <<16>> and receive 45 points.
You press <<15>> and receive 51 points.
You press <<15>> and receive 51 points.
You press <<15>> and receive 51 points.
You press <<",54
12,24,10,15,1,smooth,12,10,28,52,"You will be presented with a series of 16 different environments to explore.
In each trial, you can select an option between numbers 1 and 30 by pressing the corresponding key.
By selecting any of these options, you will earn points associated with each unique option.
Imagine these options 1 through 30 as lying next to each other in an ordered line; options closer to each other tend to have similar rewards as rewards tend to cluster together.
For each environment, you will be able to make either 5 or 10 choices.
When you made all your choices in a given environment, you will start making choices in the next unexplored environment.
The rewards underlying the different options are different in each environment so you will learn them anew for each environment.
Each environment starts with the value of a single option revealed.
When you choose the number corresponding to a different option, you will be told the value of that option and receive those points.
Previously revealed options, including the starting option, can also be reselected, although there may be small changes in the point value.
It is your task to to learn where the largest reward is in each of the 16 environments.

Environment number 1:
The value of option 4 is 16. You have 10 choices to make in this environment.
You press <<4>> and receive 16 points.
You press <<3>> and receive 7 points.
You press <<5>> and receive 25 points.
You press <<6>> and receive 37 points.
You press <<7>> and receive 50 points.
You press <<8>> and receive 60 points.
You press <<9>> and receive 69 points.
You press <<10>> and receive 75 points.
You press <<11>> and receive 70 points.
You press <<10>> and receive 75 points.

Environment number 2:
The value of option 21 is 72. You have 5 choices to make in this environment.
You press <<22>> and receive 78 points.
You press <<23>> and receive 81 points.
You press <<24>> and receive 73 points.
You press <<20>> and receive 63 points.
You press <<23>> and receive 81 points.

Environment number 3:
The value of option 9 is 44. You have 5 choices to make in this environment.
You press <<8>> and receive 46 points.
You press <<7>> and receive 48 points.
You press <<6>> and receive 38 points.
You press <<10>> and receive 31 points.
You press <<7>> and receive 45 points.

Environment number 4:
The value of option 9 is 72. You have 10 choices to make in this environment.
You press <<8>> and receive 71 points.
You press <<10>> and receive 72 points.
You press <<11>> and receive 66 points.
You press <<7>> and receive 80 points.
You press <<6>> and receive 84 points.
You press <<5>> and receive 74 points.
You press <<6>> and receive 84 points.
You press <<6>> and receive 83 points.
You press <<6>> and receive 84 points.
You press <<6>> and receive 84 points.

Environment number 5:
The value of option 15 is 0. You have 5 choices to make in this environment.
You press <<14>> and receive 0 points.
You press <<16>> and receive 6 points.
You press <<17>> and receive 16 points.
You press <<18>> and receive 25 points.
You press <<19>> and receive 32 points.

Environment number 6:
The value of option 19 is 0. You have 5 choices to make in this environment.
You press <<20>> and receive 6 points.
You press <<18>> and receive 17 points.
You press <<17>> and receive 30 points.
You press <<16>> and receive 28 points.
You press <<17>> and receive 29 points.

Environment number 7:
The value of option 29 is 42. You have 5 choices to make in this environment.
You press <<28>> and receive 42 points.
You press <<27>> and receive 42 points.
You press <<26>> and receive 42 points.
You press <<25>> and receive 42 points.
You press <<24>> and receive 44 points.

Environment number 8:
The value of option 2 is 85. You have 5 choices to make in this environment.
You press <<1>> and receive 70 points.
You press <<3>> and receive 80 points.
You press <<4>> and receive 59 points.
You press <<2>> and receive 84 points.
You press <<2>> and receive 85 points.

Environment number 9:
The value of option 13 is 2. You have 10 choices to make in this environment.
You press <<12>> and receive 1 points.
You press <<14>> and receive 30 points.
You press <<15>> and receive 62 points.
You press <<16>> and receive 81 points.
You press <<17>> and receive 79 points.
You press <<16>> and receive 80 points.
You press <<16>> and receive 81 points.
You press <<16>> and receive 81 points.
You press <<16>> and receive 81 points.
You press <<16>> and receive 82 points.

Environment number 10:
The value of option 22 is 0. You have 10 choices to make in this environment.
You press <<23>> and receive 0 points.
You press <<21>> and receive 23 points.
You press <<20>> and receive 55 points.
You press <<19>> and receive 76 points.
You press <<18>> and receive 85 points.
You press <<17>> and receive 77 points.
You press <<18>> and receive 84 points.
You press <<18>> and receive 84 points.
You press <<18>> and receive 84 points.
You press <<18>> and receive 84 points.

Environment number 11:
The value of option 1 is 21. You have 10 choices to make in this environment.
You press <<2>> and receive 15 points.
You press <<3>> and receive 13 points.
You press <<4>> and receive 25 points.
You press <<5>> and receive 44 points.
You press <<6>> and receive 60 points.
You press <<7>> and receive 62 points.
You press <<8>> and receive 48 points.
You press <<7>> and receive 61 points.
You press <<7>> and receive 61 points.
You press <<7>> and receive 60 points.

Environment number 12:
The value of option 12 is 28. You have 10 choices to make in this environment.
You press <<11>> and receive 13 points.
You press <<13>> and receive 44 points.
You press <<14>> and receive 49 points.
You press <<15>> and receive 53 points.
You press <<16>> and receive 45 points.
You press <<15>> and receive 51 points.
You press <<15>> and receive 51 points.
You press <<15>> and receive 51 points.
You press <<15>> and receive 53 points.
You press <<",54
13,13,1,8,1,smooth,9,10,59,43,"You will be presented with a series of 16 different environments to explore.
In each trial, you can select an option between numbers 1 and 30 by pressing the corresponding key.
By selecting any of these options, you will earn points associated with each unique option.
Imagine these options 1 through 30 as lying next to each other in an ordered line; options closer to each other tend to have similar rewards as rewards tend to cluster together.
For each environment, you will be able to make either 5 or 10 choices.
When you made all your choices in a given environment, you will start making choices in the next unexplored environment.
The rewards underlying the different options are different in each environment so you will learn them anew for each environment.
Each environment starts with the value of a single option revealed.
When you choose the number corresponding to a different option, you will be told the value of that option and receive those points.
Previously revealed options, including the starting option, can also be reselected, although there may be small changes in the point value.
It is your task to to learn where the largest reward is in each of the 16 environments.

Environment number 1:
The value of option 4 is 16. You have 10 choices to make in this environment.
You press <<4>> and receive 16 points.
You press <<3>> and receive 7 points.
You press <<5>> and receive 25 points.
You press <<6>> and receive 37 points.
You press <<7>> and receive 50 points.
You press <<8>> and receive 60 points.
You press <<9>> and receive 69 points.
You press <<10>> and receive 75 points.
You press <<11>> and receive 70 points.
You press <<10>> and receive 75 points.

Environment number 2:
The value of option 21 is 72. You have 5 choices to make in this environment.
You press <<22>> and receive 78 points.
You press <<23>> and receive 81 points.
You press <<24>> and receive 73 points.
You press <<20>> and receive 63 points.
You press <<23>> and receive 81 points.

Environment number 3:
The value of option 9 is 44. You have 5 choices to make in this environment.
You press <<8>> and receive 46 points.
You press <<7>> and receive 48 points.
You press <<6>> and receive 38 points.
You press <<10>> and receive 31 points.
You press <<7>> and receive 45 points.

Environment number 4:
The value of option 9 is 72. You have 10 choices to make in this environment.
You press <<8>> and receive 71 points.
You press <<10>> and receive 72 points.
You press <<11>> and receive 66 points.
You press <<7>> and receive 80 points.
You press <<6>> and receive 84 points.
You press <<5>> and receive 74 points.
You press <<6>> and receive 84 points.
You press <<6>> and receive 83 points.
You press <<6>> and receive 84 points.
You press <<6>> and receive 84 points.

Environment number 5:
The value of option 15 is 0. You have 5 choices to make in this environment.
You press <<14>> and receive 0 points.
You press <<16>> and receive 6 points.
You press <<17>> and receive 16 points.
You press <<18>> and receive 25 points.
You press <<19>> and receive 32 points.

Environment number 6:
The value of option 19 is 0. You have 5 choices to make in this environment.
You press <<20>> and receive 6 points.
You press <<18>> and receive 17 points.
You press <<17>> and receive 30 points.
You press <<16>> and receive 28 points.
You press <<17>> and receive 29 points.

Environment number 7:
The value of option 29 is 42. You have 5 choices to make in this environment.
You press <<28>> and receive 42 points.
You press <<27>> and receive 42 points.
You press <<26>> and receive 42 points.
You press <<25>> and receive 42 points.
You press <<24>> and receive 44 points.

Environment number 8:
The value of option 2 is 85. You have 5 choices to make in this environment.
You press <<1>> and receive 70 points.
You press <<3>> and receive 80 points.
You press <<4>> and receive 59 points.
You press <<2>> and receive 84 points.
You press <<2>> and receive 85 points.

Environment number 9:
The value of option 13 is 2. You have 10 choices to make in this environment.
You press <<12>> and receive 1 points.
You press <<14>> and receive 30 points.
You press <<15>> and receive 62 points.
You press <<16>> and receive 81 points.
You press <<17>> and receive 79 points.
You press <<16>> and receive 80 points.
You press <<16>> and receive 81 points.
You press <<16>> and receive 81 points.
You press <<16>> and receive 81 points.
You press <<16>> and receive 82 points.

Environment number 10:
The value of option 22 is 0. You have 10 choices to make in this environment.
You press <<23>> and receive 0 points.
You press <<21>> and receive 23 points.
You press <<20>> and receive 55 points.
You press <<19>> and receive 76 points.
You press <<18>> and receive 85 points.
You press <<17>> and receive 77 points.
You press <<18>> and receive 84 points.
You press <<18>> and receive 84 points.
You press <<18>> and receive 84 points.
You press <<18>> and receive 84 points.

Environment number 11:
The value of option 1 is 21. You have 10 choices to make in this environment.
You press <<2>> and receive 15 points.
You press <<3>> and receive 13 points.
You press <<4>> and receive 25 points.
You press <<5>> and receive 44 points.
You press <<6>> and receive 60 points.
You press <<7>> and receive 62 points.
You press <<8>> and receive 48 points.
You press <<7>> and receive 61 points.
You press <<7>> and receive 61 points.
You press <<7>> and receive 60 points.

Environment number 12:
The value of option 12 is 28. You have 10 choices to make in this environment.
You press <<11>> and receive 13 points.
You press <<13>> and receive 44 points.
You press <<14>> and receive 49 points.
You press <<15>> and receive 53 points.
You press <<16>> and receive 45 points.
You press <<15>> and receive 51 points.
You press <<15>> and receive 51 points.
You press <<15>> and receive 51 points.
You press <<15>> and receive 53 points.
You press <<15>> and receive 52 points.

Environment number 13:
The value of option 9 is 59. You have 10 choices to make in this environment.
You press <<",54
13,13,2,10,1,smooth,9,10,59,66,"You will be presented with a series of 16 different environments to explore.
In each trial, you can select an option between numbers 1 and 30 by pressing the corresponding key.
By selecting any of these options, you will earn points associated with each unique option.
Imagine these options 1 through 30 as lying next to each other in an ordered line; options closer to each other tend to have similar rewards as rewards tend to cluster together.
For each environment, you will be able to make either 5 or 10 choices.
When you made all your choices in a given environment, you will start making choices in the next unexplored environment.
The rewards underlying the different options are different in each environment so you will learn them anew for each environment.
Each environment starts with the value of a single option revealed.
When you choose the number corresponding to a different option, you will be told the value of that option and receive those points.
Previously revealed options, including the starting option, can also be reselected, although there may be small changes in the point value.
It is your task to to learn where the largest reward is in each of the 16 environments.

Environment number 1:
The value of option 4 is 16. You have 10 choices to make in this environment.
You press <<4>> and receive 16 points.
You press <<3>> and receive 7 points.
You press <<5>> and receive 25 points.
You press <<6>> and receive 37 points.
You press <<7>> and receive 50 points.
You press <<8>> and receive 60 points.
You press <<9>> and receive 69 points.
You press <<10>> and receive 75 points.
You press <<11>> and receive 70 points.
You press <<10>> and receive 75 points.

Environment number 2:
The value of option 21 is 72. You have 5 choices to make in this environment.
You press <<22>> and receive 78 points.
You press <<23>> and receive 81 points.
You press <<24>> and receive 73 points.
You press <<20>> and receive 63 points.
You press <<23>> and receive 81 points.

Environment number 3:
The value of option 9 is 44. You have 5 choices to make in this environment.
You press <<8>> and receive 46 points.
You press <<7>> and receive 48 points.
You press <<6>> and receive 38 points.
You press <<10>> and receive 31 points.
You press <<7>> and receive 45 points.

Environment number 4:
The value of option 9 is 72. You have 10 choices to make in this environment.
You press <<8>> and receive 71 points.
You press <<10>> and receive 72 points.
You press <<11>> and receive 66 points.
You press <<7>> and receive 80 points.
You press <<6>> and receive 84 points.
You press <<5>> and receive 74 points.
You press <<6>> and receive 84 points.
You press <<6>> and receive 83 points.
You press <<6>> and receive 84 points.
You press <<6>> and receive 84 points.

Environment number 5:
The value of option 15 is 0. You have 5 choices to make in this environment.
You press <<14>> and receive 0 points.
You press <<16>> and receive 6 points.
You press <<17>> and receive 16 points.
You press <<18>> and receive 25 points.
You press <<19>> and receive 32 points.

Environment number 6:
The value of option 19 is 0. You have 5 choices to make in this environment.
You press <<20>> and receive 6 points.
You press <<18>> and receive 17 points.
You press <<17>> and receive 30 points.
You press <<16>> and receive 28 points.
You press <<17>> and receive 29 points.

Environment number 7:
The value of option 29 is 42. You have 5 choices to make in this environment.
You press <<28>> and receive 42 points.
You press <<27>> and receive 42 points.
You press <<26>> and receive 42 points.
You press <<25>> and receive 42 points.
You press <<24>> and receive 44 points.

Environment number 8:
The value of option 2 is 85. You have 5 choices to make in this environment.
You press <<1>> and receive 70 points.
You press <<3>> and receive 80 points.
You press <<4>> and receive 59 points.
You press <<2>> and receive 84 points.
You press <<2>> and receive 85 points.

Environment number 9:
The value of option 13 is 2. You have 10 choices to make in this environment.
You press <<12>> and receive 1 points.
You press <<14>> and receive 30 points.
You press <<15>> and receive 62 points.
You press <<16>> and receive 81 points.
You press <<17>> and receive 79 points.
You press <<16>> and receive 80 points.
You press <<16>> and receive 81 points.
You press <<16>> and receive 81 points.
You press <<16>> and receive 81 points.
You press <<16>> and receive 82 points.

Environment number 10:
The value of option 22 is 0. You have 10 choices to make in this environment.
You press <<23>> and receive 0 points.
You press <<21>> and receive 23 points.
You press <<20>> and receive 55 points.
You press <<19>> and receive 76 points.
You press <<18>> and receive 85 points.
You press <<17>> and receive 77 points.
You press <<18>> and receive 84 points.
You press <<18>> and receive 84 points.
You press <<18>> and receive 84 points.
You press <<18>> and receive 84 points.

Environment number 11:
The value of option 1 is 21. You have 10 choices to make in this environment.
You press <<2>> and receive 15 points.
You press <<3>> and receive 13 points.
You press <<4>> and receive 25 points.
You press <<5>> and receive 44 points.
You press <<6>> and receive 60 points.
You press <<7>> and receive 62 points.
You press <<8>> and receive 48 points.
You press <<7>> and receive 61 points.
You press <<7>> and receive 61 points.
You press <<7>> and receive 60 points.

Environment number 12:
The value of option 12 is 28. You have 10 choices to make in this environment.
You press <<11>> and receive 13 points.
You press <<13>> and receive 44 points.
You press <<14>> and receive 49 points.
You press <<15>> and receive 53 points.
You press <<16>> and receive 45 points.
You press <<15>> and receive 51 points.
You press <<15>> and receive 51 points.
You press <<15>> and receive 51 points.
You press <<15>> and receive 53 points.
You press <<15>> and receive 52 points.

Environment number 13:
The value of option 9 is 59. You have 10 choices to make in this environment.
You press <<8>> and receive 43 points.
You press <<",54
13,13,3,11,1,smooth,9,10,59,48,"You will be presented with a series of 16 different environments to explore.
In each trial, you can select an option between numbers 1 and 30 by pressing the corresponding key.
By selecting any of these options, you will earn points associated with each unique option.
Imagine these options 1 through 30 as lying next to each other in an ordered line; options closer to each other tend to have similar rewards as rewards tend to cluster together.
For each environment, you will be able to make either 5 or 10 choices.
When you made all your choices in a given environment, you will start making choices in the next unexplored environment.
The rewards underlying the different options are different in each environment so you will learn them anew for each environment.
Each environment starts with the value of a single option revealed.
When you choose the number corresponding to a different option, you will be told the value of that option and receive those points.
Previously revealed options, including the starting option, can also be reselected, although there may be small changes in the point value.
It is your task to to learn where the largest reward is in each of the 16 environments.

Environment number 1:
The value of option 4 is 16. You have 10 choices to make in this environment.
You press <<4>> and receive 16 points.
You press <<3>> and receive 7 points.
You press <<5>> and receive 25 points.
You press <<6>> and receive 37 points.
You press <<7>> and receive 50 points.
You press <<8>> and receive 60 points.
You press <<9>> and receive 69 points.
You press <<10>> and receive 75 points.
You press <<11>> and receive 70 points.
You press <<10>> and receive 75 points.

Environment number 2:
The value of option 21 is 72. You have 5 choices to make in this environment.
You press <<22>> and receive 78 points.
You press <<23>> and receive 81 points.
You press <<24>> and receive 73 points.
You press <<20>> and receive 63 points.
You press <<23>> and receive 81 points.

Environment number 3:
The value of option 9 is 44. You have 5 choices to make in this environment.
You press <<8>> and receive 46 points.
You press <<7>> and receive 48 points.
You press <<6>> and receive 38 points.
You press <<10>> and receive 31 points.
You press <<7>> and receive 45 points.

Environment number 4:
The value of option 9 is 72. You have 10 choices to make in this environment.
You press <<8>> and receive 71 points.
You press <<10>> and receive 72 points.
You press <<11>> and receive 66 points.
You press <<7>> and receive 80 points.
You press <<6>> and receive 84 points.
You press <<5>> and receive 74 points.
You press <<6>> and receive 84 points.
You press <<6>> and receive 83 points.
You press <<6>> and receive 84 points.
You press <<6>> and receive 84 points.

Environment number 5:
The value of option 15 is 0. You have 5 choices to make in this environment.
You press <<14>> and receive 0 points.
You press <<16>> and receive 6 points.
You press <<17>> and receive 16 points.
You press <<18>> and receive 25 points.
You press <<19>> and receive 32 points.

Environment number 6:
The value of option 19 is 0. You have 5 choices to make in this environment.
You press <<20>> and receive 6 points.
You press <<18>> and receive 17 points.
You press <<17>> and receive 30 points.
You press <<16>> and receive 28 points.
You press <<17>> and receive 29 points.

Environment number 7:
The value of option 29 is 42. You have 5 choices to make in this environment.
You press <<28>> and receive 42 points.
You press <<27>> and receive 42 points.
You press <<26>> and receive 42 points.
You press <<25>> and receive 42 points.
You press <<24>> and receive 44 points.

Environment number 8:
The value of option 2 is 85. You have 5 choices to make in this environment.
You press <<1>> and receive 70 points.
You press <<3>> and receive 80 points.
You press <<4>> and receive 59 points.
You press <<2>> and receive 84 points.
You press <<2>> and receive 85 points.

Environment number 9:
The value of option 13 is 2. You have 10 choices to make in this environment.
You press <<12>> and receive 1 points.
You press <<14>> and receive 30 points.
You press <<15>> and receive 62 points.
You press <<16>> and receive 81 points.
You press <<17>> and receive 79 points.
You press <<16>> and receive 80 points.
You press <<16>> and receive 81 points.
You press <<16>> and receive 81 points.
You press <<16>> and receive 81 points.
You press <<16>> and receive 82 points.

Environment number 10:
The value of option 22 is 0. You have 10 choices to make in this environment.
You press <<23>> and receive 0 points.
You press <<21>> and receive 23 points.
You press <<20>> and receive 55 points.
You press <<19>> and receive 76 points.
You press <<18>> and receive 85 points.
You press <<17>> and receive 77 points.
You press <<18>> and receive 84 points.
You press <<18>> and receive 84 points.
You press <<18>> and receive 84 points.
You press <<18>> and receive 84 points.

Environment number 11:
The value of option 1 is 21. You have 10 choices to make in this environment.
You press <<2>> and receive 15 points.
You press <<3>> and receive 13 points.
You press <<4>> and receive 25 points.
You press <<5>> and receive 44 points.
You press <<6>> and receive 60 points.
You press <<7>> and receive 62 points.
You press <<8>> and receive 48 points.
You press <<7>> and receive 61 points.
You press <<7>> and receive 61 points.
You press <<7>> and receive 60 points.

Environment number 12:
The value of option 12 is 28. You have 10 choices to make in this environment.
You press <<11>> and receive 13 points.
You press <<13>> and receive 44 points.
You press <<14>> and receive 49 points.
You press <<15>> and receive 53 points.
You press <<16>> and receive 45 points.
You press <<15>> and receive 51 points.
You press <<15>> and receive 51 points.
You press <<15>> and receive 51 points.
You press <<15>> and receive 53 points.
You press <<15>> and receive 52 points.

Environment number 13:
The value of option 9 is 59. You have 10 choices to make in this environment.
You press <<8>> and receive 43 points.
You press <<10>> and receive 66 points.
You press <<",54
13,13,4,10,1,smooth,9,10,59,66,"You will be presented with a series of 16 different environments to explore.
In each trial, you can select an option between numbers 1 and 30 by pressing the corresponding key.
By selecting any of these options, you will earn points associated with each unique option.
Imagine these options 1 through 30 as lying next to each other in an ordered line; options closer to each other tend to have similar rewards as rewards tend to cluster together.
For each environment, you will be able to make either 5 or 10 choices.
When you made all your choices in a given environment, you will start making choices in the next unexplored environment.
The rewards underlying the different options are different in each environment so you will learn them anew for each environment.
Each environment starts with the value of a single option revealed.
When you choose the number corresponding to a different option, you will be told the value of that option and receive those points.
Previously revealed options, including the starting option, can also be reselected, although there may be small changes in the point value.
It is your task to to learn where the largest reward is in each of the 16 environments.

Environment number 1:
The value of option 4 is 16. You have 10 choices to make in this environment.
You press <<4>> and receive 16 points.
You press <<3>> and receive 7 points.
You press <<5>> and receive 25 points.
You press <<6>> and receive 37 points.
You press <<7>> and receive 50 points.
You press <<8>> and receive 60 points.
You press <<9>> and receive 69 points.
You press <<10>> and receive 75 points.
You press <<11>> and receive 70 points.
You press <<10>> and receive 75 points.

Environment number 2:
The value of option 21 is 72. You have 5 choices to make in this environment.
You press <<22>> and receive 78 points.
You press <<23>> and receive 81 points.
You press <<24>> and receive 73 points.
You press <<20>> and receive 63 points.
You press <<23>> and receive 81 points.

Environment number 3:
The value of option 9 is 44. You have 5 choices to make in this environment.
You press <<8>> and receive 46 points.
You press <<7>> and receive 48 points.
You press <<6>> and receive 38 points.
You press <<10>> and receive 31 points.
You press <<7>> and receive 45 points.

Environment number 4:
The value of option 9 is 72. You have 10 choices to make in this environment.
You press <<8>> and receive 71 points.
You press <<10>> and receive 72 points.
You press <<11>> and receive 66 points.
You press <<7>> and receive 80 points.
You press <<6>> and receive 84 points.
You press <<5>> and receive 74 points.
You press <<6>> and receive 84 points.
You press <<6>> and receive 83 points.
You press <<6>> and receive 84 points.
You press <<6>> and receive 84 points.

Environment number 5:
The value of option 15 is 0. You have 5 choices to make in this environment.
You press <<14>> and receive 0 points.
You press <<16>> and receive 6 points.
You press <<17>> and receive 16 points.
You press <<18>> and receive 25 points.
You press <<19>> and receive 32 points.

Environment number 6:
The value of option 19 is 0. You have 5 choices to make in this environment.
You press <<20>> and receive 6 points.
You press <<18>> and receive 17 points.
You press <<17>> and receive 30 points.
You press <<16>> and receive 28 points.
You press <<17>> and receive 29 points.

Environment number 7:
The value of option 29 is 42. You have 5 choices to make in this environment.
You press <<28>> and receive 42 points.
You press <<27>> and receive 42 points.
You press <<26>> and receive 42 points.
You press <<25>> and receive 42 points.
You press <<24>> and receive 44 points.

Environment number 8:
The value of option 2 is 85. You have 5 choices to make in this environment.
You press <<1>> and receive 70 points.
You press <<3>> and receive 80 points.
You press <<4>> and receive 59 points.
You press <<2>> and receive 84 points.
You press <<2>> and receive 85 points.

Environment number 9:
The value of option 13 is 2. You have 10 choices to make in this environment.
You press <<12>> and receive 1 points.
You press <<14>> and receive 30 points.
You press <<15>> and receive 62 points.
You press <<16>> and receive 81 points.
You press <<17>> and receive 79 points.
You press <<16>> and receive 80 points.
You press <<16>> and receive 81 points.
You press <<16>> and receive 81 points.
You press <<16>> and receive 81 points.
You press <<16>> and receive 82 points.

Environment number 10:
The value of option 22 is 0. You have 10 choices to make in this environment.
You press <<23>> and receive 0 points.
You press <<21>> and receive 23 points.
You press <<20>> and receive 55 points.
You press <<19>> and receive 76 points.
You press <<18>> and receive 85 points.
You press <<17>> and receive 77 points.
You press <<18>> and receive 84 points.
You press <<18>> and receive 84 points.
You press <<18>> and receive 84 points.
You press <<18>> and receive 84 points.

Environment number 11:
The value of option 1 is 21. You have 10 choices to make in this environment.
You press <<2>> and receive 15 points.
You press <<3>> and receive 13 points.
You press <<4>> and receive 25 points.
You press <<5>> and receive 44 points.
You press <<6>> and receive 60 points.
You press <<7>> and receive 62 points.
You press <<8>> and receive 48 points.
You press <<7>> and receive 61 points.
You press <<7>> and receive 61 points.
You press <<7>> and receive 60 points.

Environment number 12:
The value of option 12 is 28. You have 10 choices to make in this environment.
You press <<11>> and receive 13 points.
You press <<13>> and receive 44 points.
You press <<14>> and receive 49 points.
You press <<15>> and receive 53 points.
You press <<16>> and receive 45 points.
You press <<15>> and receive 51 points.
You press <<15>> and receive 51 points.
You press <<15>> and receive 51 points.
You press <<15>> and receive 53 points.
You press <<15>> and receive 52 points.

Environment number 13:
The value of option 9 is 59. You have 10 choices to make in this environment.
You press <<8>> and receive 43 points.
You press <<10>> and receive 66 points.
You press <<11>> and receive 48 points.
You press <<",54
13,13,5,10,1,smooth,9,10,59,67,"You will be presented with a series of 16 different environments to explore.
In each trial, you can select an option between numbers 1 and 30 by pressing the corresponding key.
By selecting any of these options, you will earn points associated with each unique option.
Imagine these options 1 through 30 as lying next to each other in an ordered line; options closer to each other tend to have similar rewards as rewards tend to cluster together.
For each environment, you will be able to make either 5 or 10 choices.
When you made all your choices in a given environment, you will start making choices in the next unexplored environment.
The rewards underlying the different options are different in each environment so you will learn them anew for each environment.
Each environment starts with the value of a single option revealed.
When you choose the number corresponding to a different option, you will be told the value of that option and receive those points.
Previously revealed options, including the starting option, can also be reselected, although there may be small changes in the point value.
It is your task to to learn where the largest reward is in each of the 16 environments.

Environment number 1:
The value of option 4 is 16. You have 10 choices to make in this environment.
You press <<4>> and receive 16 points.
You press <<3>> and receive 7 points.
You press <<5>> and receive 25 points.
You press <<6>> and receive 37 points.
You press <<7>> and receive 50 points.
You press <<8>> and receive 60 points.
You press <<9>> and receive 69 points.
You press <<10>> and receive 75 points.
You press <<11>> and receive 70 points.
You press <<10>> and receive 75 points.

Environment number 2:
The value of option 21 is 72. You have 5 choices to make in this environment.
You press <<22>> and receive 78 points.
You press <<23>> and receive 81 points.
You press <<24>> and receive 73 points.
You press <<20>> and receive 63 points.
You press <<23>> and receive 81 points.

Environment number 3:
The value of option 9 is 44. You have 5 choices to make in this environment.
You press <<8>> and receive 46 points.
You press <<7>> and receive 48 points.
You press <<6>> and receive 38 points.
You press <<10>> and receive 31 points.
You press <<7>> and receive 45 points.

Environment number 4:
The value of option 9 is 72. You have 10 choices to make in this environment.
You press <<8>> and receive 71 points.
You press <<10>> and receive 72 points.
You press <<11>> and receive 66 points.
You press <<7>> and receive 80 points.
You press <<6>> and receive 84 points.
You press <<5>> and receive 74 points.
You press <<6>> and receive 84 points.
You press <<6>> and receive 83 points.
You press <<6>> and receive 84 points.
You press <<6>> and receive 84 points.

Environment number 5:
The value of option 15 is 0. You have 5 choices to make in this environment.
You press <<14>> and receive 0 points.
You press <<16>> and receive 6 points.
You press <<17>> and receive 16 points.
You press <<18>> and receive 25 points.
You press <<19>> and receive 32 points.

Environment number 6:
The value of option 19 is 0. You have 5 choices to make in this environment.
You press <<20>> and receive 6 points.
You press <<18>> and receive 17 points.
You press <<17>> and receive 30 points.
You press <<16>> and receive 28 points.
You press <<17>> and receive 29 points.

Environment number 7:
The value of option 29 is 42. You have 5 choices to make in this environment.
You press <<28>> and receive 42 points.
You press <<27>> and receive 42 points.
You press <<26>> and receive 42 points.
You press <<25>> and receive 42 points.
You press <<24>> and receive 44 points.

Environment number 8:
The value of option 2 is 85. You have 5 choices to make in this environment.
You press <<1>> and receive 70 points.
You press <<3>> and receive 80 points.
You press <<4>> and receive 59 points.
You press <<2>> and receive 84 points.
You press <<2>> and receive 85 points.

Environment number 9:
The value of option 13 is 2. You have 10 choices to make in this environment.
You press <<12>> and receive 1 points.
You press <<14>> and receive 30 points.
You press <<15>> and receive 62 points.
You press <<16>> and receive 81 points.
You press <<17>> and receive 79 points.
You press <<16>> and receive 80 points.
You press <<16>> and receive 81 points.
You press <<16>> and receive 81 points.
You press <<16>> and receive 81 points.
You press <<16>> and receive 82 points.

Environment number 10:
The value of option 22 is 0. You have 10 choices to make in this environment.
You press <<23>> and receive 0 points.
You press <<21>> and receive 23 points.
You press <<20>> and receive 55 points.
You press <<19>> and receive 76 points.
You press <<18>> and receive 85 points.
You press <<17>> and receive 77 points.
You press <<18>> and receive 84 points.
You press <<18>> and receive 84 points.
You press <<18>> and receive 84 points.
You press <<18>> and receive 84 points.

Environment number 11:
The value of option 1 is 21. You have 10 choices to make in this environment.
You press <<2>> and receive 15 points.
You press <<3>> and receive 13 points.
You press <<4>> and receive 25 points.
You press <<5>> and receive 44 points.
You press <<6>> and receive 60 points.
You press <<7>> and receive 62 points.
You press <<8>> and receive 48 points.
You press <<7>> and receive 61 points.
You press <<7>> and receive 61 points.
You press <<7>> and receive 60 points.

Environment number 12:
The value of option 12 is 28. You have 10 choices to make in this environment.
You press <<11>> and receive 13 points.
You press <<13>> and receive 44 points.
You press <<14>> and receive 49 points.
You press <<15>> and receive 53 points.
You press <<16>> and receive 45 points.
You press <<15>> and receive 51 points.
You press <<15>> and receive 51 points.
You press <<15>> and receive 51 points.
You press <<15>> and receive 53 points.
You press <<15>> and receive 52 points.

Environment number 13:
The value of option 9 is 59. You have 10 choices to make in this environment.
You press <<8>> and receive 43 points.
You press <<10>> and receive 66 points.
You press <<11>> and receive 48 points.
You press <<10>> and receive 66 points.
You press <<",54
13,13,6,10,1,smooth,9,10,59,66,"You will be presented with a series of 16 different environments to explore.
In each trial, you can select an option between numbers 1 and 30 by pressing the corresponding key.
By selecting any of these options, you will earn points associated with each unique option.
Imagine these options 1 through 30 as lying next to each other in an ordered line; options closer to each other tend to have similar rewards as rewards tend to cluster together.
For each environment, you will be able to make either 5 or 10 choices.
When you made all your choices in a given environment, you will start making choices in the next unexplored environment.
The rewards underlying the different options are different in each environment so you will learn them anew for each environment.
Each environment starts with the value of a single option revealed.
When you choose the number corresponding to a different option, you will be told the value of that option and receive those points.
Previously revealed options, including the starting option, can also be reselected, although there may be small changes in the point value.
It is your task to to learn where the largest reward is in each of the 16 environments.

Environment number 1:
The value of option 4 is 16. You have 10 choices to make in this environment.
You press <<4>> and receive 16 points.
You press <<3>> and receive 7 points.
You press <<5>> and receive 25 points.
You press <<6>> and receive 37 points.
You press <<7>> and receive 50 points.
You press <<8>> and receive 60 points.
You press <<9>> and receive 69 points.
You press <<10>> and receive 75 points.
You press <<11>> and receive 70 points.
You press <<10>> and receive 75 points.

Environment number 2:
The value of option 21 is 72. You have 5 choices to make in this environment.
You press <<22>> and receive 78 points.
You press <<23>> and receive 81 points.
You press <<24>> and receive 73 points.
You press <<20>> and receive 63 points.
You press <<23>> and receive 81 points.

Environment number 3:
The value of option 9 is 44. You have 5 choices to make in this environment.
You press <<8>> and receive 46 points.
You press <<7>> and receive 48 points.
You press <<6>> and receive 38 points.
You press <<10>> and receive 31 points.
You press <<7>> and receive 45 points.

Environment number 4:
The value of option 9 is 72. You have 10 choices to make in this environment.
You press <<8>> and receive 71 points.
You press <<10>> and receive 72 points.
You press <<11>> and receive 66 points.
You press <<7>> and receive 80 points.
You press <<6>> and receive 84 points.
You press <<5>> and receive 74 points.
You press <<6>> and receive 84 points.
You press <<6>> and receive 83 points.
You press <<6>> and receive 84 points.
You press <<6>> and receive 84 points.

Environment number 5:
The value of option 15 is 0. You have 5 choices to make in this environment.
You press <<14>> and receive 0 points.
You press <<16>> and receive 6 points.
You press <<17>> and receive 16 points.
You press <<18>> and receive 25 points.
You press <<19>> and receive 32 points.

Environment number 6:
The value of option 19 is 0. You have 5 choices to make in this environment.
You press <<20>> and receive 6 points.
You press <<18>> and receive 17 points.
You press <<17>> and receive 30 points.
You press <<16>> and receive 28 points.
You press <<17>> and receive 29 points.

Environment number 7:
The value of option 29 is 42. You have 5 choices to make in this environment.
You press <<28>> and receive 42 points.
You press <<27>> and receive 42 points.
You press <<26>> and receive 42 points.
You press <<25>> and receive 42 points.
You press <<24>> and receive 44 points.

Environment number 8:
The value of option 2 is 85. You have 5 choices to make in this environment.
You press <<1>> and receive 70 points.
You press <<3>> and receive 80 points.
You press <<4>> and receive 59 points.
You press <<2>> and receive 84 points.
You press <<2>> and receive 85 points.

Environment number 9:
The value of option 13 is 2. You have 10 choices to make in this environment.
You press <<12>> and receive 1 points.
You press <<14>> and receive 30 points.
You press <<15>> and receive 62 points.
You press <<16>> and receive 81 points.
You press <<17>> and receive 79 points.
You press <<16>> and receive 80 points.
You press <<16>> and receive 81 points.
You press <<16>> and receive 81 points.
You press <<16>> and receive 81 points.
You press <<16>> and receive 82 points.

Environment number 10:
The value of option 22 is 0. You have 10 choices to make in this environment.
You press <<23>> and receive 0 points.
You press <<21>> and receive 23 points.
You press <<20>> and receive 55 points.
You press <<19>> and receive 76 points.
You press <<18>> and receive 85 points.
You press <<17>> and receive 77 points.
You press <<18>> and receive 84 points.
You press <<18>> and receive 84 points.
You press <<18>> and receive 84 points.
You press <<18>> and receive 84 points.

Environment number 11:
The value of option 1 is 21. You have 10 choices to make in this environment.
You press <<2>> and receive 15 points.
You press <<3>> and receive 13 points.
You press <<4>> and receive 25 points.
You press <<5>> and receive 44 points.
You press <<6>> and receive 60 points.
You press <<7>> and receive 62 points.
You press <<8>> and receive 48 points.
You press <<7>> and receive 61 points.
You press <<7>> and receive 61 points.
You press <<7>> and receive 60 points.

Environment number 12:
The value of option 12 is 28. You have 10 choices to make in this environment.
You press <<11>> and receive 13 points.
You press <<13>> and receive 44 points.
You press <<14>> and receive 49 points.
You press <<15>> and receive 53 points.
You press <<16>> and receive 45 points.
You press <<15>> and receive 51 points.
You press <<15>> and receive 51 points.
You press <<15>> and receive 51 points.
You press <<15>> and receive 53 points.
You press <<15>> and receive 52 points.

Environment number 13:
The value of option 9 is 59. You have 10 choices to make in this environment.
You press <<8>> and receive 43 points.
You press <<10>> and receive 66 points.
You press <<11>> and receive 48 points.
You press <<10>> and receive 66 points.
You press <<10>> and receive 67 points.
You press <<",54
13,13,7,10,1,smooth,9,10,59,68,"You will be presented with a series of 16 different environments to explore.
In each trial, you can select an option between numbers 1 and 30 by pressing the corresponding key.
By selecting any of these options, you will earn points associated with each unique option.
Imagine these options 1 through 30 as lying next to each other in an ordered line; options closer to each other tend to have similar rewards as rewards tend to cluster together.
For each environment, you will be able to make either 5 or 10 choices.
When you made all your choices in a given environment, you will start making choices in the next unexplored environment.
The rewards underlying the different options are different in each environment so you will learn them anew for each environment.
Each environment starts with the value of a single option revealed.
When you choose the number corresponding to a different option, you will be told the value of that option and receive those points.
Previously revealed options, including the starting option, can also be reselected, although there may be small changes in the point value.
It is your task to to learn where the largest reward is in each of the 16 environments.

Environment number 1:
The value of option 4 is 16. You have 10 choices to make in this environment.
You press <<4>> and receive 16 points.
You press <<3>> and receive 7 points.
You press <<5>> and receive 25 points.
You press <<6>> and receive 37 points.
You press <<7>> and receive 50 points.
You press <<8>> and receive 60 points.
You press <<9>> and receive 69 points.
You press <<10>> and receive 75 points.
You press <<11>> and receive 70 points.
You press <<10>> and receive 75 points.

Environment number 2:
The value of option 21 is 72. You have 5 choices to make in this environment.
You press <<22>> and receive 78 points.
You press <<23>> and receive 81 points.
You press <<24>> and receive 73 points.
You press <<20>> and receive 63 points.
You press <<23>> and receive 81 points.

Environment number 3:
The value of option 9 is 44. You have 5 choices to make in this environment.
You press <<8>> and receive 46 points.
You press <<7>> and receive 48 points.
You press <<6>> and receive 38 points.
You press <<10>> and receive 31 points.
You press <<7>> and receive 45 points.

Environment number 4:
The value of option 9 is 72. You have 10 choices to make in this environment.
You press <<8>> and receive 71 points.
You press <<10>> and receive 72 points.
You press <<11>> and receive 66 points.
You press <<7>> and receive 80 points.
You press <<6>> and receive 84 points.
You press <<5>> and receive 74 points.
You press <<6>> and receive 84 points.
You press <<6>> and receive 83 points.
You press <<6>> and receive 84 points.
You press <<6>> and receive 84 points.

Environment number 5:
The value of option 15 is 0. You have 5 choices to make in this environment.
You press <<14>> and receive 0 points.
You press <<16>> and receive 6 points.
You press <<17>> and receive 16 points.
You press <<18>> and receive 25 points.
You press <<19>> and receive 32 points.

Environment number 6:
The value of option 19 is 0. You have 5 choices to make in this environment.
You press <<20>> and receive 6 points.
You press <<18>> and receive 17 points.
You press <<17>> and receive 30 points.
You press <<16>> and receive 28 points.
You press <<17>> and receive 29 points.

Environment number 7:
The value of option 29 is 42. You have 5 choices to make in this environment.
You press <<28>> and receive 42 points.
You press <<27>> and receive 42 points.
You press <<26>> and receive 42 points.
You press <<25>> and receive 42 points.
You press <<24>> and receive 44 points.

Environment number 8:
The value of option 2 is 85. You have 5 choices to make in this environment.
You press <<1>> and receive 70 points.
You press <<3>> and receive 80 points.
You press <<4>> and receive 59 points.
You press <<2>> and receive 84 points.
You press <<2>> and receive 85 points.

Environment number 9:
The value of option 13 is 2. You have 10 choices to make in this environment.
You press <<12>> and receive 1 points.
You press <<14>> and receive 30 points.
You press <<15>> and receive 62 points.
You press <<16>> and receive 81 points.
You press <<17>> and receive 79 points.
You press <<16>> and receive 80 points.
You press <<16>> and receive 81 points.
You press <<16>> and receive 81 points.
You press <<16>> and receive 81 points.
You press <<16>> and receive 82 points.

Environment number 10:
The value of option 22 is 0. You have 10 choices to make in this environment.
You press <<23>> and receive 0 points.
You press <<21>> and receive 23 points.
You press <<20>> and receive 55 points.
You press <<19>> and receive 76 points.
You press <<18>> and receive 85 points.
You press <<17>> and receive 77 points.
You press <<18>> and receive 84 points.
You press <<18>> and receive 84 points.
You press <<18>> and receive 84 points.
You press <<18>> and receive 84 points.

Environment number 11:
The value of option 1 is 21. You have 10 choices to make in this environment.
You press <<2>> and receive 15 points.
You press <<3>> and receive 13 points.
You press <<4>> and receive 25 points.
You press <<5>> and receive 44 points.
You press <<6>> and receive 60 points.
You press <<7>> and receive 62 points.
You press <<8>> and receive 48 points.
You press <<7>> and receive 61 points.
You press <<7>> and receive 61 points.
You press <<7>> and receive 60 points.

Environment number 12:
The value of option 12 is 28. You have 10 choices to make in this environment.
You press <<11>> and receive 13 points.
You press <<13>> and receive 44 points.
You press <<14>> and receive 49 points.
You press <<15>> and receive 53 points.
You press <<16>> and receive 45 points.
You press <<15>> and receive 51 points.
You press <<15>> and receive 51 points.
You press <<15>> and receive 51 points.
You press <<15>> and receive 53 points.
You press <<15>> and receive 52 points.

Environment number 13:
The value of option 9 is 59. You have 10 choices to make in this environment.
You press <<8>> and receive 43 points.
You press <<10>> and receive 66 points.
You press <<11>> and receive 48 points.
You press <<10>> and receive 66 points.
You press <<10>> and receive 67 points.
You press <<10>> and receive 66 points.
You press <<",54
13,13,8,10,1,smooth,9,10,59,65,"You will be presented with a series of 16 different environments to explore.
In each trial, you can select an option between numbers 1 and 30 by pressing the corresponding key.
By selecting any of these options, you will earn points associated with each unique option.
Imagine these options 1 through 30 as lying next to each other in an ordered line; options closer to each other tend to have similar rewards as rewards tend to cluster together.
For each environment, you will be able to make either 5 or 10 choices.
When you made all your choices in a given environment, you will start making choices in the next unexplored environment.
The rewards underlying the different options are different in each environment so you will learn them anew for each environment.
Each environment starts with the value of a single option revealed.
When you choose the number corresponding to a different option, you will be told the value of that option and receive those points.
Previously revealed options, including the starting option, can also be reselected, although there may be small changes in the point value.
It is your task to to learn where the largest reward is in each of the 16 environments.

Environment number 1:
The value of option 4 is 16. You have 10 choices to make in this environment.
You press <<4>> and receive 16 points.
You press <<3>> and receive 7 points.
You press <<5>> and receive 25 points.
You press <<6>> and receive 37 points.
You press <<7>> and receive 50 points.
You press <<8>> and receive 60 points.
You press <<9>> and receive 69 points.
You press <<10>> and receive 75 points.
You press <<11>> and receive 70 points.
You press <<10>> and receive 75 points.

Environment number 2:
The value of option 21 is 72. You have 5 choices to make in this environment.
You press <<22>> and receive 78 points.
You press <<23>> and receive 81 points.
You press <<24>> and receive 73 points.
You press <<20>> and receive 63 points.
You press <<23>> and receive 81 points.

Environment number 3:
The value of option 9 is 44. You have 5 choices to make in this environment.
You press <<8>> and receive 46 points.
You press <<7>> and receive 48 points.
You press <<6>> and receive 38 points.
You press <<10>> and receive 31 points.
You press <<7>> and receive 45 points.

Environment number 4:
The value of option 9 is 72. You have 10 choices to make in this environment.
You press <<8>> and receive 71 points.
You press <<10>> and receive 72 points.
You press <<11>> and receive 66 points.
You press <<7>> and receive 80 points.
You press <<6>> and receive 84 points.
You press <<5>> and receive 74 points.
You press <<6>> and receive 84 points.
You press <<6>> and receive 83 points.
You press <<6>> and receive 84 points.
You press <<6>> and receive 84 points.

Environment number 5:
The value of option 15 is 0. You have 5 choices to make in this environment.
You press <<14>> and receive 0 points.
You press <<16>> and receive 6 points.
You press <<17>> and receive 16 points.
You press <<18>> and receive 25 points.
You press <<19>> and receive 32 points.

Environment number 6:
The value of option 19 is 0. You have 5 choices to make in this environment.
You press <<20>> and receive 6 points.
You press <<18>> and receive 17 points.
You press <<17>> and receive 30 points.
You press <<16>> and receive 28 points.
You press <<17>> and receive 29 points.

Environment number 7:
The value of option 29 is 42. You have 5 choices to make in this environment.
You press <<28>> and receive 42 points.
You press <<27>> and receive 42 points.
You press <<26>> and receive 42 points.
You press <<25>> and receive 42 points.
You press <<24>> and receive 44 points.

Environment number 8:
The value of option 2 is 85. You have 5 choices to make in this environment.
You press <<1>> and receive 70 points.
You press <<3>> and receive 80 points.
You press <<4>> and receive 59 points.
You press <<2>> and receive 84 points.
You press <<2>> and receive 85 points.

Environment number 9:
The value of option 13 is 2. You have 10 choices to make in this environment.
You press <<12>> and receive 1 points.
You press <<14>> and receive 30 points.
You press <<15>> and receive 62 points.
You press <<16>> and receive 81 points.
You press <<17>> and receive 79 points.
You press <<16>> and receive 80 points.
You press <<16>> and receive 81 points.
You press <<16>> and receive 81 points.
You press <<16>> and receive 81 points.
You press <<16>> and receive 82 points.

Environment number 10:
The value of option 22 is 0. You have 10 choices to make in this environment.
You press <<23>> and receive 0 points.
You press <<21>> and receive 23 points.
You press <<20>> and receive 55 points.
You press <<19>> and receive 76 points.
You press <<18>> and receive 85 points.
You press <<17>> and receive 77 points.
You press <<18>> and receive 84 points.
You press <<18>> and receive 84 points.
You press <<18>> and receive 84 points.
You press <<18>> and receive 84 points.

Environment number 11:
The value of option 1 is 21. You have 10 choices to make in this environment.
You press <<2>> and receive 15 points.
You press <<3>> and receive 13 points.
You press <<4>> and receive 25 points.
You press <<5>> and receive 44 points.
You press <<6>> and receive 60 points.
You press <<7>> and receive 62 points.
You press <<8>> and receive 48 points.
You press <<7>> and receive 61 points.
You press <<7>> and receive 61 points.
You press <<7>> and receive 60 points.

Environment number 12:
The value of option 12 is 28. You have 10 choices to make in this environment.
You press <<11>> and receive 13 points.
You press <<13>> and receive 44 points.
You press <<14>> and receive 49 points.
You press <<15>> and receive 53 points.
You press <<16>> and receive 45 points.
You press <<15>> and receive 51 points.
You press <<15>> and receive 51 points.
You press <<15>> and receive 51 points.
You press <<15>> and receive 53 points.
You press <<15>> and receive 52 points.

Environment number 13:
The value of option 9 is 59. You have 10 choices to make in this environment.
You press <<8>> and receive 43 points.
You press <<10>> and receive 66 points.
You press <<11>> and receive 48 points.
You press <<10>> and receive 66 points.
You press <<10>> and receive 67 points.
You press <<10>> and receive 66 points.
You press <<10>> and receive 68 points.
You press <<",54
13,13,9,10,1,smooth,9,10,59,67,"You will be presented with a series of 16 different environments to explore.
In each trial, you can select an option between numbers 1 and 30 by pressing the corresponding key.
By selecting any of these options, you will earn points associated with each unique option.
Imagine these options 1 through 30 as lying next to each other in an ordered line; options closer to each other tend to have similar rewards as rewards tend to cluster together.
For each environment, you will be able to make either 5 or 10 choices.
When you made all your choices in a given environment, you will start making choices in the next unexplored environment.
The rewards underlying the different options are different in each environment so you will learn them anew for each environment.
Each environment starts with the value of a single option revealed.
When you choose the number corresponding to a different option, you will be told the value of that option and receive those points.
Previously revealed options, including the starting option, can also be reselected, although there may be small changes in the point value.
It is your task to to learn where the largest reward is in each of the 16 environments.

Environment number 1:
The value of option 4 is 16. You have 10 choices to make in this environment.
You press <<4>> and receive 16 points.
You press <<3>> and receive 7 points.
You press <<5>> and receive 25 points.
You press <<6>> and receive 37 points.
You press <<7>> and receive 50 points.
You press <<8>> and receive 60 points.
You press <<9>> and receive 69 points.
You press <<10>> and receive 75 points.
You press <<11>> and receive 70 points.
You press <<10>> and receive 75 points.

Environment number 2:
The value of option 21 is 72. You have 5 choices to make in this environment.
You press <<22>> and receive 78 points.
You press <<23>> and receive 81 points.
You press <<24>> and receive 73 points.
You press <<20>> and receive 63 points.
You press <<23>> and receive 81 points.

Environment number 3:
The value of option 9 is 44. You have 5 choices to make in this environment.
You press <<8>> and receive 46 points.
You press <<7>> and receive 48 points.
You press <<6>> and receive 38 points.
You press <<10>> and receive 31 points.
You press <<7>> and receive 45 points.

Environment number 4:
The value of option 9 is 72. You have 10 choices to make in this environment.
You press <<8>> and receive 71 points.
You press <<10>> and receive 72 points.
You press <<11>> and receive 66 points.
You press <<7>> and receive 80 points.
You press <<6>> and receive 84 points.
You press <<5>> and receive 74 points.
You press <<6>> and receive 84 points.
You press <<6>> and receive 83 points.
You press <<6>> and receive 84 points.
You press <<6>> and receive 84 points.

Environment number 5:
The value of option 15 is 0. You have 5 choices to make in this environment.
You press <<14>> and receive 0 points.
You press <<16>> and receive 6 points.
You press <<17>> and receive 16 points.
You press <<18>> and receive 25 points.
You press <<19>> and receive 32 points.

Environment number 6:
The value of option 19 is 0. You have 5 choices to make in this environment.
You press <<20>> and receive 6 points.
You press <<18>> and receive 17 points.
You press <<17>> and receive 30 points.
You press <<16>> and receive 28 points.
You press <<17>> and receive 29 points.

Environment number 7:
The value of option 29 is 42. You have 5 choices to make in this environment.
You press <<28>> and receive 42 points.
You press <<27>> and receive 42 points.
You press <<26>> and receive 42 points.
You press <<25>> and receive 42 points.
You press <<24>> and receive 44 points.

Environment number 8:
The value of option 2 is 85. You have 5 choices to make in this environment.
You press <<1>> and receive 70 points.
You press <<3>> and receive 80 points.
You press <<4>> and receive 59 points.
You press <<2>> and receive 84 points.
You press <<2>> and receive 85 points.

Environment number 9:
The value of option 13 is 2. You have 10 choices to make in this environment.
You press <<12>> and receive 1 points.
You press <<14>> and receive 30 points.
You press <<15>> and receive 62 points.
You press <<16>> and receive 81 points.
You press <<17>> and receive 79 points.
You press <<16>> and receive 80 points.
You press <<16>> and receive 81 points.
You press <<16>> and receive 81 points.
You press <<16>> and receive 81 points.
You press <<16>> and receive 82 points.

Environment number 10:
The value of option 22 is 0. You have 10 choices to make in this environment.
You press <<23>> and receive 0 points.
You press <<21>> and receive 23 points.
You press <<20>> and receive 55 points.
You press <<19>> and receive 76 points.
You press <<18>> and receive 85 points.
You press <<17>> and receive 77 points.
You press <<18>> and receive 84 points.
You press <<18>> and receive 84 points.
You press <<18>> and receive 84 points.
You press <<18>> and receive 84 points.

Environment number 11:
The value of option 1 is 21. You have 10 choices to make in this environment.
You press <<2>> and receive 15 points.
You press <<3>> and receive 13 points.
You press <<4>> and receive 25 points.
You press <<5>> and receive 44 points.
You press <<6>> and receive 60 points.
You press <<7>> and receive 62 points.
You press <<8>> and receive 48 points.
You press <<7>> and receive 61 points.
You press <<7>> and receive 61 points.
You press <<7>> and receive 60 points.

Environment number 12:
The value of option 12 is 28. You have 10 choices to make in this environment.
You press <<11>> and receive 13 points.
You press <<13>> and receive 44 points.
You press <<14>> and receive 49 points.
You press <<15>> and receive 53 points.
You press <<16>> and receive 45 points.
You press <<15>> and receive 51 points.
You press <<15>> and receive 51 points.
You press <<15>> and receive 51 points.
You press <<15>> and receive 53 points.
You press <<15>> and receive 52 points.

Environment number 13:
The value of option 9 is 59. You have 10 choices to make in this environment.
You press <<8>> and receive 43 points.
You press <<10>> and receive 66 points.
You press <<11>> and receive 48 points.
You press <<10>> and receive 66 points.
You press <<10>> and receive 67 points.
You press <<10>> and receive 66 points.
You press <<10>> and receive 68 points.
You press <<10>> and receive 65 points.
You press <<",54
13,13,10,10,1,smooth,9,10,59,66,"You will be presented with a series of 16 different environments to explore.
In each trial, you can select an option between numbers 1 and 30 by pressing the corresponding key.
By selecting any of these options, you will earn points associated with each unique option.
Imagine these options 1 through 30 as lying next to each other in an ordered line; options closer to each other tend to have similar rewards as rewards tend to cluster together.
For each environment, you will be able to make either 5 or 10 choices.
When you made all your choices in a given environment, you will start making choices in the next unexplored environment.
The rewards underlying the different options are different in each environment so you will learn them anew for each environment.
Each environment starts with the value of a single option revealed.
When you choose the number corresponding to a different option, you will be told the value of that option and receive those points.
Previously revealed options, including the starting option, can also be reselected, although there may be small changes in the point value.
It is your task to to learn where the largest reward is in each of the 16 environments.

Environment number 1:
The value of option 4 is 16. You have 10 choices to make in this environment.
You press <<4>> and receive 16 points.
You press <<3>> and receive 7 points.
You press <<5>> and receive 25 points.
You press <<6>> and receive 37 points.
You press <<7>> and receive 50 points.
You press <<8>> and receive 60 points.
You press <<9>> and receive 69 points.
You press <<10>> and receive 75 points.
You press <<11>> and receive 70 points.
You press <<10>> and receive 75 points.

Environment number 2:
The value of option 21 is 72. You have 5 choices to make in this environment.
You press <<22>> and receive 78 points.
You press <<23>> and receive 81 points.
You press <<24>> and receive 73 points.
You press <<20>> and receive 63 points.
You press <<23>> and receive 81 points.

Environment number 3:
The value of option 9 is 44. You have 5 choices to make in this environment.
You press <<8>> and receive 46 points.
You press <<7>> and receive 48 points.
You press <<6>> and receive 38 points.
You press <<10>> and receive 31 points.
You press <<7>> and receive 45 points.

Environment number 4:
The value of option 9 is 72. You have 10 choices to make in this environment.
You press <<8>> and receive 71 points.
You press <<10>> and receive 72 points.
You press <<11>> and receive 66 points.
You press <<7>> and receive 80 points.
You press <<6>> and receive 84 points.
You press <<5>> and receive 74 points.
You press <<6>> and receive 84 points.
You press <<6>> and receive 83 points.
You press <<6>> and receive 84 points.
You press <<6>> and receive 84 points.

Environment number 5:
The value of option 15 is 0. You have 5 choices to make in this environment.
You press <<14>> and receive 0 points.
You press <<16>> and receive 6 points.
You press <<17>> and receive 16 points.
You press <<18>> and receive 25 points.
You press <<19>> and receive 32 points.

Environment number 6:
The value of option 19 is 0. You have 5 choices to make in this environment.
You press <<20>> and receive 6 points.
You press <<18>> and receive 17 points.
You press <<17>> and receive 30 points.
You press <<16>> and receive 28 points.
You press <<17>> and receive 29 points.

Environment number 7:
The value of option 29 is 42. You have 5 choices to make in this environment.
You press <<28>> and receive 42 points.
You press <<27>> and receive 42 points.
You press <<26>> and receive 42 points.
You press <<25>> and receive 42 points.
You press <<24>> and receive 44 points.

Environment number 8:
The value of option 2 is 85. You have 5 choices to make in this environment.
You press <<1>> and receive 70 points.
You press <<3>> and receive 80 points.
You press <<4>> and receive 59 points.
You press <<2>> and receive 84 points.
You press <<2>> and receive 85 points.

Environment number 9:
The value of option 13 is 2. You have 10 choices to make in this environment.
You press <<12>> and receive 1 points.
You press <<14>> and receive 30 points.
You press <<15>> and receive 62 points.
You press <<16>> and receive 81 points.
You press <<17>> and receive 79 points.
You press <<16>> and receive 80 points.
You press <<16>> and receive 81 points.
You press <<16>> and receive 81 points.
You press <<16>> and receive 81 points.
You press <<16>> and receive 82 points.

Environment number 10:
The value of option 22 is 0. You have 10 choices to make in this environment.
You press <<23>> and receive 0 points.
You press <<21>> and receive 23 points.
You press <<20>> and receive 55 points.
You press <<19>> and receive 76 points.
You press <<18>> and receive 85 points.
You press <<17>> and receive 77 points.
You press <<18>> and receive 84 points.
You press <<18>> and receive 84 points.
You press <<18>> and receive 84 points.
You press <<18>> and receive 84 points.

Environment number 11:
The value of option 1 is 21. You have 10 choices to make in this environment.
You press <<2>> and receive 15 points.
You press <<3>> and receive 13 points.
You press <<4>> and receive 25 points.
You press <<5>> and receive 44 points.
You press <<6>> and receive 60 points.
You press <<7>> and receive 62 points.
You press <<8>> and receive 48 points.
You press <<7>> and receive 61 points.
You press <<7>> and receive 61 points.
You press <<7>> and receive 60 points.

Environment number 12:
The value of option 12 is 28. You have 10 choices to make in this environment.
You press <<11>> and receive 13 points.
You press <<13>> and receive 44 points.
You press <<14>> and receive 49 points.
You press <<15>> and receive 53 points.
You press <<16>> and receive 45 points.
You press <<15>> and receive 51 points.
You press <<15>> and receive 51 points.
You press <<15>> and receive 51 points.
You press <<15>> and receive 53 points.
You press <<15>> and receive 52 points.

Environment number 13:
The value of option 9 is 59. You have 10 choices to make in this environment.
You press <<8>> and receive 43 points.
You press <<10>> and receive 66 points.
You press <<11>> and receive 48 points.
You press <<10>> and receive 66 points.
You press <<10>> and receive 67 points.
You press <<10>> and receive 66 points.
You press <<10>> and receive 68 points.
You press <<10>> and receive 65 points.
You press <<10>> and receive 67 points.
You press <<",54
14,7,1,2,1,smooth,1,10,3,4,"You will be presented with a series of 16 different environments to explore.
In each trial, you can select an option between numbers 1 and 30 by pressing the corresponding key.
By selecting any of these options, you will earn points associated with each unique option.
Imagine these options 1 through 30 as lying next to each other in an ordered line; options closer to each other tend to have similar rewards as rewards tend to cluster together.
For each environment, you will be able to make either 5 or 10 choices.
When you made all your choices in a given environment, you will start making choices in the next unexplored environment.
The rewards underlying the different options are different in each environment so you will learn them anew for each environment.
Each environment starts with the value of a single option revealed.
When you choose the number corresponding to a different option, you will be told the value of that option and receive those points.
Previously revealed options, including the starting option, can also be reselected, although there may be small changes in the point value.
It is your task to to learn where the largest reward is in each of the 16 environments.

Environment number 1:
The value of option 4 is 16. You have 10 choices to make in this environment.
You press <<4>> and receive 16 points.
You press <<3>> and receive 7 points.
You press <<5>> and receive 25 points.
You press <<6>> and receive 37 points.
You press <<7>> and receive 50 points.
You press <<8>> and receive 60 points.
You press <<9>> and receive 69 points.
You press <<10>> and receive 75 points.
You press <<11>> and receive 70 points.
You press <<10>> and receive 75 points.

Environment number 2:
The value of option 21 is 72. You have 5 choices to make in this environment.
You press <<22>> and receive 78 points.
You press <<23>> and receive 81 points.
You press <<24>> and receive 73 points.
You press <<20>> and receive 63 points.
You press <<23>> and receive 81 points.

Environment number 3:
The value of option 9 is 44. You have 5 choices to make in this environment.
You press <<8>> and receive 46 points.
You press <<7>> and receive 48 points.
You press <<6>> and receive 38 points.
You press <<10>> and receive 31 points.
You press <<7>> and receive 45 points.

Environment number 4:
The value of option 9 is 72. You have 10 choices to make in this environment.
You press <<8>> and receive 71 points.
You press <<10>> and receive 72 points.
You press <<11>> and receive 66 points.
You press <<7>> and receive 80 points.
You press <<6>> and receive 84 points.
You press <<5>> and receive 74 points.
You press <<6>> and receive 84 points.
You press <<6>> and receive 83 points.
You press <<6>> and receive 84 points.
You press <<6>> and receive 84 points.

Environment number 5:
The value of option 15 is 0. You have 5 choices to make in this environment.
You press <<14>> and receive 0 points.
You press <<16>> and receive 6 points.
You press <<17>> and receive 16 points.
You press <<18>> and receive 25 points.
You press <<19>> and receive 32 points.

Environment number 6:
The value of option 19 is 0. You have 5 choices to make in this environment.
You press <<20>> and receive 6 points.
You press <<18>> and receive 17 points.
You press <<17>> and receive 30 points.
You press <<16>> and receive 28 points.
You press <<17>> and receive 29 points.

Environment number 7:
The value of option 29 is 42. You have 5 choices to make in this environment.
You press <<28>> and receive 42 points.
You press <<27>> and receive 42 points.
You press <<26>> and receive 42 points.
You press <<25>> and receive 42 points.
You press <<24>> and receive 44 points.

Environment number 8:
The value of option 2 is 85. You have 5 choices to make in this environment.
You press <<1>> and receive 70 points.
You press <<3>> and receive 80 points.
You press <<4>> and receive 59 points.
You press <<2>> and receive 84 points.
You press <<2>> and receive 85 points.

Environment number 9:
The value of option 13 is 2. You have 10 choices to make in this environment.
You press <<12>> and receive 1 points.
You press <<14>> and receive 30 points.
You press <<15>> and receive 62 points.
You press <<16>> and receive 81 points.
You press <<17>> and receive 79 points.
You press <<16>> and receive 80 points.
You press <<16>> and receive 81 points.
You press <<16>> and receive 81 points.
You press <<16>> and receive 81 points.
You press <<16>> and receive 82 points.

Environment number 10:
The value of option 22 is 0. You have 10 choices to make in this environment.
You press <<23>> and receive 0 points.
You press <<21>> and receive 23 points.
You press <<20>> and receive 55 points.
You press <<19>> and receive 76 points.
You press <<18>> and receive 85 points.
You press <<17>> and receive 77 points.
You press <<18>> and receive 84 points.
You press <<18>> and receive 84 points.
You press <<18>> and receive 84 points.
You press <<18>> and receive 84 points.

Environment number 11:
The value of option 1 is 21. You have 10 choices to make in this environment.
You press <<2>> and receive 15 points.
You press <<3>> and receive 13 points.
You press <<4>> and receive 25 points.
You press <<5>> and receive 44 points.
You press <<6>> and receive 60 points.
You press <<7>> and receive 62 points.
You press <<8>> and receive 48 points.
You press <<7>> and receive 61 points.
You press <<7>> and receive 61 points.
You press <<7>> and receive 60 points.

Environment number 12:
The value of option 12 is 28. You have 10 choices to make in this environment.
You press <<11>> and receive 13 points.
You press <<13>> and receive 44 points.
You press <<14>> and receive 49 points.
You press <<15>> and receive 53 points.
You press <<16>> and receive 45 points.
You press <<15>> and receive 51 points.
You press <<15>> and receive 51 points.
You press <<15>> and receive 51 points.
You press <<15>> and receive 53 points.
You press <<15>> and receive 52 points.

Environment number 13:
The value of option 9 is 59. You have 10 choices to make in this environment.
You press <<8>> and receive 43 points.
You press <<10>> and receive 66 points.
You press <<11>> and receive 48 points.
You press <<10>> and receive 66 points.
You press <<10>> and receive 67 points.
You press <<10>> and receive 66 points.
You press <<10>> and receive 68 points.
You press <<10>> and receive 65 points.
You press <<10>> and receive 67 points.
You press <<10>> and receive 66 points.

Environment number 14:
The value of option 1 is 3. You have 10 choices to make in this environment.
You press <<",54
14,7,2,3,1,smooth,1,10,3,11,"You will be presented with a series of 16 different environments to explore.
In each trial, you can select an option between numbers 1 and 30 by pressing the corresponding key.
By selecting any of these options, you will earn points associated with each unique option.
Imagine these options 1 through 30 as lying next to each other in an ordered line; options closer to each other tend to have similar rewards as rewards tend to cluster together.
For each environment, you will be able to make either 5 or 10 choices.
When you made all your choices in a given environment, you will start making choices in the next unexplored environment.
The rewards underlying the different options are different in each environment so you will learn them anew for each environment.
Each environment starts with the value of a single option revealed.
When you choose the number corresponding to a different option, you will be told the value of that option and receive those points.
Previously revealed options, including the starting option, can also be reselected, although there may be small changes in the point value.
It is your task to to learn where the largest reward is in each of the 16 environments.

Environment number 1:
The value of option 4 is 16. You have 10 choices to make in this environment.
You press <<4>> and receive 16 points.
You press <<3>> and receive 7 points.
You press <<5>> and receive 25 points.
You press <<6>> and receive 37 points.
You press <<7>> and receive 50 points.
You press <<8>> and receive 60 points.
You press <<9>> and receive 69 points.
You press <<10>> and receive 75 points.
You press <<11>> and receive 70 points.
You press <<10>> and receive 75 points.

Environment number 2:
The value of option 21 is 72. You have 5 choices to make in this environment.
You press <<22>> and receive 78 points.
You press <<23>> and receive 81 points.
You press <<24>> and receive 73 points.
You press <<20>> and receive 63 points.
You press <<23>> and receive 81 points.

Environment number 3:
The value of option 9 is 44. You have 5 choices to make in this environment.
You press <<8>> and receive 46 points.
You press <<7>> and receive 48 points.
You press <<6>> and receive 38 points.
You press <<10>> and receive 31 points.
You press <<7>> and receive 45 points.

Environment number 4:
The value of option 9 is 72. You have 10 choices to make in this environment.
You press <<8>> and receive 71 points.
You press <<10>> and receive 72 points.
You press <<11>> and receive 66 points.
You press <<7>> and receive 80 points.
You press <<6>> and receive 84 points.
You press <<5>> and receive 74 points.
You press <<6>> and receive 84 points.
You press <<6>> and receive 83 points.
You press <<6>> and receive 84 points.
You press <<6>> and receive 84 points.

Environment number 5:
The value of option 15 is 0. You have 5 choices to make in this environment.
You press <<14>> and receive 0 points.
You press <<16>> and receive 6 points.
You press <<17>> and receive 16 points.
You press <<18>> and receive 25 points.
You press <<19>> and receive 32 points.

Environment number 6:
The value of option 19 is 0. You have 5 choices to make in this environment.
You press <<20>> and receive 6 points.
You press <<18>> and receive 17 points.
You press <<17>> and receive 30 points.
You press <<16>> and receive 28 points.
You press <<17>> and receive 29 points.

Environment number 7:
The value of option 29 is 42. You have 5 choices to make in this environment.
You press <<28>> and receive 42 points.
You press <<27>> and receive 42 points.
You press <<26>> and receive 42 points.
You press <<25>> and receive 42 points.
You press <<24>> and receive 44 points.

Environment number 8:
The value of option 2 is 85. You have 5 choices to make in this environment.
You press <<1>> and receive 70 points.
You press <<3>> and receive 80 points.
You press <<4>> and receive 59 points.
You press <<2>> and receive 84 points.
You press <<2>> and receive 85 points.

Environment number 9:
The value of option 13 is 2. You have 10 choices to make in this environment.
You press <<12>> and receive 1 points.
You press <<14>> and receive 30 points.
You press <<15>> and receive 62 points.
You press <<16>> and receive 81 points.
You press <<17>> and receive 79 points.
You press <<16>> and receive 80 points.
You press <<16>> and receive 81 points.
You press <<16>> and receive 81 points.
You press <<16>> and receive 81 points.
You press <<16>> and receive 82 points.

Environment number 10:
The value of option 22 is 0. You have 10 choices to make in this environment.
You press <<23>> and receive 0 points.
You press <<21>> and receive 23 points.
You press <<20>> and receive 55 points.
You press <<19>> and receive 76 points.
You press <<18>> and receive 85 points.
You press <<17>> and receive 77 points.
You press <<18>> and receive 84 points.
You press <<18>> and receive 84 points.
You press <<18>> and receive 84 points.
You press <<18>> and receive 84 points.

Environment number 11:
The value of option 1 is 21. You have 10 choices to make in this environment.
You press <<2>> and receive 15 points.
You press <<3>> and receive 13 points.
You press <<4>> and receive 25 points.
You press <<5>> and receive 44 points.
You press <<6>> and receive 60 points.
You press <<7>> and receive 62 points.
You press <<8>> and receive 48 points.
You press <<7>> and receive 61 points.
You press <<7>> and receive 61 points.
You press <<7>> and receive 60 points.

Environment number 12:
The value of option 12 is 28. You have 10 choices to make in this environment.
You press <<11>> and receive 13 points.
You press <<13>> and receive 44 points.
You press <<14>> and receive 49 points.
You press <<15>> and receive 53 points.
You press <<16>> and receive 45 points.
You press <<15>> and receive 51 points.
You press <<15>> and receive 51 points.
You press <<15>> and receive 51 points.
You press <<15>> and receive 53 points.
You press <<15>> and receive 52 points.

Environment number 13:
The value of option 9 is 59. You have 10 choices to make in this environment.
You press <<8>> and receive 43 points.
You press <<10>> and receive 66 points.
You press <<11>> and receive 48 points.
You press <<10>> and receive 66 points.
You press <<10>> and receive 67 points.
You press <<10>> and receive 66 points.
You press <<10>> and receive 68 points.
You press <<10>> and receive 65 points.
You press <<10>> and receive 67 points.
You press <<10>> and receive 66 points.

Environment number 14:
The value of option 1 is 3. You have 10 choices to make in this environment.
You press <<2>> and receive 4 points.
You press <<",54
14,7,3,4,1,smooth,1,10,3,24,"You will be presented with a series of 16 different environments to explore.
In each trial, you can select an option between numbers 1 and 30 by pressing the corresponding key.
By selecting any of these options, you will earn points associated with each unique option.
Imagine these options 1 through 30 as lying next to each other in an ordered line; options closer to each other tend to have similar rewards as rewards tend to cluster together.
For each environment, you will be able to make either 5 or 10 choices.
When you made all your choices in a given environment, you will start making choices in the next unexplored environment.
The rewards underlying the different options are different in each environment so you will learn them anew for each environment.
Each environment starts with the value of a single option revealed.
When you choose the number corresponding to a different option, you will be told the value of that option and receive those points.
Previously revealed options, including the starting option, can also be reselected, although there may be small changes in the point value.
It is your task to to learn where the largest reward is in each of the 16 environments.

Environment number 1:
The value of option 4 is 16. You have 10 choices to make in this environment.
You press <<4>> and receive 16 points.
You press <<3>> and receive 7 points.
You press <<5>> and receive 25 points.
You press <<6>> and receive 37 points.
You press <<7>> and receive 50 points.
You press <<8>> and receive 60 points.
You press <<9>> and receive 69 points.
You press <<10>> and receive 75 points.
You press <<11>> and receive 70 points.
You press <<10>> and receive 75 points.

Environment number 2:
The value of option 21 is 72. You have 5 choices to make in this environment.
You press <<22>> and receive 78 points.
You press <<23>> and receive 81 points.
You press <<24>> and receive 73 points.
You press <<20>> and receive 63 points.
You press <<23>> and receive 81 points.

Environment number 3:
The value of option 9 is 44. You have 5 choices to make in this environment.
You press <<8>> and receive 46 points.
You press <<7>> and receive 48 points.
You press <<6>> and receive 38 points.
You press <<10>> and receive 31 points.
You press <<7>> and receive 45 points.

Environment number 4:
The value of option 9 is 72. You have 10 choices to make in this environment.
You press <<8>> and receive 71 points.
You press <<10>> and receive 72 points.
You press <<11>> and receive 66 points.
You press <<7>> and receive 80 points.
You press <<6>> and receive 84 points.
You press <<5>> and receive 74 points.
You press <<6>> and receive 84 points.
You press <<6>> and receive 83 points.
You press <<6>> and receive 84 points.
You press <<6>> and receive 84 points.

Environment number 5:
The value of option 15 is 0. You have 5 choices to make in this environment.
You press <<14>> and receive 0 points.
You press <<16>> and receive 6 points.
You press <<17>> and receive 16 points.
You press <<18>> and receive 25 points.
You press <<19>> and receive 32 points.

Environment number 6:
The value of option 19 is 0. You have 5 choices to make in this environment.
You press <<20>> and receive 6 points.
You press <<18>> and receive 17 points.
You press <<17>> and receive 30 points.
You press <<16>> and receive 28 points.
You press <<17>> and receive 29 points.

Environment number 7:
The value of option 29 is 42. You have 5 choices to make in this environment.
You press <<28>> and receive 42 points.
You press <<27>> and receive 42 points.
You press <<26>> and receive 42 points.
You press <<25>> and receive 42 points.
You press <<24>> and receive 44 points.

Environment number 8:
The value of option 2 is 85. You have 5 choices to make in this environment.
You press <<1>> and receive 70 points.
You press <<3>> and receive 80 points.
You press <<4>> and receive 59 points.
You press <<2>> and receive 84 points.
You press <<2>> and receive 85 points.

Environment number 9:
The value of option 13 is 2. You have 10 choices to make in this environment.
You press <<12>> and receive 1 points.
You press <<14>> and receive 30 points.
You press <<15>> and receive 62 points.
You press <<16>> and receive 81 points.
You press <<17>> and receive 79 points.
You press <<16>> and receive 80 points.
You press <<16>> and receive 81 points.
You press <<16>> and receive 81 points.
You press <<16>> and receive 81 points.
You press <<16>> and receive 82 points.

Environment number 10:
The value of option 22 is 0. You have 10 choices to make in this environment.
You press <<23>> and receive 0 points.
You press <<21>> and receive 23 points.
You press <<20>> and receive 55 points.
You press <<19>> and receive 76 points.
You press <<18>> and receive 85 points.
You press <<17>> and receive 77 points.
You press <<18>> and receive 84 points.
You press <<18>> and receive 84 points.
You press <<18>> and receive 84 points.
You press <<18>> and receive 84 points.

Environment number 11:
The value of option 1 is 21. You have 10 choices to make in this environment.
You press <<2>> and receive 15 points.
You press <<3>> and receive 13 points.
You press <<4>> and receive 25 points.
You press <<5>> and receive 44 points.
You press <<6>> and receive 60 points.
You press <<7>> and receive 62 points.
You press <<8>> and receive 48 points.
You press <<7>> and receive 61 points.
You press <<7>> and receive 61 points.
You press <<7>> and receive 60 points.

Environment number 12:
The value of option 12 is 28. You have 10 choices to make in this environment.
You press <<11>> and receive 13 points.
You press <<13>> and receive 44 points.
You press <<14>> and receive 49 points.
You press <<15>> and receive 53 points.
You press <<16>> and receive 45 points.
You press <<15>> and receive 51 points.
You press <<15>> and receive 51 points.
You press <<15>> and receive 51 points.
You press <<15>> and receive 53 points.
You press <<15>> and receive 52 points.

Environment number 13:
The value of option 9 is 59. You have 10 choices to make in this environment.
You press <<8>> and receive 43 points.
You press <<10>> and receive 66 points.
You press <<11>> and receive 48 points.
You press <<10>> and receive 66 points.
You press <<10>> and receive 67 points.
You press <<10>> and receive 66 points.
You press <<10>> and receive 68 points.
You press <<10>> and receive 65 points.
You press <<10>> and receive 67 points.
You press <<10>> and receive 66 points.

Environment number 14:
The value of option 1 is 3. You have 10 choices to make in this environment.
You press <<2>> and receive 4 points.
You press <<3>> and receive 11 points.
You press <<",54
14,7,4,5,1,smooth,1,10,3,34,"You will be presented with a series of 16 different environments to explore.
In each trial, you can select an option between numbers 1 and 30 by pressing the corresponding key.
By selecting any of these options, you will earn points associated with each unique option.
Imagine these options 1 through 30 as lying next to each other in an ordered line; options closer to each other tend to have similar rewards as rewards tend to cluster together.
For each environment, you will be able to make either 5 or 10 choices.
When you made all your choices in a given environment, you will start making choices in the next unexplored environment.
The rewards underlying the different options are different in each environment so you will learn them anew for each environment.
Each environment starts with the value of a single option revealed.
When you choose the number corresponding to a different option, you will be told the value of that option and receive those points.
Previously revealed options, including the starting option, can also be reselected, although there may be small changes in the point value.
It is your task to to learn where the largest reward is in each of the 16 environments.

Environment number 1:
The value of option 4 is 16. You have 10 choices to make in this environment.
You press <<4>> and receive 16 points.
You press <<3>> and receive 7 points.
You press <<5>> and receive 25 points.
You press <<6>> and receive 37 points.
You press <<7>> and receive 50 points.
You press <<8>> and receive 60 points.
You press <<9>> and receive 69 points.
You press <<10>> and receive 75 points.
You press <<11>> and receive 70 points.
You press <<10>> and receive 75 points.

Environment number 2:
The value of option 21 is 72. You have 5 choices to make in this environment.
You press <<22>> and receive 78 points.
You press <<23>> and receive 81 points.
You press <<24>> and receive 73 points.
You press <<20>> and receive 63 points.
You press <<23>> and receive 81 points.

Environment number 3:
The value of option 9 is 44. You have 5 choices to make in this environment.
You press <<8>> and receive 46 points.
You press <<7>> and receive 48 points.
You press <<6>> and receive 38 points.
You press <<10>> and receive 31 points.
You press <<7>> and receive 45 points.

Environment number 4:
The value of option 9 is 72. You have 10 choices to make in this environment.
You press <<8>> and receive 71 points.
You press <<10>> and receive 72 points.
You press <<11>> and receive 66 points.
You press <<7>> and receive 80 points.
You press <<6>> and receive 84 points.
You press <<5>> and receive 74 points.
You press <<6>> and receive 84 points.
You press <<6>> and receive 83 points.
You press <<6>> and receive 84 points.
You press <<6>> and receive 84 points.

Environment number 5:
The value of option 15 is 0. You have 5 choices to make in this environment.
You press <<14>> and receive 0 points.
You press <<16>> and receive 6 points.
You press <<17>> and receive 16 points.
You press <<18>> and receive 25 points.
You press <<19>> and receive 32 points.

Environment number 6:
The value of option 19 is 0. You have 5 choices to make in this environment.
You press <<20>> and receive 6 points.
You press <<18>> and receive 17 points.
You press <<17>> and receive 30 points.
You press <<16>> and receive 28 points.
You press <<17>> and receive 29 points.

Environment number 7:
The value of option 29 is 42. You have 5 choices to make in this environment.
You press <<28>> and receive 42 points.
You press <<27>> and receive 42 points.
You press <<26>> and receive 42 points.
You press <<25>> and receive 42 points.
You press <<24>> and receive 44 points.

Environment number 8:
The value of option 2 is 85. You have 5 choices to make in this environment.
You press <<1>> and receive 70 points.
You press <<3>> and receive 80 points.
You press <<4>> and receive 59 points.
You press <<2>> and receive 84 points.
You press <<2>> and receive 85 points.

Environment number 9:
The value of option 13 is 2. You have 10 choices to make in this environment.
You press <<12>> and receive 1 points.
You press <<14>> and receive 30 points.
You press <<15>> and receive 62 points.
You press <<16>> and receive 81 points.
You press <<17>> and receive 79 points.
You press <<16>> and receive 80 points.
You press <<16>> and receive 81 points.
You press <<16>> and receive 81 points.
You press <<16>> and receive 81 points.
You press <<16>> and receive 82 points.

Environment number 10:
The value of option 22 is 0. You have 10 choices to make in this environment.
You press <<23>> and receive 0 points.
You press <<21>> and receive 23 points.
You press <<20>> and receive 55 points.
You press <<19>> and receive 76 points.
You press <<18>> and receive 85 points.
You press <<17>> and receive 77 points.
You press <<18>> and receive 84 points.
You press <<18>> and receive 84 points.
You press <<18>> and receive 84 points.
You press <<18>> and receive 84 points.

Environment number 11:
The value of option 1 is 21. You have 10 choices to make in this environment.
You press <<2>> and receive 15 points.
You press <<3>> and receive 13 points.
You press <<4>> and receive 25 points.
You press <<5>> and receive 44 points.
You press <<6>> and receive 60 points.
You press <<7>> and receive 62 points.
You press <<8>> and receive 48 points.
You press <<7>> and receive 61 points.
You press <<7>> and receive 61 points.
You press <<7>> and receive 60 points.

Environment number 12:
The value of option 12 is 28. You have 10 choices to make in this environment.
You press <<11>> and receive 13 points.
You press <<13>> and receive 44 points.
You press <<14>> and receive 49 points.
You press <<15>> and receive 53 points.
You press <<16>> and receive 45 points.
You press <<15>> and receive 51 points.
You press <<15>> and receive 51 points.
You press <<15>> and receive 51 points.
You press <<15>> and receive 53 points.
You press <<15>> and receive 52 points.

Environment number 13:
The value of option 9 is 59. You have 10 choices to make in this environment.
You press <<8>> and receive 43 points.
You press <<10>> and receive 66 points.
You press <<11>> and receive 48 points.
You press <<10>> and receive 66 points.
You press <<10>> and receive 67 points.
You press <<10>> and receive 66 points.
You press <<10>> and receive 68 points.
You press <<10>> and receive 65 points.
You press <<10>> and receive 67 points.
You press <<10>> and receive 66 points.

Environment number 14:
The value of option 1 is 3. You have 10 choices to make in this environment.
You press <<2>> and receive 4 points.
You press <<3>> and receive 11 points.
You press <<4>> and receive 24 points.
You press <<",54
14,7,5,6,1,smooth,1,10,3,26,"You will be presented with a series of 16 different environments to explore.
In each trial, you can select an option between numbers 1 and 30 by pressing the corresponding key.
By selecting any of these options, you will earn points associated with each unique option.
Imagine these options 1 through 30 as lying next to each other in an ordered line; options closer to each other tend to have similar rewards as rewards tend to cluster together.
For each environment, you will be able to make either 5 or 10 choices.
When you made all your choices in a given environment, you will start making choices in the next unexplored environment.
The rewards underlying the different options are different in each environment so you will learn them anew for each environment.
Each environment starts with the value of a single option revealed.
When you choose the number corresponding to a different option, you will be told the value of that option and receive those points.
Previously revealed options, including the starting option, can also be reselected, although there may be small changes in the point value.
It is your task to to learn where the largest reward is in each of the 16 environments.

Environment number 1:
The value of option 4 is 16. You have 10 choices to make in this environment.
You press <<4>> and receive 16 points.
You press <<3>> and receive 7 points.
You press <<5>> and receive 25 points.
You press <<6>> and receive 37 points.
You press <<7>> and receive 50 points.
You press <<8>> and receive 60 points.
You press <<9>> and receive 69 points.
You press <<10>> and receive 75 points.
You press <<11>> and receive 70 points.
You press <<10>> and receive 75 points.

Environment number 2:
The value of option 21 is 72. You have 5 choices to make in this environment.
You press <<22>> and receive 78 points.
You press <<23>> and receive 81 points.
You press <<24>> and receive 73 points.
You press <<20>> and receive 63 points.
You press <<23>> and receive 81 points.

Environment number 3:
The value of option 9 is 44. You have 5 choices to make in this environment.
You press <<8>> and receive 46 points.
You press <<7>> and receive 48 points.
You press <<6>> and receive 38 points.
You press <<10>> and receive 31 points.
You press <<7>> and receive 45 points.

Environment number 4:
The value of option 9 is 72. You have 10 choices to make in this environment.
You press <<8>> and receive 71 points.
You press <<10>> and receive 72 points.
You press <<11>> and receive 66 points.
You press <<7>> and receive 80 points.
You press <<6>> and receive 84 points.
You press <<5>> and receive 74 points.
You press <<6>> and receive 84 points.
You press <<6>> and receive 83 points.
You press <<6>> and receive 84 points.
You press <<6>> and receive 84 points.

Environment number 5:
The value of option 15 is 0. You have 5 choices to make in this environment.
You press <<14>> and receive 0 points.
You press <<16>> and receive 6 points.
You press <<17>> and receive 16 points.
You press <<18>> and receive 25 points.
You press <<19>> and receive 32 points.

Environment number 6:
The value of option 19 is 0. You have 5 choices to make in this environment.
You press <<20>> and receive 6 points.
You press <<18>> and receive 17 points.
You press <<17>> and receive 30 points.
You press <<16>> and receive 28 points.
You press <<17>> and receive 29 points.

Environment number 7:
The value of option 29 is 42. You have 5 choices to make in this environment.
You press <<28>> and receive 42 points.
You press <<27>> and receive 42 points.
You press <<26>> and receive 42 points.
You press <<25>> and receive 42 points.
You press <<24>> and receive 44 points.

Environment number 8:
The value of option 2 is 85. You have 5 choices to make in this environment.
You press <<1>> and receive 70 points.
You press <<3>> and receive 80 points.
You press <<4>> and receive 59 points.
You press <<2>> and receive 84 points.
You press <<2>> and receive 85 points.

Environment number 9:
The value of option 13 is 2. You have 10 choices to make in this environment.
You press <<12>> and receive 1 points.
You press <<14>> and receive 30 points.
You press <<15>> and receive 62 points.
You press <<16>> and receive 81 points.
You press <<17>> and receive 79 points.
You press <<16>> and receive 80 points.
You press <<16>> and receive 81 points.
You press <<16>> and receive 81 points.
You press <<16>> and receive 81 points.
You press <<16>> and receive 82 points.

Environment number 10:
The value of option 22 is 0. You have 10 choices to make in this environment.
You press <<23>> and receive 0 points.
You press <<21>> and receive 23 points.
You press <<20>> and receive 55 points.
You press <<19>> and receive 76 points.
You press <<18>> and receive 85 points.
You press <<17>> and receive 77 points.
You press <<18>> and receive 84 points.
You press <<18>> and receive 84 points.
You press <<18>> and receive 84 points.
You press <<18>> and receive 84 points.

Environment number 11:
The value of option 1 is 21. You have 10 choices to make in this environment.
You press <<2>> and receive 15 points.
You press <<3>> and receive 13 points.
You press <<4>> and receive 25 points.
You press <<5>> and receive 44 points.
You press <<6>> and receive 60 points.
You press <<7>> and receive 62 points.
You press <<8>> and receive 48 points.
You press <<7>> and receive 61 points.
You press <<7>> and receive 61 points.
You press <<7>> and receive 60 points.

Environment number 12:
The value of option 12 is 28. You have 10 choices to make in this environment.
You press <<11>> and receive 13 points.
You press <<13>> and receive 44 points.
You press <<14>> and receive 49 points.
You press <<15>> and receive 53 points.
You press <<16>> and receive 45 points.
You press <<15>> and receive 51 points.
You press <<15>> and receive 51 points.
You press <<15>> and receive 51 points.
You press <<15>> and receive 53 points.
You press <<15>> and receive 52 points.

Environment number 13:
The value of option 9 is 59. You have 10 choices to make in this environment.
You press <<8>> and receive 43 points.
You press <<10>> and receive 66 points.
You press <<11>> and receive 48 points.
You press <<10>> and receive 66 points.
You press <<10>> and receive 67 points.
You press <<10>> and receive 66 points.
You press <<10>> and receive 68 points.
You press <<10>> and receive 65 points.
You press <<10>> and receive 67 points.
You press <<10>> and receive 66 points.

Environment number 14:
The value of option 1 is 3. You have 10 choices to make in this environment.
You press <<2>> and receive 4 points.
You press <<3>> and receive 11 points.
You press <<4>> and receive 24 points.
You press <<5>> and receive 34 points.
You press <<",54
14,7,6,5,1,smooth,1,10,3,31,"You will be presented with a series of 16 different environments to explore.
In each trial, you can select an option between numbers 1 and 30 by pressing the corresponding key.
By selecting any of these options, you will earn points associated with each unique option.
Imagine these options 1 through 30 as lying next to each other in an ordered line; options closer to each other tend to have similar rewards as rewards tend to cluster together.
For each environment, you will be able to make either 5 or 10 choices.
When you made all your choices in a given environment, you will start making choices in the next unexplored environment.
The rewards underlying the different options are different in each environment so you will learn them anew for each environment.
Each environment starts with the value of a single option revealed.
When you choose the number corresponding to a different option, you will be told the value of that option and receive those points.
Previously revealed options, including the starting option, can also be reselected, although there may be small changes in the point value.
It is your task to to learn where the largest reward is in each of the 16 environments.

Environment number 1:
The value of option 4 is 16. You have 10 choices to make in this environment.
You press <<4>> and receive 16 points.
You press <<3>> and receive 7 points.
You press <<5>> and receive 25 points.
You press <<6>> and receive 37 points.
You press <<7>> and receive 50 points.
You press <<8>> and receive 60 points.
You press <<9>> and receive 69 points.
You press <<10>> and receive 75 points.
You press <<11>> and receive 70 points.
You press <<10>> and receive 75 points.

Environment number 2:
The value of option 21 is 72. You have 5 choices to make in this environment.
You press <<22>> and receive 78 points.
You press <<23>> and receive 81 points.
You press <<24>> and receive 73 points.
You press <<20>> and receive 63 points.
You press <<23>> and receive 81 points.

Environment number 3:
The value of option 9 is 44. You have 5 choices to make in this environment.
You press <<8>> and receive 46 points.
You press <<7>> and receive 48 points.
You press <<6>> and receive 38 points.
You press <<10>> and receive 31 points.
You press <<7>> and receive 45 points.

Environment number 4:
The value of option 9 is 72. You have 10 choices to make in this environment.
You press <<8>> and receive 71 points.
You press <<10>> and receive 72 points.
You press <<11>> and receive 66 points.
You press <<7>> and receive 80 points.
You press <<6>> and receive 84 points.
You press <<5>> and receive 74 points.
You press <<6>> and receive 84 points.
You press <<6>> and receive 83 points.
You press <<6>> and receive 84 points.
You press <<6>> and receive 84 points.

Environment number 5:
The value of option 15 is 0. You have 5 choices to make in this environment.
You press <<14>> and receive 0 points.
You press <<16>> and receive 6 points.
You press <<17>> and receive 16 points.
You press <<18>> and receive 25 points.
You press <<19>> and receive 32 points.

Environment number 6:
The value of option 19 is 0. You have 5 choices to make in this environment.
You press <<20>> and receive 6 points.
You press <<18>> and receive 17 points.
You press <<17>> and receive 30 points.
You press <<16>> and receive 28 points.
You press <<17>> and receive 29 points.

Environment number 7:
The value of option 29 is 42. You have 5 choices to make in this environment.
You press <<28>> and receive 42 points.
You press <<27>> and receive 42 points.
You press <<26>> and receive 42 points.
You press <<25>> and receive 42 points.
You press <<24>> and receive 44 points.

Environment number 8:
The value of option 2 is 85. You have 5 choices to make in this environment.
You press <<1>> and receive 70 points.
You press <<3>> and receive 80 points.
You press <<4>> and receive 59 points.
You press <<2>> and receive 84 points.
You press <<2>> and receive 85 points.

Environment number 9:
The value of option 13 is 2. You have 10 choices to make in this environment.
You press <<12>> and receive 1 points.
You press <<14>> and receive 30 points.
You press <<15>> and receive 62 points.
You press <<16>> and receive 81 points.
You press <<17>> and receive 79 points.
You press <<16>> and receive 80 points.
You press <<16>> and receive 81 points.
You press <<16>> and receive 81 points.
You press <<16>> and receive 81 points.
You press <<16>> and receive 82 points.

Environment number 10:
The value of option 22 is 0. You have 10 choices to make in this environment.
You press <<23>> and receive 0 points.
You press <<21>> and receive 23 points.
You press <<20>> and receive 55 points.
You press <<19>> and receive 76 points.
You press <<18>> and receive 85 points.
You press <<17>> and receive 77 points.
You press <<18>> and receive 84 points.
You press <<18>> and receive 84 points.
You press <<18>> and receive 84 points.
You press <<18>> and receive 84 points.

Environment number 11:
The value of option 1 is 21. You have 10 choices to make in this environment.
You press <<2>> and receive 15 points.
You press <<3>> and receive 13 points.
You press <<4>> and receive 25 points.
You press <<5>> and receive 44 points.
You press <<6>> and receive 60 points.
You press <<7>> and receive 62 points.
You press <<8>> and receive 48 points.
You press <<7>> and receive 61 points.
You press <<7>> and receive 61 points.
You press <<7>> and receive 60 points.

Environment number 12:
The value of option 12 is 28. You have 10 choices to make in this environment.
You press <<11>> and receive 13 points.
You press <<13>> and receive 44 points.
You press <<14>> and receive 49 points.
You press <<15>> and receive 53 points.
You press <<16>> and receive 45 points.
You press <<15>> and receive 51 points.
You press <<15>> and receive 51 points.
You press <<15>> and receive 51 points.
You press <<15>> and receive 53 points.
You press <<15>> and receive 52 points.

Environment number 13:
The value of option 9 is 59. You have 10 choices to make in this environment.
You press <<8>> and receive 43 points.
You press <<10>> and receive 66 points.
You press <<11>> and receive 48 points.
You press <<10>> and receive 66 points.
You press <<10>> and receive 67 points.
You press <<10>> and receive 66 points.
You press <<10>> and receive 68 points.
You press <<10>> and receive 65 points.
You press <<10>> and receive 67 points.
You press <<10>> and receive 66 points.

Environment number 14:
The value of option 1 is 3. You have 10 choices to make in this environment.
You press <<2>> and receive 4 points.
You press <<3>> and receive 11 points.
You press <<4>> and receive 24 points.
You press <<5>> and receive 34 points.
You press <<6>> and receive 26 points.
You press <<",54
14,7,7,5,1,smooth,1,10,3,33,"You will be presented with a series of 16 different environments to explore.
In each trial, you can select an option between numbers 1 and 30 by pressing the corresponding key.
By selecting any of these options, you will earn points associated with each unique option.
Imagine these options 1 through 30 as lying next to each other in an ordered line; options closer to each other tend to have similar rewards as rewards tend to cluster together.
For each environment, you will be able to make either 5 or 10 choices.
When you made all your choices in a given environment, you will start making choices in the next unexplored environment.
The rewards underlying the different options are different in each environment so you will learn them anew for each environment.
Each environment starts with the value of a single option revealed.
When you choose the number corresponding to a different option, you will be told the value of that option and receive those points.
Previously revealed options, including the starting option, can also be reselected, although there may be small changes in the point value.
It is your task to to learn where the largest reward is in each of the 16 environments.

Environment number 1:
The value of option 4 is 16. You have 10 choices to make in this environment.
You press <<4>> and receive 16 points.
You press <<3>> and receive 7 points.
You press <<5>> and receive 25 points.
You press <<6>> and receive 37 points.
You press <<7>> and receive 50 points.
You press <<8>> and receive 60 points.
You press <<9>> and receive 69 points.
You press <<10>> and receive 75 points.
You press <<11>> and receive 70 points.
You press <<10>> and receive 75 points.

Environment number 2:
The value of option 21 is 72. You have 5 choices to make in this environment.
You press <<22>> and receive 78 points.
You press <<23>> and receive 81 points.
You press <<24>> and receive 73 points.
You press <<20>> and receive 63 points.
You press <<23>> and receive 81 points.

Environment number 3:
The value of option 9 is 44. You have 5 choices to make in this environment.
You press <<8>> and receive 46 points.
You press <<7>> and receive 48 points.
You press <<6>> and receive 38 points.
You press <<10>> and receive 31 points.
You press <<7>> and receive 45 points.

Environment number 4:
The value of option 9 is 72. You have 10 choices to make in this environment.
You press <<8>> and receive 71 points.
You press <<10>> and receive 72 points.
You press <<11>> and receive 66 points.
You press <<7>> and receive 80 points.
You press <<6>> and receive 84 points.
You press <<5>> and receive 74 points.
You press <<6>> and receive 84 points.
You press <<6>> and receive 83 points.
You press <<6>> and receive 84 points.
You press <<6>> and receive 84 points.

Environment number 5:
The value of option 15 is 0. You have 5 choices to make in this environment.
You press <<14>> and receive 0 points.
You press <<16>> and receive 6 points.
You press <<17>> and receive 16 points.
You press <<18>> and receive 25 points.
You press <<19>> and receive 32 points.

Environment number 6:
The value of option 19 is 0. You have 5 choices to make in this environment.
You press <<20>> and receive 6 points.
You press <<18>> and receive 17 points.
You press <<17>> and receive 30 points.
You press <<16>> and receive 28 points.
You press <<17>> and receive 29 points.

Environment number 7:
The value of option 29 is 42. You have 5 choices to make in this environment.
You press <<28>> and receive 42 points.
You press <<27>> and receive 42 points.
You press <<26>> and receive 42 points.
You press <<25>> and receive 42 points.
You press <<24>> and receive 44 points.

Environment number 8:
The value of option 2 is 85. You have 5 choices to make in this environment.
You press <<1>> and receive 70 points.
You press <<3>> and receive 80 points.
You press <<4>> and receive 59 points.
You press <<2>> and receive 84 points.
You press <<2>> and receive 85 points.

Environment number 9:
The value of option 13 is 2. You have 10 choices to make in this environment.
You press <<12>> and receive 1 points.
You press <<14>> and receive 30 points.
You press <<15>> and receive 62 points.
You press <<16>> and receive 81 points.
You press <<17>> and receive 79 points.
You press <<16>> and receive 80 points.
You press <<16>> and receive 81 points.
You press <<16>> and receive 81 points.
You press <<16>> and receive 81 points.
You press <<16>> and receive 82 points.

Environment number 10:
The value of option 22 is 0. You have 10 choices to make in this environment.
You press <<23>> and receive 0 points.
You press <<21>> and receive 23 points.
You press <<20>> and receive 55 points.
You press <<19>> and receive 76 points.
You press <<18>> and receive 85 points.
You press <<17>> and receive 77 points.
You press <<18>> and receive 84 points.
You press <<18>> and receive 84 points.
You press <<18>> and receive 84 points.
You press <<18>> and receive 84 points.

Environment number 11:
The value of option 1 is 21. You have 10 choices to make in this environment.
You press <<2>> and receive 15 points.
You press <<3>> and receive 13 points.
You press <<4>> and receive 25 points.
You press <<5>> and receive 44 points.
You press <<6>> and receive 60 points.
You press <<7>> and receive 62 points.
You press <<8>> and receive 48 points.
You press <<7>> and receive 61 points.
You press <<7>> and receive 61 points.
You press <<7>> and receive 60 points.

Environment number 12:
The value of option 12 is 28. You have 10 choices to make in this environment.
You press <<11>> and receive 13 points.
You press <<13>> and receive 44 points.
You press <<14>> and receive 49 points.
You press <<15>> and receive 53 points.
You press <<16>> and receive 45 points.
You press <<15>> and receive 51 points.
You press <<15>> and receive 51 points.
You press <<15>> and receive 51 points.
You press <<15>> and receive 53 points.
You press <<15>> and receive 52 points.

Environment number 13:
The value of option 9 is 59. You have 10 choices to make in this environment.
You press <<8>> and receive 43 points.
You press <<10>> and receive 66 points.
You press <<11>> and receive 48 points.
You press <<10>> and receive 66 points.
You press <<10>> and receive 67 points.
You press <<10>> and receive 66 points.
You press <<10>> and receive 68 points.
You press <<10>> and receive 65 points.
You press <<10>> and receive 67 points.
You press <<10>> and receive 66 points.

Environment number 14:
The value of option 1 is 3. You have 10 choices to make in this environment.
You press <<2>> and receive 4 points.
You press <<3>> and receive 11 points.
You press <<4>> and receive 24 points.
You press <<5>> and receive 34 points.
You press <<6>> and receive 26 points.
You press <<5>> and receive 31 points.
You press <<",54
14,7,8,5,1,smooth,1,10,3,32,"You will be presented with a series of 16 different environments to explore.
In each trial, you can select an option between numbers 1 and 30 by pressing the corresponding key.
By selecting any of these options, you will earn points associated with each unique option.
Imagine these options 1 through 30 as lying next to each other in an ordered line; options closer to each other tend to have similar rewards as rewards tend to cluster together.
For each environment, you will be able to make either 5 or 10 choices.
When you made all your choices in a given environment, you will start making choices in the next unexplored environment.
The rewards underlying the different options are different in each environment so you will learn them anew for each environment.
Each environment starts with the value of a single option revealed.
When you choose the number corresponding to a different option, you will be told the value of that option and receive those points.
Previously revealed options, including the starting option, can also be reselected, although there may be small changes in the point value.
It is your task to to learn where the largest reward is in each of the 16 environments.

Environment number 1:
The value of option 4 is 16. You have 10 choices to make in this environment.
You press <<4>> and receive 16 points.
You press <<3>> and receive 7 points.
You press <<5>> and receive 25 points.
You press <<6>> and receive 37 points.
You press <<7>> and receive 50 points.
You press <<8>> and receive 60 points.
You press <<9>> and receive 69 points.
You press <<10>> and receive 75 points.
You press <<11>> and receive 70 points.
You press <<10>> and receive 75 points.

Environment number 2:
The value of option 21 is 72. You have 5 choices to make in this environment.
You press <<22>> and receive 78 points.
You press <<23>> and receive 81 points.
You press <<24>> and receive 73 points.
You press <<20>> and receive 63 points.
You press <<23>> and receive 81 points.

Environment number 3:
The value of option 9 is 44. You have 5 choices to make in this environment.
You press <<8>> and receive 46 points.
You press <<7>> and receive 48 points.
You press <<6>> and receive 38 points.
You press <<10>> and receive 31 points.
You press <<7>> and receive 45 points.

Environment number 4:
The value of option 9 is 72. You have 10 choices to make in this environment.
You press <<8>> and receive 71 points.
You press <<10>> and receive 72 points.
You press <<11>> and receive 66 points.
You press <<7>> and receive 80 points.
You press <<6>> and receive 84 points.
You press <<5>> and receive 74 points.
You press <<6>> and receive 84 points.
You press <<6>> and receive 83 points.
You press <<6>> and receive 84 points.
You press <<6>> and receive 84 points.

Environment number 5:
The value of option 15 is 0. You have 5 choices to make in this environment.
You press <<14>> and receive 0 points.
You press <<16>> and receive 6 points.
You press <<17>> and receive 16 points.
You press <<18>> and receive 25 points.
You press <<19>> and receive 32 points.

Environment number 6:
The value of option 19 is 0. You have 5 choices to make in this environment.
You press <<20>> and receive 6 points.
You press <<18>> and receive 17 points.
You press <<17>> and receive 30 points.
You press <<16>> and receive 28 points.
You press <<17>> and receive 29 points.

Environment number 7:
The value of option 29 is 42. You have 5 choices to make in this environment.
You press <<28>> and receive 42 points.
You press <<27>> and receive 42 points.
You press <<26>> and receive 42 points.
You press <<25>> and receive 42 points.
You press <<24>> and receive 44 points.

Environment number 8:
The value of option 2 is 85. You have 5 choices to make in this environment.
You press <<1>> and receive 70 points.
You press <<3>> and receive 80 points.
You press <<4>> and receive 59 points.
You press <<2>> and receive 84 points.
You press <<2>> and receive 85 points.

Environment number 9:
The value of option 13 is 2. You have 10 choices to make in this environment.
You press <<12>> and receive 1 points.
You press <<14>> and receive 30 points.
You press <<15>> and receive 62 points.
You press <<16>> and receive 81 points.
You press <<17>> and receive 79 points.
You press <<16>> and receive 80 points.
You press <<16>> and receive 81 points.
You press <<16>> and receive 81 points.
You press <<16>> and receive 81 points.
You press <<16>> and receive 82 points.

Environment number 10:
The value of option 22 is 0. You have 10 choices to make in this environment.
You press <<23>> and receive 0 points.
You press <<21>> and receive 23 points.
You press <<20>> and receive 55 points.
You press <<19>> and receive 76 points.
You press <<18>> and receive 85 points.
You press <<17>> and receive 77 points.
You press <<18>> and receive 84 points.
You press <<18>> and receive 84 points.
You press <<18>> and receive 84 points.
You press <<18>> and receive 84 points.

Environment number 11:
The value of option 1 is 21. You have 10 choices to make in this environment.
You press <<2>> and receive 15 points.
You press <<3>> and receive 13 points.
You press <<4>> and receive 25 points.
You press <<5>> and receive 44 points.
You press <<6>> and receive 60 points.
You press <<7>> and receive 62 points.
You press <<8>> and receive 48 points.
You press <<7>> and receive 61 points.
You press <<7>> and receive 61 points.
You press <<7>> and receive 60 points.

Environment number 12:
The value of option 12 is 28. You have 10 choices to make in this environment.
You press <<11>> and receive 13 points.
You press <<13>> and receive 44 points.
You press <<14>> and receive 49 points.
You press <<15>> and receive 53 points.
You press <<16>> and receive 45 points.
You press <<15>> and receive 51 points.
You press <<15>> and receive 51 points.
You press <<15>> and receive 51 points.
You press <<15>> and receive 53 points.
You press <<15>> and receive 52 points.

Environment number 13:
The value of option 9 is 59. You have 10 choices to make in this environment.
You press <<8>> and receive 43 points.
You press <<10>> and receive 66 points.
You press <<11>> and receive 48 points.
You press <<10>> and receive 66 points.
You press <<10>> and receive 67 points.
You press <<10>> and receive 66 points.
You press <<10>> and receive 68 points.
You press <<10>> and receive 65 points.
You press <<10>> and receive 67 points.
You press <<10>> and receive 66 points.

Environment number 14:
The value of option 1 is 3. You have 10 choices to make in this environment.
You press <<2>> and receive 4 points.
You press <<3>> and receive 11 points.
You press <<4>> and receive 24 points.
You press <<5>> and receive 34 points.
You press <<6>> and receive 26 points.
You press <<5>> and receive 31 points.
You press <<5>> and receive 33 points.
You press <<",54
14,7,9,5,1,smooth,1,10,3,31,"You will be presented with a series of 16 different environments to explore.
In each trial, you can select an option between numbers 1 and 30 by pressing the corresponding key.
By selecting any of these options, you will earn points associated with each unique option.
Imagine these options 1 through 30 as lying next to each other in an ordered line; options closer to each other tend to have similar rewards as rewards tend to cluster together.
For each environment, you will be able to make either 5 or 10 choices.
When you made all your choices in a given environment, you will start making choices in the next unexplored environment.
The rewards underlying the different options are different in each environment so you will learn them anew for each environment.
Each environment starts with the value of a single option revealed.
When you choose the number corresponding to a different option, you will be told the value of that option and receive those points.
Previously revealed options, including the starting option, can also be reselected, although there may be small changes in the point value.
It is your task to to learn where the largest reward is in each of the 16 environments.

Environment number 1:
The value of option 4 is 16. You have 10 choices to make in this environment.
You press <<4>> and receive 16 points.
You press <<3>> and receive 7 points.
You press <<5>> and receive 25 points.
You press <<6>> and receive 37 points.
You press <<7>> and receive 50 points.
You press <<8>> and receive 60 points.
You press <<9>> and receive 69 points.
You press <<10>> and receive 75 points.
You press <<11>> and receive 70 points.
You press <<10>> and receive 75 points.

Environment number 2:
The value of option 21 is 72. You have 5 choices to make in this environment.
You press <<22>> and receive 78 points.
You press <<23>> and receive 81 points.
You press <<24>> and receive 73 points.
You press <<20>> and receive 63 points.
You press <<23>> and receive 81 points.

Environment number 3:
The value of option 9 is 44. You have 5 choices to make in this environment.
You press <<8>> and receive 46 points.
You press <<7>> and receive 48 points.
You press <<6>> and receive 38 points.
You press <<10>> and receive 31 points.
You press <<7>> and receive 45 points.

Environment number 4:
The value of option 9 is 72. You have 10 choices to make in this environment.
You press <<8>> and receive 71 points.
You press <<10>> and receive 72 points.
You press <<11>> and receive 66 points.
You press <<7>> and receive 80 points.
You press <<6>> and receive 84 points.
You press <<5>> and receive 74 points.
You press <<6>> and receive 84 points.
You press <<6>> and receive 83 points.
You press <<6>> and receive 84 points.
You press <<6>> and receive 84 points.

Environment number 5:
The value of option 15 is 0. You have 5 choices to make in this environment.
You press <<14>> and receive 0 points.
You press <<16>> and receive 6 points.
You press <<17>> and receive 16 points.
You press <<18>> and receive 25 points.
You press <<19>> and receive 32 points.

Environment number 6:
The value of option 19 is 0. You have 5 choices to make in this environment.
You press <<20>> and receive 6 points.
You press <<18>> and receive 17 points.
You press <<17>> and receive 30 points.
You press <<16>> and receive 28 points.
You press <<17>> and receive 29 points.

Environment number 7:
The value of option 29 is 42. You have 5 choices to make in this environment.
You press <<28>> and receive 42 points.
You press <<27>> and receive 42 points.
You press <<26>> and receive 42 points.
You press <<25>> and receive 42 points.
You press <<24>> and receive 44 points.

Environment number 8:
The value of option 2 is 85. You have 5 choices to make in this environment.
You press <<1>> and receive 70 points.
You press <<3>> and receive 80 points.
You press <<4>> and receive 59 points.
You press <<2>> and receive 84 points.
You press <<2>> and receive 85 points.

Environment number 9:
The value of option 13 is 2. You have 10 choices to make in this environment.
You press <<12>> and receive 1 points.
You press <<14>> and receive 30 points.
You press <<15>> and receive 62 points.
You press <<16>> and receive 81 points.
You press <<17>> and receive 79 points.
You press <<16>> and receive 80 points.
You press <<16>> and receive 81 points.
You press <<16>> and receive 81 points.
You press <<16>> and receive 81 points.
You press <<16>> and receive 82 points.

Environment number 10:
The value of option 22 is 0. You have 10 choices to make in this environment.
You press <<23>> and receive 0 points.
You press <<21>> and receive 23 points.
You press <<20>> and receive 55 points.
You press <<19>> and receive 76 points.
You press <<18>> and receive 85 points.
You press <<17>> and receive 77 points.
You press <<18>> and receive 84 points.
You press <<18>> and receive 84 points.
You press <<18>> and receive 84 points.
You press <<18>> and receive 84 points.

Environment number 11:
The value of option 1 is 21. You have 10 choices to make in this environment.
You press <<2>> and receive 15 points.
You press <<3>> and receive 13 points.
You press <<4>> and receive 25 points.
You press <<5>> and receive 44 points.
You press <<6>> and receive 60 points.
You press <<7>> and receive 62 points.
You press <<8>> and receive 48 points.
You press <<7>> and receive 61 points.
You press <<7>> and receive 61 points.
You press <<7>> and receive 60 points.

Environment number 12:
The value of option 12 is 28. You have 10 choices to make in this environment.
You press <<11>> and receive 13 points.
You press <<13>> and receive 44 points.
You press <<14>> and receive 49 points.
You press <<15>> and receive 53 points.
You press <<16>> and receive 45 points.
You press <<15>> and receive 51 points.
You press <<15>> and receive 51 points.
You press <<15>> and receive 51 points.
You press <<15>> and receive 53 points.
You press <<15>> and receive 52 points.

Environment number 13:
The value of option 9 is 59. You have 10 choices to make in this environment.
You press <<8>> and receive 43 points.
You press <<10>> and receive 66 points.
You press <<11>> and receive 48 points.
You press <<10>> and receive 66 points.
You press <<10>> and receive 67 points.
You press <<10>> and receive 66 points.
You press <<10>> and receive 68 points.
You press <<10>> and receive 65 points.
You press <<10>> and receive 67 points.
You press <<10>> and receive 66 points.

Environment number 14:
The value of option 1 is 3. You have 10 choices to make in this environment.
You press <<2>> and receive 4 points.
You press <<3>> and receive 11 points.
You press <<4>> and receive 24 points.
You press <<5>> and receive 34 points.
You press <<6>> and receive 26 points.
You press <<5>> and receive 31 points.
You press <<5>> and receive 33 points.
You press <<5>> and receive 32 points.
You press <<",54
14,7,10,5,1,smooth,1,10,3,32,"You will be presented with a series of 16 different environments to explore.
In each trial, you can select an option between numbers 1 and 30 by pressing the corresponding key.
By selecting any of these options, you will earn points associated with each unique option.
Imagine these options 1 through 30 as lying next to each other in an ordered line; options closer to each other tend to have similar rewards as rewards tend to cluster together.
For each environment, you will be able to make either 5 or 10 choices.
When you made all your choices in a given environment, you will start making choices in the next unexplored environment.
The rewards underlying the different options are different in each environment so you will learn them anew for each environment.
Each environment starts with the value of a single option revealed.
When you choose the number corresponding to a different option, you will be told the value of that option and receive those points.
Previously revealed options, including the starting option, can also be reselected, although there may be small changes in the point value.
It is your task to to learn where the largest reward is in each of the 16 environments.

Environment number 1:
The value of option 4 is 16. You have 10 choices to make in this environment.
You press <<4>> and receive 16 points.
You press <<3>> and receive 7 points.
You press <<5>> and receive 25 points.
You press <<6>> and receive 37 points.
You press <<7>> and receive 50 points.
You press <<8>> and receive 60 points.
You press <<9>> and receive 69 points.
You press <<10>> and receive 75 points.
You press <<11>> and receive 70 points.
You press <<10>> and receive 75 points.

Environment number 2:
The value of option 21 is 72. You have 5 choices to make in this environment.
You press <<22>> and receive 78 points.
You press <<23>> and receive 81 points.
You press <<24>> and receive 73 points.
You press <<20>> and receive 63 points.
You press <<23>> and receive 81 points.

Environment number 3:
The value of option 9 is 44. You have 5 choices to make in this environment.
You press <<8>> and receive 46 points.
You press <<7>> and receive 48 points.
You press <<6>> and receive 38 points.
You press <<10>> and receive 31 points.
You press <<7>> and receive 45 points.

Environment number 4:
The value of option 9 is 72. You have 10 choices to make in this environment.
You press <<8>> and receive 71 points.
You press <<10>> and receive 72 points.
You press <<11>> and receive 66 points.
You press <<7>> and receive 80 points.
You press <<6>> and receive 84 points.
You press <<5>> and receive 74 points.
You press <<6>> and receive 84 points.
You press <<6>> and receive 83 points.
You press <<6>> and receive 84 points.
You press <<6>> and receive 84 points.

Environment number 5:
The value of option 15 is 0. You have 5 choices to make in this environment.
You press <<14>> and receive 0 points.
You press <<16>> and receive 6 points.
You press <<17>> and receive 16 points.
You press <<18>> and receive 25 points.
You press <<19>> and receive 32 points.

Environment number 6:
The value of option 19 is 0. You have 5 choices to make in this environment.
You press <<20>> and receive 6 points.
You press <<18>> and receive 17 points.
You press <<17>> and receive 30 points.
You press <<16>> and receive 28 points.
You press <<17>> and receive 29 points.

Environment number 7:
The value of option 29 is 42. You have 5 choices to make in this environment.
You press <<28>> and receive 42 points.
You press <<27>> and receive 42 points.
You press <<26>> and receive 42 points.
You press <<25>> and receive 42 points.
You press <<24>> and receive 44 points.

Environment number 8:
The value of option 2 is 85. You have 5 choices to make in this environment.
You press <<1>> and receive 70 points.
You press <<3>> and receive 80 points.
You press <<4>> and receive 59 points.
You press <<2>> and receive 84 points.
You press <<2>> and receive 85 points.

Environment number 9:
The value of option 13 is 2. You have 10 choices to make in this environment.
You press <<12>> and receive 1 points.
You press <<14>> and receive 30 points.
You press <<15>> and receive 62 points.
You press <<16>> and receive 81 points.
You press <<17>> and receive 79 points.
You press <<16>> and receive 80 points.
You press <<16>> and receive 81 points.
You press <<16>> and receive 81 points.
You press <<16>> and receive 81 points.
You press <<16>> and receive 82 points.

Environment number 10:
The value of option 22 is 0. You have 10 choices to make in this environment.
You press <<23>> and receive 0 points.
You press <<21>> and receive 23 points.
You press <<20>> and receive 55 points.
You press <<19>> and receive 76 points.
You press <<18>> and receive 85 points.
You press <<17>> and receive 77 points.
You press <<18>> and receive 84 points.
You press <<18>> and receive 84 points.
You press <<18>> and receive 84 points.
You press <<18>> and receive 84 points.

Environment number 11:
The value of option 1 is 21. You have 10 choices to make in this environment.
You press <<2>> and receive 15 points.
You press <<3>> and receive 13 points.
You press <<4>> and receive 25 points.
You press <<5>> and receive 44 points.
You press <<6>> and receive 60 points.
You press <<7>> and receive 62 points.
You press <<8>> and receive 48 points.
You press <<7>> and receive 61 points.
You press <<7>> and receive 61 points.
You press <<7>> and receive 60 points.

Environment number 12:
The value of option 12 is 28. You have 10 choices to make in this environment.
You press <<11>> and receive 13 points.
You press <<13>> and receive 44 points.
You press <<14>> and receive 49 points.
You press <<15>> and receive 53 points.
You press <<16>> and receive 45 points.
You press <<15>> and receive 51 points.
You press <<15>> and receive 51 points.
You press <<15>> and receive 51 points.
You press <<15>> and receive 53 points.
You press <<15>> and receive 52 points.

Environment number 13:
The value of option 9 is 59. You have 10 choices to make in this environment.
You press <<8>> and receive 43 points.
You press <<10>> and receive 66 points.
You press <<11>> and receive 48 points.
You press <<10>> and receive 66 points.
You press <<10>> and receive 67 points.
You press <<10>> and receive 66 points.
You press <<10>> and receive 68 points.
You press <<10>> and receive 65 points.
You press <<10>> and receive 67 points.
You press <<10>> and receive 66 points.

Environment number 14:
The value of option 1 is 3. You have 10 choices to make in this environment.
You press <<2>> and receive 4 points.
You press <<3>> and receive 11 points.
You press <<4>> and receive 24 points.
You press <<5>> and receive 34 points.
You press <<6>> and receive 26 points.
You press <<5>> and receive 31 points.
You press <<5>> and receive 33 points.
You press <<5>> and receive 32 points.
You press <<5>> and receive 31 points.
You press <<",54
15,35,1,7,1,smooth,8,5,28,29,"You will be presented with a series of 16 different environments to explore.
In each trial, you can select an option between numbers 1 and 30 by pressing the corresponding key.
By selecting any of these options, you will earn points associated with each unique option.
Imagine these options 1 through 30 as lying next to each other in an ordered line; options closer to each other tend to have similar rewards as rewards tend to cluster together.
For each environment, you will be able to make either 5 or 10 choices.
When you made all your choices in a given environment, you will start making choices in the next unexplored environment.
The rewards underlying the different options are different in each environment so you will learn them anew for each environment.
Each environment starts with the value of a single option revealed.
When you choose the number corresponding to a different option, you will be told the value of that option and receive those points.
Previously revealed options, including the starting option, can also be reselected, although there may be small changes in the point value.
It is your task to to learn where the largest reward is in each of the 16 environments.

Environment number 1:
The value of option 4 is 16. You have 10 choices to make in this environment.
You press <<4>> and receive 16 points.
You press <<3>> and receive 7 points.
You press <<5>> and receive 25 points.
You press <<6>> and receive 37 points.
You press <<7>> and receive 50 points.
You press <<8>> and receive 60 points.
You press <<9>> and receive 69 points.
You press <<10>> and receive 75 points.
You press <<11>> and receive 70 points.
You press <<10>> and receive 75 points.

Environment number 2:
The value of option 21 is 72. You have 5 choices to make in this environment.
You press <<22>> and receive 78 points.
You press <<23>> and receive 81 points.
You press <<24>> and receive 73 points.
You press <<20>> and receive 63 points.
You press <<23>> and receive 81 points.

Environment number 3:
The value of option 9 is 44. You have 5 choices to make in this environment.
You press <<8>> and receive 46 points.
You press <<7>> and receive 48 points.
You press <<6>> and receive 38 points.
You press <<10>> and receive 31 points.
You press <<7>> and receive 45 points.

Environment number 4:
The value of option 9 is 72. You have 10 choices to make in this environment.
You press <<8>> and receive 71 points.
You press <<10>> and receive 72 points.
You press <<11>> and receive 66 points.
You press <<7>> and receive 80 points.
You press <<6>> and receive 84 points.
You press <<5>> and receive 74 points.
You press <<6>> and receive 84 points.
You press <<6>> and receive 83 points.
You press <<6>> and receive 84 points.
You press <<6>> and receive 84 points.

Environment number 5:
The value of option 15 is 0. You have 5 choices to make in this environment.
You press <<14>> and receive 0 points.
You press <<16>> and receive 6 points.
You press <<17>> and receive 16 points.
You press <<18>> and receive 25 points.
You press <<19>> and receive 32 points.

Environment number 6:
The value of option 19 is 0. You have 5 choices to make in this environment.
You press <<20>> and receive 6 points.
You press <<18>> and receive 17 points.
You press <<17>> and receive 30 points.
You press <<16>> and receive 28 points.
You press <<17>> and receive 29 points.

Environment number 7:
The value of option 29 is 42. You have 5 choices to make in this environment.
You press <<28>> and receive 42 points.
You press <<27>> and receive 42 points.
You press <<26>> and receive 42 points.
You press <<25>> and receive 42 points.
You press <<24>> and receive 44 points.

Environment number 8:
The value of option 2 is 85. You have 5 choices to make in this environment.
You press <<1>> and receive 70 points.
You press <<3>> and receive 80 points.
You press <<4>> and receive 59 points.
You press <<2>> and receive 84 points.
You press <<2>> and receive 85 points.

Environment number 9:
The value of option 13 is 2. You have 10 choices to make in this environment.
You press <<12>> and receive 1 points.
You press <<14>> and receive 30 points.
You press <<15>> and receive 62 points.
You press <<16>> and receive 81 points.
You press <<17>> and receive 79 points.
You press <<16>> and receive 80 points.
You press <<16>> and receive 81 points.
You press <<16>> and receive 81 points.
You press <<16>> and receive 81 points.
You press <<16>> and receive 82 points.

Environment number 10:
The value of option 22 is 0. You have 10 choices to make in this environment.
You press <<23>> and receive 0 points.
You press <<21>> and receive 23 points.
You press <<20>> and receive 55 points.
You press <<19>> and receive 76 points.
You press <<18>> and receive 85 points.
You press <<17>> and receive 77 points.
You press <<18>> and receive 84 points.
You press <<18>> and receive 84 points.
You press <<18>> and receive 84 points.
You press <<18>> and receive 84 points.

Environment number 11:
The value of option 1 is 21. You have 10 choices to make in this environment.
You press <<2>> and receive 15 points.
You press <<3>> and receive 13 points.
You press <<4>> and receive 25 points.
You press <<5>> and receive 44 points.
You press <<6>> and receive 60 points.
You press <<7>> and receive 62 points.
You press <<8>> and receive 48 points.
You press <<7>> and receive 61 points.
You press <<7>> and receive 61 points.
You press <<7>> and receive 60 points.

Environment number 12:
The value of option 12 is 28. You have 10 choices to make in this environment.
You press <<11>> and receive 13 points.
You press <<13>> and receive 44 points.
You press <<14>> and receive 49 points.
You press <<15>> and receive 53 points.
You press <<16>> and receive 45 points.
You press <<15>> and receive 51 points.
You press <<15>> and receive 51 points.
You press <<15>> and receive 51 points.
You press <<15>> and receive 53 points.
You press <<15>> and receive 52 points.

Environment number 13:
The value of option 9 is 59. You have 10 choices to make in this environment.
You press <<8>> and receive 43 points.
You press <<10>> and receive 66 points.
You press <<11>> and receive 48 points.
You press <<10>> and receive 66 points.
You press <<10>> and receive 67 points.
You press <<10>> and receive 66 points.
You press <<10>> and receive 68 points.
You press <<10>> and receive 65 points.
You press <<10>> and receive 67 points.
You press <<10>> and receive 66 points.

Environment number 14:
The value of option 1 is 3. You have 10 choices to make in this environment.
You press <<2>> and receive 4 points.
You press <<3>> and receive 11 points.
You press <<4>> and receive 24 points.
You press <<5>> and receive 34 points.
You press <<6>> and receive 26 points.
You press <<5>> and receive 31 points.
You press <<5>> and receive 33 points.
You press <<5>> and receive 32 points.
You press <<5>> and receive 31 points.
You press <<5>> and receive 32 points.

Environment number 15:
The value of option 8 is 28. You have 5 choices to make in this environment.
You press <<",54
15,35,2,9,1,smooth,8,5,28,36,"You will be presented with a series of 16 different environments to explore.
In each trial, you can select an option between numbers 1 and 30 by pressing the corresponding key.
By selecting any of these options, you will earn points associated with each unique option.
Imagine these options 1 through 30 as lying next to each other in an ordered line; options closer to each other tend to have similar rewards as rewards tend to cluster together.
For each environment, you will be able to make either 5 or 10 choices.
When you made all your choices in a given environment, you will start making choices in the next unexplored environment.
The rewards underlying the different options are different in each environment so you will learn them anew for each environment.
Each environment starts with the value of a single option revealed.
When you choose the number corresponding to a different option, you will be told the value of that option and receive those points.
Previously revealed options, including the starting option, can also be reselected, although there may be small changes in the point value.
It is your task to to learn where the largest reward is in each of the 16 environments.

Environment number 1:
The value of option 4 is 16. You have 10 choices to make in this environment.
You press <<4>> and receive 16 points.
You press <<3>> and receive 7 points.
You press <<5>> and receive 25 points.
You press <<6>> and receive 37 points.
You press <<7>> and receive 50 points.
You press <<8>> and receive 60 points.
You press <<9>> and receive 69 points.
You press <<10>> and receive 75 points.
You press <<11>> and receive 70 points.
You press <<10>> and receive 75 points.

Environment number 2:
The value of option 21 is 72. You have 5 choices to make in this environment.
You press <<22>> and receive 78 points.
You press <<23>> and receive 81 points.
You press <<24>> and receive 73 points.
You press <<20>> and receive 63 points.
You press <<23>> and receive 81 points.

Environment number 3:
The value of option 9 is 44. You have 5 choices to make in this environment.
You press <<8>> and receive 46 points.
You press <<7>> and receive 48 points.
You press <<6>> and receive 38 points.
You press <<10>> and receive 31 points.
You press <<7>> and receive 45 points.

Environment number 4:
The value of option 9 is 72. You have 10 choices to make in this environment.
You press <<8>> and receive 71 points.
You press <<10>> and receive 72 points.
You press <<11>> and receive 66 points.
You press <<7>> and receive 80 points.
You press <<6>> and receive 84 points.
You press <<5>> and receive 74 points.
You press <<6>> and receive 84 points.
You press <<6>> and receive 83 points.
You press <<6>> and receive 84 points.
You press <<6>> and receive 84 points.

Environment number 5:
The value of option 15 is 0. You have 5 choices to make in this environment.
You press <<14>> and receive 0 points.
You press <<16>> and receive 6 points.
You press <<17>> and receive 16 points.
You press <<18>> and receive 25 points.
You press <<19>> and receive 32 points.

Environment number 6:
The value of option 19 is 0. You have 5 choices to make in this environment.
You press <<20>> and receive 6 points.
You press <<18>> and receive 17 points.
You press <<17>> and receive 30 points.
You press <<16>> and receive 28 points.
You press <<17>> and receive 29 points.

Environment number 7:
The value of option 29 is 42. You have 5 choices to make in this environment.
You press <<28>> and receive 42 points.
You press <<27>> and receive 42 points.
You press <<26>> and receive 42 points.
You press <<25>> and receive 42 points.
You press <<24>> and receive 44 points.

Environment number 8:
The value of option 2 is 85. You have 5 choices to make in this environment.
You press <<1>> and receive 70 points.
You press <<3>> and receive 80 points.
You press <<4>> and receive 59 points.
You press <<2>> and receive 84 points.
You press <<2>> and receive 85 points.

Environment number 9:
The value of option 13 is 2. You have 10 choices to make in this environment.
You press <<12>> and receive 1 points.
You press <<14>> and receive 30 points.
You press <<15>> and receive 62 points.
You press <<16>> and receive 81 points.
You press <<17>> and receive 79 points.
You press <<16>> and receive 80 points.
You press <<16>> and receive 81 points.
You press <<16>> and receive 81 points.
You press <<16>> and receive 81 points.
You press <<16>> and receive 82 points.

Environment number 10:
The value of option 22 is 0. You have 10 choices to make in this environment.
You press <<23>> and receive 0 points.
You press <<21>> and receive 23 points.
You press <<20>> and receive 55 points.
You press <<19>> and receive 76 points.
You press <<18>> and receive 85 points.
You press <<17>> and receive 77 points.
You press <<18>> and receive 84 points.
You press <<18>> and receive 84 points.
You press <<18>> and receive 84 points.
You press <<18>> and receive 84 points.

Environment number 11:
The value of option 1 is 21. You have 10 choices to make in this environment.
You press <<2>> and receive 15 points.
You press <<3>> and receive 13 points.
You press <<4>> and receive 25 points.
You press <<5>> and receive 44 points.
You press <<6>> and receive 60 points.
You press <<7>> and receive 62 points.
You press <<8>> and receive 48 points.
You press <<7>> and receive 61 points.
You press <<7>> and receive 61 points.
You press <<7>> and receive 60 points.

Environment number 12:
The value of option 12 is 28. You have 10 choices to make in this environment.
You press <<11>> and receive 13 points.
You press <<13>> and receive 44 points.
You press <<14>> and receive 49 points.
You press <<15>> and receive 53 points.
You press <<16>> and receive 45 points.
You press <<15>> and receive 51 points.
You press <<15>> and receive 51 points.
You press <<15>> and receive 51 points.
You press <<15>> and receive 53 points.
You press <<15>> and receive 52 points.

Environment number 13:
The value of option 9 is 59. You have 10 choices to make in this environment.
You press <<8>> and receive 43 points.
You press <<10>> and receive 66 points.
You press <<11>> and receive 48 points.
You press <<10>> and receive 66 points.
You press <<10>> and receive 67 points.
You press <<10>> and receive 66 points.
You press <<10>> and receive 68 points.
You press <<10>> and receive 65 points.
You press <<10>> and receive 67 points.
You press <<10>> and receive 66 points.

Environment number 14:
The value of option 1 is 3. You have 10 choices to make in this environment.
You press <<2>> and receive 4 points.
You press <<3>> and receive 11 points.
You press <<4>> and receive 24 points.
You press <<5>> and receive 34 points.
You press <<6>> and receive 26 points.
You press <<5>> and receive 31 points.
You press <<5>> and receive 33 points.
You press <<5>> and receive 32 points.
You press <<5>> and receive 31 points.
You press <<5>> and receive 32 points.

Environment number 15:
The value of option 8 is 28. You have 5 choices to make in this environment.
You press <<7>> and receive 29 points.
You press <<",54
15,35,3,10,1,smooth,8,5,28,36,"You will be presented with a series of 16 different environments to explore.
In each trial, you can select an option between numbers 1 and 30 by pressing the corresponding key.
By selecting any of these options, you will earn points associated with each unique option.
Imagine these options 1 through 30 as lying next to each other in an ordered line; options closer to each other tend to have similar rewards as rewards tend to cluster together.
For each environment, you will be able to make either 5 or 10 choices.
When you made all your choices in a given environment, you will start making choices in the next unexplored environment.
The rewards underlying the different options are different in each environment so you will learn them anew for each environment.
Each environment starts with the value of a single option revealed.
When you choose the number corresponding to a different option, you will be told the value of that option and receive those points.
Previously revealed options, including the starting option, can also be reselected, although there may be small changes in the point value.
It is your task to to learn where the largest reward is in each of the 16 environments.

Environment number 1:
The value of option 4 is 16. You have 10 choices to make in this environment.
You press <<4>> and receive 16 points.
You press <<3>> and receive 7 points.
You press <<5>> and receive 25 points.
You press <<6>> and receive 37 points.
You press <<7>> and receive 50 points.
You press <<8>> and receive 60 points.
You press <<9>> and receive 69 points.
You press <<10>> and receive 75 points.
You press <<11>> and receive 70 points.
You press <<10>> and receive 75 points.

Environment number 2:
The value of option 21 is 72. You have 5 choices to make in this environment.
You press <<22>> and receive 78 points.
You press <<23>> and receive 81 points.
You press <<24>> and receive 73 points.
You press <<20>> and receive 63 points.
You press <<23>> and receive 81 points.

Environment number 3:
The value of option 9 is 44. You have 5 choices to make in this environment.
You press <<8>> and receive 46 points.
You press <<7>> and receive 48 points.
You press <<6>> and receive 38 points.
You press <<10>> and receive 31 points.
You press <<7>> and receive 45 points.

Environment number 4:
The value of option 9 is 72. You have 10 choices to make in this environment.
You press <<8>> and receive 71 points.
You press <<10>> and receive 72 points.
You press <<11>> and receive 66 points.
You press <<7>> and receive 80 points.
You press <<6>> and receive 84 points.
You press <<5>> and receive 74 points.
You press <<6>> and receive 84 points.
You press <<6>> and receive 83 points.
You press <<6>> and receive 84 points.
You press <<6>> and receive 84 points.

Environment number 5:
The value of option 15 is 0. You have 5 choices to make in this environment.
You press <<14>> and receive 0 points.
You press <<16>> and receive 6 points.
You press <<17>> and receive 16 points.
You press <<18>> and receive 25 points.
You press <<19>> and receive 32 points.

Environment number 6:
The value of option 19 is 0. You have 5 choices to make in this environment.
You press <<20>> and receive 6 points.
You press <<18>> and receive 17 points.
You press <<17>> and receive 30 points.
You press <<16>> and receive 28 points.
You press <<17>> and receive 29 points.

Environment number 7:
The value of option 29 is 42. You have 5 choices to make in this environment.
You press <<28>> and receive 42 points.
You press <<27>> and receive 42 points.
You press <<26>> and receive 42 points.
You press <<25>> and receive 42 points.
You press <<24>> and receive 44 points.

Environment number 8:
The value of option 2 is 85. You have 5 choices to make in this environment.
You press <<1>> and receive 70 points.
You press <<3>> and receive 80 points.
You press <<4>> and receive 59 points.
You press <<2>> and receive 84 points.
You press <<2>> and receive 85 points.

Environment number 9:
The value of option 13 is 2. You have 10 choices to make in this environment.
You press <<12>> and receive 1 points.
You press <<14>> and receive 30 points.
You press <<15>> and receive 62 points.
You press <<16>> and receive 81 points.
You press <<17>> and receive 79 points.
You press <<16>> and receive 80 points.
You press <<16>> and receive 81 points.
You press <<16>> and receive 81 points.
You press <<16>> and receive 81 points.
You press <<16>> and receive 82 points.

Environment number 10:
The value of option 22 is 0. You have 10 choices to make in this environment.
You press <<23>> and receive 0 points.
You press <<21>> and receive 23 points.
You press <<20>> and receive 55 points.
You press <<19>> and receive 76 points.
You press <<18>> and receive 85 points.
You press <<17>> and receive 77 points.
You press <<18>> and receive 84 points.
You press <<18>> and receive 84 points.
You press <<18>> and receive 84 points.
You press <<18>> and receive 84 points.

Environment number 11:
The value of option 1 is 21. You have 10 choices to make in this environment.
You press <<2>> and receive 15 points.
You press <<3>> and receive 13 points.
You press <<4>> and receive 25 points.
You press <<5>> and receive 44 points.
You press <<6>> and receive 60 points.
You press <<7>> and receive 62 points.
You press <<8>> and receive 48 points.
You press <<7>> and receive 61 points.
You press <<7>> and receive 61 points.
You press <<7>> and receive 60 points.

Environment number 12:
The value of option 12 is 28. You have 10 choices to make in this environment.
You press <<11>> and receive 13 points.
You press <<13>> and receive 44 points.
You press <<14>> and receive 49 points.
You press <<15>> and receive 53 points.
You press <<16>> and receive 45 points.
You press <<15>> and receive 51 points.
You press <<15>> and receive 51 points.
You press <<15>> and receive 51 points.
You press <<15>> and receive 53 points.
You press <<15>> and receive 52 points.

Environment number 13:
The value of option 9 is 59. You have 10 choices to make in this environment.
You press <<8>> and receive 43 points.
You press <<10>> and receive 66 points.
You press <<11>> and receive 48 points.
You press <<10>> and receive 66 points.
You press <<10>> and receive 67 points.
You press <<10>> and receive 66 points.
You press <<10>> and receive 68 points.
You press <<10>> and receive 65 points.
You press <<10>> and receive 67 points.
You press <<10>> and receive 66 points.

Environment number 14:
The value of option 1 is 3. You have 10 choices to make in this environment.
You press <<2>> and receive 4 points.
You press <<3>> and receive 11 points.
You press <<4>> and receive 24 points.
You press <<5>> and receive 34 points.
You press <<6>> and receive 26 points.
You press <<5>> and receive 31 points.
You press <<5>> and receive 33 points.
You press <<5>> and receive 32 points.
You press <<5>> and receive 31 points.
You press <<5>> and receive 32 points.

Environment number 15:
The value of option 8 is 28. You have 5 choices to make in this environment.
You press <<7>> and receive 29 points.
You press <<9>> and receive 36 points.
You press <<",54
15,35,4,11,1,smooth,8,5,28,38,"You will be presented with a series of 16 different environments to explore.
In each trial, you can select an option between numbers 1 and 30 by pressing the corresponding key.
By selecting any of these options, you will earn points associated with each unique option.
Imagine these options 1 through 30 as lying next to each other in an ordered line; options closer to each other tend to have similar rewards as rewards tend to cluster together.
For each environment, you will be able to make either 5 or 10 choices.
When you made all your choices in a given environment, you will start making choices in the next unexplored environment.
The rewards underlying the different options are different in each environment so you will learn them anew for each environment.
Each environment starts with the value of a single option revealed.
When you choose the number corresponding to a different option, you will be told the value of that option and receive those points.
Previously revealed options, including the starting option, can also be reselected, although there may be small changes in the point value.
It is your task to to learn where the largest reward is in each of the 16 environments.

Environment number 1:
The value of option 4 is 16. You have 10 choices to make in this environment.
You press <<4>> and receive 16 points.
You press <<3>> and receive 7 points.
You press <<5>> and receive 25 points.
You press <<6>> and receive 37 points.
You press <<7>> and receive 50 points.
You press <<8>> and receive 60 points.
You press <<9>> and receive 69 points.
You press <<10>> and receive 75 points.
You press <<11>> and receive 70 points.
You press <<10>> and receive 75 points.

Environment number 2:
The value of option 21 is 72. You have 5 choices to make in this environment.
You press <<22>> and receive 78 points.
You press <<23>> and receive 81 points.
You press <<24>> and receive 73 points.
You press <<20>> and receive 63 points.
You press <<23>> and receive 81 points.

Environment number 3:
The value of option 9 is 44. You have 5 choices to make in this environment.
You press <<8>> and receive 46 points.
You press <<7>> and receive 48 points.
You press <<6>> and receive 38 points.
You press <<10>> and receive 31 points.
You press <<7>> and receive 45 points.

Environment number 4:
The value of option 9 is 72. You have 10 choices to make in this environment.
You press <<8>> and receive 71 points.
You press <<10>> and receive 72 points.
You press <<11>> and receive 66 points.
You press <<7>> and receive 80 points.
You press <<6>> and receive 84 points.
You press <<5>> and receive 74 points.
You press <<6>> and receive 84 points.
You press <<6>> and receive 83 points.
You press <<6>> and receive 84 points.
You press <<6>> and receive 84 points.

Environment number 5:
The value of option 15 is 0. You have 5 choices to make in this environment.
You press <<14>> and receive 0 points.
You press <<16>> and receive 6 points.
You press <<17>> and receive 16 points.
You press <<18>> and receive 25 points.
You press <<19>> and receive 32 points.

Environment number 6:
The value of option 19 is 0. You have 5 choices to make in this environment.
You press <<20>> and receive 6 points.
You press <<18>> and receive 17 points.
You press <<17>> and receive 30 points.
You press <<16>> and receive 28 points.
You press <<17>> and receive 29 points.

Environment number 7:
The value of option 29 is 42. You have 5 choices to make in this environment.
You press <<28>> and receive 42 points.
You press <<27>> and receive 42 points.
You press <<26>> and receive 42 points.
You press <<25>> and receive 42 points.
You press <<24>> and receive 44 points.

Environment number 8:
The value of option 2 is 85. You have 5 choices to make in this environment.
You press <<1>> and receive 70 points.
You press <<3>> and receive 80 points.
You press <<4>> and receive 59 points.
You press <<2>> and receive 84 points.
You press <<2>> and receive 85 points.

Environment number 9:
The value of option 13 is 2. You have 10 choices to make in this environment.
You press <<12>> and receive 1 points.
You press <<14>> and receive 30 points.
You press <<15>> and receive 62 points.
You press <<16>> and receive 81 points.
You press <<17>> and receive 79 points.
You press <<16>> and receive 80 points.
You press <<16>> and receive 81 points.
You press <<16>> and receive 81 points.
You press <<16>> and receive 81 points.
You press <<16>> and receive 82 points.

Environment number 10:
The value of option 22 is 0. You have 10 choices to make in this environment.
You press <<23>> and receive 0 points.
You press <<21>> and receive 23 points.
You press <<20>> and receive 55 points.
You press <<19>> and receive 76 points.
You press <<18>> and receive 85 points.
You press <<17>> and receive 77 points.
You press <<18>> and receive 84 points.
You press <<18>> and receive 84 points.
You press <<18>> and receive 84 points.
You press <<18>> and receive 84 points.

Environment number 11:
The value of option 1 is 21. You have 10 choices to make in this environment.
You press <<2>> and receive 15 points.
You press <<3>> and receive 13 points.
You press <<4>> and receive 25 points.
You press <<5>> and receive 44 points.
You press <<6>> and receive 60 points.
You press <<7>> and receive 62 points.
You press <<8>> and receive 48 points.
You press <<7>> and receive 61 points.
You press <<7>> and receive 61 points.
You press <<7>> and receive 60 points.

Environment number 12:
The value of option 12 is 28. You have 10 choices to make in this environment.
You press <<11>> and receive 13 points.
You press <<13>> and receive 44 points.
You press <<14>> and receive 49 points.
You press <<15>> and receive 53 points.
You press <<16>> and receive 45 points.
You press <<15>> and receive 51 points.
You press <<15>> and receive 51 points.
You press <<15>> and receive 51 points.
You press <<15>> and receive 53 points.
You press <<15>> and receive 52 points.

Environment number 13:
The value of option 9 is 59. You have 10 choices to make in this environment.
You press <<8>> and receive 43 points.
You press <<10>> and receive 66 points.
You press <<11>> and receive 48 points.
You press <<10>> and receive 66 points.
You press <<10>> and receive 67 points.
You press <<10>> and receive 66 points.
You press <<10>> and receive 68 points.
You press <<10>> and receive 65 points.
You press <<10>> and receive 67 points.
You press <<10>> and receive 66 points.

Environment number 14:
The value of option 1 is 3. You have 10 choices to make in this environment.
You press <<2>> and receive 4 points.
You press <<3>> and receive 11 points.
You press <<4>> and receive 24 points.
You press <<5>> and receive 34 points.
You press <<6>> and receive 26 points.
You press <<5>> and receive 31 points.
You press <<5>> and receive 33 points.
You press <<5>> and receive 32 points.
You press <<5>> and receive 31 points.
You press <<5>> and receive 32 points.

Environment number 15:
The value of option 8 is 28. You have 5 choices to make in this environment.
You press <<7>> and receive 29 points.
You press <<9>> and receive 36 points.
You press <<10>> and receive 36 points.
You press <<",54
15,35,5,12,1,smooth,8,5,28,48,"You will be presented with a series of 16 different environments to explore.
In each trial, you can select an option between numbers 1 and 30 by pressing the corresponding key.
By selecting any of these options, you will earn points associated with each unique option.
Imagine these options 1 through 30 as lying next to each other in an ordered line; options closer to each other tend to have similar rewards as rewards tend to cluster together.
For each environment, you will be able to make either 5 or 10 choices.
When you made all your choices in a given environment, you will start making choices in the next unexplored environment.
The rewards underlying the different options are different in each environment so you will learn them anew for each environment.
Each environment starts with the value of a single option revealed.
When you choose the number corresponding to a different option, you will be told the value of that option and receive those points.
Previously revealed options, including the starting option, can also be reselected, although there may be small changes in the point value.
It is your task to to learn where the largest reward is in each of the 16 environments.

Environment number 1:
The value of option 4 is 16. You have 10 choices to make in this environment.
You press <<4>> and receive 16 points.
You press <<3>> and receive 7 points.
You press <<5>> and receive 25 points.
You press <<6>> and receive 37 points.
You press <<7>> and receive 50 points.
You press <<8>> and receive 60 points.
You press <<9>> and receive 69 points.
You press <<10>> and receive 75 points.
You press <<11>> and receive 70 points.
You press <<10>> and receive 75 points.

Environment number 2:
The value of option 21 is 72. You have 5 choices to make in this environment.
You press <<22>> and receive 78 points.
You press <<23>> and receive 81 points.
You press <<24>> and receive 73 points.
You press <<20>> and receive 63 points.
You press <<23>> and receive 81 points.

Environment number 3:
The value of option 9 is 44. You have 5 choices to make in this environment.
You press <<8>> and receive 46 points.
You press <<7>> and receive 48 points.
You press <<6>> and receive 38 points.
You press <<10>> and receive 31 points.
You press <<7>> and receive 45 points.

Environment number 4:
The value of option 9 is 72. You have 10 choices to make in this environment.
You press <<8>> and receive 71 points.
You press <<10>> and receive 72 points.
You press <<11>> and receive 66 points.
You press <<7>> and receive 80 points.
You press <<6>> and receive 84 points.
You press <<5>> and receive 74 points.
You press <<6>> and receive 84 points.
You press <<6>> and receive 83 points.
You press <<6>> and receive 84 points.
You press <<6>> and receive 84 points.

Environment number 5:
The value of option 15 is 0. You have 5 choices to make in this environment.
You press <<14>> and receive 0 points.
You press <<16>> and receive 6 points.
You press <<17>> and receive 16 points.
You press <<18>> and receive 25 points.
You press <<19>> and receive 32 points.

Environment number 6:
The value of option 19 is 0. You have 5 choices to make in this environment.
You press <<20>> and receive 6 points.
You press <<18>> and receive 17 points.
You press <<17>> and receive 30 points.
You press <<16>> and receive 28 points.
You press <<17>> and receive 29 points.

Environment number 7:
The value of option 29 is 42. You have 5 choices to make in this environment.
You press <<28>> and receive 42 points.
You press <<27>> and receive 42 points.
You press <<26>> and receive 42 points.
You press <<25>> and receive 42 points.
You press <<24>> and receive 44 points.

Environment number 8:
The value of option 2 is 85. You have 5 choices to make in this environment.
You press <<1>> and receive 70 points.
You press <<3>> and receive 80 points.
You press <<4>> and receive 59 points.
You press <<2>> and receive 84 points.
You press <<2>> and receive 85 points.

Environment number 9:
The value of option 13 is 2. You have 10 choices to make in this environment.
You press <<12>> and receive 1 points.
You press <<14>> and receive 30 points.
You press <<15>> and receive 62 points.
You press <<16>> and receive 81 points.
You press <<17>> and receive 79 points.
You press <<16>> and receive 80 points.
You press <<16>> and receive 81 points.
You press <<16>> and receive 81 points.
You press <<16>> and receive 81 points.
You press <<16>> and receive 82 points.

Environment number 10:
The value of option 22 is 0. You have 10 choices to make in this environment.
You press <<23>> and receive 0 points.
You press <<21>> and receive 23 points.
You press <<20>> and receive 55 points.
You press <<19>> and receive 76 points.
You press <<18>> and receive 85 points.
You press <<17>> and receive 77 points.
You press <<18>> and receive 84 points.
You press <<18>> and receive 84 points.
You press <<18>> and receive 84 points.
You press <<18>> and receive 84 points.

Environment number 11:
The value of option 1 is 21. You have 10 choices to make in this environment.
You press <<2>> and receive 15 points.
You press <<3>> and receive 13 points.
You press <<4>> and receive 25 points.
You press <<5>> and receive 44 points.
You press <<6>> and receive 60 points.
You press <<7>> and receive 62 points.
You press <<8>> and receive 48 points.
You press <<7>> and receive 61 points.
You press <<7>> and receive 61 points.
You press <<7>> and receive 60 points.

Environment number 12:
The value of option 12 is 28. You have 10 choices to make in this environment.
You press <<11>> and receive 13 points.
You press <<13>> and receive 44 points.
You press <<14>> and receive 49 points.
You press <<15>> and receive 53 points.
You press <<16>> and receive 45 points.
You press <<15>> and receive 51 points.
You press <<15>> and receive 51 points.
You press <<15>> and receive 51 points.
You press <<15>> and receive 53 points.
You press <<15>> and receive 52 points.

Environment number 13:
The value of option 9 is 59. You have 10 choices to make in this environment.
You press <<8>> and receive 43 points.
You press <<10>> and receive 66 points.
You press <<11>> and receive 48 points.
You press <<10>> and receive 66 points.
You press <<10>> and receive 67 points.
You press <<10>> and receive 66 points.
You press <<10>> and receive 68 points.
You press <<10>> and receive 65 points.
You press <<10>> and receive 67 points.
You press <<10>> and receive 66 points.

Environment number 14:
The value of option 1 is 3. You have 10 choices to make in this environment.
You press <<2>> and receive 4 points.
You press <<3>> and receive 11 points.
You press <<4>> and receive 24 points.
You press <<5>> and receive 34 points.
You press <<6>> and receive 26 points.
You press <<5>> and receive 31 points.
You press <<5>> and receive 33 points.
You press <<5>> and receive 32 points.
You press <<5>> and receive 31 points.
You press <<5>> and receive 32 points.

Environment number 15:
The value of option 8 is 28. You have 5 choices to make in this environment.
You press <<7>> and receive 29 points.
You press <<9>> and receive 36 points.
You press <<10>> and receive 36 points.
You press <<11>> and receive 38 points.
You press <<",54
16,27,1,23,1,smooth,24,5,23,39,"You will be presented with a series of 16 different environments to explore.
In each trial, you can select an option between numbers 1 and 30 by pressing the corresponding key.
By selecting any of these options, you will earn points associated with each unique option.
Imagine these options 1 through 30 as lying next to each other in an ordered line; options closer to each other tend to have similar rewards as rewards tend to cluster together.
For each environment, you will be able to make either 5 or 10 choices.
When you made all your choices in a given environment, you will start making choices in the next unexplored environment.
The rewards underlying the different options are different in each environment so you will learn them anew for each environment.
Each environment starts with the value of a single option revealed.
When you choose the number corresponding to a different option, you will be told the value of that option and receive those points.
Previously revealed options, including the starting option, can also be reselected, although there may be small changes in the point value.
It is your task to to learn where the largest reward is in each of the 16 environments.

Environment number 1:
The value of option 4 is 16. You have 10 choices to make in this environment.
You press <<4>> and receive 16 points.
You press <<3>> and receive 7 points.
You press <<5>> and receive 25 points.
You press <<6>> and receive 37 points.
You press <<7>> and receive 50 points.
You press <<8>> and receive 60 points.
You press <<9>> and receive 69 points.
You press <<10>> and receive 75 points.
You press <<11>> and receive 70 points.
You press <<10>> and receive 75 points.

Environment number 2:
The value of option 21 is 72. You have 5 choices to make in this environment.
You press <<22>> and receive 78 points.
You press <<23>> and receive 81 points.
You press <<24>> and receive 73 points.
You press <<20>> and receive 63 points.
You press <<23>> and receive 81 points.

Environment number 3:
The value of option 9 is 44. You have 5 choices to make in this environment.
You press <<8>> and receive 46 points.
You press <<7>> and receive 48 points.
You press <<6>> and receive 38 points.
You press <<10>> and receive 31 points.
You press <<7>> and receive 45 points.

Environment number 4:
The value of option 9 is 72. You have 10 choices to make in this environment.
You press <<8>> and receive 71 points.
You press <<10>> and receive 72 points.
You press <<11>> and receive 66 points.
You press <<7>> and receive 80 points.
You press <<6>> and receive 84 points.
You press <<5>> and receive 74 points.
You press <<6>> and receive 84 points.
You press <<6>> and receive 83 points.
You press <<6>> and receive 84 points.
You press <<6>> and receive 84 points.

Environment number 5:
The value of option 15 is 0. You have 5 choices to make in this environment.
You press <<14>> and receive 0 points.
You press <<16>> and receive 6 points.
You press <<17>> and receive 16 points.
You press <<18>> and receive 25 points.
You press <<19>> and receive 32 points.

Environment number 6:
The value of option 19 is 0. You have 5 choices to make in this environment.
You press <<20>> and receive 6 points.
You press <<18>> and receive 17 points.
You press <<17>> and receive 30 points.
You press <<16>> and receive 28 points.
You press <<17>> and receive 29 points.

Environment number 7:
The value of option 29 is 42. You have 5 choices to make in this environment.
You press <<28>> and receive 42 points.
You press <<27>> and receive 42 points.
You press <<26>> and receive 42 points.
You press <<25>> and receive 42 points.
You press <<24>> and receive 44 points.

Environment number 8:
The value of option 2 is 85. You have 5 choices to make in this environment.
You press <<1>> and receive 70 points.
You press <<3>> and receive 80 points.
You press <<4>> and receive 59 points.
You press <<2>> and receive 84 points.
You press <<2>> and receive 85 points.

Environment number 9:
The value of option 13 is 2. You have 10 choices to make in this environment.
You press <<12>> and receive 1 points.
You press <<14>> and receive 30 points.
You press <<15>> and receive 62 points.
You press <<16>> and receive 81 points.
You press <<17>> and receive 79 points.
You press <<16>> and receive 80 points.
You press <<16>> and receive 81 points.
You press <<16>> and receive 81 points.
You press <<16>> and receive 81 points.
You press <<16>> and receive 82 points.

Environment number 10:
The value of option 22 is 0. You have 10 choices to make in this environment.
You press <<23>> and receive 0 points.
You press <<21>> and receive 23 points.
You press <<20>> and receive 55 points.
You press <<19>> and receive 76 points.
You press <<18>> and receive 85 points.
You press <<17>> and receive 77 points.
You press <<18>> and receive 84 points.
You press <<18>> and receive 84 points.
You press <<18>> and receive 84 points.
You press <<18>> and receive 84 points.

Environment number 11:
The value of option 1 is 21. You have 10 choices to make in this environment.
You press <<2>> and receive 15 points.
You press <<3>> and receive 13 points.
You press <<4>> and receive 25 points.
You press <<5>> and receive 44 points.
You press <<6>> and receive 60 points.
You press <<7>> and receive 62 points.
You press <<8>> and receive 48 points.
You press <<7>> and receive 61 points.
You press <<7>> and receive 61 points.
You press <<7>> and receive 60 points.

Environment number 12:
The value of option 12 is 28. You have 10 choices to make in this environment.
You press <<11>> and receive 13 points.
You press <<13>> and receive 44 points.
You press <<14>> and receive 49 points.
You press <<15>> and receive 53 points.
You press <<16>> and receive 45 points.
You press <<15>> and receive 51 points.
You press <<15>> and receive 51 points.
You press <<15>> and receive 51 points.
You press <<15>> and receive 53 points.
You press <<15>> and receive 52 points.

Environment number 13:
The value of option 9 is 59. You have 10 choices to make in this environment.
You press <<8>> and receive 43 points.
You press <<10>> and receive 66 points.
You press <<11>> and receive 48 points.
You press <<10>> and receive 66 points.
You press <<10>> and receive 67 points.
You press <<10>> and receive 66 points.
You press <<10>> and receive 68 points.
You press <<10>> and receive 65 points.
You press <<10>> and receive 67 points.
You press <<10>> and receive 66 points.

Environment number 14:
The value of option 1 is 3. You have 10 choices to make in this environment.
You press <<2>> and receive 4 points.
You press <<3>> and receive 11 points.
You press <<4>> and receive 24 points.
You press <<5>> and receive 34 points.
You press <<6>> and receive 26 points.
You press <<5>> and receive 31 points.
You press <<5>> and receive 33 points.
You press <<5>> and receive 32 points.
You press <<5>> and receive 31 points.
You press <<5>> and receive 32 points.

Environment number 15:
The value of option 8 is 28. You have 5 choices to make in this environment.
You press <<7>> and receive 29 points.
You press <<9>> and receive 36 points.
You press <<10>> and receive 36 points.
You press <<11>> and receive 38 points.
You press <<12>> and receive 48 points.

Environment number 16:
The value of option 24 is 23. You have 5 choices to make in this environment.
You press <<",54
16,27,2,22,1,smooth,24,5,23,49,"You will be presented with a series of 16 different environments to explore.
In each trial, you can select an option between numbers 1 and 30 by pressing the corresponding key.
By selecting any of these options, you will earn points associated with each unique option.
Imagine these options 1 through 30 as lying next to each other in an ordered line; options closer to each other tend to have similar rewards as rewards tend to cluster together.
For each environment, you will be able to make either 5 or 10 choices.
When you made all your choices in a given environment, you will start making choices in the next unexplored environment.
The rewards underlying the different options are different in each environment so you will learn them anew for each environment.
Each environment starts with the value of a single option revealed.
When you choose the number corresponding to a different option, you will be told the value of that option and receive those points.
Previously revealed options, including the starting option, can also be reselected, although there may be small changes in the point value.
It is your task to to learn where the largest reward is in each of the 16 environments.

Environment number 1:
The value of option 4 is 16. You have 10 choices to make in this environment.
You press <<4>> and receive 16 points.
You press <<3>> and receive 7 points.
You press <<5>> and receive 25 points.
You press <<6>> and receive 37 points.
You press <<7>> and receive 50 points.
You press <<8>> and receive 60 points.
You press <<9>> and receive 69 points.
You press <<10>> and receive 75 points.
You press <<11>> and receive 70 points.
You press <<10>> and receive 75 points.

Environment number 2:
The value of option 21 is 72. You have 5 choices to make in this environment.
You press <<22>> and receive 78 points.
You press <<23>> and receive 81 points.
You press <<24>> and receive 73 points.
You press <<20>> and receive 63 points.
You press <<23>> and receive 81 points.

Environment number 3:
The value of option 9 is 44. You have 5 choices to make in this environment.
You press <<8>> and receive 46 points.
You press <<7>> and receive 48 points.
You press <<6>> and receive 38 points.
You press <<10>> and receive 31 points.
You press <<7>> and receive 45 points.

Environment number 4:
The value of option 9 is 72. You have 10 choices to make in this environment.
You press <<8>> and receive 71 points.
You press <<10>> and receive 72 points.
You press <<11>> and receive 66 points.
You press <<7>> and receive 80 points.
You press <<6>> and receive 84 points.
You press <<5>> and receive 74 points.
You press <<6>> and receive 84 points.
You press <<6>> and receive 83 points.
You press <<6>> and receive 84 points.
You press <<6>> and receive 84 points.

Environment number 5:
The value of option 15 is 0. You have 5 choices to make in this environment.
You press <<14>> and receive 0 points.
You press <<16>> and receive 6 points.
You press <<17>> and receive 16 points.
You press <<18>> and receive 25 points.
You press <<19>> and receive 32 points.

Environment number 6:
The value of option 19 is 0. You have 5 choices to make in this environment.
You press <<20>> and receive 6 points.
You press <<18>> and receive 17 points.
You press <<17>> and receive 30 points.
You press <<16>> and receive 28 points.
You press <<17>> and receive 29 points.

Environment number 7:
The value of option 29 is 42. You have 5 choices to make in this environment.
You press <<28>> and receive 42 points.
You press <<27>> and receive 42 points.
You press <<26>> and receive 42 points.
You press <<25>> and receive 42 points.
You press <<24>> and receive 44 points.

Environment number 8:
The value of option 2 is 85. You have 5 choices to make in this environment.
You press <<1>> and receive 70 points.
You press <<3>> and receive 80 points.
You press <<4>> and receive 59 points.
You press <<2>> and receive 84 points.
You press <<2>> and receive 85 points.

Environment number 9:
The value of option 13 is 2. You have 10 choices to make in this environment.
You press <<12>> and receive 1 points.
You press <<14>> and receive 30 points.
You press <<15>> and receive 62 points.
You press <<16>> and receive 81 points.
You press <<17>> and receive 79 points.
You press <<16>> and receive 80 points.
You press <<16>> and receive 81 points.
You press <<16>> and receive 81 points.
You press <<16>> and receive 81 points.
You press <<16>> and receive 82 points.

Environment number 10:
The value of option 22 is 0. You have 10 choices to make in this environment.
You press <<23>> and receive 0 points.
You press <<21>> and receive 23 points.
You press <<20>> and receive 55 points.
You press <<19>> and receive 76 points.
You press <<18>> and receive 85 points.
You press <<17>> and receive 77 points.
You press <<18>> and receive 84 points.
You press <<18>> and receive 84 points.
You press <<18>> and receive 84 points.
You press <<18>> and receive 84 points.

Environment number 11:
The value of option 1 is 21. You have 10 choices to make in this environment.
You press <<2>> and receive 15 points.
You press <<3>> and receive 13 points.
You press <<4>> and receive 25 points.
You press <<5>> and receive 44 points.
You press <<6>> and receive 60 points.
You press <<7>> and receive 62 points.
You press <<8>> and receive 48 points.
You press <<7>> and receive 61 points.
You press <<7>> and receive 61 points.
You press <<7>> and receive 60 points.

Environment number 12:
The value of option 12 is 28. You have 10 choices to make in this environment.
You press <<11>> and receive 13 points.
You press <<13>> and receive 44 points.
You press <<14>> and receive 49 points.
You press <<15>> and receive 53 points.
You press <<16>> and receive 45 points.
You press <<15>> and receive 51 points.
You press <<15>> and receive 51 points.
You press <<15>> and receive 51 points.
You press <<15>> and receive 53 points.
You press <<15>> and receive 52 points.

Environment number 13:
The value of option 9 is 59. You have 10 choices to make in this environment.
You press <<8>> and receive 43 points.
You press <<10>> and receive 66 points.
You press <<11>> and receive 48 points.
You press <<10>> and receive 66 points.
You press <<10>> and receive 67 points.
You press <<10>> and receive 66 points.
You press <<10>> and receive 68 points.
You press <<10>> and receive 65 points.
You press <<10>> and receive 67 points.
You press <<10>> and receive 66 points.

Environment number 14:
The value of option 1 is 3. You have 10 choices to make in this environment.
You press <<2>> and receive 4 points.
You press <<3>> and receive 11 points.
You press <<4>> and receive 24 points.
You press <<5>> and receive 34 points.
You press <<6>> and receive 26 points.
You press <<5>> and receive 31 points.
You press <<5>> and receive 33 points.
You press <<5>> and receive 32 points.
You press <<5>> and receive 31 points.
You press <<5>> and receive 32 points.

Environment number 15:
The value of option 8 is 28. You have 5 choices to make in this environment.
You press <<7>> and receive 29 points.
You press <<9>> and receive 36 points.
You press <<10>> and receive 36 points.
You press <<11>> and receive 38 points.
You press <<12>> and receive 48 points.

Environment number 16:
The value of option 24 is 23. You have 5 choices to make in this environment.
You press <<23>> and receive 39 points.
You press <<",54
16,27,3,21,1,smooth,24,5,23,57,"You will be presented with a series of 16 different environments to explore.
In each trial, you can select an option between numbers 1 and 30 by pressing the corresponding key.
By selecting any of these options, you will earn points associated with each unique option.
Imagine these options 1 through 30 as lying next to each other in an ordered line; options closer to each other tend to have similar rewards as rewards tend to cluster together.
For each environment, you will be able to make either 5 or 10 choices.
When you made all your choices in a given environment, you will start making choices in the next unexplored environment.
The rewards underlying the different options are different in each environment so you will learn them anew for each environment.
Each environment starts with the value of a single option revealed.
When you choose the number corresponding to a different option, you will be told the value of that option and receive those points.
Previously revealed options, including the starting option, can also be reselected, although there may be small changes in the point value.
It is your task to to learn where the largest reward is in each of the 16 environments.

Environment number 1:
The value of option 4 is 16. You have 10 choices to make in this environment.
You press <<4>> and receive 16 points.
You press <<3>> and receive 7 points.
You press <<5>> and receive 25 points.
You press <<6>> and receive 37 points.
You press <<7>> and receive 50 points.
You press <<8>> and receive 60 points.
You press <<9>> and receive 69 points.
You press <<10>> and receive 75 points.
You press <<11>> and receive 70 points.
You press <<10>> and receive 75 points.

Environment number 2:
The value of option 21 is 72. You have 5 choices to make in this environment.
You press <<22>> and receive 78 points.
You press <<23>> and receive 81 points.
You press <<24>> and receive 73 points.
You press <<20>> and receive 63 points.
You press <<23>> and receive 81 points.

Environment number 3:
The value of option 9 is 44. You have 5 choices to make in this environment.
You press <<8>> and receive 46 points.
You press <<7>> and receive 48 points.
You press <<6>> and receive 38 points.
You press <<10>> and receive 31 points.
You press <<7>> and receive 45 points.

Environment number 4:
The value of option 9 is 72. You have 10 choices to make in this environment.
You press <<8>> and receive 71 points.
You press <<10>> and receive 72 points.
You press <<11>> and receive 66 points.
You press <<7>> and receive 80 points.
You press <<6>> and receive 84 points.
You press <<5>> and receive 74 points.
You press <<6>> and receive 84 points.
You press <<6>> and receive 83 points.
You press <<6>> and receive 84 points.
You press <<6>> and receive 84 points.

Environment number 5:
The value of option 15 is 0. You have 5 choices to make in this environment.
You press <<14>> and receive 0 points.
You press <<16>> and receive 6 points.
You press <<17>> and receive 16 points.
You press <<18>> and receive 25 points.
You press <<19>> and receive 32 points.

Environment number 6:
The value of option 19 is 0. You have 5 choices to make in this environment.
You press <<20>> and receive 6 points.
You press <<18>> and receive 17 points.
You press <<17>> and receive 30 points.
You press <<16>> and receive 28 points.
You press <<17>> and receive 29 points.

Environment number 7:
The value of option 29 is 42. You have 5 choices to make in this environment.
You press <<28>> and receive 42 points.
You press <<27>> and receive 42 points.
You press <<26>> and receive 42 points.
You press <<25>> and receive 42 points.
You press <<24>> and receive 44 points.

Environment number 8:
The value of option 2 is 85. You have 5 choices to make in this environment.
You press <<1>> and receive 70 points.
You press <<3>> and receive 80 points.
You press <<4>> and receive 59 points.
You press <<2>> and receive 84 points.
You press <<2>> and receive 85 points.

Environment number 9:
The value of option 13 is 2. You have 10 choices to make in this environment.
You press <<12>> and receive 1 points.
You press <<14>> and receive 30 points.
You press <<15>> and receive 62 points.
You press <<16>> and receive 81 points.
You press <<17>> and receive 79 points.
You press <<16>> and receive 80 points.
You press <<16>> and receive 81 points.
You press <<16>> and receive 81 points.
You press <<16>> and receive 81 points.
You press <<16>> and receive 82 points.

Environment number 10:
The value of option 22 is 0. You have 10 choices to make in this environment.
You press <<23>> and receive 0 points.
You press <<21>> and receive 23 points.
You press <<20>> and receive 55 points.
You press <<19>> and receive 76 points.
You press <<18>> and receive 85 points.
You press <<17>> and receive 77 points.
You press <<18>> and receive 84 points.
You press <<18>> and receive 84 points.
You press <<18>> and receive 84 points.
You press <<18>> and receive 84 points.

Environment number 11:
The value of option 1 is 21. You have 10 choices to make in this environment.
You press <<2>> and receive 15 points.
You press <<3>> and receive 13 points.
You press <<4>> and receive 25 points.
You press <<5>> and receive 44 points.
You press <<6>> and receive 60 points.
You press <<7>> and receive 62 points.
You press <<8>> and receive 48 points.
You press <<7>> and receive 61 points.
You press <<7>> and receive 61 points.
You press <<7>> and receive 60 points.

Environment number 12:
The value of option 12 is 28. You have 10 choices to make in this environment.
You press <<11>> and receive 13 points.
You press <<13>> and receive 44 points.
You press <<14>> and receive 49 points.
You press <<15>> and receive 53 points.
You press <<16>> and receive 45 points.
You press <<15>> and receive 51 points.
You press <<15>> and receive 51 points.
You press <<15>> and receive 51 points.
You press <<15>> and receive 53 points.
You press <<15>> and receive 52 points.

Environment number 13:
The value of option 9 is 59. You have 10 choices to make in this environment.
You press <<8>> and receive 43 points.
You press <<10>> and receive 66 points.
You press <<11>> and receive 48 points.
You press <<10>> and receive 66 points.
You press <<10>> and receive 67 points.
You press <<10>> and receive 66 points.
You press <<10>> and receive 68 points.
You press <<10>> and receive 65 points.
You press <<10>> and receive 67 points.
You press <<10>> and receive 66 points.

Environment number 14:
The value of option 1 is 3. You have 10 choices to make in this environment.
You press <<2>> and receive 4 points.
You press <<3>> and receive 11 points.
You press <<4>> and receive 24 points.
You press <<5>> and receive 34 points.
You press <<6>> and receive 26 points.
You press <<5>> and receive 31 points.
You press <<5>> and receive 33 points.
You press <<5>> and receive 32 points.
You press <<5>> and receive 31 points.
You press <<5>> and receive 32 points.

Environment number 15:
The value of option 8 is 28. You have 5 choices to make in this environment.
You press <<7>> and receive 29 points.
You press <<9>> and receive 36 points.
You press <<10>> and receive 36 points.
You press <<11>> and receive 38 points.
You press <<12>> and receive 48 points.

Environment number 16:
The value of option 24 is 23. You have 5 choices to make in this environment.
You press <<23>> and receive 39 points.
You press <<22>> and receive 49 points.
You press <<",54
16,27,4,20,1,smooth,24,5,23,66,"You will be presented with a series of 16 different environments to explore.
In each trial, you can select an option between numbers 1 and 30 by pressing the corresponding key.
By selecting any of these options, you will earn points associated with each unique option.
Imagine these options 1 through 30 as lying next to each other in an ordered line; options closer to each other tend to have similar rewards as rewards tend to cluster together.
For each environment, you will be able to make either 5 or 10 choices.
When you made all your choices in a given environment, you will start making choices in the next unexplored environment.
The rewards underlying the different options are different in each environment so you will learn them anew for each environment.
Each environment starts with the value of a single option revealed.
When you choose the number corresponding to a different option, you will be told the value of that option and receive those points.
Previously revealed options, including the starting option, can also be reselected, although there may be small changes in the point value.
It is your task to to learn where the largest reward is in each of the 16 environments.

Environment number 1:
The value of option 4 is 16. You have 10 choices to make in this environment.
You press <<4>> and receive 16 points.
You press <<3>> and receive 7 points.
You press <<5>> and receive 25 points.
You press <<6>> and receive 37 points.
You press <<7>> and receive 50 points.
You press <<8>> and receive 60 points.
You press <<9>> and receive 69 points.
You press <<10>> and receive 75 points.
You press <<11>> and receive 70 points.
You press <<10>> and receive 75 points.

Environment number 2:
The value of option 21 is 72. You have 5 choices to make in this environment.
You press <<22>> and receive 78 points.
You press <<23>> and receive 81 points.
You press <<24>> and receive 73 points.
You press <<20>> and receive 63 points.
You press <<23>> and receive 81 points.

Environment number 3:
The value of option 9 is 44. You have 5 choices to make in this environment.
You press <<8>> and receive 46 points.
You press <<7>> and receive 48 points.
You press <<6>> and receive 38 points.
You press <<10>> and receive 31 points.
You press <<7>> and receive 45 points.

Environment number 4:
The value of option 9 is 72. You have 10 choices to make in this environment.
You press <<8>> and receive 71 points.
You press <<10>> and receive 72 points.
You press <<11>> and receive 66 points.
You press <<7>> and receive 80 points.
You press <<6>> and receive 84 points.
You press <<5>> and receive 74 points.
You press <<6>> and receive 84 points.
You press <<6>> and receive 83 points.
You press <<6>> and receive 84 points.
You press <<6>> and receive 84 points.

Environment number 5:
The value of option 15 is 0. You have 5 choices to make in this environment.
You press <<14>> and receive 0 points.
You press <<16>> and receive 6 points.
You press <<17>> and receive 16 points.
You press <<18>> and receive 25 points.
You press <<19>> and receive 32 points.

Environment number 6:
The value of option 19 is 0. You have 5 choices to make in this environment.
You press <<20>> and receive 6 points.
You press <<18>> and receive 17 points.
You press <<17>> and receive 30 points.
You press <<16>> and receive 28 points.
You press <<17>> and receive 29 points.

Environment number 7:
The value of option 29 is 42. You have 5 choices to make in this environment.
You press <<28>> and receive 42 points.
You press <<27>> and receive 42 points.
You press <<26>> and receive 42 points.
You press <<25>> and receive 42 points.
You press <<24>> and receive 44 points.

Environment number 8:
The value of option 2 is 85. You have 5 choices to make in this environment.
You press <<1>> and receive 70 points.
You press <<3>> and receive 80 points.
You press <<4>> and receive 59 points.
You press <<2>> and receive 84 points.
You press <<2>> and receive 85 points.

Environment number 9:
The value of option 13 is 2. You have 10 choices to make in this environment.
You press <<12>> and receive 1 points.
You press <<14>> and receive 30 points.
You press <<15>> and receive 62 points.
You press <<16>> and receive 81 points.
You press <<17>> and receive 79 points.
You press <<16>> and receive 80 points.
You press <<16>> and receive 81 points.
You press <<16>> and receive 81 points.
You press <<16>> and receive 81 points.
You press <<16>> and receive 82 points.

Environment number 10:
The value of option 22 is 0. You have 10 choices to make in this environment.
You press <<23>> and receive 0 points.
You press <<21>> and receive 23 points.
You press <<20>> and receive 55 points.
You press <<19>> and receive 76 points.
You press <<18>> and receive 85 points.
You press <<17>> and receive 77 points.
You press <<18>> and receive 84 points.
You press <<18>> and receive 84 points.
You press <<18>> and receive 84 points.
You press <<18>> and receive 84 points.

Environment number 11:
The value of option 1 is 21. You have 10 choices to make in this environment.
You press <<2>> and receive 15 points.
You press <<3>> and receive 13 points.
You press <<4>> and receive 25 points.
You press <<5>> and receive 44 points.
You press <<6>> and receive 60 points.
You press <<7>> and receive 62 points.
You press <<8>> and receive 48 points.
You press <<7>> and receive 61 points.
You press <<7>> and receive 61 points.
You press <<7>> and receive 60 points.

Environment number 12:
The value of option 12 is 28. You have 10 choices to make in this environment.
You press <<11>> and receive 13 points.
You press <<13>> and receive 44 points.
You press <<14>> and receive 49 points.
You press <<15>> and receive 53 points.
You press <<16>> and receive 45 points.
You press <<15>> and receive 51 points.
You press <<15>> and receive 51 points.
You press <<15>> and receive 51 points.
You press <<15>> and receive 53 points.
You press <<15>> and receive 52 points.

Environment number 13:
The value of option 9 is 59. You have 10 choices to make in this environment.
You press <<8>> and receive 43 points.
You press <<10>> and receive 66 points.
You press <<11>> and receive 48 points.
You press <<10>> and receive 66 points.
You press <<10>> and receive 67 points.
You press <<10>> and receive 66 points.
You press <<10>> and receive 68 points.
You press <<10>> and receive 65 points.
You press <<10>> and receive 67 points.
You press <<10>> and receive 66 points.

Environment number 14:
The value of option 1 is 3. You have 10 choices to make in this environment.
You press <<2>> and receive 4 points.
You press <<3>> and receive 11 points.
You press <<4>> and receive 24 points.
You press <<5>> and receive 34 points.
You press <<6>> and receive 26 points.
You press <<5>> and receive 31 points.
You press <<5>> and receive 33 points.
You press <<5>> and receive 32 points.
You press <<5>> and receive 31 points.
You press <<5>> and receive 32 points.

Environment number 15:
The value of option 8 is 28. You have 5 choices to make in this environment.
You press <<7>> and receive 29 points.
You press <<9>> and receive 36 points.
You press <<10>> and receive 36 points.
You press <<11>> and receive 38 points.
You press <<12>> and receive 48 points.

Environment number 16:
The value of option 24 is 23. You have 5 choices to make in this environment.
You press <<23>> and receive 39 points.
You press <<22>> and receive 49 points.
You press <<21>> and receive 57 points.
You press <<",54
16,27,5,20,1,smooth,24,5,23,68,"You will be presented with a series of 16 different environments to explore.
In each trial, you can select an option between numbers 1 and 30 by pressing the corresponding key.
By selecting any of these options, you will earn points associated with each unique option.
Imagine these options 1 through 30 as lying next to each other in an ordered line; options closer to each other tend to have similar rewards as rewards tend to cluster together.
For each environment, you will be able to make either 5 or 10 choices.
When you made all your choices in a given environment, you will start making choices in the next unexplored environment.
The rewards underlying the different options are different in each environment so you will learn them anew for each environment.
Each environment starts with the value of a single option revealed.
When you choose the number corresponding to a different option, you will be told the value of that option and receive those points.
Previously revealed options, including the starting option, can also be reselected, although there may be small changes in the point value.
It is your task to to learn where the largest reward is in each of the 16 environments.

Environment number 1:
The value of option 4 is 16. You have 10 choices to make in this environment.
You press <<4>> and receive 16 points.
You press <<3>> and receive 7 points.
You press <<5>> and receive 25 points.
You press <<6>> and receive 37 points.
You press <<7>> and receive 50 points.
You press <<8>> and receive 60 points.
You press <<9>> and receive 69 points.
You press <<10>> and receive 75 points.
You press <<11>> and receive 70 points.
You press <<10>> and receive 75 points.

Environment number 2:
The value of option 21 is 72. You have 5 choices to make in this environment.
You press <<22>> and receive 78 points.
You press <<23>> and receive 81 points.
You press <<24>> and receive 73 points.
You press <<20>> and receive 63 points.
You press <<23>> and receive 81 points.

Environment number 3:
The value of option 9 is 44. You have 5 choices to make in this environment.
You press <<8>> and receive 46 points.
You press <<7>> and receive 48 points.
You press <<6>> and receive 38 points.
You press <<10>> and receive 31 points.
You press <<7>> and receive 45 points.

Environment number 4:
The value of option 9 is 72. You have 10 choices to make in this environment.
You press <<8>> and receive 71 points.
You press <<10>> and receive 72 points.
You press <<11>> and receive 66 points.
You press <<7>> and receive 80 points.
You press <<6>> and receive 84 points.
You press <<5>> and receive 74 points.
You press <<6>> and receive 84 points.
You press <<6>> and receive 83 points.
You press <<6>> and receive 84 points.
You press <<6>> and receive 84 points.

Environment number 5:
The value of option 15 is 0. You have 5 choices to make in this environment.
You press <<14>> and receive 0 points.
You press <<16>> and receive 6 points.
You press <<17>> and receive 16 points.
You press <<18>> and receive 25 points.
You press <<19>> and receive 32 points.

Environment number 6:
The value of option 19 is 0. You have 5 choices to make in this environment.
You press <<20>> and receive 6 points.
You press <<18>> and receive 17 points.
You press <<17>> and receive 30 points.
You press <<16>> and receive 28 points.
You press <<17>> and receive 29 points.

Environment number 7:
The value of option 29 is 42. You have 5 choices to make in this environment.
You press <<28>> and receive 42 points.
You press <<27>> and receive 42 points.
You press <<26>> and receive 42 points.
You press <<25>> and receive 42 points.
You press <<24>> and receive 44 points.

Environment number 8:
The value of option 2 is 85. You have 5 choices to make in this environment.
You press <<1>> and receive 70 points.
You press <<3>> and receive 80 points.
You press <<4>> and receive 59 points.
You press <<2>> and receive 84 points.
You press <<2>> and receive 85 points.

Environment number 9:
The value of option 13 is 2. You have 10 choices to make in this environment.
You press <<12>> and receive 1 points.
You press <<14>> and receive 30 points.
You press <<15>> and receive 62 points.
You press <<16>> and receive 81 points.
You press <<17>> and receive 79 points.
You press <<16>> and receive 80 points.
You press <<16>> and receive 81 points.
You press <<16>> and receive 81 points.
You press <<16>> and receive 81 points.
You press <<16>> and receive 82 points.

Environment number 10:
The value of option 22 is 0. You have 10 choices to make in this environment.
You press <<23>> and receive 0 points.
You press <<21>> and receive 23 points.
You press <<20>> and receive 55 points.
You press <<19>> and receive 76 points.
You press <<18>> and receive 85 points.
You press <<17>> and receive 77 points.
You press <<18>> and receive 84 points.
You press <<18>> and receive 84 points.
You press <<18>> and receive 84 points.
You press <<18>> and receive 84 points.

Environment number 11:
The value of option 1 is 21. You have 10 choices to make in this environment.
You press <<2>> and receive 15 points.
You press <<3>> and receive 13 points.
You press <<4>> and receive 25 points.
You press <<5>> and receive 44 points.
You press <<6>> and receive 60 points.
You press <<7>> and receive 62 points.
You press <<8>> and receive 48 points.
You press <<7>> and receive 61 points.
You press <<7>> and receive 61 points.
You press <<7>> and receive 60 points.

Environment number 12:
The value of option 12 is 28. You have 10 choices to make in this environment.
You press <<11>> and receive 13 points.
You press <<13>> and receive 44 points.
You press <<14>> and receive 49 points.
You press <<15>> and receive 53 points.
You press <<16>> and receive 45 points.
You press <<15>> and receive 51 points.
You press <<15>> and receive 51 points.
You press <<15>> and receive 51 points.
You press <<15>> and receive 53 points.
You press <<15>> and receive 52 points.

Environment number 13:
The value of option 9 is 59. You have 10 choices to make in this environment.
You press <<8>> and receive 43 points.
You press <<10>> and receive 66 points.
You press <<11>> and receive 48 points.
You press <<10>> and receive 66 points.
You press <<10>> and receive 67 points.
You press <<10>> and receive 66 points.
You press <<10>> and receive 68 points.
You press <<10>> and receive 65 points.
You press <<10>> and receive 67 points.
You press <<10>> and receive 66 points.

Environment number 14:
The value of option 1 is 3. You have 10 choices to make in this environment.
You press <<2>> and receive 4 points.
You press <<3>> and receive 11 points.
You press <<4>> and receive 24 points.
You press <<5>> and receive 34 points.
You press <<6>> and receive 26 points.
You press <<5>> and receive 31 points.
You press <<5>> and receive 33 points.
You press <<5>> and receive 32 points.
You press <<5>> and receive 31 points.
You press <<5>> and receive 32 points.

Environment number 15:
The value of option 8 is 28. You have 5 choices to make in this environment.
You press <<7>> and receive 29 points.
You press <<9>> and receive 36 points.
You press <<10>> and receive 36 points.
You press <<11>> and receive 38 points.
You press <<12>> and receive 48 points.

Environment number 16:
The value of option 24 is 23. You have 5 choices to make in this environment.
You press <<23>> and receive 39 points.
You press <<22>> and receive 49 points.
You press <<21>> and receive 57 points.
You press <<20>> and receive 66 points.
You press <<",54
