env_idx,env_id,trial,choice,scenario,kernel,init_option,horizon,init_reward,reward,prompt,random_seed
1,30,1,13,1,rough,17,10,38,45,"You will be presented with a series of 16 different environments to explore.
In each trial, you can select an option between numbers 1 and 30 by pressing the corresponding key.
By selecting any of these options, you will earn points associated with each unique option.
Imagine these options 1 through 30 as lying next to each other in an ordered line; options closer to each other tend to have similar rewards as rewards tend to cluster together.
For each environment, you will be able to make either 5 or 10 choices.
When you made all your choices in a given environment, you will start making choices in the next unexplored environment.
The rewards underlying the different options are different in each environment so you will learn them anew for each environment.
Each environment starts with the value of a single option revealed.
When you choose the number corresponding to a different option, you will be told the value of that option and receive those points.
Previously revealed options, including the starting option, can also be reselected, although there may be small changes in the point value.
It is your task to to learn where the largest reward is in each of the 16 environments.

Environment number 1:
The value of option 17 is 38. You have 10 choices to make in this environment.
You press <<",68
1,30,2,9,1,rough,17,10,38,53,"You will be presented with a series of 16 different environments to explore.
In each trial, you can select an option between numbers 1 and 30 by pressing the corresponding key.
By selecting any of these options, you will earn points associated with each unique option.
Imagine these options 1 through 30 as lying next to each other in an ordered line; options closer to each other tend to have similar rewards as rewards tend to cluster together.
For each environment, you will be able to make either 5 or 10 choices.
When you made all your choices in a given environment, you will start making choices in the next unexplored environment.
The rewards underlying the different options are different in each environment so you will learn them anew for each environment.
Each environment starts with the value of a single option revealed.
When you choose the number corresponding to a different option, you will be told the value of that option and receive those points.
Previously revealed options, including the starting option, can also be reselected, although there may be small changes in the point value.
It is your task to to learn where the largest reward is in each of the 16 environments.

Environment number 1:
The value of option 17 is 38. You have 10 choices to make in this environment.
You press <<13>> and receive 45 points.
You press <<",68
1,30,3,6,1,rough,17,10,38,55,"You will be presented with a series of 16 different environments to explore.
In each trial, you can select an option between numbers 1 and 30 by pressing the corresponding key.
By selecting any of these options, you will earn points associated with each unique option.
Imagine these options 1 through 30 as lying next to each other in an ordered line; options closer to each other tend to have similar rewards as rewards tend to cluster together.
For each environment, you will be able to make either 5 or 10 choices.
When you made all your choices in a given environment, you will start making choices in the next unexplored environment.
The rewards underlying the different options are different in each environment so you will learn them anew for each environment.
Each environment starts with the value of a single option revealed.
When you choose the number corresponding to a different option, you will be told the value of that option and receive those points.
Previously revealed options, including the starting option, can also be reselected, although there may be small changes in the point value.
It is your task to to learn where the largest reward is in each of the 16 environments.

Environment number 1:
The value of option 17 is 38. You have 10 choices to make in this environment.
You press <<13>> and receive 45 points.
You press <<9>> and receive 53 points.
You press <<",68
1,30,4,4,1,rough,17,10,38,47,"You will be presented with a series of 16 different environments to explore.
In each trial, you can select an option between numbers 1 and 30 by pressing the corresponding key.
By selecting any of these options, you will earn points associated with each unique option.
Imagine these options 1 through 30 as lying next to each other in an ordered line; options closer to each other tend to have similar rewards as rewards tend to cluster together.
For each environment, you will be able to make either 5 or 10 choices.
When you made all your choices in a given environment, you will start making choices in the next unexplored environment.
The rewards underlying the different options are different in each environment so you will learn them anew for each environment.
Each environment starts with the value of a single option revealed.
When you choose the number corresponding to a different option, you will be told the value of that option and receive those points.
Previously revealed options, including the starting option, can also be reselected, although there may be small changes in the point value.
It is your task to to learn where the largest reward is in each of the 16 environments.

Environment number 1:
The value of option 17 is 38. You have 10 choices to make in this environment.
You press <<13>> and receive 45 points.
You press <<9>> and receive 53 points.
You press <<6>> and receive 55 points.
You press <<",68
1,30,5,2,1,rough,17,10,38,46,"You will be presented with a series of 16 different environments to explore.
In each trial, you can select an option between numbers 1 and 30 by pressing the corresponding key.
By selecting any of these options, you will earn points associated with each unique option.
Imagine these options 1 through 30 as lying next to each other in an ordered line; options closer to each other tend to have similar rewards as rewards tend to cluster together.
For each environment, you will be able to make either 5 or 10 choices.
When you made all your choices in a given environment, you will start making choices in the next unexplored environment.
The rewards underlying the different options are different in each environment so you will learn them anew for each environment.
Each environment starts with the value of a single option revealed.
When you choose the number corresponding to a different option, you will be told the value of that option and receive those points.
Previously revealed options, including the starting option, can also be reselected, although there may be small changes in the point value.
It is your task to to learn where the largest reward is in each of the 16 environments.

Environment number 1:
The value of option 17 is 38. You have 10 choices to make in this environment.
You press <<13>> and receive 45 points.
You press <<9>> and receive 53 points.
You press <<6>> and receive 55 points.
You press <<4>> and receive 47 points.
You press <<",68
1,30,6,23,1,rough,17,10,38,43,"You will be presented with a series of 16 different environments to explore.
In each trial, you can select an option between numbers 1 and 30 by pressing the corresponding key.
By selecting any of these options, you will earn points associated with each unique option.
Imagine these options 1 through 30 as lying next to each other in an ordered line; options closer to each other tend to have similar rewards as rewards tend to cluster together.
For each environment, you will be able to make either 5 or 10 choices.
When you made all your choices in a given environment, you will start making choices in the next unexplored environment.
The rewards underlying the different options are different in each environment so you will learn them anew for each environment.
Each environment starts with the value of a single option revealed.
When you choose the number corresponding to a different option, you will be told the value of that option and receive those points.
Previously revealed options, including the starting option, can also be reselected, although there may be small changes in the point value.
It is your task to to learn where the largest reward is in each of the 16 environments.

Environment number 1:
The value of option 17 is 38. You have 10 choices to make in this environment.
You press <<13>> and receive 45 points.
You press <<9>> and receive 53 points.
You press <<6>> and receive 55 points.
You press <<4>> and receive 47 points.
You press <<2>> and receive 46 points.
You press <<",68
1,30,7,24,1,rough,17,10,38,30,"You will be presented with a series of 16 different environments to explore.
In each trial, you can select an option between numbers 1 and 30 by pressing the corresponding key.
By selecting any of these options, you will earn points associated with each unique option.
Imagine these options 1 through 30 as lying next to each other in an ordered line; options closer to each other tend to have similar rewards as rewards tend to cluster together.
For each environment, you will be able to make either 5 or 10 choices.
When you made all your choices in a given environment, you will start making choices in the next unexplored environment.
The rewards underlying the different options are different in each environment so you will learn them anew for each environment.
Each environment starts with the value of a single option revealed.
When you choose the number corresponding to a different option, you will be told the value of that option and receive those points.
Previously revealed options, including the starting option, can also be reselected, although there may be small changes in the point value.
It is your task to to learn where the largest reward is in each of the 16 environments.

Environment number 1:
The value of option 17 is 38. You have 10 choices to make in this environment.
You press <<13>> and receive 45 points.
You press <<9>> and receive 53 points.
You press <<6>> and receive 55 points.
You press <<4>> and receive 47 points.
You press <<2>> and receive 46 points.
You press <<23>> and receive 43 points.
You press <<",68
1,30,8,22,1,rough,17,10,38,67,"You will be presented with a series of 16 different environments to explore.
In each trial, you can select an option between numbers 1 and 30 by pressing the corresponding key.
By selecting any of these options, you will earn points associated with each unique option.
Imagine these options 1 through 30 as lying next to each other in an ordered line; options closer to each other tend to have similar rewards as rewards tend to cluster together.
For each environment, you will be able to make either 5 or 10 choices.
When you made all your choices in a given environment, you will start making choices in the next unexplored environment.
The rewards underlying the different options are different in each environment so you will learn them anew for each environment.
Each environment starts with the value of a single option revealed.
When you choose the number corresponding to a different option, you will be told the value of that option and receive those points.
Previously revealed options, including the starting option, can also be reselected, although there may be small changes in the point value.
It is your task to to learn where the largest reward is in each of the 16 environments.

Environment number 1:
The value of option 17 is 38. You have 10 choices to make in this environment.
You press <<13>> and receive 45 points.
You press <<9>> and receive 53 points.
You press <<6>> and receive 55 points.
You press <<4>> and receive 47 points.
You press <<2>> and receive 46 points.
You press <<23>> and receive 43 points.
You press <<24>> and receive 30 points.
You press <<",68
1,30,9,21,1,rough,17,10,38,61,"You will be presented with a series of 16 different environments to explore.
In each trial, you can select an option between numbers 1 and 30 by pressing the corresponding key.
By selecting any of these options, you will earn points associated with each unique option.
Imagine these options 1 through 30 as lying next to each other in an ordered line; options closer to each other tend to have similar rewards as rewards tend to cluster together.
For each environment, you will be able to make either 5 or 10 choices.
When you made all your choices in a given environment, you will start making choices in the next unexplored environment.
The rewards underlying the different options are different in each environment so you will learn them anew for each environment.
Each environment starts with the value of a single option revealed.
When you choose the number corresponding to a different option, you will be told the value of that option and receive those points.
Previously revealed options, including the starting option, can also be reselected, although there may be small changes in the point value.
It is your task to to learn where the largest reward is in each of the 16 environments.

Environment number 1:
The value of option 17 is 38. You have 10 choices to make in this environment.
You press <<13>> and receive 45 points.
You press <<9>> and receive 53 points.
You press <<6>> and receive 55 points.
You press <<4>> and receive 47 points.
You press <<2>> and receive 46 points.
You press <<23>> and receive 43 points.
You press <<24>> and receive 30 points.
You press <<22>> and receive 67 points.
You press <<",68
1,30,10,20,1,rough,17,10,38,74,"You will be presented with a series of 16 different environments to explore.
In each trial, you can select an option between numbers 1 and 30 by pressing the corresponding key.
By selecting any of these options, you will earn points associated with each unique option.
Imagine these options 1 through 30 as lying next to each other in an ordered line; options closer to each other tend to have similar rewards as rewards tend to cluster together.
For each environment, you will be able to make either 5 or 10 choices.
When you made all your choices in a given environment, you will start making choices in the next unexplored environment.
The rewards underlying the different options are different in each environment so you will learn them anew for each environment.
Each environment starts with the value of a single option revealed.
When you choose the number corresponding to a different option, you will be told the value of that option and receive those points.
Previously revealed options, including the starting option, can also be reselected, although there may be small changes in the point value.
It is your task to to learn where the largest reward is in each of the 16 environments.

Environment number 1:
The value of option 17 is 38. You have 10 choices to make in this environment.
You press <<13>> and receive 45 points.
You press <<9>> and receive 53 points.
You press <<6>> and receive 55 points.
You press <<4>> and receive 47 points.
You press <<2>> and receive 46 points.
You press <<23>> and receive 43 points.
You press <<24>> and receive 30 points.
You press <<22>> and receive 67 points.
You press <<21>> and receive 61 points.
You press <<",68
2,33,1,13,1,rough,27,5,18,61,"You will be presented with a series of 16 different environments to explore.
In each trial, you can select an option between numbers 1 and 30 by pressing the corresponding key.
By selecting any of these options, you will earn points associated with each unique option.
Imagine these options 1 through 30 as lying next to each other in an ordered line; options closer to each other tend to have similar rewards as rewards tend to cluster together.
For each environment, you will be able to make either 5 or 10 choices.
When you made all your choices in a given environment, you will start making choices in the next unexplored environment.
The rewards underlying the different options are different in each environment so you will learn them anew for each environment.
Each environment starts with the value of a single option revealed.
When you choose the number corresponding to a different option, you will be told the value of that option and receive those points.
Previously revealed options, including the starting option, can also be reselected, although there may be small changes in the point value.
It is your task to to learn where the largest reward is in each of the 16 environments.

Environment number 1:
The value of option 17 is 38. You have 10 choices to make in this environment.
You press <<13>> and receive 45 points.
You press <<9>> and receive 53 points.
You press <<6>> and receive 55 points.
You press <<4>> and receive 47 points.
You press <<2>> and receive 46 points.
You press <<23>> and receive 43 points.
You press <<24>> and receive 30 points.
You press <<22>> and receive 67 points.
You press <<21>> and receive 61 points.
You press <<20>> and receive 74 points.

Environment number 2:
The value of option 27 is 18. You have 5 choices to make in this environment.
You press <<",68
2,33,2,13,1,rough,27,5,18,62,"You will be presented with a series of 16 different environments to explore.
In each trial, you can select an option between numbers 1 and 30 by pressing the corresponding key.
By selecting any of these options, you will earn points associated with each unique option.
Imagine these options 1 through 30 as lying next to each other in an ordered line; options closer to each other tend to have similar rewards as rewards tend to cluster together.
For each environment, you will be able to make either 5 or 10 choices.
When you made all your choices in a given environment, you will start making choices in the next unexplored environment.
The rewards underlying the different options are different in each environment so you will learn them anew for each environment.
Each environment starts with the value of a single option revealed.
When you choose the number corresponding to a different option, you will be told the value of that option and receive those points.
Previously revealed options, including the starting option, can also be reselected, although there may be small changes in the point value.
It is your task to to learn where the largest reward is in each of the 16 environments.

Environment number 1:
The value of option 17 is 38. You have 10 choices to make in this environment.
You press <<13>> and receive 45 points.
You press <<9>> and receive 53 points.
You press <<6>> and receive 55 points.
You press <<4>> and receive 47 points.
You press <<2>> and receive 46 points.
You press <<23>> and receive 43 points.
You press <<24>> and receive 30 points.
You press <<22>> and receive 67 points.
You press <<21>> and receive 61 points.
You press <<20>> and receive 74 points.

Environment number 2:
The value of option 27 is 18. You have 5 choices to make in this environment.
You press <<13>> and receive 61 points.
You press <<",68
2,33,3,14,1,rough,27,5,18,60,"You will be presented with a series of 16 different environments to explore.
In each trial, you can select an option between numbers 1 and 30 by pressing the corresponding key.
By selecting any of these options, you will earn points associated with each unique option.
Imagine these options 1 through 30 as lying next to each other in an ordered line; options closer to each other tend to have similar rewards as rewards tend to cluster together.
For each environment, you will be able to make either 5 or 10 choices.
When you made all your choices in a given environment, you will start making choices in the next unexplored environment.
The rewards underlying the different options are different in each environment so you will learn them anew for each environment.
Each environment starts with the value of a single option revealed.
When you choose the number corresponding to a different option, you will be told the value of that option and receive those points.
Previously revealed options, including the starting option, can also be reselected, although there may be small changes in the point value.
It is your task to to learn where the largest reward is in each of the 16 environments.

Environment number 1:
The value of option 17 is 38. You have 10 choices to make in this environment.
You press <<13>> and receive 45 points.
You press <<9>> and receive 53 points.
You press <<6>> and receive 55 points.
You press <<4>> and receive 47 points.
You press <<2>> and receive 46 points.
You press <<23>> and receive 43 points.
You press <<24>> and receive 30 points.
You press <<22>> and receive 67 points.
You press <<21>> and receive 61 points.
You press <<20>> and receive 74 points.

Environment number 2:
The value of option 27 is 18. You have 5 choices to make in this environment.
You press <<13>> and receive 61 points.
You press <<13>> and receive 62 points.
You press <<",68
2,33,4,15,1,rough,27,5,18,33,"You will be presented with a series of 16 different environments to explore.
In each trial, you can select an option between numbers 1 and 30 by pressing the corresponding key.
By selecting any of these options, you will earn points associated with each unique option.
Imagine these options 1 through 30 as lying next to each other in an ordered line; options closer to each other tend to have similar rewards as rewards tend to cluster together.
For each environment, you will be able to make either 5 or 10 choices.
When you made all your choices in a given environment, you will start making choices in the next unexplored environment.
The rewards underlying the different options are different in each environment so you will learn them anew for each environment.
Each environment starts with the value of a single option revealed.
When you choose the number corresponding to a different option, you will be told the value of that option and receive those points.
Previously revealed options, including the starting option, can also be reselected, although there may be small changes in the point value.
It is your task to to learn where the largest reward is in each of the 16 environments.

Environment number 1:
The value of option 17 is 38. You have 10 choices to make in this environment.
You press <<13>> and receive 45 points.
You press <<9>> and receive 53 points.
You press <<6>> and receive 55 points.
You press <<4>> and receive 47 points.
You press <<2>> and receive 46 points.
You press <<23>> and receive 43 points.
You press <<24>> and receive 30 points.
You press <<22>> and receive 67 points.
You press <<21>> and receive 61 points.
You press <<20>> and receive 74 points.

Environment number 2:
The value of option 27 is 18. You have 5 choices to make in this environment.
You press <<13>> and receive 61 points.
You press <<13>> and receive 62 points.
You press <<14>> and receive 60 points.
You press <<",68
2,33,5,12,1,rough,27,5,18,50,"You will be presented with a series of 16 different environments to explore.
In each trial, you can select an option between numbers 1 and 30 by pressing the corresponding key.
By selecting any of these options, you will earn points associated with each unique option.
Imagine these options 1 through 30 as lying next to each other in an ordered line; options closer to each other tend to have similar rewards as rewards tend to cluster together.
For each environment, you will be able to make either 5 or 10 choices.
When you made all your choices in a given environment, you will start making choices in the next unexplored environment.
The rewards underlying the different options are different in each environment so you will learn them anew for each environment.
Each environment starts with the value of a single option revealed.
When you choose the number corresponding to a different option, you will be told the value of that option and receive those points.
Previously revealed options, including the starting option, can also be reselected, although there may be small changes in the point value.
It is your task to to learn where the largest reward is in each of the 16 environments.

Environment number 1:
The value of option 17 is 38. You have 10 choices to make in this environment.
You press <<13>> and receive 45 points.
You press <<9>> and receive 53 points.
You press <<6>> and receive 55 points.
You press <<4>> and receive 47 points.
You press <<2>> and receive 46 points.
You press <<23>> and receive 43 points.
You press <<24>> and receive 30 points.
You press <<22>> and receive 67 points.
You press <<21>> and receive 61 points.
You press <<20>> and receive 74 points.

Environment number 2:
The value of option 27 is 18. You have 5 choices to make in this environment.
You press <<13>> and receive 61 points.
You press <<13>> and receive 62 points.
You press <<14>> and receive 60 points.
You press <<15>> and receive 33 points.
You press <<",68
3,8,1,14,1,rough,14,10,58,57,"You will be presented with a series of 16 different environments to explore.
In each trial, you can select an option between numbers 1 and 30 by pressing the corresponding key.
By selecting any of these options, you will earn points associated with each unique option.
Imagine these options 1 through 30 as lying next to each other in an ordered line; options closer to each other tend to have similar rewards as rewards tend to cluster together.
For each environment, you will be able to make either 5 or 10 choices.
When you made all your choices in a given environment, you will start making choices in the next unexplored environment.
The rewards underlying the different options are different in each environment so you will learn them anew for each environment.
Each environment starts with the value of a single option revealed.
When you choose the number corresponding to a different option, you will be told the value of that option and receive those points.
Previously revealed options, including the starting option, can also be reselected, although there may be small changes in the point value.
It is your task to to learn where the largest reward is in each of the 16 environments.

Environment number 1:
The value of option 17 is 38. You have 10 choices to make in this environment.
You press <<13>> and receive 45 points.
You press <<9>> and receive 53 points.
You press <<6>> and receive 55 points.
You press <<4>> and receive 47 points.
You press <<2>> and receive 46 points.
You press <<23>> and receive 43 points.
You press <<24>> and receive 30 points.
You press <<22>> and receive 67 points.
You press <<21>> and receive 61 points.
You press <<20>> and receive 74 points.

Environment number 2:
The value of option 27 is 18. You have 5 choices to make in this environment.
You press <<13>> and receive 61 points.
You press <<13>> and receive 62 points.
You press <<14>> and receive 60 points.
You press <<15>> and receive 33 points.
You press <<12>> and receive 50 points.

Environment number 3:
The value of option 14 is 58. You have 10 choices to make in this environment.
You press <<",68
3,8,2,8,1,rough,14,10,58,34,"You will be presented with a series of 16 different environments to explore.
In each trial, you can select an option between numbers 1 and 30 by pressing the corresponding key.
By selecting any of these options, you will earn points associated with each unique option.
Imagine these options 1 through 30 as lying next to each other in an ordered line; options closer to each other tend to have similar rewards as rewards tend to cluster together.
For each environment, you will be able to make either 5 or 10 choices.
When you made all your choices in a given environment, you will start making choices in the next unexplored environment.
The rewards underlying the different options are different in each environment so you will learn them anew for each environment.
Each environment starts with the value of a single option revealed.
When you choose the number corresponding to a different option, you will be told the value of that option and receive those points.
Previously revealed options, including the starting option, can also be reselected, although there may be small changes in the point value.
It is your task to to learn where the largest reward is in each of the 16 environments.

Environment number 1:
The value of option 17 is 38. You have 10 choices to make in this environment.
You press <<13>> and receive 45 points.
You press <<9>> and receive 53 points.
You press <<6>> and receive 55 points.
You press <<4>> and receive 47 points.
You press <<2>> and receive 46 points.
You press <<23>> and receive 43 points.
You press <<24>> and receive 30 points.
You press <<22>> and receive 67 points.
You press <<21>> and receive 61 points.
You press <<20>> and receive 74 points.

Environment number 2:
The value of option 27 is 18. You have 5 choices to make in this environment.
You press <<13>> and receive 61 points.
You press <<13>> and receive 62 points.
You press <<14>> and receive 60 points.
You press <<15>> and receive 33 points.
You press <<12>> and receive 50 points.

Environment number 3:
The value of option 14 is 58. You have 10 choices to make in this environment.
You press <<14>> and receive 57 points.
You press <<",68
3,8,3,5,1,rough,14,10,58,6,"You will be presented with a series of 16 different environments to explore.
In each trial, you can select an option between numbers 1 and 30 by pressing the corresponding key.
By selecting any of these options, you will earn points associated with each unique option.
Imagine these options 1 through 30 as lying next to each other in an ordered line; options closer to each other tend to have similar rewards as rewards tend to cluster together.
For each environment, you will be able to make either 5 or 10 choices.
When you made all your choices in a given environment, you will start making choices in the next unexplored environment.
The rewards underlying the different options are different in each environment so you will learn them anew for each environment.
Each environment starts with the value of a single option revealed.
When you choose the number corresponding to a different option, you will be told the value of that option and receive those points.
Previously revealed options, including the starting option, can also be reselected, although there may be small changes in the point value.
It is your task to to learn where the largest reward is in each of the 16 environments.

Environment number 1:
The value of option 17 is 38. You have 10 choices to make in this environment.
You press <<13>> and receive 45 points.
You press <<9>> and receive 53 points.
You press <<6>> and receive 55 points.
You press <<4>> and receive 47 points.
You press <<2>> and receive 46 points.
You press <<23>> and receive 43 points.
You press <<24>> and receive 30 points.
You press <<22>> and receive 67 points.
You press <<21>> and receive 61 points.
You press <<20>> and receive 74 points.

Environment number 2:
The value of option 27 is 18. You have 5 choices to make in this environment.
You press <<13>> and receive 61 points.
You press <<13>> and receive 62 points.
You press <<14>> and receive 60 points.
You press <<15>> and receive 33 points.
You press <<12>> and receive 50 points.

Environment number 3:
The value of option 14 is 58. You have 10 choices to make in this environment.
You press <<14>> and receive 57 points.
You press <<8>> and receive 34 points.
You press <<",68
3,8,4,25,1,rough,14,10,58,35,"You will be presented with a series of 16 different environments to explore.
In each trial, you can select an option between numbers 1 and 30 by pressing the corresponding key.
By selecting any of these options, you will earn points associated with each unique option.
Imagine these options 1 through 30 as lying next to each other in an ordered line; options closer to each other tend to have similar rewards as rewards tend to cluster together.
For each environment, you will be able to make either 5 or 10 choices.
When you made all your choices in a given environment, you will start making choices in the next unexplored environment.
The rewards underlying the different options are different in each environment so you will learn them anew for each environment.
Each environment starts with the value of a single option revealed.
When you choose the number corresponding to a different option, you will be told the value of that option and receive those points.
Previously revealed options, including the starting option, can also be reselected, although there may be small changes in the point value.
It is your task to to learn where the largest reward is in each of the 16 environments.

Environment number 1:
The value of option 17 is 38. You have 10 choices to make in this environment.
You press <<13>> and receive 45 points.
You press <<9>> and receive 53 points.
You press <<6>> and receive 55 points.
You press <<4>> and receive 47 points.
You press <<2>> and receive 46 points.
You press <<23>> and receive 43 points.
You press <<24>> and receive 30 points.
You press <<22>> and receive 67 points.
You press <<21>> and receive 61 points.
You press <<20>> and receive 74 points.

Environment number 2:
The value of option 27 is 18. You have 5 choices to make in this environment.
You press <<13>> and receive 61 points.
You press <<13>> and receive 62 points.
You press <<14>> and receive 60 points.
You press <<15>> and receive 33 points.
You press <<12>> and receive 50 points.

Environment number 3:
The value of option 14 is 58. You have 10 choices to make in this environment.
You press <<14>> and receive 57 points.
You press <<8>> and receive 34 points.
You press <<5>> and receive 6 points.
You press <<",68
3,8,5,20,1,rough,14,10,58,12,"You will be presented with a series of 16 different environments to explore.
In each trial, you can select an option between numbers 1 and 30 by pressing the corresponding key.
By selecting any of these options, you will earn points associated with each unique option.
Imagine these options 1 through 30 as lying next to each other in an ordered line; options closer to each other tend to have similar rewards as rewards tend to cluster together.
For each environment, you will be able to make either 5 or 10 choices.
When you made all your choices in a given environment, you will start making choices in the next unexplored environment.
The rewards underlying the different options are different in each environment so you will learn them anew for each environment.
Each environment starts with the value of a single option revealed.
When you choose the number corresponding to a different option, you will be told the value of that option and receive those points.
Previously revealed options, including the starting option, can also be reselected, although there may be small changes in the point value.
It is your task to to learn where the largest reward is in each of the 16 environments.

Environment number 1:
The value of option 17 is 38. You have 10 choices to make in this environment.
You press <<13>> and receive 45 points.
You press <<9>> and receive 53 points.
You press <<6>> and receive 55 points.
You press <<4>> and receive 47 points.
You press <<2>> and receive 46 points.
You press <<23>> and receive 43 points.
You press <<24>> and receive 30 points.
You press <<22>> and receive 67 points.
You press <<21>> and receive 61 points.
You press <<20>> and receive 74 points.

Environment number 2:
The value of option 27 is 18. You have 5 choices to make in this environment.
You press <<13>> and receive 61 points.
You press <<13>> and receive 62 points.
You press <<14>> and receive 60 points.
You press <<15>> and receive 33 points.
You press <<12>> and receive 50 points.

Environment number 3:
The value of option 14 is 58. You have 10 choices to make in this environment.
You press <<14>> and receive 57 points.
You press <<8>> and receive 34 points.
You press <<5>> and receive 6 points.
You press <<25>> and receive 35 points.
You press <<",68
3,8,6,14,1,rough,14,10,58,59,"You will be presented with a series of 16 different environments to explore.
In each trial, you can select an option between numbers 1 and 30 by pressing the corresponding key.
By selecting any of these options, you will earn points associated with each unique option.
Imagine these options 1 through 30 as lying next to each other in an ordered line; options closer to each other tend to have similar rewards as rewards tend to cluster together.
For each environment, you will be able to make either 5 or 10 choices.
When you made all your choices in a given environment, you will start making choices in the next unexplored environment.
The rewards underlying the different options are different in each environment so you will learn them anew for each environment.
Each environment starts with the value of a single option revealed.
When you choose the number corresponding to a different option, you will be told the value of that option and receive those points.
Previously revealed options, including the starting option, can also be reselected, although there may be small changes in the point value.
It is your task to to learn where the largest reward is in each of the 16 environments.

Environment number 1:
The value of option 17 is 38. You have 10 choices to make in this environment.
You press <<13>> and receive 45 points.
You press <<9>> and receive 53 points.
You press <<6>> and receive 55 points.
You press <<4>> and receive 47 points.
You press <<2>> and receive 46 points.
You press <<23>> and receive 43 points.
You press <<24>> and receive 30 points.
You press <<22>> and receive 67 points.
You press <<21>> and receive 61 points.
You press <<20>> and receive 74 points.

Environment number 2:
The value of option 27 is 18. You have 5 choices to make in this environment.
You press <<13>> and receive 61 points.
You press <<13>> and receive 62 points.
You press <<14>> and receive 60 points.
You press <<15>> and receive 33 points.
You press <<12>> and receive 50 points.

Environment number 3:
The value of option 14 is 58. You have 10 choices to make in this environment.
You press <<14>> and receive 57 points.
You press <<8>> and receive 34 points.
You press <<5>> and receive 6 points.
You press <<25>> and receive 35 points.
You press <<20>> and receive 12 points.
You press <<",68
3,8,7,14,1,rough,14,10,58,58,"You will be presented with a series of 16 different environments to explore.
In each trial, you can select an option between numbers 1 and 30 by pressing the corresponding key.
By selecting any of these options, you will earn points associated with each unique option.
Imagine these options 1 through 30 as lying next to each other in an ordered line; options closer to each other tend to have similar rewards as rewards tend to cluster together.
For each environment, you will be able to make either 5 or 10 choices.
When you made all your choices in a given environment, you will start making choices in the next unexplored environment.
The rewards underlying the different options are different in each environment so you will learn them anew for each environment.
Each environment starts with the value of a single option revealed.
When you choose the number corresponding to a different option, you will be told the value of that option and receive those points.
Previously revealed options, including the starting option, can also be reselected, although there may be small changes in the point value.
It is your task to to learn where the largest reward is in each of the 16 environments.

Environment number 1:
The value of option 17 is 38. You have 10 choices to make in this environment.
You press <<13>> and receive 45 points.
You press <<9>> and receive 53 points.
You press <<6>> and receive 55 points.
You press <<4>> and receive 47 points.
You press <<2>> and receive 46 points.
You press <<23>> and receive 43 points.
You press <<24>> and receive 30 points.
You press <<22>> and receive 67 points.
You press <<21>> and receive 61 points.
You press <<20>> and receive 74 points.

Environment number 2:
The value of option 27 is 18. You have 5 choices to make in this environment.
You press <<13>> and receive 61 points.
You press <<13>> and receive 62 points.
You press <<14>> and receive 60 points.
You press <<15>> and receive 33 points.
You press <<12>> and receive 50 points.

Environment number 3:
The value of option 14 is 58. You have 10 choices to make in this environment.
You press <<14>> and receive 57 points.
You press <<8>> and receive 34 points.
You press <<5>> and receive 6 points.
You press <<25>> and receive 35 points.
You press <<20>> and receive 12 points.
You press <<14>> and receive 59 points.
You press <<",68
3,8,8,14,1,rough,14,10,58,58,"You will be presented with a series of 16 different environments to explore.
In each trial, you can select an option between numbers 1 and 30 by pressing the corresponding key.
By selecting any of these options, you will earn points associated with each unique option.
Imagine these options 1 through 30 as lying next to each other in an ordered line; options closer to each other tend to have similar rewards as rewards tend to cluster together.
For each environment, you will be able to make either 5 or 10 choices.
When you made all your choices in a given environment, you will start making choices in the next unexplored environment.
The rewards underlying the different options are different in each environment so you will learn them anew for each environment.
Each environment starts with the value of a single option revealed.
When you choose the number corresponding to a different option, you will be told the value of that option and receive those points.
Previously revealed options, including the starting option, can also be reselected, although there may be small changes in the point value.
It is your task to to learn where the largest reward is in each of the 16 environments.

Environment number 1:
The value of option 17 is 38. You have 10 choices to make in this environment.
You press <<13>> and receive 45 points.
You press <<9>> and receive 53 points.
You press <<6>> and receive 55 points.
You press <<4>> and receive 47 points.
You press <<2>> and receive 46 points.
You press <<23>> and receive 43 points.
You press <<24>> and receive 30 points.
You press <<22>> and receive 67 points.
You press <<21>> and receive 61 points.
You press <<20>> and receive 74 points.

Environment number 2:
The value of option 27 is 18. You have 5 choices to make in this environment.
You press <<13>> and receive 61 points.
You press <<13>> and receive 62 points.
You press <<14>> and receive 60 points.
You press <<15>> and receive 33 points.
You press <<12>> and receive 50 points.

Environment number 3:
The value of option 14 is 58. You have 10 choices to make in this environment.
You press <<14>> and receive 57 points.
You press <<8>> and receive 34 points.
You press <<5>> and receive 6 points.
You press <<25>> and receive 35 points.
You press <<20>> and receive 12 points.
You press <<14>> and receive 59 points.
You press <<14>> and receive 58 points.
You press <<",68
3,8,9,14,1,rough,14,10,58,58,"You will be presented with a series of 16 different environments to explore.
In each trial, you can select an option between numbers 1 and 30 by pressing the corresponding key.
By selecting any of these options, you will earn points associated with each unique option.
Imagine these options 1 through 30 as lying next to each other in an ordered line; options closer to each other tend to have similar rewards as rewards tend to cluster together.
For each environment, you will be able to make either 5 or 10 choices.
When you made all your choices in a given environment, you will start making choices in the next unexplored environment.
The rewards underlying the different options are different in each environment so you will learn them anew for each environment.
Each environment starts with the value of a single option revealed.
When you choose the number corresponding to a different option, you will be told the value of that option and receive those points.
Previously revealed options, including the starting option, can also be reselected, although there may be small changes in the point value.
It is your task to to learn where the largest reward is in each of the 16 environments.

Environment number 1:
The value of option 17 is 38. You have 10 choices to make in this environment.
You press <<13>> and receive 45 points.
You press <<9>> and receive 53 points.
You press <<6>> and receive 55 points.
You press <<4>> and receive 47 points.
You press <<2>> and receive 46 points.
You press <<23>> and receive 43 points.
You press <<24>> and receive 30 points.
You press <<22>> and receive 67 points.
You press <<21>> and receive 61 points.
You press <<20>> and receive 74 points.

Environment number 2:
The value of option 27 is 18. You have 5 choices to make in this environment.
You press <<13>> and receive 61 points.
You press <<13>> and receive 62 points.
You press <<14>> and receive 60 points.
You press <<15>> and receive 33 points.
You press <<12>> and receive 50 points.

Environment number 3:
The value of option 14 is 58. You have 10 choices to make in this environment.
You press <<14>> and receive 57 points.
You press <<8>> and receive 34 points.
You press <<5>> and receive 6 points.
You press <<25>> and receive 35 points.
You press <<20>> and receive 12 points.
You press <<14>> and receive 59 points.
You press <<14>> and receive 58 points.
You press <<14>> and receive 58 points.
You press <<",68
3,8,10,14,1,rough,14,10,58,57,"You will be presented with a series of 16 different environments to explore.
In each trial, you can select an option between numbers 1 and 30 by pressing the corresponding key.
By selecting any of these options, you will earn points associated with each unique option.
Imagine these options 1 through 30 as lying next to each other in an ordered line; options closer to each other tend to have similar rewards as rewards tend to cluster together.
For each environment, you will be able to make either 5 or 10 choices.
When you made all your choices in a given environment, you will start making choices in the next unexplored environment.
The rewards underlying the different options are different in each environment so you will learn them anew for each environment.
Each environment starts with the value of a single option revealed.
When you choose the number corresponding to a different option, you will be told the value of that option and receive those points.
Previously revealed options, including the starting option, can also be reselected, although there may be small changes in the point value.
It is your task to to learn where the largest reward is in each of the 16 environments.

Environment number 1:
The value of option 17 is 38. You have 10 choices to make in this environment.
You press <<13>> and receive 45 points.
You press <<9>> and receive 53 points.
You press <<6>> and receive 55 points.
You press <<4>> and receive 47 points.
You press <<2>> and receive 46 points.
You press <<23>> and receive 43 points.
You press <<24>> and receive 30 points.
You press <<22>> and receive 67 points.
You press <<21>> and receive 61 points.
You press <<20>> and receive 74 points.

Environment number 2:
The value of option 27 is 18. You have 5 choices to make in this environment.
You press <<13>> and receive 61 points.
You press <<13>> and receive 62 points.
You press <<14>> and receive 60 points.
You press <<15>> and receive 33 points.
You press <<12>> and receive 50 points.

Environment number 3:
The value of option 14 is 58. You have 10 choices to make in this environment.
You press <<14>> and receive 57 points.
You press <<8>> and receive 34 points.
You press <<5>> and receive 6 points.
You press <<25>> and receive 35 points.
You press <<20>> and receive 12 points.
You press <<14>> and receive 59 points.
You press <<14>> and receive 58 points.
You press <<14>> and receive 58 points.
You press <<14>> and receive 58 points.
You press <<",68
4,16,1,5,1,rough,15,10,1,59,"You will be presented with a series of 16 different environments to explore.
In each trial, you can select an option between numbers 1 and 30 by pressing the corresponding key.
By selecting any of these options, you will earn points associated with each unique option.
Imagine these options 1 through 30 as lying next to each other in an ordered line; options closer to each other tend to have similar rewards as rewards tend to cluster together.
For each environment, you will be able to make either 5 or 10 choices.
When you made all your choices in a given environment, you will start making choices in the next unexplored environment.
The rewards underlying the different options are different in each environment so you will learn them anew for each environment.
Each environment starts with the value of a single option revealed.
When you choose the number corresponding to a different option, you will be told the value of that option and receive those points.
Previously revealed options, including the starting option, can also be reselected, although there may be small changes in the point value.
It is your task to to learn where the largest reward is in each of the 16 environments.

Environment number 1:
The value of option 17 is 38. You have 10 choices to make in this environment.
You press <<13>> and receive 45 points.
You press <<9>> and receive 53 points.
You press <<6>> and receive 55 points.
You press <<4>> and receive 47 points.
You press <<2>> and receive 46 points.
You press <<23>> and receive 43 points.
You press <<24>> and receive 30 points.
You press <<22>> and receive 67 points.
You press <<21>> and receive 61 points.
You press <<20>> and receive 74 points.

Environment number 2:
The value of option 27 is 18. You have 5 choices to make in this environment.
You press <<13>> and receive 61 points.
You press <<13>> and receive 62 points.
You press <<14>> and receive 60 points.
You press <<15>> and receive 33 points.
You press <<12>> and receive 50 points.

Environment number 3:
The value of option 14 is 58. You have 10 choices to make in this environment.
You press <<14>> and receive 57 points.
You press <<8>> and receive 34 points.
You press <<5>> and receive 6 points.
You press <<25>> and receive 35 points.
You press <<20>> and receive 12 points.
You press <<14>> and receive 59 points.
You press <<14>> and receive 58 points.
You press <<14>> and receive 58 points.
You press <<14>> and receive 58 points.
You press <<14>> and receive 57 points.

Environment number 4:
The value of option 15 is 1. You have 10 choices to make in this environment.
You press <<",68
4,16,2,6,1,rough,15,10,1,46,"You will be presented with a series of 16 different environments to explore.
In each trial, you can select an option between numbers 1 and 30 by pressing the corresponding key.
By selecting any of these options, you will earn points associated with each unique option.
Imagine these options 1 through 30 as lying next to each other in an ordered line; options closer to each other tend to have similar rewards as rewards tend to cluster together.
For each environment, you will be able to make either 5 or 10 choices.
When you made all your choices in a given environment, you will start making choices in the next unexplored environment.
The rewards underlying the different options are different in each environment so you will learn them anew for each environment.
Each environment starts with the value of a single option revealed.
When you choose the number corresponding to a different option, you will be told the value of that option and receive those points.
Previously revealed options, including the starting option, can also be reselected, although there may be small changes in the point value.
It is your task to to learn where the largest reward is in each of the 16 environments.

Environment number 1:
The value of option 17 is 38. You have 10 choices to make in this environment.
You press <<13>> and receive 45 points.
You press <<9>> and receive 53 points.
You press <<6>> and receive 55 points.
You press <<4>> and receive 47 points.
You press <<2>> and receive 46 points.
You press <<23>> and receive 43 points.
You press <<24>> and receive 30 points.
You press <<22>> and receive 67 points.
You press <<21>> and receive 61 points.
You press <<20>> and receive 74 points.

Environment number 2:
The value of option 27 is 18. You have 5 choices to make in this environment.
You press <<13>> and receive 61 points.
You press <<13>> and receive 62 points.
You press <<14>> and receive 60 points.
You press <<15>> and receive 33 points.
You press <<12>> and receive 50 points.

Environment number 3:
The value of option 14 is 58. You have 10 choices to make in this environment.
You press <<14>> and receive 57 points.
You press <<8>> and receive 34 points.
You press <<5>> and receive 6 points.
You press <<25>> and receive 35 points.
You press <<20>> and receive 12 points.
You press <<14>> and receive 59 points.
You press <<14>> and receive 58 points.
You press <<14>> and receive 58 points.
You press <<14>> and receive 58 points.
You press <<14>> and receive 57 points.

Environment number 4:
The value of option 15 is 1. You have 10 choices to make in this environment.
You press <<5>> and receive 59 points.
You press <<",68
4,16,3,3,1,rough,15,10,1,47,"You will be presented with a series of 16 different environments to explore.
In each trial, you can select an option between numbers 1 and 30 by pressing the corresponding key.
By selecting any of these options, you will earn points associated with each unique option.
Imagine these options 1 through 30 as lying next to each other in an ordered line; options closer to each other tend to have similar rewards as rewards tend to cluster together.
For each environment, you will be able to make either 5 or 10 choices.
When you made all your choices in a given environment, you will start making choices in the next unexplored environment.
The rewards underlying the different options are different in each environment so you will learn them anew for each environment.
Each environment starts with the value of a single option revealed.
When you choose the number corresponding to a different option, you will be told the value of that option and receive those points.
Previously revealed options, including the starting option, can also be reselected, although there may be small changes in the point value.
It is your task to to learn where the largest reward is in each of the 16 environments.

Environment number 1:
The value of option 17 is 38. You have 10 choices to make in this environment.
You press <<13>> and receive 45 points.
You press <<9>> and receive 53 points.
You press <<6>> and receive 55 points.
You press <<4>> and receive 47 points.
You press <<2>> and receive 46 points.
You press <<23>> and receive 43 points.
You press <<24>> and receive 30 points.
You press <<22>> and receive 67 points.
You press <<21>> and receive 61 points.
You press <<20>> and receive 74 points.

Environment number 2:
The value of option 27 is 18. You have 5 choices to make in this environment.
You press <<13>> and receive 61 points.
You press <<13>> and receive 62 points.
You press <<14>> and receive 60 points.
You press <<15>> and receive 33 points.
You press <<12>> and receive 50 points.

Environment number 3:
The value of option 14 is 58. You have 10 choices to make in this environment.
You press <<14>> and receive 57 points.
You press <<8>> and receive 34 points.
You press <<5>> and receive 6 points.
You press <<25>> and receive 35 points.
You press <<20>> and receive 12 points.
You press <<14>> and receive 59 points.
You press <<14>> and receive 58 points.
You press <<14>> and receive 58 points.
You press <<14>> and receive 58 points.
You press <<14>> and receive 57 points.

Environment number 4:
The value of option 15 is 1. You have 10 choices to make in this environment.
You press <<5>> and receive 59 points.
You press <<6>> and receive 46 points.
You press <<",68
4,16,4,5,1,rough,15,10,1,56,"You will be presented with a series of 16 different environments to explore.
In each trial, you can select an option between numbers 1 and 30 by pressing the corresponding key.
By selecting any of these options, you will earn points associated with each unique option.
Imagine these options 1 through 30 as lying next to each other in an ordered line; options closer to each other tend to have similar rewards as rewards tend to cluster together.
For each environment, you will be able to make either 5 or 10 choices.
When you made all your choices in a given environment, you will start making choices in the next unexplored environment.
The rewards underlying the different options are different in each environment so you will learn them anew for each environment.
Each environment starts with the value of a single option revealed.
When you choose the number corresponding to a different option, you will be told the value of that option and receive those points.
Previously revealed options, including the starting option, can also be reselected, although there may be small changes in the point value.
It is your task to to learn where the largest reward is in each of the 16 environments.

Environment number 1:
The value of option 17 is 38. You have 10 choices to make in this environment.
You press <<13>> and receive 45 points.
You press <<9>> and receive 53 points.
You press <<6>> and receive 55 points.
You press <<4>> and receive 47 points.
You press <<2>> and receive 46 points.
You press <<23>> and receive 43 points.
You press <<24>> and receive 30 points.
You press <<22>> and receive 67 points.
You press <<21>> and receive 61 points.
You press <<20>> and receive 74 points.

Environment number 2:
The value of option 27 is 18. You have 5 choices to make in this environment.
You press <<13>> and receive 61 points.
You press <<13>> and receive 62 points.
You press <<14>> and receive 60 points.
You press <<15>> and receive 33 points.
You press <<12>> and receive 50 points.

Environment number 3:
The value of option 14 is 58. You have 10 choices to make in this environment.
You press <<14>> and receive 57 points.
You press <<8>> and receive 34 points.
You press <<5>> and receive 6 points.
You press <<25>> and receive 35 points.
You press <<20>> and receive 12 points.
You press <<14>> and receive 59 points.
You press <<14>> and receive 58 points.
You press <<14>> and receive 58 points.
You press <<14>> and receive 58 points.
You press <<14>> and receive 57 points.

Environment number 4:
The value of option 15 is 1. You have 10 choices to make in this environment.
You press <<5>> and receive 59 points.
You press <<6>> and receive 46 points.
You press <<3>> and receive 47 points.
You press <<",68
4,16,5,23,1,rough,15,10,1,45,"You will be presented with a series of 16 different environments to explore.
In each trial, you can select an option between numbers 1 and 30 by pressing the corresponding key.
By selecting any of these options, you will earn points associated with each unique option.
Imagine these options 1 through 30 as lying next to each other in an ordered line; options closer to each other tend to have similar rewards as rewards tend to cluster together.
For each environment, you will be able to make either 5 or 10 choices.
When you made all your choices in a given environment, you will start making choices in the next unexplored environment.
The rewards underlying the different options are different in each environment so you will learn them anew for each environment.
Each environment starts with the value of a single option revealed.
When you choose the number corresponding to a different option, you will be told the value of that option and receive those points.
Previously revealed options, including the starting option, can also be reselected, although there may be small changes in the point value.
It is your task to to learn where the largest reward is in each of the 16 environments.

Environment number 1:
The value of option 17 is 38. You have 10 choices to make in this environment.
You press <<13>> and receive 45 points.
You press <<9>> and receive 53 points.
You press <<6>> and receive 55 points.
You press <<4>> and receive 47 points.
You press <<2>> and receive 46 points.
You press <<23>> and receive 43 points.
You press <<24>> and receive 30 points.
You press <<22>> and receive 67 points.
You press <<21>> and receive 61 points.
You press <<20>> and receive 74 points.

Environment number 2:
The value of option 27 is 18. You have 5 choices to make in this environment.
You press <<13>> and receive 61 points.
You press <<13>> and receive 62 points.
You press <<14>> and receive 60 points.
You press <<15>> and receive 33 points.
You press <<12>> and receive 50 points.

Environment number 3:
The value of option 14 is 58. You have 10 choices to make in this environment.
You press <<14>> and receive 57 points.
You press <<8>> and receive 34 points.
You press <<5>> and receive 6 points.
You press <<25>> and receive 35 points.
You press <<20>> and receive 12 points.
You press <<14>> and receive 59 points.
You press <<14>> and receive 58 points.
You press <<14>> and receive 58 points.
You press <<14>> and receive 58 points.
You press <<14>> and receive 57 points.

Environment number 4:
The value of option 15 is 1. You have 10 choices to make in this environment.
You press <<5>> and receive 59 points.
You press <<6>> and receive 46 points.
You press <<3>> and receive 47 points.
You press <<5>> and receive 56 points.
You press <<",68
4,16,6,21,1,rough,15,10,1,44,"You will be presented with a series of 16 different environments to explore.
In each trial, you can select an option between numbers 1 and 30 by pressing the corresponding key.
By selecting any of these options, you will earn points associated with each unique option.
Imagine these options 1 through 30 as lying next to each other in an ordered line; options closer to each other tend to have similar rewards as rewards tend to cluster together.
For each environment, you will be able to make either 5 or 10 choices.
When you made all your choices in a given environment, you will start making choices in the next unexplored environment.
The rewards underlying the different options are different in each environment so you will learn them anew for each environment.
Each environment starts with the value of a single option revealed.
When you choose the number corresponding to a different option, you will be told the value of that option and receive those points.
Previously revealed options, including the starting option, can also be reselected, although there may be small changes in the point value.
It is your task to to learn where the largest reward is in each of the 16 environments.

Environment number 1:
The value of option 17 is 38. You have 10 choices to make in this environment.
You press <<13>> and receive 45 points.
You press <<9>> and receive 53 points.
You press <<6>> and receive 55 points.
You press <<4>> and receive 47 points.
You press <<2>> and receive 46 points.
You press <<23>> and receive 43 points.
You press <<24>> and receive 30 points.
You press <<22>> and receive 67 points.
You press <<21>> and receive 61 points.
You press <<20>> and receive 74 points.

Environment number 2:
The value of option 27 is 18. You have 5 choices to make in this environment.
You press <<13>> and receive 61 points.
You press <<13>> and receive 62 points.
You press <<14>> and receive 60 points.
You press <<15>> and receive 33 points.
You press <<12>> and receive 50 points.

Environment number 3:
The value of option 14 is 58. You have 10 choices to make in this environment.
You press <<14>> and receive 57 points.
You press <<8>> and receive 34 points.
You press <<5>> and receive 6 points.
You press <<25>> and receive 35 points.
You press <<20>> and receive 12 points.
You press <<14>> and receive 59 points.
You press <<14>> and receive 58 points.
You press <<14>> and receive 58 points.
You press <<14>> and receive 58 points.
You press <<14>> and receive 57 points.

Environment number 4:
The value of option 15 is 1. You have 10 choices to make in this environment.
You press <<5>> and receive 59 points.
You press <<6>> and receive 46 points.
You press <<3>> and receive 47 points.
You press <<5>> and receive 56 points.
You press <<23>> and receive 45 points.
You press <<",68
4,16,7,25,1,rough,15,10,1,25,"You will be presented with a series of 16 different environments to explore.
In each trial, you can select an option between numbers 1 and 30 by pressing the corresponding key.
By selecting any of these options, you will earn points associated with each unique option.
Imagine these options 1 through 30 as lying next to each other in an ordered line; options closer to each other tend to have similar rewards as rewards tend to cluster together.
For each environment, you will be able to make either 5 or 10 choices.
When you made all your choices in a given environment, you will start making choices in the next unexplored environment.
The rewards underlying the different options are different in each environment so you will learn them anew for each environment.
Each environment starts with the value of a single option revealed.
When you choose the number corresponding to a different option, you will be told the value of that option and receive those points.
Previously revealed options, including the starting option, can also be reselected, although there may be small changes in the point value.
It is your task to to learn where the largest reward is in each of the 16 environments.

Environment number 1:
The value of option 17 is 38. You have 10 choices to make in this environment.
You press <<13>> and receive 45 points.
You press <<9>> and receive 53 points.
You press <<6>> and receive 55 points.
You press <<4>> and receive 47 points.
You press <<2>> and receive 46 points.
You press <<23>> and receive 43 points.
You press <<24>> and receive 30 points.
You press <<22>> and receive 67 points.
You press <<21>> and receive 61 points.
You press <<20>> and receive 74 points.

Environment number 2:
The value of option 27 is 18. You have 5 choices to make in this environment.
You press <<13>> and receive 61 points.
You press <<13>> and receive 62 points.
You press <<14>> and receive 60 points.
You press <<15>> and receive 33 points.
You press <<12>> and receive 50 points.

Environment number 3:
The value of option 14 is 58. You have 10 choices to make in this environment.
You press <<14>> and receive 57 points.
You press <<8>> and receive 34 points.
You press <<5>> and receive 6 points.
You press <<25>> and receive 35 points.
You press <<20>> and receive 12 points.
You press <<14>> and receive 59 points.
You press <<14>> and receive 58 points.
You press <<14>> and receive 58 points.
You press <<14>> and receive 58 points.
You press <<14>> and receive 57 points.

Environment number 4:
The value of option 15 is 1. You have 10 choices to make in this environment.
You press <<5>> and receive 59 points.
You press <<6>> and receive 46 points.
You press <<3>> and receive 47 points.
You press <<5>> and receive 56 points.
You press <<23>> and receive 45 points.
You press <<21>> and receive 44 points.
You press <<",68
4,16,8,15,1,rough,15,10,1,0,"You will be presented with a series of 16 different environments to explore.
In each trial, you can select an option between numbers 1 and 30 by pressing the corresponding key.
By selecting any of these options, you will earn points associated with each unique option.
Imagine these options 1 through 30 as lying next to each other in an ordered line; options closer to each other tend to have similar rewards as rewards tend to cluster together.
For each environment, you will be able to make either 5 or 10 choices.
When you made all your choices in a given environment, you will start making choices in the next unexplored environment.
The rewards underlying the different options are different in each environment so you will learn them anew for each environment.
Each environment starts with the value of a single option revealed.
When you choose the number corresponding to a different option, you will be told the value of that option and receive those points.
Previously revealed options, including the starting option, can also be reselected, although there may be small changes in the point value.
It is your task to to learn where the largest reward is in each of the 16 environments.

Environment number 1:
The value of option 17 is 38. You have 10 choices to make in this environment.
You press <<13>> and receive 45 points.
You press <<9>> and receive 53 points.
You press <<6>> and receive 55 points.
You press <<4>> and receive 47 points.
You press <<2>> and receive 46 points.
You press <<23>> and receive 43 points.
You press <<24>> and receive 30 points.
You press <<22>> and receive 67 points.
You press <<21>> and receive 61 points.
You press <<20>> and receive 74 points.

Environment number 2:
The value of option 27 is 18. You have 5 choices to make in this environment.
You press <<13>> and receive 61 points.
You press <<13>> and receive 62 points.
You press <<14>> and receive 60 points.
You press <<15>> and receive 33 points.
You press <<12>> and receive 50 points.

Environment number 3:
The value of option 14 is 58. You have 10 choices to make in this environment.
You press <<14>> and receive 57 points.
You press <<8>> and receive 34 points.
You press <<5>> and receive 6 points.
You press <<25>> and receive 35 points.
You press <<20>> and receive 12 points.
You press <<14>> and receive 59 points.
You press <<14>> and receive 58 points.
You press <<14>> and receive 58 points.
You press <<14>> and receive 58 points.
You press <<14>> and receive 57 points.

Environment number 4:
The value of option 15 is 1. You have 10 choices to make in this environment.
You press <<5>> and receive 59 points.
You press <<6>> and receive 46 points.
You press <<3>> and receive 47 points.
You press <<5>> and receive 56 points.
You press <<23>> and receive 45 points.
You press <<21>> and receive 44 points.
You press <<25>> and receive 25 points.
You press <<",68
4,16,9,5,1,rough,15,10,1,57,"You will be presented with a series of 16 different environments to explore.
In each trial, you can select an option between numbers 1 and 30 by pressing the corresponding key.
By selecting any of these options, you will earn points associated with each unique option.
Imagine these options 1 through 30 as lying next to each other in an ordered line; options closer to each other tend to have similar rewards as rewards tend to cluster together.
For each environment, you will be able to make either 5 or 10 choices.
When you made all your choices in a given environment, you will start making choices in the next unexplored environment.
The rewards underlying the different options are different in each environment so you will learn them anew for each environment.
Each environment starts with the value of a single option revealed.
When you choose the number corresponding to a different option, you will be told the value of that option and receive those points.
Previously revealed options, including the starting option, can also be reselected, although there may be small changes in the point value.
It is your task to to learn where the largest reward is in each of the 16 environments.

Environment number 1:
The value of option 17 is 38. You have 10 choices to make in this environment.
You press <<13>> and receive 45 points.
You press <<9>> and receive 53 points.
You press <<6>> and receive 55 points.
You press <<4>> and receive 47 points.
You press <<2>> and receive 46 points.
You press <<23>> and receive 43 points.
You press <<24>> and receive 30 points.
You press <<22>> and receive 67 points.
You press <<21>> and receive 61 points.
You press <<20>> and receive 74 points.

Environment number 2:
The value of option 27 is 18. You have 5 choices to make in this environment.
You press <<13>> and receive 61 points.
You press <<13>> and receive 62 points.
You press <<14>> and receive 60 points.
You press <<15>> and receive 33 points.
You press <<12>> and receive 50 points.

Environment number 3:
The value of option 14 is 58. You have 10 choices to make in this environment.
You press <<14>> and receive 57 points.
You press <<8>> and receive 34 points.
You press <<5>> and receive 6 points.
You press <<25>> and receive 35 points.
You press <<20>> and receive 12 points.
You press <<14>> and receive 59 points.
You press <<14>> and receive 58 points.
You press <<14>> and receive 58 points.
You press <<14>> and receive 58 points.
You press <<14>> and receive 57 points.

Environment number 4:
The value of option 15 is 1. You have 10 choices to make in this environment.
You press <<5>> and receive 59 points.
You press <<6>> and receive 46 points.
You press <<3>> and receive 47 points.
You press <<5>> and receive 56 points.
You press <<23>> and receive 45 points.
You press <<21>> and receive 44 points.
You press <<25>> and receive 25 points.
You press <<15>> and receive 0 points.
You press <<",68
4,16,10,5,1,rough,15,10,1,57,"You will be presented with a series of 16 different environments to explore.
In each trial, you can select an option between numbers 1 and 30 by pressing the corresponding key.
By selecting any of these options, you will earn points associated with each unique option.
Imagine these options 1 through 30 as lying next to each other in an ordered line; options closer to each other tend to have similar rewards as rewards tend to cluster together.
For each environment, you will be able to make either 5 or 10 choices.
When you made all your choices in a given environment, you will start making choices in the next unexplored environment.
The rewards underlying the different options are different in each environment so you will learn them anew for each environment.
Each environment starts with the value of a single option revealed.
When you choose the number corresponding to a different option, you will be told the value of that option and receive those points.
Previously revealed options, including the starting option, can also be reselected, although there may be small changes in the point value.
It is your task to to learn where the largest reward is in each of the 16 environments.

Environment number 1:
The value of option 17 is 38. You have 10 choices to make in this environment.
You press <<13>> and receive 45 points.
You press <<9>> and receive 53 points.
You press <<6>> and receive 55 points.
You press <<4>> and receive 47 points.
You press <<2>> and receive 46 points.
You press <<23>> and receive 43 points.
You press <<24>> and receive 30 points.
You press <<22>> and receive 67 points.
You press <<21>> and receive 61 points.
You press <<20>> and receive 74 points.

Environment number 2:
The value of option 27 is 18. You have 5 choices to make in this environment.
You press <<13>> and receive 61 points.
You press <<13>> and receive 62 points.
You press <<14>> and receive 60 points.
You press <<15>> and receive 33 points.
You press <<12>> and receive 50 points.

Environment number 3:
The value of option 14 is 58. You have 10 choices to make in this environment.
You press <<14>> and receive 57 points.
You press <<8>> and receive 34 points.
You press <<5>> and receive 6 points.
You press <<25>> and receive 35 points.
You press <<20>> and receive 12 points.
You press <<14>> and receive 59 points.
You press <<14>> and receive 58 points.
You press <<14>> and receive 58 points.
You press <<14>> and receive 58 points.
You press <<14>> and receive 57 points.

Environment number 4:
The value of option 15 is 1. You have 10 choices to make in this environment.
You press <<5>> and receive 59 points.
You press <<6>> and receive 46 points.
You press <<3>> and receive 47 points.
You press <<5>> and receive 56 points.
You press <<23>> and receive 45 points.
You press <<21>> and receive 44 points.
You press <<25>> and receive 25 points.
You press <<15>> and receive 0 points.
You press <<5>> and receive 57 points.
You press <<",68
5,28,1,18,1,rough,18,10,81,79,"You will be presented with a series of 16 different environments to explore.
In each trial, you can select an option between numbers 1 and 30 by pressing the corresponding key.
By selecting any of these options, you will earn points associated with each unique option.
Imagine these options 1 through 30 as lying next to each other in an ordered line; options closer to each other tend to have similar rewards as rewards tend to cluster together.
For each environment, you will be able to make either 5 or 10 choices.
When you made all your choices in a given environment, you will start making choices in the next unexplored environment.
The rewards underlying the different options are different in each environment so you will learn them anew for each environment.
Each environment starts with the value of a single option revealed.
When you choose the number corresponding to a different option, you will be told the value of that option and receive those points.
Previously revealed options, including the starting option, can also be reselected, although there may be small changes in the point value.
It is your task to to learn where the largest reward is in each of the 16 environments.

Environment number 1:
The value of option 17 is 38. You have 10 choices to make in this environment.
You press <<13>> and receive 45 points.
You press <<9>> and receive 53 points.
You press <<6>> and receive 55 points.
You press <<4>> and receive 47 points.
You press <<2>> and receive 46 points.
You press <<23>> and receive 43 points.
You press <<24>> and receive 30 points.
You press <<22>> and receive 67 points.
You press <<21>> and receive 61 points.
You press <<20>> and receive 74 points.

Environment number 2:
The value of option 27 is 18. You have 5 choices to make in this environment.
You press <<13>> and receive 61 points.
You press <<13>> and receive 62 points.
You press <<14>> and receive 60 points.
You press <<15>> and receive 33 points.
You press <<12>> and receive 50 points.

Environment number 3:
The value of option 14 is 58. You have 10 choices to make in this environment.
You press <<14>> and receive 57 points.
You press <<8>> and receive 34 points.
You press <<5>> and receive 6 points.
You press <<25>> and receive 35 points.
You press <<20>> and receive 12 points.
You press <<14>> and receive 59 points.
You press <<14>> and receive 58 points.
You press <<14>> and receive 58 points.
You press <<14>> and receive 58 points.
You press <<14>> and receive 57 points.

Environment number 4:
The value of option 15 is 1. You have 10 choices to make in this environment.
You press <<5>> and receive 59 points.
You press <<6>> and receive 46 points.
You press <<3>> and receive 47 points.
You press <<5>> and receive 56 points.
You press <<23>> and receive 45 points.
You press <<21>> and receive 44 points.
You press <<25>> and receive 25 points.
You press <<15>> and receive 0 points.
You press <<5>> and receive 57 points.
You press <<5>> and receive 57 points.

Environment number 5:
The value of option 18 is 81. You have 10 choices to make in this environment.
You press <<",68
5,28,2,17,1,rough,18,10,81,58,"You will be presented with a series of 16 different environments to explore.
In each trial, you can select an option between numbers 1 and 30 by pressing the corresponding key.
By selecting any of these options, you will earn points associated with each unique option.
Imagine these options 1 through 30 as lying next to each other in an ordered line; options closer to each other tend to have similar rewards as rewards tend to cluster together.
For each environment, you will be able to make either 5 or 10 choices.
When you made all your choices in a given environment, you will start making choices in the next unexplored environment.
The rewards underlying the different options are different in each environment so you will learn them anew for each environment.
Each environment starts with the value of a single option revealed.
When you choose the number corresponding to a different option, you will be told the value of that option and receive those points.
Previously revealed options, including the starting option, can also be reselected, although there may be small changes in the point value.
It is your task to to learn where the largest reward is in each of the 16 environments.

Environment number 1:
The value of option 17 is 38. You have 10 choices to make in this environment.
You press <<13>> and receive 45 points.
You press <<9>> and receive 53 points.
You press <<6>> and receive 55 points.
You press <<4>> and receive 47 points.
You press <<2>> and receive 46 points.
You press <<23>> and receive 43 points.
You press <<24>> and receive 30 points.
You press <<22>> and receive 67 points.
You press <<21>> and receive 61 points.
You press <<20>> and receive 74 points.

Environment number 2:
The value of option 27 is 18. You have 5 choices to make in this environment.
You press <<13>> and receive 61 points.
You press <<13>> and receive 62 points.
You press <<14>> and receive 60 points.
You press <<15>> and receive 33 points.
You press <<12>> and receive 50 points.

Environment number 3:
The value of option 14 is 58. You have 10 choices to make in this environment.
You press <<14>> and receive 57 points.
You press <<8>> and receive 34 points.
You press <<5>> and receive 6 points.
You press <<25>> and receive 35 points.
You press <<20>> and receive 12 points.
You press <<14>> and receive 59 points.
You press <<14>> and receive 58 points.
You press <<14>> and receive 58 points.
You press <<14>> and receive 58 points.
You press <<14>> and receive 57 points.

Environment number 4:
The value of option 15 is 1. You have 10 choices to make in this environment.
You press <<5>> and receive 59 points.
You press <<6>> and receive 46 points.
You press <<3>> and receive 47 points.
You press <<5>> and receive 56 points.
You press <<23>> and receive 45 points.
You press <<21>> and receive 44 points.
You press <<25>> and receive 25 points.
You press <<15>> and receive 0 points.
You press <<5>> and receive 57 points.
You press <<5>> and receive 57 points.

Environment number 5:
The value of option 18 is 81. You have 10 choices to make in this environment.
You press <<18>> and receive 79 points.
You press <<",68
5,28,3,19,1,rough,18,10,81,67,"You will be presented with a series of 16 different environments to explore.
In each trial, you can select an option between numbers 1 and 30 by pressing the corresponding key.
By selecting any of these options, you will earn points associated with each unique option.
Imagine these options 1 through 30 as lying next to each other in an ordered line; options closer to each other tend to have similar rewards as rewards tend to cluster together.
For each environment, you will be able to make either 5 or 10 choices.
When you made all your choices in a given environment, you will start making choices in the next unexplored environment.
The rewards underlying the different options are different in each environment so you will learn them anew for each environment.
Each environment starts with the value of a single option revealed.
When you choose the number corresponding to a different option, you will be told the value of that option and receive those points.
Previously revealed options, including the starting option, can also be reselected, although there may be small changes in the point value.
It is your task to to learn where the largest reward is in each of the 16 environments.

Environment number 1:
The value of option 17 is 38. You have 10 choices to make in this environment.
You press <<13>> and receive 45 points.
You press <<9>> and receive 53 points.
You press <<6>> and receive 55 points.
You press <<4>> and receive 47 points.
You press <<2>> and receive 46 points.
You press <<23>> and receive 43 points.
You press <<24>> and receive 30 points.
You press <<22>> and receive 67 points.
You press <<21>> and receive 61 points.
You press <<20>> and receive 74 points.

Environment number 2:
The value of option 27 is 18. You have 5 choices to make in this environment.
You press <<13>> and receive 61 points.
You press <<13>> and receive 62 points.
You press <<14>> and receive 60 points.
You press <<15>> and receive 33 points.
You press <<12>> and receive 50 points.

Environment number 3:
The value of option 14 is 58. You have 10 choices to make in this environment.
You press <<14>> and receive 57 points.
You press <<8>> and receive 34 points.
You press <<5>> and receive 6 points.
You press <<25>> and receive 35 points.
You press <<20>> and receive 12 points.
You press <<14>> and receive 59 points.
You press <<14>> and receive 58 points.
You press <<14>> and receive 58 points.
You press <<14>> and receive 58 points.
You press <<14>> and receive 57 points.

Environment number 4:
The value of option 15 is 1. You have 10 choices to make in this environment.
You press <<5>> and receive 59 points.
You press <<6>> and receive 46 points.
You press <<3>> and receive 47 points.
You press <<5>> and receive 56 points.
You press <<23>> and receive 45 points.
You press <<21>> and receive 44 points.
You press <<25>> and receive 25 points.
You press <<15>> and receive 0 points.
You press <<5>> and receive 57 points.
You press <<5>> and receive 57 points.

Environment number 5:
The value of option 18 is 81. You have 10 choices to make in this environment.
You press <<18>> and receive 79 points.
You press <<17>> and receive 58 points.
You press <<",68
5,28,4,18,1,rough,18,10,81,79,"You will be presented with a series of 16 different environments to explore.
In each trial, you can select an option between numbers 1 and 30 by pressing the corresponding key.
By selecting any of these options, you will earn points associated with each unique option.
Imagine these options 1 through 30 as lying next to each other in an ordered line; options closer to each other tend to have similar rewards as rewards tend to cluster together.
For each environment, you will be able to make either 5 or 10 choices.
When you made all your choices in a given environment, you will start making choices in the next unexplored environment.
The rewards underlying the different options are different in each environment so you will learn them anew for each environment.
Each environment starts with the value of a single option revealed.
When you choose the number corresponding to a different option, you will be told the value of that option and receive those points.
Previously revealed options, including the starting option, can also be reselected, although there may be small changes in the point value.
It is your task to to learn where the largest reward is in each of the 16 environments.

Environment number 1:
The value of option 17 is 38. You have 10 choices to make in this environment.
You press <<13>> and receive 45 points.
You press <<9>> and receive 53 points.
You press <<6>> and receive 55 points.
You press <<4>> and receive 47 points.
You press <<2>> and receive 46 points.
You press <<23>> and receive 43 points.
You press <<24>> and receive 30 points.
You press <<22>> and receive 67 points.
You press <<21>> and receive 61 points.
You press <<20>> and receive 74 points.

Environment number 2:
The value of option 27 is 18. You have 5 choices to make in this environment.
You press <<13>> and receive 61 points.
You press <<13>> and receive 62 points.
You press <<14>> and receive 60 points.
You press <<15>> and receive 33 points.
You press <<12>> and receive 50 points.

Environment number 3:
The value of option 14 is 58. You have 10 choices to make in this environment.
You press <<14>> and receive 57 points.
You press <<8>> and receive 34 points.
You press <<5>> and receive 6 points.
You press <<25>> and receive 35 points.
You press <<20>> and receive 12 points.
You press <<14>> and receive 59 points.
You press <<14>> and receive 58 points.
You press <<14>> and receive 58 points.
You press <<14>> and receive 58 points.
You press <<14>> and receive 57 points.

Environment number 4:
The value of option 15 is 1. You have 10 choices to make in this environment.
You press <<5>> and receive 59 points.
You press <<6>> and receive 46 points.
You press <<3>> and receive 47 points.
You press <<5>> and receive 56 points.
You press <<23>> and receive 45 points.
You press <<21>> and receive 44 points.
You press <<25>> and receive 25 points.
You press <<15>> and receive 0 points.
You press <<5>> and receive 57 points.
You press <<5>> and receive 57 points.

Environment number 5:
The value of option 18 is 81. You have 10 choices to make in this environment.
You press <<18>> and receive 79 points.
You press <<17>> and receive 58 points.
You press <<19>> and receive 67 points.
You press <<",68
5,28,5,18,1,rough,18,10,81,78,"You will be presented with a series of 16 different environments to explore.
In each trial, you can select an option between numbers 1 and 30 by pressing the corresponding key.
By selecting any of these options, you will earn points associated with each unique option.
Imagine these options 1 through 30 as lying next to each other in an ordered line; options closer to each other tend to have similar rewards as rewards tend to cluster together.
For each environment, you will be able to make either 5 or 10 choices.
When you made all your choices in a given environment, you will start making choices in the next unexplored environment.
The rewards underlying the different options are different in each environment so you will learn them anew for each environment.
Each environment starts with the value of a single option revealed.
When you choose the number corresponding to a different option, you will be told the value of that option and receive those points.
Previously revealed options, including the starting option, can also be reselected, although there may be small changes in the point value.
It is your task to to learn where the largest reward is in each of the 16 environments.

Environment number 1:
The value of option 17 is 38. You have 10 choices to make in this environment.
You press <<13>> and receive 45 points.
You press <<9>> and receive 53 points.
You press <<6>> and receive 55 points.
You press <<4>> and receive 47 points.
You press <<2>> and receive 46 points.
You press <<23>> and receive 43 points.
You press <<24>> and receive 30 points.
You press <<22>> and receive 67 points.
You press <<21>> and receive 61 points.
You press <<20>> and receive 74 points.

Environment number 2:
The value of option 27 is 18. You have 5 choices to make in this environment.
You press <<13>> and receive 61 points.
You press <<13>> and receive 62 points.
You press <<14>> and receive 60 points.
You press <<15>> and receive 33 points.
You press <<12>> and receive 50 points.

Environment number 3:
The value of option 14 is 58. You have 10 choices to make in this environment.
You press <<14>> and receive 57 points.
You press <<8>> and receive 34 points.
You press <<5>> and receive 6 points.
You press <<25>> and receive 35 points.
You press <<20>> and receive 12 points.
You press <<14>> and receive 59 points.
You press <<14>> and receive 58 points.
You press <<14>> and receive 58 points.
You press <<14>> and receive 58 points.
You press <<14>> and receive 57 points.

Environment number 4:
The value of option 15 is 1. You have 10 choices to make in this environment.
You press <<5>> and receive 59 points.
You press <<6>> and receive 46 points.
You press <<3>> and receive 47 points.
You press <<5>> and receive 56 points.
You press <<23>> and receive 45 points.
You press <<21>> and receive 44 points.
You press <<25>> and receive 25 points.
You press <<15>> and receive 0 points.
You press <<5>> and receive 57 points.
You press <<5>> and receive 57 points.

Environment number 5:
The value of option 18 is 81. You have 10 choices to make in this environment.
You press <<18>> and receive 79 points.
You press <<17>> and receive 58 points.
You press <<19>> and receive 67 points.
You press <<18>> and receive 79 points.
You press <<",68
5,28,6,18,1,rough,18,10,81,79,"You will be presented with a series of 16 different environments to explore.
In each trial, you can select an option between numbers 1 and 30 by pressing the corresponding key.
By selecting any of these options, you will earn points associated with each unique option.
Imagine these options 1 through 30 as lying next to each other in an ordered line; options closer to each other tend to have similar rewards as rewards tend to cluster together.
For each environment, you will be able to make either 5 or 10 choices.
When you made all your choices in a given environment, you will start making choices in the next unexplored environment.
The rewards underlying the different options are different in each environment so you will learn them anew for each environment.
Each environment starts with the value of a single option revealed.
When you choose the number corresponding to a different option, you will be told the value of that option and receive those points.
Previously revealed options, including the starting option, can also be reselected, although there may be small changes in the point value.
It is your task to to learn where the largest reward is in each of the 16 environments.

Environment number 1:
The value of option 17 is 38. You have 10 choices to make in this environment.
You press <<13>> and receive 45 points.
You press <<9>> and receive 53 points.
You press <<6>> and receive 55 points.
You press <<4>> and receive 47 points.
You press <<2>> and receive 46 points.
You press <<23>> and receive 43 points.
You press <<24>> and receive 30 points.
You press <<22>> and receive 67 points.
You press <<21>> and receive 61 points.
You press <<20>> and receive 74 points.

Environment number 2:
The value of option 27 is 18. You have 5 choices to make in this environment.
You press <<13>> and receive 61 points.
You press <<13>> and receive 62 points.
You press <<14>> and receive 60 points.
You press <<15>> and receive 33 points.
You press <<12>> and receive 50 points.

Environment number 3:
The value of option 14 is 58. You have 10 choices to make in this environment.
You press <<14>> and receive 57 points.
You press <<8>> and receive 34 points.
You press <<5>> and receive 6 points.
You press <<25>> and receive 35 points.
You press <<20>> and receive 12 points.
You press <<14>> and receive 59 points.
You press <<14>> and receive 58 points.
You press <<14>> and receive 58 points.
You press <<14>> and receive 58 points.
You press <<14>> and receive 57 points.

Environment number 4:
The value of option 15 is 1. You have 10 choices to make in this environment.
You press <<5>> and receive 59 points.
You press <<6>> and receive 46 points.
You press <<3>> and receive 47 points.
You press <<5>> and receive 56 points.
You press <<23>> and receive 45 points.
You press <<21>> and receive 44 points.
You press <<25>> and receive 25 points.
You press <<15>> and receive 0 points.
You press <<5>> and receive 57 points.
You press <<5>> and receive 57 points.

Environment number 5:
The value of option 18 is 81. You have 10 choices to make in this environment.
You press <<18>> and receive 79 points.
You press <<17>> and receive 58 points.
You press <<19>> and receive 67 points.
You press <<18>> and receive 79 points.
You press <<18>> and receive 78 points.
You press <<",68
5,28,7,18,1,rough,18,10,81,79,"You will be presented with a series of 16 different environments to explore.
In each trial, you can select an option between numbers 1 and 30 by pressing the corresponding key.
By selecting any of these options, you will earn points associated with each unique option.
Imagine these options 1 through 30 as lying next to each other in an ordered line; options closer to each other tend to have similar rewards as rewards tend to cluster together.
For each environment, you will be able to make either 5 or 10 choices.
When you made all your choices in a given environment, you will start making choices in the next unexplored environment.
The rewards underlying the different options are different in each environment so you will learn them anew for each environment.
Each environment starts with the value of a single option revealed.
When you choose the number corresponding to a different option, you will be told the value of that option and receive those points.
Previously revealed options, including the starting option, can also be reselected, although there may be small changes in the point value.
It is your task to to learn where the largest reward is in each of the 16 environments.

Environment number 1:
The value of option 17 is 38. You have 10 choices to make in this environment.
You press <<13>> and receive 45 points.
You press <<9>> and receive 53 points.
You press <<6>> and receive 55 points.
You press <<4>> and receive 47 points.
You press <<2>> and receive 46 points.
You press <<23>> and receive 43 points.
You press <<24>> and receive 30 points.
You press <<22>> and receive 67 points.
You press <<21>> and receive 61 points.
You press <<20>> and receive 74 points.

Environment number 2:
The value of option 27 is 18. You have 5 choices to make in this environment.
You press <<13>> and receive 61 points.
You press <<13>> and receive 62 points.
You press <<14>> and receive 60 points.
You press <<15>> and receive 33 points.
You press <<12>> and receive 50 points.

Environment number 3:
The value of option 14 is 58. You have 10 choices to make in this environment.
You press <<14>> and receive 57 points.
You press <<8>> and receive 34 points.
You press <<5>> and receive 6 points.
You press <<25>> and receive 35 points.
You press <<20>> and receive 12 points.
You press <<14>> and receive 59 points.
You press <<14>> and receive 58 points.
You press <<14>> and receive 58 points.
You press <<14>> and receive 58 points.
You press <<14>> and receive 57 points.

Environment number 4:
The value of option 15 is 1. You have 10 choices to make in this environment.
You press <<5>> and receive 59 points.
You press <<6>> and receive 46 points.
You press <<3>> and receive 47 points.
You press <<5>> and receive 56 points.
You press <<23>> and receive 45 points.
You press <<21>> and receive 44 points.
You press <<25>> and receive 25 points.
You press <<15>> and receive 0 points.
You press <<5>> and receive 57 points.
You press <<5>> and receive 57 points.

Environment number 5:
The value of option 18 is 81. You have 10 choices to make in this environment.
You press <<18>> and receive 79 points.
You press <<17>> and receive 58 points.
You press <<19>> and receive 67 points.
You press <<18>> and receive 79 points.
You press <<18>> and receive 78 points.
You press <<18>> and receive 79 points.
You press <<",68
5,28,8,18,1,rough,18,10,81,78,"You will be presented with a series of 16 different environments to explore.
In each trial, you can select an option between numbers 1 and 30 by pressing the corresponding key.
By selecting any of these options, you will earn points associated with each unique option.
Imagine these options 1 through 30 as lying next to each other in an ordered line; options closer to each other tend to have similar rewards as rewards tend to cluster together.
For each environment, you will be able to make either 5 or 10 choices.
When you made all your choices in a given environment, you will start making choices in the next unexplored environment.
The rewards underlying the different options are different in each environment so you will learn them anew for each environment.
Each environment starts with the value of a single option revealed.
When you choose the number corresponding to a different option, you will be told the value of that option and receive those points.
Previously revealed options, including the starting option, can also be reselected, although there may be small changes in the point value.
It is your task to to learn where the largest reward is in each of the 16 environments.

Environment number 1:
The value of option 17 is 38. You have 10 choices to make in this environment.
You press <<13>> and receive 45 points.
You press <<9>> and receive 53 points.
You press <<6>> and receive 55 points.
You press <<4>> and receive 47 points.
You press <<2>> and receive 46 points.
You press <<23>> and receive 43 points.
You press <<24>> and receive 30 points.
You press <<22>> and receive 67 points.
You press <<21>> and receive 61 points.
You press <<20>> and receive 74 points.

Environment number 2:
The value of option 27 is 18. You have 5 choices to make in this environment.
You press <<13>> and receive 61 points.
You press <<13>> and receive 62 points.
You press <<14>> and receive 60 points.
You press <<15>> and receive 33 points.
You press <<12>> and receive 50 points.

Environment number 3:
The value of option 14 is 58. You have 10 choices to make in this environment.
You press <<14>> and receive 57 points.
You press <<8>> and receive 34 points.
You press <<5>> and receive 6 points.
You press <<25>> and receive 35 points.
You press <<20>> and receive 12 points.
You press <<14>> and receive 59 points.
You press <<14>> and receive 58 points.
You press <<14>> and receive 58 points.
You press <<14>> and receive 58 points.
You press <<14>> and receive 57 points.

Environment number 4:
The value of option 15 is 1. You have 10 choices to make in this environment.
You press <<5>> and receive 59 points.
You press <<6>> and receive 46 points.
You press <<3>> and receive 47 points.
You press <<5>> and receive 56 points.
You press <<23>> and receive 45 points.
You press <<21>> and receive 44 points.
You press <<25>> and receive 25 points.
You press <<15>> and receive 0 points.
You press <<5>> and receive 57 points.
You press <<5>> and receive 57 points.

Environment number 5:
The value of option 18 is 81. You have 10 choices to make in this environment.
You press <<18>> and receive 79 points.
You press <<17>> and receive 58 points.
You press <<19>> and receive 67 points.
You press <<18>> and receive 79 points.
You press <<18>> and receive 78 points.
You press <<18>> and receive 79 points.
You press <<18>> and receive 79 points.
You press <<",68
5,28,9,18,1,rough,18,10,81,78,"You will be presented with a series of 16 different environments to explore.
In each trial, you can select an option between numbers 1 and 30 by pressing the corresponding key.
By selecting any of these options, you will earn points associated with each unique option.
Imagine these options 1 through 30 as lying next to each other in an ordered line; options closer to each other tend to have similar rewards as rewards tend to cluster together.
For each environment, you will be able to make either 5 or 10 choices.
When you made all your choices in a given environment, you will start making choices in the next unexplored environment.
The rewards underlying the different options are different in each environment so you will learn them anew for each environment.
Each environment starts with the value of a single option revealed.
When you choose the number corresponding to a different option, you will be told the value of that option and receive those points.
Previously revealed options, including the starting option, can also be reselected, although there may be small changes in the point value.
It is your task to to learn where the largest reward is in each of the 16 environments.

Environment number 1:
The value of option 17 is 38. You have 10 choices to make in this environment.
You press <<13>> and receive 45 points.
You press <<9>> and receive 53 points.
You press <<6>> and receive 55 points.
You press <<4>> and receive 47 points.
You press <<2>> and receive 46 points.
You press <<23>> and receive 43 points.
You press <<24>> and receive 30 points.
You press <<22>> and receive 67 points.
You press <<21>> and receive 61 points.
You press <<20>> and receive 74 points.

Environment number 2:
The value of option 27 is 18. You have 5 choices to make in this environment.
You press <<13>> and receive 61 points.
You press <<13>> and receive 62 points.
You press <<14>> and receive 60 points.
You press <<15>> and receive 33 points.
You press <<12>> and receive 50 points.

Environment number 3:
The value of option 14 is 58. You have 10 choices to make in this environment.
You press <<14>> and receive 57 points.
You press <<8>> and receive 34 points.
You press <<5>> and receive 6 points.
You press <<25>> and receive 35 points.
You press <<20>> and receive 12 points.
You press <<14>> and receive 59 points.
You press <<14>> and receive 58 points.
You press <<14>> and receive 58 points.
You press <<14>> and receive 58 points.
You press <<14>> and receive 57 points.

Environment number 4:
The value of option 15 is 1. You have 10 choices to make in this environment.
You press <<5>> and receive 59 points.
You press <<6>> and receive 46 points.
You press <<3>> and receive 47 points.
You press <<5>> and receive 56 points.
You press <<23>> and receive 45 points.
You press <<21>> and receive 44 points.
You press <<25>> and receive 25 points.
You press <<15>> and receive 0 points.
You press <<5>> and receive 57 points.
You press <<5>> and receive 57 points.

Environment number 5:
The value of option 18 is 81. You have 10 choices to make in this environment.
You press <<18>> and receive 79 points.
You press <<17>> and receive 58 points.
You press <<19>> and receive 67 points.
You press <<18>> and receive 79 points.
You press <<18>> and receive 78 points.
You press <<18>> and receive 79 points.
You press <<18>> and receive 79 points.
You press <<18>> and receive 78 points.
You press <<",68
5,28,10,18,1,rough,18,10,81,78,"You will be presented with a series of 16 different environments to explore.
In each trial, you can select an option between numbers 1 and 30 by pressing the corresponding key.
By selecting any of these options, you will earn points associated with each unique option.
Imagine these options 1 through 30 as lying next to each other in an ordered line; options closer to each other tend to have similar rewards as rewards tend to cluster together.
For each environment, you will be able to make either 5 or 10 choices.
When you made all your choices in a given environment, you will start making choices in the next unexplored environment.
The rewards underlying the different options are different in each environment so you will learn them anew for each environment.
Each environment starts with the value of a single option revealed.
When you choose the number corresponding to a different option, you will be told the value of that option and receive those points.
Previously revealed options, including the starting option, can also be reselected, although there may be small changes in the point value.
It is your task to to learn where the largest reward is in each of the 16 environments.

Environment number 1:
The value of option 17 is 38. You have 10 choices to make in this environment.
You press <<13>> and receive 45 points.
You press <<9>> and receive 53 points.
You press <<6>> and receive 55 points.
You press <<4>> and receive 47 points.
You press <<2>> and receive 46 points.
You press <<23>> and receive 43 points.
You press <<24>> and receive 30 points.
You press <<22>> and receive 67 points.
You press <<21>> and receive 61 points.
You press <<20>> and receive 74 points.

Environment number 2:
The value of option 27 is 18. You have 5 choices to make in this environment.
You press <<13>> and receive 61 points.
You press <<13>> and receive 62 points.
You press <<14>> and receive 60 points.
You press <<15>> and receive 33 points.
You press <<12>> and receive 50 points.

Environment number 3:
The value of option 14 is 58. You have 10 choices to make in this environment.
You press <<14>> and receive 57 points.
You press <<8>> and receive 34 points.
You press <<5>> and receive 6 points.
You press <<25>> and receive 35 points.
You press <<20>> and receive 12 points.
You press <<14>> and receive 59 points.
You press <<14>> and receive 58 points.
You press <<14>> and receive 58 points.
You press <<14>> and receive 58 points.
You press <<14>> and receive 57 points.

Environment number 4:
The value of option 15 is 1. You have 10 choices to make in this environment.
You press <<5>> and receive 59 points.
You press <<6>> and receive 46 points.
You press <<3>> and receive 47 points.
You press <<5>> and receive 56 points.
You press <<23>> and receive 45 points.
You press <<21>> and receive 44 points.
You press <<25>> and receive 25 points.
You press <<15>> and receive 0 points.
You press <<5>> and receive 57 points.
You press <<5>> and receive 57 points.

Environment number 5:
The value of option 18 is 81. You have 10 choices to make in this environment.
You press <<18>> and receive 79 points.
You press <<17>> and receive 58 points.
You press <<19>> and receive 67 points.
You press <<18>> and receive 79 points.
You press <<18>> and receive 78 points.
You press <<18>> and receive 79 points.
You press <<18>> and receive 79 points.
You press <<18>> and receive 78 points.
You press <<18>> and receive 78 points.
You press <<",68
6,31,1,13,1,rough,13,5,67,67,"You will be presented with a series of 16 different environments to explore.
In each trial, you can select an option between numbers 1 and 30 by pressing the corresponding key.
By selecting any of these options, you will earn points associated with each unique option.
Imagine these options 1 through 30 as lying next to each other in an ordered line; options closer to each other tend to have similar rewards as rewards tend to cluster together.
For each environment, you will be able to make either 5 or 10 choices.
When you made all your choices in a given environment, you will start making choices in the next unexplored environment.
The rewards underlying the different options are different in each environment so you will learn them anew for each environment.
Each environment starts with the value of a single option revealed.
When you choose the number corresponding to a different option, you will be told the value of that option and receive those points.
Previously revealed options, including the starting option, can also be reselected, although there may be small changes in the point value.
It is your task to to learn where the largest reward is in each of the 16 environments.

Environment number 1:
The value of option 17 is 38. You have 10 choices to make in this environment.
You press <<13>> and receive 45 points.
You press <<9>> and receive 53 points.
You press <<6>> and receive 55 points.
You press <<4>> and receive 47 points.
You press <<2>> and receive 46 points.
You press <<23>> and receive 43 points.
You press <<24>> and receive 30 points.
You press <<22>> and receive 67 points.
You press <<21>> and receive 61 points.
You press <<20>> and receive 74 points.

Environment number 2:
The value of option 27 is 18. You have 5 choices to make in this environment.
You press <<13>> and receive 61 points.
You press <<13>> and receive 62 points.
You press <<14>> and receive 60 points.
You press <<15>> and receive 33 points.
You press <<12>> and receive 50 points.

Environment number 3:
The value of option 14 is 58. You have 10 choices to make in this environment.
You press <<14>> and receive 57 points.
You press <<8>> and receive 34 points.
You press <<5>> and receive 6 points.
You press <<25>> and receive 35 points.
You press <<20>> and receive 12 points.
You press <<14>> and receive 59 points.
You press <<14>> and receive 58 points.
You press <<14>> and receive 58 points.
You press <<14>> and receive 58 points.
You press <<14>> and receive 57 points.

Environment number 4:
The value of option 15 is 1. You have 10 choices to make in this environment.
You press <<5>> and receive 59 points.
You press <<6>> and receive 46 points.
You press <<3>> and receive 47 points.
You press <<5>> and receive 56 points.
You press <<23>> and receive 45 points.
You press <<21>> and receive 44 points.
You press <<25>> and receive 25 points.
You press <<15>> and receive 0 points.
You press <<5>> and receive 57 points.
You press <<5>> and receive 57 points.

Environment number 5:
The value of option 18 is 81. You have 10 choices to make in this environment.
You press <<18>> and receive 79 points.
You press <<17>> and receive 58 points.
You press <<19>> and receive 67 points.
You press <<18>> and receive 79 points.
You press <<18>> and receive 78 points.
You press <<18>> and receive 79 points.
You press <<18>> and receive 79 points.
You press <<18>> and receive 78 points.
You press <<18>> and receive 78 points.
You press <<18>> and receive 78 points.

Environment number 6:
The value of option 13 is 67. You have 5 choices to make in this environment.
You press <<",68
6,31,2,12,1,rough,13,5,67,56,"You will be presented with a series of 16 different environments to explore.
In each trial, you can select an option between numbers 1 and 30 by pressing the corresponding key.
By selecting any of these options, you will earn points associated with each unique option.
Imagine these options 1 through 30 as lying next to each other in an ordered line; options closer to each other tend to have similar rewards as rewards tend to cluster together.
For each environment, you will be able to make either 5 or 10 choices.
When you made all your choices in a given environment, you will start making choices in the next unexplored environment.
The rewards underlying the different options are different in each environment so you will learn them anew for each environment.
Each environment starts with the value of a single option revealed.
When you choose the number corresponding to a different option, you will be told the value of that option and receive those points.
Previously revealed options, including the starting option, can also be reselected, although there may be small changes in the point value.
It is your task to to learn where the largest reward is in each of the 16 environments.

Environment number 1:
The value of option 17 is 38. You have 10 choices to make in this environment.
You press <<13>> and receive 45 points.
You press <<9>> and receive 53 points.
You press <<6>> and receive 55 points.
You press <<4>> and receive 47 points.
You press <<2>> and receive 46 points.
You press <<23>> and receive 43 points.
You press <<24>> and receive 30 points.
You press <<22>> and receive 67 points.
You press <<21>> and receive 61 points.
You press <<20>> and receive 74 points.

Environment number 2:
The value of option 27 is 18. You have 5 choices to make in this environment.
You press <<13>> and receive 61 points.
You press <<13>> and receive 62 points.
You press <<14>> and receive 60 points.
You press <<15>> and receive 33 points.
You press <<12>> and receive 50 points.

Environment number 3:
The value of option 14 is 58. You have 10 choices to make in this environment.
You press <<14>> and receive 57 points.
You press <<8>> and receive 34 points.
You press <<5>> and receive 6 points.
You press <<25>> and receive 35 points.
You press <<20>> and receive 12 points.
You press <<14>> and receive 59 points.
You press <<14>> and receive 58 points.
You press <<14>> and receive 58 points.
You press <<14>> and receive 58 points.
You press <<14>> and receive 57 points.

Environment number 4:
The value of option 15 is 1. You have 10 choices to make in this environment.
You press <<5>> and receive 59 points.
You press <<6>> and receive 46 points.
You press <<3>> and receive 47 points.
You press <<5>> and receive 56 points.
You press <<23>> and receive 45 points.
You press <<21>> and receive 44 points.
You press <<25>> and receive 25 points.
You press <<15>> and receive 0 points.
You press <<5>> and receive 57 points.
You press <<5>> and receive 57 points.

Environment number 5:
The value of option 18 is 81. You have 10 choices to make in this environment.
You press <<18>> and receive 79 points.
You press <<17>> and receive 58 points.
You press <<19>> and receive 67 points.
You press <<18>> and receive 79 points.
You press <<18>> and receive 78 points.
You press <<18>> and receive 79 points.
You press <<18>> and receive 79 points.
You press <<18>> and receive 78 points.
You press <<18>> and receive 78 points.
You press <<18>> and receive 78 points.

Environment number 6:
The value of option 13 is 67. You have 5 choices to make in this environment.
You press <<13>> and receive 67 points.
You press <<",68
6,31,3,13,1,rough,13,5,67,66,"You will be presented with a series of 16 different environments to explore.
In each trial, you can select an option between numbers 1 and 30 by pressing the corresponding key.
By selecting any of these options, you will earn points associated with each unique option.
Imagine these options 1 through 30 as lying next to each other in an ordered line; options closer to each other tend to have similar rewards as rewards tend to cluster together.
For each environment, you will be able to make either 5 or 10 choices.
When you made all your choices in a given environment, you will start making choices in the next unexplored environment.
The rewards underlying the different options are different in each environment so you will learn them anew for each environment.
Each environment starts with the value of a single option revealed.
When you choose the number corresponding to a different option, you will be told the value of that option and receive those points.
Previously revealed options, including the starting option, can also be reselected, although there may be small changes in the point value.
It is your task to to learn where the largest reward is in each of the 16 environments.

Environment number 1:
The value of option 17 is 38. You have 10 choices to make in this environment.
You press <<13>> and receive 45 points.
You press <<9>> and receive 53 points.
You press <<6>> and receive 55 points.
You press <<4>> and receive 47 points.
You press <<2>> and receive 46 points.
You press <<23>> and receive 43 points.
You press <<24>> and receive 30 points.
You press <<22>> and receive 67 points.
You press <<21>> and receive 61 points.
You press <<20>> and receive 74 points.

Environment number 2:
The value of option 27 is 18. You have 5 choices to make in this environment.
You press <<13>> and receive 61 points.
You press <<13>> and receive 62 points.
You press <<14>> and receive 60 points.
You press <<15>> and receive 33 points.
You press <<12>> and receive 50 points.

Environment number 3:
The value of option 14 is 58. You have 10 choices to make in this environment.
You press <<14>> and receive 57 points.
You press <<8>> and receive 34 points.
You press <<5>> and receive 6 points.
You press <<25>> and receive 35 points.
You press <<20>> and receive 12 points.
You press <<14>> and receive 59 points.
You press <<14>> and receive 58 points.
You press <<14>> and receive 58 points.
You press <<14>> and receive 58 points.
You press <<14>> and receive 57 points.

Environment number 4:
The value of option 15 is 1. You have 10 choices to make in this environment.
You press <<5>> and receive 59 points.
You press <<6>> and receive 46 points.
You press <<3>> and receive 47 points.
You press <<5>> and receive 56 points.
You press <<23>> and receive 45 points.
You press <<21>> and receive 44 points.
You press <<25>> and receive 25 points.
You press <<15>> and receive 0 points.
You press <<5>> and receive 57 points.
You press <<5>> and receive 57 points.

Environment number 5:
The value of option 18 is 81. You have 10 choices to make in this environment.
You press <<18>> and receive 79 points.
You press <<17>> and receive 58 points.
You press <<19>> and receive 67 points.
You press <<18>> and receive 79 points.
You press <<18>> and receive 78 points.
You press <<18>> and receive 79 points.
You press <<18>> and receive 79 points.
You press <<18>> and receive 78 points.
You press <<18>> and receive 78 points.
You press <<18>> and receive 78 points.

Environment number 6:
The value of option 13 is 67. You have 5 choices to make in this environment.
You press <<13>> and receive 67 points.
You press <<12>> and receive 56 points.
You press <<",68
6,31,4,13,1,rough,13,5,67,66,"You will be presented with a series of 16 different environments to explore.
In each trial, you can select an option between numbers 1 and 30 by pressing the corresponding key.
By selecting any of these options, you will earn points associated with each unique option.
Imagine these options 1 through 30 as lying next to each other in an ordered line; options closer to each other tend to have similar rewards as rewards tend to cluster together.
For each environment, you will be able to make either 5 or 10 choices.
When you made all your choices in a given environment, you will start making choices in the next unexplored environment.
The rewards underlying the different options are different in each environment so you will learn them anew for each environment.
Each environment starts with the value of a single option revealed.
When you choose the number corresponding to a different option, you will be told the value of that option and receive those points.
Previously revealed options, including the starting option, can also be reselected, although there may be small changes in the point value.
It is your task to to learn where the largest reward is in each of the 16 environments.

Environment number 1:
The value of option 17 is 38. You have 10 choices to make in this environment.
You press <<13>> and receive 45 points.
You press <<9>> and receive 53 points.
You press <<6>> and receive 55 points.
You press <<4>> and receive 47 points.
You press <<2>> and receive 46 points.
You press <<23>> and receive 43 points.
You press <<24>> and receive 30 points.
You press <<22>> and receive 67 points.
You press <<21>> and receive 61 points.
You press <<20>> and receive 74 points.

Environment number 2:
The value of option 27 is 18. You have 5 choices to make in this environment.
You press <<13>> and receive 61 points.
You press <<13>> and receive 62 points.
You press <<14>> and receive 60 points.
You press <<15>> and receive 33 points.
You press <<12>> and receive 50 points.

Environment number 3:
The value of option 14 is 58. You have 10 choices to make in this environment.
You press <<14>> and receive 57 points.
You press <<8>> and receive 34 points.
You press <<5>> and receive 6 points.
You press <<25>> and receive 35 points.
You press <<20>> and receive 12 points.
You press <<14>> and receive 59 points.
You press <<14>> and receive 58 points.
You press <<14>> and receive 58 points.
You press <<14>> and receive 58 points.
You press <<14>> and receive 57 points.

Environment number 4:
The value of option 15 is 1. You have 10 choices to make in this environment.
You press <<5>> and receive 59 points.
You press <<6>> and receive 46 points.
You press <<3>> and receive 47 points.
You press <<5>> and receive 56 points.
You press <<23>> and receive 45 points.
You press <<21>> and receive 44 points.
You press <<25>> and receive 25 points.
You press <<15>> and receive 0 points.
You press <<5>> and receive 57 points.
You press <<5>> and receive 57 points.

Environment number 5:
The value of option 18 is 81. You have 10 choices to make in this environment.
You press <<18>> and receive 79 points.
You press <<17>> and receive 58 points.
You press <<19>> and receive 67 points.
You press <<18>> and receive 79 points.
You press <<18>> and receive 78 points.
You press <<18>> and receive 79 points.
You press <<18>> and receive 79 points.
You press <<18>> and receive 78 points.
You press <<18>> and receive 78 points.
You press <<18>> and receive 78 points.

Environment number 6:
The value of option 13 is 67. You have 5 choices to make in this environment.
You press <<13>> and receive 67 points.
You press <<12>> and receive 56 points.
You press <<13>> and receive 66 points.
You press <<",68
6,31,5,13,1,rough,13,5,67,66,"You will be presented with a series of 16 different environments to explore.
In each trial, you can select an option between numbers 1 and 30 by pressing the corresponding key.
By selecting any of these options, you will earn points associated with each unique option.
Imagine these options 1 through 30 as lying next to each other in an ordered line; options closer to each other tend to have similar rewards as rewards tend to cluster together.
For each environment, you will be able to make either 5 or 10 choices.
When you made all your choices in a given environment, you will start making choices in the next unexplored environment.
The rewards underlying the different options are different in each environment so you will learn them anew for each environment.
Each environment starts with the value of a single option revealed.
When you choose the number corresponding to a different option, you will be told the value of that option and receive those points.
Previously revealed options, including the starting option, can also be reselected, although there may be small changes in the point value.
It is your task to to learn where the largest reward is in each of the 16 environments.

Environment number 1:
The value of option 17 is 38. You have 10 choices to make in this environment.
You press <<13>> and receive 45 points.
You press <<9>> and receive 53 points.
You press <<6>> and receive 55 points.
You press <<4>> and receive 47 points.
You press <<2>> and receive 46 points.
You press <<23>> and receive 43 points.
You press <<24>> and receive 30 points.
You press <<22>> and receive 67 points.
You press <<21>> and receive 61 points.
You press <<20>> and receive 74 points.

Environment number 2:
The value of option 27 is 18. You have 5 choices to make in this environment.
You press <<13>> and receive 61 points.
You press <<13>> and receive 62 points.
You press <<14>> and receive 60 points.
You press <<15>> and receive 33 points.
You press <<12>> and receive 50 points.

Environment number 3:
The value of option 14 is 58. You have 10 choices to make in this environment.
You press <<14>> and receive 57 points.
You press <<8>> and receive 34 points.
You press <<5>> and receive 6 points.
You press <<25>> and receive 35 points.
You press <<20>> and receive 12 points.
You press <<14>> and receive 59 points.
You press <<14>> and receive 58 points.
You press <<14>> and receive 58 points.
You press <<14>> and receive 58 points.
You press <<14>> and receive 57 points.

Environment number 4:
The value of option 15 is 1. You have 10 choices to make in this environment.
You press <<5>> and receive 59 points.
You press <<6>> and receive 46 points.
You press <<3>> and receive 47 points.
You press <<5>> and receive 56 points.
You press <<23>> and receive 45 points.
You press <<21>> and receive 44 points.
You press <<25>> and receive 25 points.
You press <<15>> and receive 0 points.
You press <<5>> and receive 57 points.
You press <<5>> and receive 57 points.

Environment number 5:
The value of option 18 is 81. You have 10 choices to make in this environment.
You press <<18>> and receive 79 points.
You press <<17>> and receive 58 points.
You press <<19>> and receive 67 points.
You press <<18>> and receive 79 points.
You press <<18>> and receive 78 points.
You press <<18>> and receive 79 points.
You press <<18>> and receive 79 points.
You press <<18>> and receive 78 points.
You press <<18>> and receive 78 points.
You press <<18>> and receive 78 points.

Environment number 6:
The value of option 13 is 67. You have 5 choices to make in this environment.
You press <<13>> and receive 67 points.
You press <<12>> and receive 56 points.
You press <<13>> and receive 66 points.
You press <<13>> and receive 66 points.
You press <<",68
7,17,1,9,1,rough,17,5,14,59,"You will be presented with a series of 16 different environments to explore.
In each trial, you can select an option between numbers 1 and 30 by pressing the corresponding key.
By selecting any of these options, you will earn points associated with each unique option.
Imagine these options 1 through 30 as lying next to each other in an ordered line; options closer to each other tend to have similar rewards as rewards tend to cluster together.
For each environment, you will be able to make either 5 or 10 choices.
When you made all your choices in a given environment, you will start making choices in the next unexplored environment.
The rewards underlying the different options are different in each environment so you will learn them anew for each environment.
Each environment starts with the value of a single option revealed.
When you choose the number corresponding to a different option, you will be told the value of that option and receive those points.
Previously revealed options, including the starting option, can also be reselected, although there may be small changes in the point value.
It is your task to to learn where the largest reward is in each of the 16 environments.

Environment number 1:
The value of option 17 is 38. You have 10 choices to make in this environment.
You press <<13>> and receive 45 points.
You press <<9>> and receive 53 points.
You press <<6>> and receive 55 points.
You press <<4>> and receive 47 points.
You press <<2>> and receive 46 points.
You press <<23>> and receive 43 points.
You press <<24>> and receive 30 points.
You press <<22>> and receive 67 points.
You press <<21>> and receive 61 points.
You press <<20>> and receive 74 points.

Environment number 2:
The value of option 27 is 18. You have 5 choices to make in this environment.
You press <<13>> and receive 61 points.
You press <<13>> and receive 62 points.
You press <<14>> and receive 60 points.
You press <<15>> and receive 33 points.
You press <<12>> and receive 50 points.

Environment number 3:
The value of option 14 is 58. You have 10 choices to make in this environment.
You press <<14>> and receive 57 points.
You press <<8>> and receive 34 points.
You press <<5>> and receive 6 points.
You press <<25>> and receive 35 points.
You press <<20>> and receive 12 points.
You press <<14>> and receive 59 points.
You press <<14>> and receive 58 points.
You press <<14>> and receive 58 points.
You press <<14>> and receive 58 points.
You press <<14>> and receive 57 points.

Environment number 4:
The value of option 15 is 1. You have 10 choices to make in this environment.
You press <<5>> and receive 59 points.
You press <<6>> and receive 46 points.
You press <<3>> and receive 47 points.
You press <<5>> and receive 56 points.
You press <<23>> and receive 45 points.
You press <<21>> and receive 44 points.
You press <<25>> and receive 25 points.
You press <<15>> and receive 0 points.
You press <<5>> and receive 57 points.
You press <<5>> and receive 57 points.

Environment number 5:
The value of option 18 is 81. You have 10 choices to make in this environment.
You press <<18>> and receive 79 points.
You press <<17>> and receive 58 points.
You press <<19>> and receive 67 points.
You press <<18>> and receive 79 points.
You press <<18>> and receive 78 points.
You press <<18>> and receive 79 points.
You press <<18>> and receive 79 points.
You press <<18>> and receive 78 points.
You press <<18>> and receive 78 points.
You press <<18>> and receive 78 points.

Environment number 6:
The value of option 13 is 67. You have 5 choices to make in this environment.
You press <<13>> and receive 67 points.
You press <<12>> and receive 56 points.
You press <<13>> and receive 66 points.
You press <<13>> and receive 66 points.
You press <<13>> and receive 66 points.

Environment number 7:
The value of option 17 is 14. You have 5 choices to make in this environment.
You press <<",68
7,17,2,9,1,rough,17,5,14,57,"You will be presented with a series of 16 different environments to explore.
In each trial, you can select an option between numbers 1 and 30 by pressing the corresponding key.
By selecting any of these options, you will earn points associated with each unique option.
Imagine these options 1 through 30 as lying next to each other in an ordered line; options closer to each other tend to have similar rewards as rewards tend to cluster together.
For each environment, you will be able to make either 5 or 10 choices.
When you made all your choices in a given environment, you will start making choices in the next unexplored environment.
The rewards underlying the different options are different in each environment so you will learn them anew for each environment.
Each environment starts with the value of a single option revealed.
When you choose the number corresponding to a different option, you will be told the value of that option and receive those points.
Previously revealed options, including the starting option, can also be reselected, although there may be small changes in the point value.
It is your task to to learn where the largest reward is in each of the 16 environments.

Environment number 1:
The value of option 17 is 38. You have 10 choices to make in this environment.
You press <<13>> and receive 45 points.
You press <<9>> and receive 53 points.
You press <<6>> and receive 55 points.
You press <<4>> and receive 47 points.
You press <<2>> and receive 46 points.
You press <<23>> and receive 43 points.
You press <<24>> and receive 30 points.
You press <<22>> and receive 67 points.
You press <<21>> and receive 61 points.
You press <<20>> and receive 74 points.

Environment number 2:
The value of option 27 is 18. You have 5 choices to make in this environment.
You press <<13>> and receive 61 points.
You press <<13>> and receive 62 points.
You press <<14>> and receive 60 points.
You press <<15>> and receive 33 points.
You press <<12>> and receive 50 points.

Environment number 3:
The value of option 14 is 58. You have 10 choices to make in this environment.
You press <<14>> and receive 57 points.
You press <<8>> and receive 34 points.
You press <<5>> and receive 6 points.
You press <<25>> and receive 35 points.
You press <<20>> and receive 12 points.
You press <<14>> and receive 59 points.
You press <<14>> and receive 58 points.
You press <<14>> and receive 58 points.
You press <<14>> and receive 58 points.
You press <<14>> and receive 57 points.

Environment number 4:
The value of option 15 is 1. You have 10 choices to make in this environment.
You press <<5>> and receive 59 points.
You press <<6>> and receive 46 points.
You press <<3>> and receive 47 points.
You press <<5>> and receive 56 points.
You press <<23>> and receive 45 points.
You press <<21>> and receive 44 points.
You press <<25>> and receive 25 points.
You press <<15>> and receive 0 points.
You press <<5>> and receive 57 points.
You press <<5>> and receive 57 points.

Environment number 5:
The value of option 18 is 81. You have 10 choices to make in this environment.
You press <<18>> and receive 79 points.
You press <<17>> and receive 58 points.
You press <<19>> and receive 67 points.
You press <<18>> and receive 79 points.
You press <<18>> and receive 78 points.
You press <<18>> and receive 79 points.
You press <<18>> and receive 79 points.
You press <<18>> and receive 78 points.
You press <<18>> and receive 78 points.
You press <<18>> and receive 78 points.

Environment number 6:
The value of option 13 is 67. You have 5 choices to make in this environment.
You press <<13>> and receive 67 points.
You press <<12>> and receive 56 points.
You press <<13>> and receive 66 points.
You press <<13>> and receive 66 points.
You press <<13>> and receive 66 points.

Environment number 7:
The value of option 17 is 14. You have 5 choices to make in this environment.
You press <<9>> and receive 59 points.
You press <<",68
7,17,3,9,1,rough,17,5,14,60,"You will be presented with a series of 16 different environments to explore.
In each trial, you can select an option between numbers 1 and 30 by pressing the corresponding key.
By selecting any of these options, you will earn points associated with each unique option.
Imagine these options 1 through 30 as lying next to each other in an ordered line; options closer to each other tend to have similar rewards as rewards tend to cluster together.
For each environment, you will be able to make either 5 or 10 choices.
When you made all your choices in a given environment, you will start making choices in the next unexplored environment.
The rewards underlying the different options are different in each environment so you will learn them anew for each environment.
Each environment starts with the value of a single option revealed.
When you choose the number corresponding to a different option, you will be told the value of that option and receive those points.
Previously revealed options, including the starting option, can also be reselected, although there may be small changes in the point value.
It is your task to to learn where the largest reward is in each of the 16 environments.

Environment number 1:
The value of option 17 is 38. You have 10 choices to make in this environment.
You press <<13>> and receive 45 points.
You press <<9>> and receive 53 points.
You press <<6>> and receive 55 points.
You press <<4>> and receive 47 points.
You press <<2>> and receive 46 points.
You press <<23>> and receive 43 points.
You press <<24>> and receive 30 points.
You press <<22>> and receive 67 points.
You press <<21>> and receive 61 points.
You press <<20>> and receive 74 points.

Environment number 2:
The value of option 27 is 18. You have 5 choices to make in this environment.
You press <<13>> and receive 61 points.
You press <<13>> and receive 62 points.
You press <<14>> and receive 60 points.
You press <<15>> and receive 33 points.
You press <<12>> and receive 50 points.

Environment number 3:
The value of option 14 is 58. You have 10 choices to make in this environment.
You press <<14>> and receive 57 points.
You press <<8>> and receive 34 points.
You press <<5>> and receive 6 points.
You press <<25>> and receive 35 points.
You press <<20>> and receive 12 points.
You press <<14>> and receive 59 points.
You press <<14>> and receive 58 points.
You press <<14>> and receive 58 points.
You press <<14>> and receive 58 points.
You press <<14>> and receive 57 points.

Environment number 4:
The value of option 15 is 1. You have 10 choices to make in this environment.
You press <<5>> and receive 59 points.
You press <<6>> and receive 46 points.
You press <<3>> and receive 47 points.
You press <<5>> and receive 56 points.
You press <<23>> and receive 45 points.
You press <<21>> and receive 44 points.
You press <<25>> and receive 25 points.
You press <<15>> and receive 0 points.
You press <<5>> and receive 57 points.
You press <<5>> and receive 57 points.

Environment number 5:
The value of option 18 is 81. You have 10 choices to make in this environment.
You press <<18>> and receive 79 points.
You press <<17>> and receive 58 points.
You press <<19>> and receive 67 points.
You press <<18>> and receive 79 points.
You press <<18>> and receive 78 points.
You press <<18>> and receive 79 points.
You press <<18>> and receive 79 points.
You press <<18>> and receive 78 points.
You press <<18>> and receive 78 points.
You press <<18>> and receive 78 points.

Environment number 6:
The value of option 13 is 67. You have 5 choices to make in this environment.
You press <<13>> and receive 67 points.
You press <<12>> and receive 56 points.
You press <<13>> and receive 66 points.
You press <<13>> and receive 66 points.
You press <<13>> and receive 66 points.

Environment number 7:
The value of option 17 is 14. You have 5 choices to make in this environment.
You press <<9>> and receive 59 points.
You press <<9>> and receive 57 points.
You press <<",68
7,17,4,9,1,rough,17,5,14,58,"You will be presented with a series of 16 different environments to explore.
In each trial, you can select an option between numbers 1 and 30 by pressing the corresponding key.
By selecting any of these options, you will earn points associated with each unique option.
Imagine these options 1 through 30 as lying next to each other in an ordered line; options closer to each other tend to have similar rewards as rewards tend to cluster together.
For each environment, you will be able to make either 5 or 10 choices.
When you made all your choices in a given environment, you will start making choices in the next unexplored environment.
The rewards underlying the different options are different in each environment so you will learn them anew for each environment.
Each environment starts with the value of a single option revealed.
When you choose the number corresponding to a different option, you will be told the value of that option and receive those points.
Previously revealed options, including the starting option, can also be reselected, although there may be small changes in the point value.
It is your task to to learn where the largest reward is in each of the 16 environments.

Environment number 1:
The value of option 17 is 38. You have 10 choices to make in this environment.
You press <<13>> and receive 45 points.
You press <<9>> and receive 53 points.
You press <<6>> and receive 55 points.
You press <<4>> and receive 47 points.
You press <<2>> and receive 46 points.
You press <<23>> and receive 43 points.
You press <<24>> and receive 30 points.
You press <<22>> and receive 67 points.
You press <<21>> and receive 61 points.
You press <<20>> and receive 74 points.

Environment number 2:
The value of option 27 is 18. You have 5 choices to make in this environment.
You press <<13>> and receive 61 points.
You press <<13>> and receive 62 points.
You press <<14>> and receive 60 points.
You press <<15>> and receive 33 points.
You press <<12>> and receive 50 points.

Environment number 3:
The value of option 14 is 58. You have 10 choices to make in this environment.
You press <<14>> and receive 57 points.
You press <<8>> and receive 34 points.
You press <<5>> and receive 6 points.
You press <<25>> and receive 35 points.
You press <<20>> and receive 12 points.
You press <<14>> and receive 59 points.
You press <<14>> and receive 58 points.
You press <<14>> and receive 58 points.
You press <<14>> and receive 58 points.
You press <<14>> and receive 57 points.

Environment number 4:
The value of option 15 is 1. You have 10 choices to make in this environment.
You press <<5>> and receive 59 points.
You press <<6>> and receive 46 points.
You press <<3>> and receive 47 points.
You press <<5>> and receive 56 points.
You press <<23>> and receive 45 points.
You press <<21>> and receive 44 points.
You press <<25>> and receive 25 points.
You press <<15>> and receive 0 points.
You press <<5>> and receive 57 points.
You press <<5>> and receive 57 points.

Environment number 5:
The value of option 18 is 81. You have 10 choices to make in this environment.
You press <<18>> and receive 79 points.
You press <<17>> and receive 58 points.
You press <<19>> and receive 67 points.
You press <<18>> and receive 79 points.
You press <<18>> and receive 78 points.
You press <<18>> and receive 79 points.
You press <<18>> and receive 79 points.
You press <<18>> and receive 78 points.
You press <<18>> and receive 78 points.
You press <<18>> and receive 78 points.

Environment number 6:
The value of option 13 is 67. You have 5 choices to make in this environment.
You press <<13>> and receive 67 points.
You press <<12>> and receive 56 points.
You press <<13>> and receive 66 points.
You press <<13>> and receive 66 points.
You press <<13>> and receive 66 points.

Environment number 7:
The value of option 17 is 14. You have 5 choices to make in this environment.
You press <<9>> and receive 59 points.
You press <<9>> and receive 57 points.
You press <<9>> and receive 60 points.
You press <<",68
7,17,5,9,1,rough,17,5,14,59,"You will be presented with a series of 16 different environments to explore.
In each trial, you can select an option between numbers 1 and 30 by pressing the corresponding key.
By selecting any of these options, you will earn points associated with each unique option.
Imagine these options 1 through 30 as lying next to each other in an ordered line; options closer to each other tend to have similar rewards as rewards tend to cluster together.
For each environment, you will be able to make either 5 or 10 choices.
When you made all your choices in a given environment, you will start making choices in the next unexplored environment.
The rewards underlying the different options are different in each environment so you will learn them anew for each environment.
Each environment starts with the value of a single option revealed.
When you choose the number corresponding to a different option, you will be told the value of that option and receive those points.
Previously revealed options, including the starting option, can also be reselected, although there may be small changes in the point value.
It is your task to to learn where the largest reward is in each of the 16 environments.

Environment number 1:
The value of option 17 is 38. You have 10 choices to make in this environment.
You press <<13>> and receive 45 points.
You press <<9>> and receive 53 points.
You press <<6>> and receive 55 points.
You press <<4>> and receive 47 points.
You press <<2>> and receive 46 points.
You press <<23>> and receive 43 points.
You press <<24>> and receive 30 points.
You press <<22>> and receive 67 points.
You press <<21>> and receive 61 points.
You press <<20>> and receive 74 points.

Environment number 2:
The value of option 27 is 18. You have 5 choices to make in this environment.
You press <<13>> and receive 61 points.
You press <<13>> and receive 62 points.
You press <<14>> and receive 60 points.
You press <<15>> and receive 33 points.
You press <<12>> and receive 50 points.

Environment number 3:
The value of option 14 is 58. You have 10 choices to make in this environment.
You press <<14>> and receive 57 points.
You press <<8>> and receive 34 points.
You press <<5>> and receive 6 points.
You press <<25>> and receive 35 points.
You press <<20>> and receive 12 points.
You press <<14>> and receive 59 points.
You press <<14>> and receive 58 points.
You press <<14>> and receive 58 points.
You press <<14>> and receive 58 points.
You press <<14>> and receive 57 points.

Environment number 4:
The value of option 15 is 1. You have 10 choices to make in this environment.
You press <<5>> and receive 59 points.
You press <<6>> and receive 46 points.
You press <<3>> and receive 47 points.
You press <<5>> and receive 56 points.
You press <<23>> and receive 45 points.
You press <<21>> and receive 44 points.
You press <<25>> and receive 25 points.
You press <<15>> and receive 0 points.
You press <<5>> and receive 57 points.
You press <<5>> and receive 57 points.

Environment number 5:
The value of option 18 is 81. You have 10 choices to make in this environment.
You press <<18>> and receive 79 points.
You press <<17>> and receive 58 points.
You press <<19>> and receive 67 points.
You press <<18>> and receive 79 points.
You press <<18>> and receive 78 points.
You press <<18>> and receive 79 points.
You press <<18>> and receive 79 points.
You press <<18>> and receive 78 points.
You press <<18>> and receive 78 points.
You press <<18>> and receive 78 points.

Environment number 6:
The value of option 13 is 67. You have 5 choices to make in this environment.
You press <<13>> and receive 67 points.
You press <<12>> and receive 56 points.
You press <<13>> and receive 66 points.
You press <<13>> and receive 66 points.
You press <<13>> and receive 66 points.

Environment number 7:
The value of option 17 is 14. You have 5 choices to make in this environment.
You press <<9>> and receive 59 points.
You press <<9>> and receive 57 points.
You press <<9>> and receive 60 points.
You press <<9>> and receive 58 points.
You press <<",68
8,22,1,3,1,rough,5,10,38,27,"You will be presented with a series of 16 different environments to explore.
In each trial, you can select an option between numbers 1 and 30 by pressing the corresponding key.
By selecting any of these options, you will earn points associated with each unique option.
Imagine these options 1 through 30 as lying next to each other in an ordered line; options closer to each other tend to have similar rewards as rewards tend to cluster together.
For each environment, you will be able to make either 5 or 10 choices.
When you made all your choices in a given environment, you will start making choices in the next unexplored environment.
The rewards underlying the different options are different in each environment so you will learn them anew for each environment.
Each environment starts with the value of a single option revealed.
When you choose the number corresponding to a different option, you will be told the value of that option and receive those points.
Previously revealed options, including the starting option, can also be reselected, although there may be small changes in the point value.
It is your task to to learn where the largest reward is in each of the 16 environments.

Environment number 1:
The value of option 17 is 38. You have 10 choices to make in this environment.
You press <<13>> and receive 45 points.
You press <<9>> and receive 53 points.
You press <<6>> and receive 55 points.
You press <<4>> and receive 47 points.
You press <<2>> and receive 46 points.
You press <<23>> and receive 43 points.
You press <<24>> and receive 30 points.
You press <<22>> and receive 67 points.
You press <<21>> and receive 61 points.
You press <<20>> and receive 74 points.

Environment number 2:
The value of option 27 is 18. You have 5 choices to make in this environment.
You press <<13>> and receive 61 points.
You press <<13>> and receive 62 points.
You press <<14>> and receive 60 points.
You press <<15>> and receive 33 points.
You press <<12>> and receive 50 points.

Environment number 3:
The value of option 14 is 58. You have 10 choices to make in this environment.
You press <<14>> and receive 57 points.
You press <<8>> and receive 34 points.
You press <<5>> and receive 6 points.
You press <<25>> and receive 35 points.
You press <<20>> and receive 12 points.
You press <<14>> and receive 59 points.
You press <<14>> and receive 58 points.
You press <<14>> and receive 58 points.
You press <<14>> and receive 58 points.
You press <<14>> and receive 57 points.

Environment number 4:
The value of option 15 is 1. You have 10 choices to make in this environment.
You press <<5>> and receive 59 points.
You press <<6>> and receive 46 points.
You press <<3>> and receive 47 points.
You press <<5>> and receive 56 points.
You press <<23>> and receive 45 points.
You press <<21>> and receive 44 points.
You press <<25>> and receive 25 points.
You press <<15>> and receive 0 points.
You press <<5>> and receive 57 points.
You press <<5>> and receive 57 points.

Environment number 5:
The value of option 18 is 81. You have 10 choices to make in this environment.
You press <<18>> and receive 79 points.
You press <<17>> and receive 58 points.
You press <<19>> and receive 67 points.
You press <<18>> and receive 79 points.
You press <<18>> and receive 78 points.
You press <<18>> and receive 79 points.
You press <<18>> and receive 79 points.
You press <<18>> and receive 78 points.
You press <<18>> and receive 78 points.
You press <<18>> and receive 78 points.

Environment number 6:
The value of option 13 is 67. You have 5 choices to make in this environment.
You press <<13>> and receive 67 points.
You press <<12>> and receive 56 points.
You press <<13>> and receive 66 points.
You press <<13>> and receive 66 points.
You press <<13>> and receive 66 points.

Environment number 7:
The value of option 17 is 14. You have 5 choices to make in this environment.
You press <<9>> and receive 59 points.
You press <<9>> and receive 57 points.
You press <<9>> and receive 60 points.
You press <<9>> and receive 58 points.
You press <<9>> and receive 59 points.

Environment number 8:
The value of option 5 is 38. You have 10 choices to make in this environment.
You press <<",68
8,22,2,8,1,rough,5,10,38,75,"You will be presented with a series of 16 different environments to explore.
In each trial, you can select an option between numbers 1 and 30 by pressing the corresponding key.
By selecting any of these options, you will earn points associated with each unique option.
Imagine these options 1 through 30 as lying next to each other in an ordered line; options closer to each other tend to have similar rewards as rewards tend to cluster together.
For each environment, you will be able to make either 5 or 10 choices.
When you made all your choices in a given environment, you will start making choices in the next unexplored environment.
The rewards underlying the different options are different in each environment so you will learn them anew for each environment.
Each environment starts with the value of a single option revealed.
When you choose the number corresponding to a different option, you will be told the value of that option and receive those points.
Previously revealed options, including the starting option, can also be reselected, although there may be small changes in the point value.
It is your task to to learn where the largest reward is in each of the 16 environments.

Environment number 1:
The value of option 17 is 38. You have 10 choices to make in this environment.
You press <<13>> and receive 45 points.
You press <<9>> and receive 53 points.
You press <<6>> and receive 55 points.
You press <<4>> and receive 47 points.
You press <<2>> and receive 46 points.
You press <<23>> and receive 43 points.
You press <<24>> and receive 30 points.
You press <<22>> and receive 67 points.
You press <<21>> and receive 61 points.
You press <<20>> and receive 74 points.

Environment number 2:
The value of option 27 is 18. You have 5 choices to make in this environment.
You press <<13>> and receive 61 points.
You press <<13>> and receive 62 points.
You press <<14>> and receive 60 points.
You press <<15>> and receive 33 points.
You press <<12>> and receive 50 points.

Environment number 3:
The value of option 14 is 58. You have 10 choices to make in this environment.
You press <<14>> and receive 57 points.
You press <<8>> and receive 34 points.
You press <<5>> and receive 6 points.
You press <<25>> and receive 35 points.
You press <<20>> and receive 12 points.
You press <<14>> and receive 59 points.
You press <<14>> and receive 58 points.
You press <<14>> and receive 58 points.
You press <<14>> and receive 58 points.
You press <<14>> and receive 57 points.

Environment number 4:
The value of option 15 is 1. You have 10 choices to make in this environment.
You press <<5>> and receive 59 points.
You press <<6>> and receive 46 points.
You press <<3>> and receive 47 points.
You press <<5>> and receive 56 points.
You press <<23>> and receive 45 points.
You press <<21>> and receive 44 points.
You press <<25>> and receive 25 points.
You press <<15>> and receive 0 points.
You press <<5>> and receive 57 points.
You press <<5>> and receive 57 points.

Environment number 5:
The value of option 18 is 81. You have 10 choices to make in this environment.
You press <<18>> and receive 79 points.
You press <<17>> and receive 58 points.
You press <<19>> and receive 67 points.
You press <<18>> and receive 79 points.
You press <<18>> and receive 78 points.
You press <<18>> and receive 79 points.
You press <<18>> and receive 79 points.
You press <<18>> and receive 78 points.
You press <<18>> and receive 78 points.
You press <<18>> and receive 78 points.

Environment number 6:
The value of option 13 is 67. You have 5 choices to make in this environment.
You press <<13>> and receive 67 points.
You press <<12>> and receive 56 points.
You press <<13>> and receive 66 points.
You press <<13>> and receive 66 points.
You press <<13>> and receive 66 points.

Environment number 7:
The value of option 17 is 14. You have 5 choices to make in this environment.
You press <<9>> and receive 59 points.
You press <<9>> and receive 57 points.
You press <<9>> and receive 60 points.
You press <<9>> and receive 58 points.
You press <<9>> and receive 59 points.

Environment number 8:
The value of option 5 is 38. You have 10 choices to make in this environment.
You press <<3>> and receive 27 points.
You press <<",68
8,22,3,8,1,rough,5,10,38,76,"You will be presented with a series of 16 different environments to explore.
In each trial, you can select an option between numbers 1 and 30 by pressing the corresponding key.
By selecting any of these options, you will earn points associated with each unique option.
Imagine these options 1 through 30 as lying next to each other in an ordered line; options closer to each other tend to have similar rewards as rewards tend to cluster together.
For each environment, you will be able to make either 5 or 10 choices.
When you made all your choices in a given environment, you will start making choices in the next unexplored environment.
The rewards underlying the different options are different in each environment so you will learn them anew for each environment.
Each environment starts with the value of a single option revealed.
When you choose the number corresponding to a different option, you will be told the value of that option and receive those points.
Previously revealed options, including the starting option, can also be reselected, although there may be small changes in the point value.
It is your task to to learn where the largest reward is in each of the 16 environments.

Environment number 1:
The value of option 17 is 38. You have 10 choices to make in this environment.
You press <<13>> and receive 45 points.
You press <<9>> and receive 53 points.
You press <<6>> and receive 55 points.
You press <<4>> and receive 47 points.
You press <<2>> and receive 46 points.
You press <<23>> and receive 43 points.
You press <<24>> and receive 30 points.
You press <<22>> and receive 67 points.
You press <<21>> and receive 61 points.
You press <<20>> and receive 74 points.

Environment number 2:
The value of option 27 is 18. You have 5 choices to make in this environment.
You press <<13>> and receive 61 points.
You press <<13>> and receive 62 points.
You press <<14>> and receive 60 points.
You press <<15>> and receive 33 points.
You press <<12>> and receive 50 points.

Environment number 3:
The value of option 14 is 58. You have 10 choices to make in this environment.
You press <<14>> and receive 57 points.
You press <<8>> and receive 34 points.
You press <<5>> and receive 6 points.
You press <<25>> and receive 35 points.
You press <<20>> and receive 12 points.
You press <<14>> and receive 59 points.
You press <<14>> and receive 58 points.
You press <<14>> and receive 58 points.
You press <<14>> and receive 58 points.
You press <<14>> and receive 57 points.

Environment number 4:
The value of option 15 is 1. You have 10 choices to make in this environment.
You press <<5>> and receive 59 points.
You press <<6>> and receive 46 points.
You press <<3>> and receive 47 points.
You press <<5>> and receive 56 points.
You press <<23>> and receive 45 points.
You press <<21>> and receive 44 points.
You press <<25>> and receive 25 points.
You press <<15>> and receive 0 points.
You press <<5>> and receive 57 points.
You press <<5>> and receive 57 points.

Environment number 5:
The value of option 18 is 81. You have 10 choices to make in this environment.
You press <<18>> and receive 79 points.
You press <<17>> and receive 58 points.
You press <<19>> and receive 67 points.
You press <<18>> and receive 79 points.
You press <<18>> and receive 78 points.
You press <<18>> and receive 79 points.
You press <<18>> and receive 79 points.
You press <<18>> and receive 78 points.
You press <<18>> and receive 78 points.
You press <<18>> and receive 78 points.

Environment number 6:
The value of option 13 is 67. You have 5 choices to make in this environment.
You press <<13>> and receive 67 points.
You press <<12>> and receive 56 points.
You press <<13>> and receive 66 points.
You press <<13>> and receive 66 points.
You press <<13>> and receive 66 points.

Environment number 7:
The value of option 17 is 14. You have 5 choices to make in this environment.
You press <<9>> and receive 59 points.
You press <<9>> and receive 57 points.
You press <<9>> and receive 60 points.
You press <<9>> and receive 58 points.
You press <<9>> and receive 59 points.

Environment number 8:
The value of option 5 is 38. You have 10 choices to make in this environment.
You press <<3>> and receive 27 points.
You press <<8>> and receive 75 points.
You press <<",68
8,22,4,8,1,rough,5,10,38,74,"You will be presented with a series of 16 different environments to explore.
In each trial, you can select an option between numbers 1 and 30 by pressing the corresponding key.
By selecting any of these options, you will earn points associated with each unique option.
Imagine these options 1 through 30 as lying next to each other in an ordered line; options closer to each other tend to have similar rewards as rewards tend to cluster together.
For each environment, you will be able to make either 5 or 10 choices.
When you made all your choices in a given environment, you will start making choices in the next unexplored environment.
The rewards underlying the different options are different in each environment so you will learn them anew for each environment.
Each environment starts with the value of a single option revealed.
When you choose the number corresponding to a different option, you will be told the value of that option and receive those points.
Previously revealed options, including the starting option, can also be reselected, although there may be small changes in the point value.
It is your task to to learn where the largest reward is in each of the 16 environments.

Environment number 1:
The value of option 17 is 38. You have 10 choices to make in this environment.
You press <<13>> and receive 45 points.
You press <<9>> and receive 53 points.
You press <<6>> and receive 55 points.
You press <<4>> and receive 47 points.
You press <<2>> and receive 46 points.
You press <<23>> and receive 43 points.
You press <<24>> and receive 30 points.
You press <<22>> and receive 67 points.
You press <<21>> and receive 61 points.
You press <<20>> and receive 74 points.

Environment number 2:
The value of option 27 is 18. You have 5 choices to make in this environment.
You press <<13>> and receive 61 points.
You press <<13>> and receive 62 points.
You press <<14>> and receive 60 points.
You press <<15>> and receive 33 points.
You press <<12>> and receive 50 points.

Environment number 3:
The value of option 14 is 58. You have 10 choices to make in this environment.
You press <<14>> and receive 57 points.
You press <<8>> and receive 34 points.
You press <<5>> and receive 6 points.
You press <<25>> and receive 35 points.
You press <<20>> and receive 12 points.
You press <<14>> and receive 59 points.
You press <<14>> and receive 58 points.
You press <<14>> and receive 58 points.
You press <<14>> and receive 58 points.
You press <<14>> and receive 57 points.

Environment number 4:
The value of option 15 is 1. You have 10 choices to make in this environment.
You press <<5>> and receive 59 points.
You press <<6>> and receive 46 points.
You press <<3>> and receive 47 points.
You press <<5>> and receive 56 points.
You press <<23>> and receive 45 points.
You press <<21>> and receive 44 points.
You press <<25>> and receive 25 points.
You press <<15>> and receive 0 points.
You press <<5>> and receive 57 points.
You press <<5>> and receive 57 points.

Environment number 5:
The value of option 18 is 81. You have 10 choices to make in this environment.
You press <<18>> and receive 79 points.
You press <<17>> and receive 58 points.
You press <<19>> and receive 67 points.
You press <<18>> and receive 79 points.
You press <<18>> and receive 78 points.
You press <<18>> and receive 79 points.
You press <<18>> and receive 79 points.
You press <<18>> and receive 78 points.
You press <<18>> and receive 78 points.
You press <<18>> and receive 78 points.

Environment number 6:
The value of option 13 is 67. You have 5 choices to make in this environment.
You press <<13>> and receive 67 points.
You press <<12>> and receive 56 points.
You press <<13>> and receive 66 points.
You press <<13>> and receive 66 points.
You press <<13>> and receive 66 points.

Environment number 7:
The value of option 17 is 14. You have 5 choices to make in this environment.
You press <<9>> and receive 59 points.
You press <<9>> and receive 57 points.
You press <<9>> and receive 60 points.
You press <<9>> and receive 58 points.
You press <<9>> and receive 59 points.

Environment number 8:
The value of option 5 is 38. You have 10 choices to make in this environment.
You press <<3>> and receive 27 points.
You press <<8>> and receive 75 points.
You press <<8>> and receive 76 points.
You press <<",68
8,22,5,8,1,rough,5,10,38,76,"You will be presented with a series of 16 different environments to explore.
In each trial, you can select an option between numbers 1 and 30 by pressing the corresponding key.
By selecting any of these options, you will earn points associated with each unique option.
Imagine these options 1 through 30 as lying next to each other in an ordered line; options closer to each other tend to have similar rewards as rewards tend to cluster together.
For each environment, you will be able to make either 5 or 10 choices.
When you made all your choices in a given environment, you will start making choices in the next unexplored environment.
The rewards underlying the different options are different in each environment so you will learn them anew for each environment.
Each environment starts with the value of a single option revealed.
When you choose the number corresponding to a different option, you will be told the value of that option and receive those points.
Previously revealed options, including the starting option, can also be reselected, although there may be small changes in the point value.
It is your task to to learn where the largest reward is in each of the 16 environments.

Environment number 1:
The value of option 17 is 38. You have 10 choices to make in this environment.
You press <<13>> and receive 45 points.
You press <<9>> and receive 53 points.
You press <<6>> and receive 55 points.
You press <<4>> and receive 47 points.
You press <<2>> and receive 46 points.
You press <<23>> and receive 43 points.
You press <<24>> and receive 30 points.
You press <<22>> and receive 67 points.
You press <<21>> and receive 61 points.
You press <<20>> and receive 74 points.

Environment number 2:
The value of option 27 is 18. You have 5 choices to make in this environment.
You press <<13>> and receive 61 points.
You press <<13>> and receive 62 points.
You press <<14>> and receive 60 points.
You press <<15>> and receive 33 points.
You press <<12>> and receive 50 points.

Environment number 3:
The value of option 14 is 58. You have 10 choices to make in this environment.
You press <<14>> and receive 57 points.
You press <<8>> and receive 34 points.
You press <<5>> and receive 6 points.
You press <<25>> and receive 35 points.
You press <<20>> and receive 12 points.
You press <<14>> and receive 59 points.
You press <<14>> and receive 58 points.
You press <<14>> and receive 58 points.
You press <<14>> and receive 58 points.
You press <<14>> and receive 57 points.

Environment number 4:
The value of option 15 is 1. You have 10 choices to make in this environment.
You press <<5>> and receive 59 points.
You press <<6>> and receive 46 points.
You press <<3>> and receive 47 points.
You press <<5>> and receive 56 points.
You press <<23>> and receive 45 points.
You press <<21>> and receive 44 points.
You press <<25>> and receive 25 points.
You press <<15>> and receive 0 points.
You press <<5>> and receive 57 points.
You press <<5>> and receive 57 points.

Environment number 5:
The value of option 18 is 81. You have 10 choices to make in this environment.
You press <<18>> and receive 79 points.
You press <<17>> and receive 58 points.
You press <<19>> and receive 67 points.
You press <<18>> and receive 79 points.
You press <<18>> and receive 78 points.
You press <<18>> and receive 79 points.
You press <<18>> and receive 79 points.
You press <<18>> and receive 78 points.
You press <<18>> and receive 78 points.
You press <<18>> and receive 78 points.

Environment number 6:
The value of option 13 is 67. You have 5 choices to make in this environment.
You press <<13>> and receive 67 points.
You press <<12>> and receive 56 points.
You press <<13>> and receive 66 points.
You press <<13>> and receive 66 points.
You press <<13>> and receive 66 points.

Environment number 7:
The value of option 17 is 14. You have 5 choices to make in this environment.
You press <<9>> and receive 59 points.
You press <<9>> and receive 57 points.
You press <<9>> and receive 60 points.
You press <<9>> and receive 58 points.
You press <<9>> and receive 59 points.

Environment number 8:
The value of option 5 is 38. You have 10 choices to make in this environment.
You press <<3>> and receive 27 points.
You press <<8>> and receive 75 points.
You press <<8>> and receive 76 points.
You press <<8>> and receive 74 points.
You press <<",68
8,22,6,8,1,rough,5,10,38,78,"You will be presented with a series of 16 different environments to explore.
In each trial, you can select an option between numbers 1 and 30 by pressing the corresponding key.
By selecting any of these options, you will earn points associated with each unique option.
Imagine these options 1 through 30 as lying next to each other in an ordered line; options closer to each other tend to have similar rewards as rewards tend to cluster together.
For each environment, you will be able to make either 5 or 10 choices.
When you made all your choices in a given environment, you will start making choices in the next unexplored environment.
The rewards underlying the different options are different in each environment so you will learn them anew for each environment.
Each environment starts with the value of a single option revealed.
When you choose the number corresponding to a different option, you will be told the value of that option and receive those points.
Previously revealed options, including the starting option, can also be reselected, although there may be small changes in the point value.
It is your task to to learn where the largest reward is in each of the 16 environments.

Environment number 1:
The value of option 17 is 38. You have 10 choices to make in this environment.
You press <<13>> and receive 45 points.
You press <<9>> and receive 53 points.
You press <<6>> and receive 55 points.
You press <<4>> and receive 47 points.
You press <<2>> and receive 46 points.
You press <<23>> and receive 43 points.
You press <<24>> and receive 30 points.
You press <<22>> and receive 67 points.
You press <<21>> and receive 61 points.
You press <<20>> and receive 74 points.

Environment number 2:
The value of option 27 is 18. You have 5 choices to make in this environment.
You press <<13>> and receive 61 points.
You press <<13>> and receive 62 points.
You press <<14>> and receive 60 points.
You press <<15>> and receive 33 points.
You press <<12>> and receive 50 points.

Environment number 3:
The value of option 14 is 58. You have 10 choices to make in this environment.
You press <<14>> and receive 57 points.
You press <<8>> and receive 34 points.
You press <<5>> and receive 6 points.
You press <<25>> and receive 35 points.
You press <<20>> and receive 12 points.
You press <<14>> and receive 59 points.
You press <<14>> and receive 58 points.
You press <<14>> and receive 58 points.
You press <<14>> and receive 58 points.
You press <<14>> and receive 57 points.

Environment number 4:
The value of option 15 is 1. You have 10 choices to make in this environment.
You press <<5>> and receive 59 points.
You press <<6>> and receive 46 points.
You press <<3>> and receive 47 points.
You press <<5>> and receive 56 points.
You press <<23>> and receive 45 points.
You press <<21>> and receive 44 points.
You press <<25>> and receive 25 points.
You press <<15>> and receive 0 points.
You press <<5>> and receive 57 points.
You press <<5>> and receive 57 points.

Environment number 5:
The value of option 18 is 81. You have 10 choices to make in this environment.
You press <<18>> and receive 79 points.
You press <<17>> and receive 58 points.
You press <<19>> and receive 67 points.
You press <<18>> and receive 79 points.
You press <<18>> and receive 78 points.
You press <<18>> and receive 79 points.
You press <<18>> and receive 79 points.
You press <<18>> and receive 78 points.
You press <<18>> and receive 78 points.
You press <<18>> and receive 78 points.

Environment number 6:
The value of option 13 is 67. You have 5 choices to make in this environment.
You press <<13>> and receive 67 points.
You press <<12>> and receive 56 points.
You press <<13>> and receive 66 points.
You press <<13>> and receive 66 points.
You press <<13>> and receive 66 points.

Environment number 7:
The value of option 17 is 14. You have 5 choices to make in this environment.
You press <<9>> and receive 59 points.
You press <<9>> and receive 57 points.
You press <<9>> and receive 60 points.
You press <<9>> and receive 58 points.
You press <<9>> and receive 59 points.

Environment number 8:
The value of option 5 is 38. You have 10 choices to make in this environment.
You press <<3>> and receive 27 points.
You press <<8>> and receive 75 points.
You press <<8>> and receive 76 points.
You press <<8>> and receive 74 points.
You press <<8>> and receive 76 points.
You press <<",68
8,22,7,8,1,rough,5,10,38,76,"You will be presented with a series of 16 different environments to explore.
In each trial, you can select an option between numbers 1 and 30 by pressing the corresponding key.
By selecting any of these options, you will earn points associated with each unique option.
Imagine these options 1 through 30 as lying next to each other in an ordered line; options closer to each other tend to have similar rewards as rewards tend to cluster together.
For each environment, you will be able to make either 5 or 10 choices.
When you made all your choices in a given environment, you will start making choices in the next unexplored environment.
The rewards underlying the different options are different in each environment so you will learn them anew for each environment.
Each environment starts with the value of a single option revealed.
When you choose the number corresponding to a different option, you will be told the value of that option and receive those points.
Previously revealed options, including the starting option, can also be reselected, although there may be small changes in the point value.
It is your task to to learn where the largest reward is in each of the 16 environments.

Environment number 1:
The value of option 17 is 38. You have 10 choices to make in this environment.
You press <<13>> and receive 45 points.
You press <<9>> and receive 53 points.
You press <<6>> and receive 55 points.
You press <<4>> and receive 47 points.
You press <<2>> and receive 46 points.
You press <<23>> and receive 43 points.
You press <<24>> and receive 30 points.
You press <<22>> and receive 67 points.
You press <<21>> and receive 61 points.
You press <<20>> and receive 74 points.

Environment number 2:
The value of option 27 is 18. You have 5 choices to make in this environment.
You press <<13>> and receive 61 points.
You press <<13>> and receive 62 points.
You press <<14>> and receive 60 points.
You press <<15>> and receive 33 points.
You press <<12>> and receive 50 points.

Environment number 3:
The value of option 14 is 58. You have 10 choices to make in this environment.
You press <<14>> and receive 57 points.
You press <<8>> and receive 34 points.
You press <<5>> and receive 6 points.
You press <<25>> and receive 35 points.
You press <<20>> and receive 12 points.
You press <<14>> and receive 59 points.
You press <<14>> and receive 58 points.
You press <<14>> and receive 58 points.
You press <<14>> and receive 58 points.
You press <<14>> and receive 57 points.

Environment number 4:
The value of option 15 is 1. You have 10 choices to make in this environment.
You press <<5>> and receive 59 points.
You press <<6>> and receive 46 points.
You press <<3>> and receive 47 points.
You press <<5>> and receive 56 points.
You press <<23>> and receive 45 points.
You press <<21>> and receive 44 points.
You press <<25>> and receive 25 points.
You press <<15>> and receive 0 points.
You press <<5>> and receive 57 points.
You press <<5>> and receive 57 points.

Environment number 5:
The value of option 18 is 81. You have 10 choices to make in this environment.
You press <<18>> and receive 79 points.
You press <<17>> and receive 58 points.
You press <<19>> and receive 67 points.
You press <<18>> and receive 79 points.
You press <<18>> and receive 78 points.
You press <<18>> and receive 79 points.
You press <<18>> and receive 79 points.
You press <<18>> and receive 78 points.
You press <<18>> and receive 78 points.
You press <<18>> and receive 78 points.

Environment number 6:
The value of option 13 is 67. You have 5 choices to make in this environment.
You press <<13>> and receive 67 points.
You press <<12>> and receive 56 points.
You press <<13>> and receive 66 points.
You press <<13>> and receive 66 points.
You press <<13>> and receive 66 points.

Environment number 7:
The value of option 17 is 14. You have 5 choices to make in this environment.
You press <<9>> and receive 59 points.
You press <<9>> and receive 57 points.
You press <<9>> and receive 60 points.
You press <<9>> and receive 58 points.
You press <<9>> and receive 59 points.

Environment number 8:
The value of option 5 is 38. You have 10 choices to make in this environment.
You press <<3>> and receive 27 points.
You press <<8>> and receive 75 points.
You press <<8>> and receive 76 points.
You press <<8>> and receive 74 points.
You press <<8>> and receive 76 points.
You press <<8>> and receive 78 points.
You press <<",68
8,22,8,8,1,rough,5,10,38,78,"You will be presented with a series of 16 different environments to explore.
In each trial, you can select an option between numbers 1 and 30 by pressing the corresponding key.
By selecting any of these options, you will earn points associated with each unique option.
Imagine these options 1 through 30 as lying next to each other in an ordered line; options closer to each other tend to have similar rewards as rewards tend to cluster together.
For each environment, you will be able to make either 5 or 10 choices.
When you made all your choices in a given environment, you will start making choices in the next unexplored environment.
The rewards underlying the different options are different in each environment so you will learn them anew for each environment.
Each environment starts with the value of a single option revealed.
When you choose the number corresponding to a different option, you will be told the value of that option and receive those points.
Previously revealed options, including the starting option, can also be reselected, although there may be small changes in the point value.
It is your task to to learn where the largest reward is in each of the 16 environments.

Environment number 1:
The value of option 17 is 38. You have 10 choices to make in this environment.
You press <<13>> and receive 45 points.
You press <<9>> and receive 53 points.
You press <<6>> and receive 55 points.
You press <<4>> and receive 47 points.
You press <<2>> and receive 46 points.
You press <<23>> and receive 43 points.
You press <<24>> and receive 30 points.
You press <<22>> and receive 67 points.
You press <<21>> and receive 61 points.
You press <<20>> and receive 74 points.

Environment number 2:
The value of option 27 is 18. You have 5 choices to make in this environment.
You press <<13>> and receive 61 points.
You press <<13>> and receive 62 points.
You press <<14>> and receive 60 points.
You press <<15>> and receive 33 points.
You press <<12>> and receive 50 points.

Environment number 3:
The value of option 14 is 58. You have 10 choices to make in this environment.
You press <<14>> and receive 57 points.
You press <<8>> and receive 34 points.
You press <<5>> and receive 6 points.
You press <<25>> and receive 35 points.
You press <<20>> and receive 12 points.
You press <<14>> and receive 59 points.
You press <<14>> and receive 58 points.
You press <<14>> and receive 58 points.
You press <<14>> and receive 58 points.
You press <<14>> and receive 57 points.

Environment number 4:
The value of option 15 is 1. You have 10 choices to make in this environment.
You press <<5>> and receive 59 points.
You press <<6>> and receive 46 points.
You press <<3>> and receive 47 points.
You press <<5>> and receive 56 points.
You press <<23>> and receive 45 points.
You press <<21>> and receive 44 points.
You press <<25>> and receive 25 points.
You press <<15>> and receive 0 points.
You press <<5>> and receive 57 points.
You press <<5>> and receive 57 points.

Environment number 5:
The value of option 18 is 81. You have 10 choices to make in this environment.
You press <<18>> and receive 79 points.
You press <<17>> and receive 58 points.
You press <<19>> and receive 67 points.
You press <<18>> and receive 79 points.
You press <<18>> and receive 78 points.
You press <<18>> and receive 79 points.
You press <<18>> and receive 79 points.
You press <<18>> and receive 78 points.
You press <<18>> and receive 78 points.
You press <<18>> and receive 78 points.

Environment number 6:
The value of option 13 is 67. You have 5 choices to make in this environment.
You press <<13>> and receive 67 points.
You press <<12>> and receive 56 points.
You press <<13>> and receive 66 points.
You press <<13>> and receive 66 points.
You press <<13>> and receive 66 points.

Environment number 7:
The value of option 17 is 14. You have 5 choices to make in this environment.
You press <<9>> and receive 59 points.
You press <<9>> and receive 57 points.
You press <<9>> and receive 60 points.
You press <<9>> and receive 58 points.
You press <<9>> and receive 59 points.

Environment number 8:
The value of option 5 is 38. You have 10 choices to make in this environment.
You press <<3>> and receive 27 points.
You press <<8>> and receive 75 points.
You press <<8>> and receive 76 points.
You press <<8>> and receive 74 points.
You press <<8>> and receive 76 points.
You press <<8>> and receive 78 points.
You press <<8>> and receive 76 points.
You press <<",68
8,22,9,8,1,rough,5,10,38,79,"You will be presented with a series of 16 different environments to explore.
In each trial, you can select an option between numbers 1 and 30 by pressing the corresponding key.
By selecting any of these options, you will earn points associated with each unique option.
Imagine these options 1 through 30 as lying next to each other in an ordered line; options closer to each other tend to have similar rewards as rewards tend to cluster together.
For each environment, you will be able to make either 5 or 10 choices.
When you made all your choices in a given environment, you will start making choices in the next unexplored environment.
The rewards underlying the different options are different in each environment so you will learn them anew for each environment.
Each environment starts with the value of a single option revealed.
When you choose the number corresponding to a different option, you will be told the value of that option and receive those points.
Previously revealed options, including the starting option, can also be reselected, although there may be small changes in the point value.
It is your task to to learn where the largest reward is in each of the 16 environments.

Environment number 1:
The value of option 17 is 38. You have 10 choices to make in this environment.
You press <<13>> and receive 45 points.
You press <<9>> and receive 53 points.
You press <<6>> and receive 55 points.
You press <<4>> and receive 47 points.
You press <<2>> and receive 46 points.
You press <<23>> and receive 43 points.
You press <<24>> and receive 30 points.
You press <<22>> and receive 67 points.
You press <<21>> and receive 61 points.
You press <<20>> and receive 74 points.

Environment number 2:
The value of option 27 is 18. You have 5 choices to make in this environment.
You press <<13>> and receive 61 points.
You press <<13>> and receive 62 points.
You press <<14>> and receive 60 points.
You press <<15>> and receive 33 points.
You press <<12>> and receive 50 points.

Environment number 3:
The value of option 14 is 58. You have 10 choices to make in this environment.
You press <<14>> and receive 57 points.
You press <<8>> and receive 34 points.
You press <<5>> and receive 6 points.
You press <<25>> and receive 35 points.
You press <<20>> and receive 12 points.
You press <<14>> and receive 59 points.
You press <<14>> and receive 58 points.
You press <<14>> and receive 58 points.
You press <<14>> and receive 58 points.
You press <<14>> and receive 57 points.

Environment number 4:
The value of option 15 is 1. You have 10 choices to make in this environment.
You press <<5>> and receive 59 points.
You press <<6>> and receive 46 points.
You press <<3>> and receive 47 points.
You press <<5>> and receive 56 points.
You press <<23>> and receive 45 points.
You press <<21>> and receive 44 points.
You press <<25>> and receive 25 points.
You press <<15>> and receive 0 points.
You press <<5>> and receive 57 points.
You press <<5>> and receive 57 points.

Environment number 5:
The value of option 18 is 81. You have 10 choices to make in this environment.
You press <<18>> and receive 79 points.
You press <<17>> and receive 58 points.
You press <<19>> and receive 67 points.
You press <<18>> and receive 79 points.
You press <<18>> and receive 78 points.
You press <<18>> and receive 79 points.
You press <<18>> and receive 79 points.
You press <<18>> and receive 78 points.
You press <<18>> and receive 78 points.
You press <<18>> and receive 78 points.

Environment number 6:
The value of option 13 is 67. You have 5 choices to make in this environment.
You press <<13>> and receive 67 points.
You press <<12>> and receive 56 points.
You press <<13>> and receive 66 points.
You press <<13>> and receive 66 points.
You press <<13>> and receive 66 points.

Environment number 7:
The value of option 17 is 14. You have 5 choices to make in this environment.
You press <<9>> and receive 59 points.
You press <<9>> and receive 57 points.
You press <<9>> and receive 60 points.
You press <<9>> and receive 58 points.
You press <<9>> and receive 59 points.

Environment number 8:
The value of option 5 is 38. You have 10 choices to make in this environment.
You press <<3>> and receive 27 points.
You press <<8>> and receive 75 points.
You press <<8>> and receive 76 points.
You press <<8>> and receive 74 points.
You press <<8>> and receive 76 points.
You press <<8>> and receive 78 points.
You press <<8>> and receive 76 points.
You press <<8>> and receive 78 points.
You press <<",68
8,22,10,8,1,rough,5,10,38,78,"You will be presented with a series of 16 different environments to explore.
In each trial, you can select an option between numbers 1 and 30 by pressing the corresponding key.
By selecting any of these options, you will earn points associated with each unique option.
Imagine these options 1 through 30 as lying next to each other in an ordered line; options closer to each other tend to have similar rewards as rewards tend to cluster together.
For each environment, you will be able to make either 5 or 10 choices.
When you made all your choices in a given environment, you will start making choices in the next unexplored environment.
The rewards underlying the different options are different in each environment so you will learn them anew for each environment.
Each environment starts with the value of a single option revealed.
When you choose the number corresponding to a different option, you will be told the value of that option and receive those points.
Previously revealed options, including the starting option, can also be reselected, although there may be small changes in the point value.
It is your task to to learn where the largest reward is in each of the 16 environments.

Environment number 1:
The value of option 17 is 38. You have 10 choices to make in this environment.
You press <<13>> and receive 45 points.
You press <<9>> and receive 53 points.
You press <<6>> and receive 55 points.
You press <<4>> and receive 47 points.
You press <<2>> and receive 46 points.
You press <<23>> and receive 43 points.
You press <<24>> and receive 30 points.
You press <<22>> and receive 67 points.
You press <<21>> and receive 61 points.
You press <<20>> and receive 74 points.

Environment number 2:
The value of option 27 is 18. You have 5 choices to make in this environment.
You press <<13>> and receive 61 points.
You press <<13>> and receive 62 points.
You press <<14>> and receive 60 points.
You press <<15>> and receive 33 points.
You press <<12>> and receive 50 points.

Environment number 3:
The value of option 14 is 58. You have 10 choices to make in this environment.
You press <<14>> and receive 57 points.
You press <<8>> and receive 34 points.
You press <<5>> and receive 6 points.
You press <<25>> and receive 35 points.
You press <<20>> and receive 12 points.
You press <<14>> and receive 59 points.
You press <<14>> and receive 58 points.
You press <<14>> and receive 58 points.
You press <<14>> and receive 58 points.
You press <<14>> and receive 57 points.

Environment number 4:
The value of option 15 is 1. You have 10 choices to make in this environment.
You press <<5>> and receive 59 points.
You press <<6>> and receive 46 points.
You press <<3>> and receive 47 points.
You press <<5>> and receive 56 points.
You press <<23>> and receive 45 points.
You press <<21>> and receive 44 points.
You press <<25>> and receive 25 points.
You press <<15>> and receive 0 points.
You press <<5>> and receive 57 points.
You press <<5>> and receive 57 points.

Environment number 5:
The value of option 18 is 81. You have 10 choices to make in this environment.
You press <<18>> and receive 79 points.
You press <<17>> and receive 58 points.
You press <<19>> and receive 67 points.
You press <<18>> and receive 79 points.
You press <<18>> and receive 78 points.
You press <<18>> and receive 79 points.
You press <<18>> and receive 79 points.
You press <<18>> and receive 78 points.
You press <<18>> and receive 78 points.
You press <<18>> and receive 78 points.

Environment number 6:
The value of option 13 is 67. You have 5 choices to make in this environment.
You press <<13>> and receive 67 points.
You press <<12>> and receive 56 points.
You press <<13>> and receive 66 points.
You press <<13>> and receive 66 points.
You press <<13>> and receive 66 points.

Environment number 7:
The value of option 17 is 14. You have 5 choices to make in this environment.
You press <<9>> and receive 59 points.
You press <<9>> and receive 57 points.
You press <<9>> and receive 60 points.
You press <<9>> and receive 58 points.
You press <<9>> and receive 59 points.

Environment number 8:
The value of option 5 is 38. You have 10 choices to make in this environment.
You press <<3>> and receive 27 points.
You press <<8>> and receive 75 points.
You press <<8>> and receive 76 points.
You press <<8>> and receive 74 points.
You press <<8>> and receive 76 points.
You press <<8>> and receive 78 points.
You press <<8>> and receive 76 points.
You press <<8>> and receive 78 points.
You press <<8>> and receive 79 points.
You press <<",68
9,29,1,23,1,rough,23,10,33,34,"You will be presented with a series of 16 different environments to explore.
In each trial, you can select an option between numbers 1 and 30 by pressing the corresponding key.
By selecting any of these options, you will earn points associated with each unique option.
Imagine these options 1 through 30 as lying next to each other in an ordered line; options closer to each other tend to have similar rewards as rewards tend to cluster together.
For each environment, you will be able to make either 5 or 10 choices.
When you made all your choices in a given environment, you will start making choices in the next unexplored environment.
The rewards underlying the different options are different in each environment so you will learn them anew for each environment.
Each environment starts with the value of a single option revealed.
When you choose the number corresponding to a different option, you will be told the value of that option and receive those points.
Previously revealed options, including the starting option, can also be reselected, although there may be small changes in the point value.
It is your task to to learn where the largest reward is in each of the 16 environments.

Environment number 1:
The value of option 17 is 38. You have 10 choices to make in this environment.
You press <<13>> and receive 45 points.
You press <<9>> and receive 53 points.
You press <<6>> and receive 55 points.
You press <<4>> and receive 47 points.
You press <<2>> and receive 46 points.
You press <<23>> and receive 43 points.
You press <<24>> and receive 30 points.
You press <<22>> and receive 67 points.
You press <<21>> and receive 61 points.
You press <<20>> and receive 74 points.

Environment number 2:
The value of option 27 is 18. You have 5 choices to make in this environment.
You press <<13>> and receive 61 points.
You press <<13>> and receive 62 points.
You press <<14>> and receive 60 points.
You press <<15>> and receive 33 points.
You press <<12>> and receive 50 points.

Environment number 3:
The value of option 14 is 58. You have 10 choices to make in this environment.
You press <<14>> and receive 57 points.
You press <<8>> and receive 34 points.
You press <<5>> and receive 6 points.
You press <<25>> and receive 35 points.
You press <<20>> and receive 12 points.
You press <<14>> and receive 59 points.
You press <<14>> and receive 58 points.
You press <<14>> and receive 58 points.
You press <<14>> and receive 58 points.
You press <<14>> and receive 57 points.

Environment number 4:
The value of option 15 is 1. You have 10 choices to make in this environment.
You press <<5>> and receive 59 points.
You press <<6>> and receive 46 points.
You press <<3>> and receive 47 points.
You press <<5>> and receive 56 points.
You press <<23>> and receive 45 points.
You press <<21>> and receive 44 points.
You press <<25>> and receive 25 points.
You press <<15>> and receive 0 points.
You press <<5>> and receive 57 points.
You press <<5>> and receive 57 points.

Environment number 5:
The value of option 18 is 81. You have 10 choices to make in this environment.
You press <<18>> and receive 79 points.
You press <<17>> and receive 58 points.
You press <<19>> and receive 67 points.
You press <<18>> and receive 79 points.
You press <<18>> and receive 78 points.
You press <<18>> and receive 79 points.
You press <<18>> and receive 79 points.
You press <<18>> and receive 78 points.
You press <<18>> and receive 78 points.
You press <<18>> and receive 78 points.

Environment number 6:
The value of option 13 is 67. You have 5 choices to make in this environment.
You press <<13>> and receive 67 points.
You press <<12>> and receive 56 points.
You press <<13>> and receive 66 points.
You press <<13>> and receive 66 points.
You press <<13>> and receive 66 points.

Environment number 7:
The value of option 17 is 14. You have 5 choices to make in this environment.
You press <<9>> and receive 59 points.
You press <<9>> and receive 57 points.
You press <<9>> and receive 60 points.
You press <<9>> and receive 58 points.
You press <<9>> and receive 59 points.

Environment number 8:
The value of option 5 is 38. You have 10 choices to make in this environment.
You press <<3>> and receive 27 points.
You press <<8>> and receive 75 points.
You press <<8>> and receive 76 points.
You press <<8>> and receive 74 points.
You press <<8>> and receive 76 points.
You press <<8>> and receive 78 points.
You press <<8>> and receive 76 points.
You press <<8>> and receive 78 points.
You press <<8>> and receive 79 points.
You press <<8>> and receive 78 points.

Environment number 9:
The value of option 23 is 33. You have 10 choices to make in this environment.
You press <<",68
9,29,2,15,1,rough,23,10,33,14,"You will be presented with a series of 16 different environments to explore.
In each trial, you can select an option between numbers 1 and 30 by pressing the corresponding key.
By selecting any of these options, you will earn points associated with each unique option.
Imagine these options 1 through 30 as lying next to each other in an ordered line; options closer to each other tend to have similar rewards as rewards tend to cluster together.
For each environment, you will be able to make either 5 or 10 choices.
When you made all your choices in a given environment, you will start making choices in the next unexplored environment.
The rewards underlying the different options are different in each environment so you will learn them anew for each environment.
Each environment starts with the value of a single option revealed.
When you choose the number corresponding to a different option, you will be told the value of that option and receive those points.
Previously revealed options, including the starting option, can also be reselected, although there may be small changes in the point value.
It is your task to to learn where the largest reward is in each of the 16 environments.

Environment number 1:
The value of option 17 is 38. You have 10 choices to make in this environment.
You press <<13>> and receive 45 points.
You press <<9>> and receive 53 points.
You press <<6>> and receive 55 points.
You press <<4>> and receive 47 points.
You press <<2>> and receive 46 points.
You press <<23>> and receive 43 points.
You press <<24>> and receive 30 points.
You press <<22>> and receive 67 points.
You press <<21>> and receive 61 points.
You press <<20>> and receive 74 points.

Environment number 2:
The value of option 27 is 18. You have 5 choices to make in this environment.
You press <<13>> and receive 61 points.
You press <<13>> and receive 62 points.
You press <<14>> and receive 60 points.
You press <<15>> and receive 33 points.
You press <<12>> and receive 50 points.

Environment number 3:
The value of option 14 is 58. You have 10 choices to make in this environment.
You press <<14>> and receive 57 points.
You press <<8>> and receive 34 points.
You press <<5>> and receive 6 points.
You press <<25>> and receive 35 points.
You press <<20>> and receive 12 points.
You press <<14>> and receive 59 points.
You press <<14>> and receive 58 points.
You press <<14>> and receive 58 points.
You press <<14>> and receive 58 points.
You press <<14>> and receive 57 points.

Environment number 4:
The value of option 15 is 1. You have 10 choices to make in this environment.
You press <<5>> and receive 59 points.
You press <<6>> and receive 46 points.
You press <<3>> and receive 47 points.
You press <<5>> and receive 56 points.
You press <<23>> and receive 45 points.
You press <<21>> and receive 44 points.
You press <<25>> and receive 25 points.
You press <<15>> and receive 0 points.
You press <<5>> and receive 57 points.
You press <<5>> and receive 57 points.

Environment number 5:
The value of option 18 is 81. You have 10 choices to make in this environment.
You press <<18>> and receive 79 points.
You press <<17>> and receive 58 points.
You press <<19>> and receive 67 points.
You press <<18>> and receive 79 points.
You press <<18>> and receive 78 points.
You press <<18>> and receive 79 points.
You press <<18>> and receive 79 points.
You press <<18>> and receive 78 points.
You press <<18>> and receive 78 points.
You press <<18>> and receive 78 points.

Environment number 6:
The value of option 13 is 67. You have 5 choices to make in this environment.
You press <<13>> and receive 67 points.
You press <<12>> and receive 56 points.
You press <<13>> and receive 66 points.
You press <<13>> and receive 66 points.
You press <<13>> and receive 66 points.

Environment number 7:
The value of option 17 is 14. You have 5 choices to make in this environment.
You press <<9>> and receive 59 points.
You press <<9>> and receive 57 points.
You press <<9>> and receive 60 points.
You press <<9>> and receive 58 points.
You press <<9>> and receive 59 points.

Environment number 8:
The value of option 5 is 38. You have 10 choices to make in this environment.
You press <<3>> and receive 27 points.
You press <<8>> and receive 75 points.
You press <<8>> and receive 76 points.
You press <<8>> and receive 74 points.
You press <<8>> and receive 76 points.
You press <<8>> and receive 78 points.
You press <<8>> and receive 76 points.
You press <<8>> and receive 78 points.
You press <<8>> and receive 79 points.
You press <<8>> and receive 78 points.

Environment number 9:
The value of option 23 is 33. You have 10 choices to make in this environment.
You press <<23>> and receive 34 points.
You press <<",68
9,29,3,5,1,rough,23,10,33,15,"You will be presented with a series of 16 different environments to explore.
In each trial, you can select an option between numbers 1 and 30 by pressing the corresponding key.
By selecting any of these options, you will earn points associated with each unique option.
Imagine these options 1 through 30 as lying next to each other in an ordered line; options closer to each other tend to have similar rewards as rewards tend to cluster together.
For each environment, you will be able to make either 5 or 10 choices.
When you made all your choices in a given environment, you will start making choices in the next unexplored environment.
The rewards underlying the different options are different in each environment so you will learn them anew for each environment.
Each environment starts with the value of a single option revealed.
When you choose the number corresponding to a different option, you will be told the value of that option and receive those points.
Previously revealed options, including the starting option, can also be reselected, although there may be small changes in the point value.
It is your task to to learn where the largest reward is in each of the 16 environments.

Environment number 1:
The value of option 17 is 38. You have 10 choices to make in this environment.
You press <<13>> and receive 45 points.
You press <<9>> and receive 53 points.
You press <<6>> and receive 55 points.
You press <<4>> and receive 47 points.
You press <<2>> and receive 46 points.
You press <<23>> and receive 43 points.
You press <<24>> and receive 30 points.
You press <<22>> and receive 67 points.
You press <<21>> and receive 61 points.
You press <<20>> and receive 74 points.

Environment number 2:
The value of option 27 is 18. You have 5 choices to make in this environment.
You press <<13>> and receive 61 points.
You press <<13>> and receive 62 points.
You press <<14>> and receive 60 points.
You press <<15>> and receive 33 points.
You press <<12>> and receive 50 points.

Environment number 3:
The value of option 14 is 58. You have 10 choices to make in this environment.
You press <<14>> and receive 57 points.
You press <<8>> and receive 34 points.
You press <<5>> and receive 6 points.
You press <<25>> and receive 35 points.
You press <<20>> and receive 12 points.
You press <<14>> and receive 59 points.
You press <<14>> and receive 58 points.
You press <<14>> and receive 58 points.
You press <<14>> and receive 58 points.
You press <<14>> and receive 57 points.

Environment number 4:
The value of option 15 is 1. You have 10 choices to make in this environment.
You press <<5>> and receive 59 points.
You press <<6>> and receive 46 points.
You press <<3>> and receive 47 points.
You press <<5>> and receive 56 points.
You press <<23>> and receive 45 points.
You press <<21>> and receive 44 points.
You press <<25>> and receive 25 points.
You press <<15>> and receive 0 points.
You press <<5>> and receive 57 points.
You press <<5>> and receive 57 points.

Environment number 5:
The value of option 18 is 81. You have 10 choices to make in this environment.
You press <<18>> and receive 79 points.
You press <<17>> and receive 58 points.
You press <<19>> and receive 67 points.
You press <<18>> and receive 79 points.
You press <<18>> and receive 78 points.
You press <<18>> and receive 79 points.
You press <<18>> and receive 79 points.
You press <<18>> and receive 78 points.
You press <<18>> and receive 78 points.
You press <<18>> and receive 78 points.

Environment number 6:
The value of option 13 is 67. You have 5 choices to make in this environment.
You press <<13>> and receive 67 points.
You press <<12>> and receive 56 points.
You press <<13>> and receive 66 points.
You press <<13>> and receive 66 points.
You press <<13>> and receive 66 points.

Environment number 7:
The value of option 17 is 14. You have 5 choices to make in this environment.
You press <<9>> and receive 59 points.
You press <<9>> and receive 57 points.
You press <<9>> and receive 60 points.
You press <<9>> and receive 58 points.
You press <<9>> and receive 59 points.

Environment number 8:
The value of option 5 is 38. You have 10 choices to make in this environment.
You press <<3>> and receive 27 points.
You press <<8>> and receive 75 points.
You press <<8>> and receive 76 points.
You press <<8>> and receive 74 points.
You press <<8>> and receive 76 points.
You press <<8>> and receive 78 points.
You press <<8>> and receive 76 points.
You press <<8>> and receive 78 points.
You press <<8>> and receive 79 points.
You press <<8>> and receive 78 points.

Environment number 9:
The value of option 23 is 33. You have 10 choices to make in this environment.
You press <<23>> and receive 34 points.
You press <<15>> and receive 14 points.
You press <<",68
9,29,4,2,1,rough,23,10,33,0,"You will be presented with a series of 16 different environments to explore.
In each trial, you can select an option between numbers 1 and 30 by pressing the corresponding key.
By selecting any of these options, you will earn points associated with each unique option.
Imagine these options 1 through 30 as lying next to each other in an ordered line; options closer to each other tend to have similar rewards as rewards tend to cluster together.
For each environment, you will be able to make either 5 or 10 choices.
When you made all your choices in a given environment, you will start making choices in the next unexplored environment.
The rewards underlying the different options are different in each environment so you will learn them anew for each environment.
Each environment starts with the value of a single option revealed.
When you choose the number corresponding to a different option, you will be told the value of that option and receive those points.
Previously revealed options, including the starting option, can also be reselected, although there may be small changes in the point value.
It is your task to to learn where the largest reward is in each of the 16 environments.

Environment number 1:
The value of option 17 is 38. You have 10 choices to make in this environment.
You press <<13>> and receive 45 points.
You press <<9>> and receive 53 points.
You press <<6>> and receive 55 points.
You press <<4>> and receive 47 points.
You press <<2>> and receive 46 points.
You press <<23>> and receive 43 points.
You press <<24>> and receive 30 points.
You press <<22>> and receive 67 points.
You press <<21>> and receive 61 points.
You press <<20>> and receive 74 points.

Environment number 2:
The value of option 27 is 18. You have 5 choices to make in this environment.
You press <<13>> and receive 61 points.
You press <<13>> and receive 62 points.
You press <<14>> and receive 60 points.
You press <<15>> and receive 33 points.
You press <<12>> and receive 50 points.

Environment number 3:
The value of option 14 is 58. You have 10 choices to make in this environment.
You press <<14>> and receive 57 points.
You press <<8>> and receive 34 points.
You press <<5>> and receive 6 points.
You press <<25>> and receive 35 points.
You press <<20>> and receive 12 points.
You press <<14>> and receive 59 points.
You press <<14>> and receive 58 points.
You press <<14>> and receive 58 points.
You press <<14>> and receive 58 points.
You press <<14>> and receive 57 points.

Environment number 4:
The value of option 15 is 1. You have 10 choices to make in this environment.
You press <<5>> and receive 59 points.
You press <<6>> and receive 46 points.
You press <<3>> and receive 47 points.
You press <<5>> and receive 56 points.
You press <<23>> and receive 45 points.
You press <<21>> and receive 44 points.
You press <<25>> and receive 25 points.
You press <<15>> and receive 0 points.
You press <<5>> and receive 57 points.
You press <<5>> and receive 57 points.

Environment number 5:
The value of option 18 is 81. You have 10 choices to make in this environment.
You press <<18>> and receive 79 points.
You press <<17>> and receive 58 points.
You press <<19>> and receive 67 points.
You press <<18>> and receive 79 points.
You press <<18>> and receive 78 points.
You press <<18>> and receive 79 points.
You press <<18>> and receive 79 points.
You press <<18>> and receive 78 points.
You press <<18>> and receive 78 points.
You press <<18>> and receive 78 points.

Environment number 6:
The value of option 13 is 67. You have 5 choices to make in this environment.
You press <<13>> and receive 67 points.
You press <<12>> and receive 56 points.
You press <<13>> and receive 66 points.
You press <<13>> and receive 66 points.
You press <<13>> and receive 66 points.

Environment number 7:
The value of option 17 is 14. You have 5 choices to make in this environment.
You press <<9>> and receive 59 points.
You press <<9>> and receive 57 points.
You press <<9>> and receive 60 points.
You press <<9>> and receive 58 points.
You press <<9>> and receive 59 points.

Environment number 8:
The value of option 5 is 38. You have 10 choices to make in this environment.
You press <<3>> and receive 27 points.
You press <<8>> and receive 75 points.
You press <<8>> and receive 76 points.
You press <<8>> and receive 74 points.
You press <<8>> and receive 76 points.
You press <<8>> and receive 78 points.
You press <<8>> and receive 76 points.
You press <<8>> and receive 78 points.
You press <<8>> and receive 79 points.
You press <<8>> and receive 78 points.

Environment number 9:
The value of option 23 is 33. You have 10 choices to make in this environment.
You press <<23>> and receive 34 points.
You press <<15>> and receive 14 points.
You press <<5>> and receive 15 points.
You press <<",68
9,29,5,28,1,rough,23,10,33,33,"You will be presented with a series of 16 different environments to explore.
In each trial, you can select an option between numbers 1 and 30 by pressing the corresponding key.
By selecting any of these options, you will earn points associated with each unique option.
Imagine these options 1 through 30 as lying next to each other in an ordered line; options closer to each other tend to have similar rewards as rewards tend to cluster together.
For each environment, you will be able to make either 5 or 10 choices.
When you made all your choices in a given environment, you will start making choices in the next unexplored environment.
The rewards underlying the different options are different in each environment so you will learn them anew for each environment.
Each environment starts with the value of a single option revealed.
When you choose the number corresponding to a different option, you will be told the value of that option and receive those points.
Previously revealed options, including the starting option, can also be reselected, although there may be small changes in the point value.
It is your task to to learn where the largest reward is in each of the 16 environments.

Environment number 1:
The value of option 17 is 38. You have 10 choices to make in this environment.
You press <<13>> and receive 45 points.
You press <<9>> and receive 53 points.
You press <<6>> and receive 55 points.
You press <<4>> and receive 47 points.
You press <<2>> and receive 46 points.
You press <<23>> and receive 43 points.
You press <<24>> and receive 30 points.
You press <<22>> and receive 67 points.
You press <<21>> and receive 61 points.
You press <<20>> and receive 74 points.

Environment number 2:
The value of option 27 is 18. You have 5 choices to make in this environment.
You press <<13>> and receive 61 points.
You press <<13>> and receive 62 points.
You press <<14>> and receive 60 points.
You press <<15>> and receive 33 points.
You press <<12>> and receive 50 points.

Environment number 3:
The value of option 14 is 58. You have 10 choices to make in this environment.
You press <<14>> and receive 57 points.
You press <<8>> and receive 34 points.
You press <<5>> and receive 6 points.
You press <<25>> and receive 35 points.
You press <<20>> and receive 12 points.
You press <<14>> and receive 59 points.
You press <<14>> and receive 58 points.
You press <<14>> and receive 58 points.
You press <<14>> and receive 58 points.
You press <<14>> and receive 57 points.

Environment number 4:
The value of option 15 is 1. You have 10 choices to make in this environment.
You press <<5>> and receive 59 points.
You press <<6>> and receive 46 points.
You press <<3>> and receive 47 points.
You press <<5>> and receive 56 points.
You press <<23>> and receive 45 points.
You press <<21>> and receive 44 points.
You press <<25>> and receive 25 points.
You press <<15>> and receive 0 points.
You press <<5>> and receive 57 points.
You press <<5>> and receive 57 points.

Environment number 5:
The value of option 18 is 81. You have 10 choices to make in this environment.
You press <<18>> and receive 79 points.
You press <<17>> and receive 58 points.
You press <<19>> and receive 67 points.
You press <<18>> and receive 79 points.
You press <<18>> and receive 78 points.
You press <<18>> and receive 79 points.
You press <<18>> and receive 79 points.
You press <<18>> and receive 78 points.
You press <<18>> and receive 78 points.
You press <<18>> and receive 78 points.

Environment number 6:
The value of option 13 is 67. You have 5 choices to make in this environment.
You press <<13>> and receive 67 points.
You press <<12>> and receive 56 points.
You press <<13>> and receive 66 points.
You press <<13>> and receive 66 points.
You press <<13>> and receive 66 points.

Environment number 7:
The value of option 17 is 14. You have 5 choices to make in this environment.
You press <<9>> and receive 59 points.
You press <<9>> and receive 57 points.
You press <<9>> and receive 60 points.
You press <<9>> and receive 58 points.
You press <<9>> and receive 59 points.

Environment number 8:
The value of option 5 is 38. You have 10 choices to make in this environment.
You press <<3>> and receive 27 points.
You press <<8>> and receive 75 points.
You press <<8>> and receive 76 points.
You press <<8>> and receive 74 points.
You press <<8>> and receive 76 points.
You press <<8>> and receive 78 points.
You press <<8>> and receive 76 points.
You press <<8>> and receive 78 points.
You press <<8>> and receive 79 points.
You press <<8>> and receive 78 points.

Environment number 9:
The value of option 23 is 33. You have 10 choices to make in this environment.
You press <<23>> and receive 34 points.
You press <<15>> and receive 14 points.
You press <<5>> and receive 15 points.
You press <<2>> and receive 0 points.
You press <<",68
9,29,6,22,1,rough,23,10,33,61,"You will be presented with a series of 16 different environments to explore.
In each trial, you can select an option between numbers 1 and 30 by pressing the corresponding key.
By selecting any of these options, you will earn points associated with each unique option.
Imagine these options 1 through 30 as lying next to each other in an ordered line; options closer to each other tend to have similar rewards as rewards tend to cluster together.
For each environment, you will be able to make either 5 or 10 choices.
When you made all your choices in a given environment, you will start making choices in the next unexplored environment.
The rewards underlying the different options are different in each environment so you will learn them anew for each environment.
Each environment starts with the value of a single option revealed.
When you choose the number corresponding to a different option, you will be told the value of that option and receive those points.
Previously revealed options, including the starting option, can also be reselected, although there may be small changes in the point value.
It is your task to to learn where the largest reward is in each of the 16 environments.

Environment number 1:
The value of option 17 is 38. You have 10 choices to make in this environment.
You press <<13>> and receive 45 points.
You press <<9>> and receive 53 points.
You press <<6>> and receive 55 points.
You press <<4>> and receive 47 points.
You press <<2>> and receive 46 points.
You press <<23>> and receive 43 points.
You press <<24>> and receive 30 points.
You press <<22>> and receive 67 points.
You press <<21>> and receive 61 points.
You press <<20>> and receive 74 points.

Environment number 2:
The value of option 27 is 18. You have 5 choices to make in this environment.
You press <<13>> and receive 61 points.
You press <<13>> and receive 62 points.
You press <<14>> and receive 60 points.
You press <<15>> and receive 33 points.
You press <<12>> and receive 50 points.

Environment number 3:
The value of option 14 is 58. You have 10 choices to make in this environment.
You press <<14>> and receive 57 points.
You press <<8>> and receive 34 points.
You press <<5>> and receive 6 points.
You press <<25>> and receive 35 points.
You press <<20>> and receive 12 points.
You press <<14>> and receive 59 points.
You press <<14>> and receive 58 points.
You press <<14>> and receive 58 points.
You press <<14>> and receive 58 points.
You press <<14>> and receive 57 points.

Environment number 4:
The value of option 15 is 1. You have 10 choices to make in this environment.
You press <<5>> and receive 59 points.
You press <<6>> and receive 46 points.
You press <<3>> and receive 47 points.
You press <<5>> and receive 56 points.
You press <<23>> and receive 45 points.
You press <<21>> and receive 44 points.
You press <<25>> and receive 25 points.
You press <<15>> and receive 0 points.
You press <<5>> and receive 57 points.
You press <<5>> and receive 57 points.

Environment number 5:
The value of option 18 is 81. You have 10 choices to make in this environment.
You press <<18>> and receive 79 points.
You press <<17>> and receive 58 points.
You press <<19>> and receive 67 points.
You press <<18>> and receive 79 points.
You press <<18>> and receive 78 points.
You press <<18>> and receive 79 points.
You press <<18>> and receive 79 points.
You press <<18>> and receive 78 points.
You press <<18>> and receive 78 points.
You press <<18>> and receive 78 points.

Environment number 6:
The value of option 13 is 67. You have 5 choices to make in this environment.
You press <<13>> and receive 67 points.
You press <<12>> and receive 56 points.
You press <<13>> and receive 66 points.
You press <<13>> and receive 66 points.
You press <<13>> and receive 66 points.

Environment number 7:
The value of option 17 is 14. You have 5 choices to make in this environment.
You press <<9>> and receive 59 points.
You press <<9>> and receive 57 points.
You press <<9>> and receive 60 points.
You press <<9>> and receive 58 points.
You press <<9>> and receive 59 points.

Environment number 8:
The value of option 5 is 38. You have 10 choices to make in this environment.
You press <<3>> and receive 27 points.
You press <<8>> and receive 75 points.
You press <<8>> and receive 76 points.
You press <<8>> and receive 74 points.
You press <<8>> and receive 76 points.
You press <<8>> and receive 78 points.
You press <<8>> and receive 76 points.
You press <<8>> and receive 78 points.
You press <<8>> and receive 79 points.
You press <<8>> and receive 78 points.

Environment number 9:
The value of option 23 is 33. You have 10 choices to make in this environment.
You press <<23>> and receive 34 points.
You press <<15>> and receive 14 points.
You press <<5>> and receive 15 points.
You press <<2>> and receive 0 points.
You press <<28>> and receive 33 points.
You press <<",68
9,29,7,22,1,rough,23,10,33,62,"You will be presented with a series of 16 different environments to explore.
In each trial, you can select an option between numbers 1 and 30 by pressing the corresponding key.
By selecting any of these options, you will earn points associated with each unique option.
Imagine these options 1 through 30 as lying next to each other in an ordered line; options closer to each other tend to have similar rewards as rewards tend to cluster together.
For each environment, you will be able to make either 5 or 10 choices.
When you made all your choices in a given environment, you will start making choices in the next unexplored environment.
The rewards underlying the different options are different in each environment so you will learn them anew for each environment.
Each environment starts with the value of a single option revealed.
When you choose the number corresponding to a different option, you will be told the value of that option and receive those points.
Previously revealed options, including the starting option, can also be reselected, although there may be small changes in the point value.
It is your task to to learn where the largest reward is in each of the 16 environments.

Environment number 1:
The value of option 17 is 38. You have 10 choices to make in this environment.
You press <<13>> and receive 45 points.
You press <<9>> and receive 53 points.
You press <<6>> and receive 55 points.
You press <<4>> and receive 47 points.
You press <<2>> and receive 46 points.
You press <<23>> and receive 43 points.
You press <<24>> and receive 30 points.
You press <<22>> and receive 67 points.
You press <<21>> and receive 61 points.
You press <<20>> and receive 74 points.

Environment number 2:
The value of option 27 is 18. You have 5 choices to make in this environment.
You press <<13>> and receive 61 points.
You press <<13>> and receive 62 points.
You press <<14>> and receive 60 points.
You press <<15>> and receive 33 points.
You press <<12>> and receive 50 points.

Environment number 3:
The value of option 14 is 58. You have 10 choices to make in this environment.
You press <<14>> and receive 57 points.
You press <<8>> and receive 34 points.
You press <<5>> and receive 6 points.
You press <<25>> and receive 35 points.
You press <<20>> and receive 12 points.
You press <<14>> and receive 59 points.
You press <<14>> and receive 58 points.
You press <<14>> and receive 58 points.
You press <<14>> and receive 58 points.
You press <<14>> and receive 57 points.

Environment number 4:
The value of option 15 is 1. You have 10 choices to make in this environment.
You press <<5>> and receive 59 points.
You press <<6>> and receive 46 points.
You press <<3>> and receive 47 points.
You press <<5>> and receive 56 points.
You press <<23>> and receive 45 points.
You press <<21>> and receive 44 points.
You press <<25>> and receive 25 points.
You press <<15>> and receive 0 points.
You press <<5>> and receive 57 points.
You press <<5>> and receive 57 points.

Environment number 5:
The value of option 18 is 81. You have 10 choices to make in this environment.
You press <<18>> and receive 79 points.
You press <<17>> and receive 58 points.
You press <<19>> and receive 67 points.
You press <<18>> and receive 79 points.
You press <<18>> and receive 78 points.
You press <<18>> and receive 79 points.
You press <<18>> and receive 79 points.
You press <<18>> and receive 78 points.
You press <<18>> and receive 78 points.
You press <<18>> and receive 78 points.

Environment number 6:
The value of option 13 is 67. You have 5 choices to make in this environment.
You press <<13>> and receive 67 points.
You press <<12>> and receive 56 points.
You press <<13>> and receive 66 points.
You press <<13>> and receive 66 points.
You press <<13>> and receive 66 points.

Environment number 7:
The value of option 17 is 14. You have 5 choices to make in this environment.
You press <<9>> and receive 59 points.
You press <<9>> and receive 57 points.
You press <<9>> and receive 60 points.
You press <<9>> and receive 58 points.
You press <<9>> and receive 59 points.

Environment number 8:
The value of option 5 is 38. You have 10 choices to make in this environment.
You press <<3>> and receive 27 points.
You press <<8>> and receive 75 points.
You press <<8>> and receive 76 points.
You press <<8>> and receive 74 points.
You press <<8>> and receive 76 points.
You press <<8>> and receive 78 points.
You press <<8>> and receive 76 points.
You press <<8>> and receive 78 points.
You press <<8>> and receive 79 points.
You press <<8>> and receive 78 points.

Environment number 9:
The value of option 23 is 33. You have 10 choices to make in this environment.
You press <<23>> and receive 34 points.
You press <<15>> and receive 14 points.
You press <<5>> and receive 15 points.
You press <<2>> and receive 0 points.
You press <<28>> and receive 33 points.
You press <<22>> and receive 61 points.
You press <<",68
9,29,8,22,1,rough,23,10,33,59,"You will be presented with a series of 16 different environments to explore.
In each trial, you can select an option between numbers 1 and 30 by pressing the corresponding key.
By selecting any of these options, you will earn points associated with each unique option.
Imagine these options 1 through 30 as lying next to each other in an ordered line; options closer to each other tend to have similar rewards as rewards tend to cluster together.
For each environment, you will be able to make either 5 or 10 choices.
When you made all your choices in a given environment, you will start making choices in the next unexplored environment.
The rewards underlying the different options are different in each environment so you will learn them anew for each environment.
Each environment starts with the value of a single option revealed.
When you choose the number corresponding to a different option, you will be told the value of that option and receive those points.
Previously revealed options, including the starting option, can also be reselected, although there may be small changes in the point value.
It is your task to to learn where the largest reward is in each of the 16 environments.

Environment number 1:
The value of option 17 is 38. You have 10 choices to make in this environment.
You press <<13>> and receive 45 points.
You press <<9>> and receive 53 points.
You press <<6>> and receive 55 points.
You press <<4>> and receive 47 points.
You press <<2>> and receive 46 points.
You press <<23>> and receive 43 points.
You press <<24>> and receive 30 points.
You press <<22>> and receive 67 points.
You press <<21>> and receive 61 points.
You press <<20>> and receive 74 points.

Environment number 2:
The value of option 27 is 18. You have 5 choices to make in this environment.
You press <<13>> and receive 61 points.
You press <<13>> and receive 62 points.
You press <<14>> and receive 60 points.
You press <<15>> and receive 33 points.
You press <<12>> and receive 50 points.

Environment number 3:
The value of option 14 is 58. You have 10 choices to make in this environment.
You press <<14>> and receive 57 points.
You press <<8>> and receive 34 points.
You press <<5>> and receive 6 points.
You press <<25>> and receive 35 points.
You press <<20>> and receive 12 points.
You press <<14>> and receive 59 points.
You press <<14>> and receive 58 points.
You press <<14>> and receive 58 points.
You press <<14>> and receive 58 points.
You press <<14>> and receive 57 points.

Environment number 4:
The value of option 15 is 1. You have 10 choices to make in this environment.
You press <<5>> and receive 59 points.
You press <<6>> and receive 46 points.
You press <<3>> and receive 47 points.
You press <<5>> and receive 56 points.
You press <<23>> and receive 45 points.
You press <<21>> and receive 44 points.
You press <<25>> and receive 25 points.
You press <<15>> and receive 0 points.
You press <<5>> and receive 57 points.
You press <<5>> and receive 57 points.

Environment number 5:
The value of option 18 is 81. You have 10 choices to make in this environment.
You press <<18>> and receive 79 points.
You press <<17>> and receive 58 points.
You press <<19>> and receive 67 points.
You press <<18>> and receive 79 points.
You press <<18>> and receive 78 points.
You press <<18>> and receive 79 points.
You press <<18>> and receive 79 points.
You press <<18>> and receive 78 points.
You press <<18>> and receive 78 points.
You press <<18>> and receive 78 points.

Environment number 6:
The value of option 13 is 67. You have 5 choices to make in this environment.
You press <<13>> and receive 67 points.
You press <<12>> and receive 56 points.
You press <<13>> and receive 66 points.
You press <<13>> and receive 66 points.
You press <<13>> and receive 66 points.

Environment number 7:
The value of option 17 is 14. You have 5 choices to make in this environment.
You press <<9>> and receive 59 points.
You press <<9>> and receive 57 points.
You press <<9>> and receive 60 points.
You press <<9>> and receive 58 points.
You press <<9>> and receive 59 points.

Environment number 8:
The value of option 5 is 38. You have 10 choices to make in this environment.
You press <<3>> and receive 27 points.
You press <<8>> and receive 75 points.
You press <<8>> and receive 76 points.
You press <<8>> and receive 74 points.
You press <<8>> and receive 76 points.
You press <<8>> and receive 78 points.
You press <<8>> and receive 76 points.
You press <<8>> and receive 78 points.
You press <<8>> and receive 79 points.
You press <<8>> and receive 78 points.

Environment number 9:
The value of option 23 is 33. You have 10 choices to make in this environment.
You press <<23>> and receive 34 points.
You press <<15>> and receive 14 points.
You press <<5>> and receive 15 points.
You press <<2>> and receive 0 points.
You press <<28>> and receive 33 points.
You press <<22>> and receive 61 points.
You press <<22>> and receive 62 points.
You press <<",68
9,29,9,22,1,rough,23,10,33,60,"You will be presented with a series of 16 different environments to explore.
In each trial, you can select an option between numbers 1 and 30 by pressing the corresponding key.
By selecting any of these options, you will earn points associated with each unique option.
Imagine these options 1 through 30 as lying next to each other in an ordered line; options closer to each other tend to have similar rewards as rewards tend to cluster together.
For each environment, you will be able to make either 5 or 10 choices.
When you made all your choices in a given environment, you will start making choices in the next unexplored environment.
The rewards underlying the different options are different in each environment so you will learn them anew for each environment.
Each environment starts with the value of a single option revealed.
When you choose the number corresponding to a different option, you will be told the value of that option and receive those points.
Previously revealed options, including the starting option, can also be reselected, although there may be small changes in the point value.
It is your task to to learn where the largest reward is in each of the 16 environments.

Environment number 1:
The value of option 17 is 38. You have 10 choices to make in this environment.
You press <<13>> and receive 45 points.
You press <<9>> and receive 53 points.
You press <<6>> and receive 55 points.
You press <<4>> and receive 47 points.
You press <<2>> and receive 46 points.
You press <<23>> and receive 43 points.
You press <<24>> and receive 30 points.
You press <<22>> and receive 67 points.
You press <<21>> and receive 61 points.
You press <<20>> and receive 74 points.

Environment number 2:
The value of option 27 is 18. You have 5 choices to make in this environment.
You press <<13>> and receive 61 points.
You press <<13>> and receive 62 points.
You press <<14>> and receive 60 points.
You press <<15>> and receive 33 points.
You press <<12>> and receive 50 points.

Environment number 3:
The value of option 14 is 58. You have 10 choices to make in this environment.
You press <<14>> and receive 57 points.
You press <<8>> and receive 34 points.
You press <<5>> and receive 6 points.
You press <<25>> and receive 35 points.
You press <<20>> and receive 12 points.
You press <<14>> and receive 59 points.
You press <<14>> and receive 58 points.
You press <<14>> and receive 58 points.
You press <<14>> and receive 58 points.
You press <<14>> and receive 57 points.

Environment number 4:
The value of option 15 is 1. You have 10 choices to make in this environment.
You press <<5>> and receive 59 points.
You press <<6>> and receive 46 points.
You press <<3>> and receive 47 points.
You press <<5>> and receive 56 points.
You press <<23>> and receive 45 points.
You press <<21>> and receive 44 points.
You press <<25>> and receive 25 points.
You press <<15>> and receive 0 points.
You press <<5>> and receive 57 points.
You press <<5>> and receive 57 points.

Environment number 5:
The value of option 18 is 81. You have 10 choices to make in this environment.
You press <<18>> and receive 79 points.
You press <<17>> and receive 58 points.
You press <<19>> and receive 67 points.
You press <<18>> and receive 79 points.
You press <<18>> and receive 78 points.
You press <<18>> and receive 79 points.
You press <<18>> and receive 79 points.
You press <<18>> and receive 78 points.
You press <<18>> and receive 78 points.
You press <<18>> and receive 78 points.

Environment number 6:
The value of option 13 is 67. You have 5 choices to make in this environment.
You press <<13>> and receive 67 points.
You press <<12>> and receive 56 points.
You press <<13>> and receive 66 points.
You press <<13>> and receive 66 points.
You press <<13>> and receive 66 points.

Environment number 7:
The value of option 17 is 14. You have 5 choices to make in this environment.
You press <<9>> and receive 59 points.
You press <<9>> and receive 57 points.
You press <<9>> and receive 60 points.
You press <<9>> and receive 58 points.
You press <<9>> and receive 59 points.

Environment number 8:
The value of option 5 is 38. You have 10 choices to make in this environment.
You press <<3>> and receive 27 points.
You press <<8>> and receive 75 points.
You press <<8>> and receive 76 points.
You press <<8>> and receive 74 points.
You press <<8>> and receive 76 points.
You press <<8>> and receive 78 points.
You press <<8>> and receive 76 points.
You press <<8>> and receive 78 points.
You press <<8>> and receive 79 points.
You press <<8>> and receive 78 points.

Environment number 9:
The value of option 23 is 33. You have 10 choices to make in this environment.
You press <<23>> and receive 34 points.
You press <<15>> and receive 14 points.
You press <<5>> and receive 15 points.
You press <<2>> and receive 0 points.
You press <<28>> and receive 33 points.
You press <<22>> and receive 61 points.
You press <<22>> and receive 62 points.
You press <<22>> and receive 59 points.
You press <<",68
9,29,10,22,1,rough,23,10,33,59,"You will be presented with a series of 16 different environments to explore.
In each trial, you can select an option between numbers 1 and 30 by pressing the corresponding key.
By selecting any of these options, you will earn points associated with each unique option.
Imagine these options 1 through 30 as lying next to each other in an ordered line; options closer to each other tend to have similar rewards as rewards tend to cluster together.
For each environment, you will be able to make either 5 or 10 choices.
When you made all your choices in a given environment, you will start making choices in the next unexplored environment.
The rewards underlying the different options are different in each environment so you will learn them anew for each environment.
Each environment starts with the value of a single option revealed.
When you choose the number corresponding to a different option, you will be told the value of that option and receive those points.
Previously revealed options, including the starting option, can also be reselected, although there may be small changes in the point value.
It is your task to to learn where the largest reward is in each of the 16 environments.

Environment number 1:
The value of option 17 is 38. You have 10 choices to make in this environment.
You press <<13>> and receive 45 points.
You press <<9>> and receive 53 points.
You press <<6>> and receive 55 points.
You press <<4>> and receive 47 points.
You press <<2>> and receive 46 points.
You press <<23>> and receive 43 points.
You press <<24>> and receive 30 points.
You press <<22>> and receive 67 points.
You press <<21>> and receive 61 points.
You press <<20>> and receive 74 points.

Environment number 2:
The value of option 27 is 18. You have 5 choices to make in this environment.
You press <<13>> and receive 61 points.
You press <<13>> and receive 62 points.
You press <<14>> and receive 60 points.
You press <<15>> and receive 33 points.
You press <<12>> and receive 50 points.

Environment number 3:
The value of option 14 is 58. You have 10 choices to make in this environment.
You press <<14>> and receive 57 points.
You press <<8>> and receive 34 points.
You press <<5>> and receive 6 points.
You press <<25>> and receive 35 points.
You press <<20>> and receive 12 points.
You press <<14>> and receive 59 points.
You press <<14>> and receive 58 points.
You press <<14>> and receive 58 points.
You press <<14>> and receive 58 points.
You press <<14>> and receive 57 points.

Environment number 4:
The value of option 15 is 1. You have 10 choices to make in this environment.
You press <<5>> and receive 59 points.
You press <<6>> and receive 46 points.
You press <<3>> and receive 47 points.
You press <<5>> and receive 56 points.
You press <<23>> and receive 45 points.
You press <<21>> and receive 44 points.
You press <<25>> and receive 25 points.
You press <<15>> and receive 0 points.
You press <<5>> and receive 57 points.
You press <<5>> and receive 57 points.

Environment number 5:
The value of option 18 is 81. You have 10 choices to make in this environment.
You press <<18>> and receive 79 points.
You press <<17>> and receive 58 points.
You press <<19>> and receive 67 points.
You press <<18>> and receive 79 points.
You press <<18>> and receive 78 points.
You press <<18>> and receive 79 points.
You press <<18>> and receive 79 points.
You press <<18>> and receive 78 points.
You press <<18>> and receive 78 points.
You press <<18>> and receive 78 points.

Environment number 6:
The value of option 13 is 67. You have 5 choices to make in this environment.
You press <<13>> and receive 67 points.
You press <<12>> and receive 56 points.
You press <<13>> and receive 66 points.
You press <<13>> and receive 66 points.
You press <<13>> and receive 66 points.

Environment number 7:
The value of option 17 is 14. You have 5 choices to make in this environment.
You press <<9>> and receive 59 points.
You press <<9>> and receive 57 points.
You press <<9>> and receive 60 points.
You press <<9>> and receive 58 points.
You press <<9>> and receive 59 points.

Environment number 8:
The value of option 5 is 38. You have 10 choices to make in this environment.
You press <<3>> and receive 27 points.
You press <<8>> and receive 75 points.
You press <<8>> and receive 76 points.
You press <<8>> and receive 74 points.
You press <<8>> and receive 76 points.
You press <<8>> and receive 78 points.
You press <<8>> and receive 76 points.
You press <<8>> and receive 78 points.
You press <<8>> and receive 79 points.
You press <<8>> and receive 78 points.

Environment number 9:
The value of option 23 is 33. You have 10 choices to make in this environment.
You press <<23>> and receive 34 points.
You press <<15>> and receive 14 points.
You press <<5>> and receive 15 points.
You press <<2>> and receive 0 points.
You press <<28>> and receive 33 points.
You press <<22>> and receive 61 points.
You press <<22>> and receive 62 points.
You press <<22>> and receive 59 points.
You press <<22>> and receive 60 points.
You press <<",68
10,18,1,22,1,rough,22,5,55,54,"You will be presented with a series of 16 different environments to explore.
In each trial, you can select an option between numbers 1 and 30 by pressing the corresponding key.
By selecting any of these options, you will earn points associated with each unique option.
Imagine these options 1 through 30 as lying next to each other in an ordered line; options closer to each other tend to have similar rewards as rewards tend to cluster together.
For each environment, you will be able to make either 5 or 10 choices.
When you made all your choices in a given environment, you will start making choices in the next unexplored environment.
The rewards underlying the different options are different in each environment so you will learn them anew for each environment.
Each environment starts with the value of a single option revealed.
When you choose the number corresponding to a different option, you will be told the value of that option and receive those points.
Previously revealed options, including the starting option, can also be reselected, although there may be small changes in the point value.
It is your task to to learn where the largest reward is in each of the 16 environments.

Environment number 1:
The value of option 17 is 38. You have 10 choices to make in this environment.
You press <<13>> and receive 45 points.
You press <<9>> and receive 53 points.
You press <<6>> and receive 55 points.
You press <<4>> and receive 47 points.
You press <<2>> and receive 46 points.
You press <<23>> and receive 43 points.
You press <<24>> and receive 30 points.
You press <<22>> and receive 67 points.
You press <<21>> and receive 61 points.
You press <<20>> and receive 74 points.

Environment number 2:
The value of option 27 is 18. You have 5 choices to make in this environment.
You press <<13>> and receive 61 points.
You press <<13>> and receive 62 points.
You press <<14>> and receive 60 points.
You press <<15>> and receive 33 points.
You press <<12>> and receive 50 points.

Environment number 3:
The value of option 14 is 58. You have 10 choices to make in this environment.
You press <<14>> and receive 57 points.
You press <<8>> and receive 34 points.
You press <<5>> and receive 6 points.
You press <<25>> and receive 35 points.
You press <<20>> and receive 12 points.
You press <<14>> and receive 59 points.
You press <<14>> and receive 58 points.
You press <<14>> and receive 58 points.
You press <<14>> and receive 58 points.
You press <<14>> and receive 57 points.

Environment number 4:
The value of option 15 is 1. You have 10 choices to make in this environment.
You press <<5>> and receive 59 points.
You press <<6>> and receive 46 points.
You press <<3>> and receive 47 points.
You press <<5>> and receive 56 points.
You press <<23>> and receive 45 points.
You press <<21>> and receive 44 points.
You press <<25>> and receive 25 points.
You press <<15>> and receive 0 points.
You press <<5>> and receive 57 points.
You press <<5>> and receive 57 points.

Environment number 5:
The value of option 18 is 81. You have 10 choices to make in this environment.
You press <<18>> and receive 79 points.
You press <<17>> and receive 58 points.
You press <<19>> and receive 67 points.
You press <<18>> and receive 79 points.
You press <<18>> and receive 78 points.
You press <<18>> and receive 79 points.
You press <<18>> and receive 79 points.
You press <<18>> and receive 78 points.
You press <<18>> and receive 78 points.
You press <<18>> and receive 78 points.

Environment number 6:
The value of option 13 is 67. You have 5 choices to make in this environment.
You press <<13>> and receive 67 points.
You press <<12>> and receive 56 points.
You press <<13>> and receive 66 points.
You press <<13>> and receive 66 points.
You press <<13>> and receive 66 points.

Environment number 7:
The value of option 17 is 14. You have 5 choices to make in this environment.
You press <<9>> and receive 59 points.
You press <<9>> and receive 57 points.
You press <<9>> and receive 60 points.
You press <<9>> and receive 58 points.
You press <<9>> and receive 59 points.

Environment number 8:
The value of option 5 is 38. You have 10 choices to make in this environment.
You press <<3>> and receive 27 points.
You press <<8>> and receive 75 points.
You press <<8>> and receive 76 points.
You press <<8>> and receive 74 points.
You press <<8>> and receive 76 points.
You press <<8>> and receive 78 points.
You press <<8>> and receive 76 points.
You press <<8>> and receive 78 points.
You press <<8>> and receive 79 points.
You press <<8>> and receive 78 points.

Environment number 9:
The value of option 23 is 33. You have 10 choices to make in this environment.
You press <<23>> and receive 34 points.
You press <<15>> and receive 14 points.
You press <<5>> and receive 15 points.
You press <<2>> and receive 0 points.
You press <<28>> and receive 33 points.
You press <<22>> and receive 61 points.
You press <<22>> and receive 62 points.
You press <<22>> and receive 59 points.
You press <<22>> and receive 60 points.
You press <<22>> and receive 59 points.

Environment number 10:
The value of option 22 is 55. You have 5 choices to make in this environment.
You press <<",68
10,18,2,22,1,rough,22,5,55,55,"You will be presented with a series of 16 different environments to explore.
In each trial, you can select an option between numbers 1 and 30 by pressing the corresponding key.
By selecting any of these options, you will earn points associated with each unique option.
Imagine these options 1 through 30 as lying next to each other in an ordered line; options closer to each other tend to have similar rewards as rewards tend to cluster together.
For each environment, you will be able to make either 5 or 10 choices.
When you made all your choices in a given environment, you will start making choices in the next unexplored environment.
The rewards underlying the different options are different in each environment so you will learn them anew for each environment.
Each environment starts with the value of a single option revealed.
When you choose the number corresponding to a different option, you will be told the value of that option and receive those points.
Previously revealed options, including the starting option, can also be reselected, although there may be small changes in the point value.
It is your task to to learn where the largest reward is in each of the 16 environments.

Environment number 1:
The value of option 17 is 38. You have 10 choices to make in this environment.
You press <<13>> and receive 45 points.
You press <<9>> and receive 53 points.
You press <<6>> and receive 55 points.
You press <<4>> and receive 47 points.
You press <<2>> and receive 46 points.
You press <<23>> and receive 43 points.
You press <<24>> and receive 30 points.
You press <<22>> and receive 67 points.
You press <<21>> and receive 61 points.
You press <<20>> and receive 74 points.

Environment number 2:
The value of option 27 is 18. You have 5 choices to make in this environment.
You press <<13>> and receive 61 points.
You press <<13>> and receive 62 points.
You press <<14>> and receive 60 points.
You press <<15>> and receive 33 points.
You press <<12>> and receive 50 points.

Environment number 3:
The value of option 14 is 58. You have 10 choices to make in this environment.
You press <<14>> and receive 57 points.
You press <<8>> and receive 34 points.
You press <<5>> and receive 6 points.
You press <<25>> and receive 35 points.
You press <<20>> and receive 12 points.
You press <<14>> and receive 59 points.
You press <<14>> and receive 58 points.
You press <<14>> and receive 58 points.
You press <<14>> and receive 58 points.
You press <<14>> and receive 57 points.

Environment number 4:
The value of option 15 is 1. You have 10 choices to make in this environment.
You press <<5>> and receive 59 points.
You press <<6>> and receive 46 points.
You press <<3>> and receive 47 points.
You press <<5>> and receive 56 points.
You press <<23>> and receive 45 points.
You press <<21>> and receive 44 points.
You press <<25>> and receive 25 points.
You press <<15>> and receive 0 points.
You press <<5>> and receive 57 points.
You press <<5>> and receive 57 points.

Environment number 5:
The value of option 18 is 81. You have 10 choices to make in this environment.
You press <<18>> and receive 79 points.
You press <<17>> and receive 58 points.
You press <<19>> and receive 67 points.
You press <<18>> and receive 79 points.
You press <<18>> and receive 78 points.
You press <<18>> and receive 79 points.
You press <<18>> and receive 79 points.
You press <<18>> and receive 78 points.
You press <<18>> and receive 78 points.
You press <<18>> and receive 78 points.

Environment number 6:
The value of option 13 is 67. You have 5 choices to make in this environment.
You press <<13>> and receive 67 points.
You press <<12>> and receive 56 points.
You press <<13>> and receive 66 points.
You press <<13>> and receive 66 points.
You press <<13>> and receive 66 points.

Environment number 7:
The value of option 17 is 14. You have 5 choices to make in this environment.
You press <<9>> and receive 59 points.
You press <<9>> and receive 57 points.
You press <<9>> and receive 60 points.
You press <<9>> and receive 58 points.
You press <<9>> and receive 59 points.

Environment number 8:
The value of option 5 is 38. You have 10 choices to make in this environment.
You press <<3>> and receive 27 points.
You press <<8>> and receive 75 points.
You press <<8>> and receive 76 points.
You press <<8>> and receive 74 points.
You press <<8>> and receive 76 points.
You press <<8>> and receive 78 points.
You press <<8>> and receive 76 points.
You press <<8>> and receive 78 points.
You press <<8>> and receive 79 points.
You press <<8>> and receive 78 points.

Environment number 9:
The value of option 23 is 33. You have 10 choices to make in this environment.
You press <<23>> and receive 34 points.
You press <<15>> and receive 14 points.
You press <<5>> and receive 15 points.
You press <<2>> and receive 0 points.
You press <<28>> and receive 33 points.
You press <<22>> and receive 61 points.
You press <<22>> and receive 62 points.
You press <<22>> and receive 59 points.
You press <<22>> and receive 60 points.
You press <<22>> and receive 59 points.

Environment number 10:
The value of option 22 is 55. You have 5 choices to make in this environment.
You press <<22>> and receive 54 points.
You press <<",68
10,18,3,22,1,rough,22,5,55,53,"You will be presented with a series of 16 different environments to explore.
In each trial, you can select an option between numbers 1 and 30 by pressing the corresponding key.
By selecting any of these options, you will earn points associated with each unique option.
Imagine these options 1 through 30 as lying next to each other in an ordered line; options closer to each other tend to have similar rewards as rewards tend to cluster together.
For each environment, you will be able to make either 5 or 10 choices.
When you made all your choices in a given environment, you will start making choices in the next unexplored environment.
The rewards underlying the different options are different in each environment so you will learn them anew for each environment.
Each environment starts with the value of a single option revealed.
When you choose the number corresponding to a different option, you will be told the value of that option and receive those points.
Previously revealed options, including the starting option, can also be reselected, although there may be small changes in the point value.
It is your task to to learn where the largest reward is in each of the 16 environments.

Environment number 1:
The value of option 17 is 38. You have 10 choices to make in this environment.
You press <<13>> and receive 45 points.
You press <<9>> and receive 53 points.
You press <<6>> and receive 55 points.
You press <<4>> and receive 47 points.
You press <<2>> and receive 46 points.
You press <<23>> and receive 43 points.
You press <<24>> and receive 30 points.
You press <<22>> and receive 67 points.
You press <<21>> and receive 61 points.
You press <<20>> and receive 74 points.

Environment number 2:
The value of option 27 is 18. You have 5 choices to make in this environment.
You press <<13>> and receive 61 points.
You press <<13>> and receive 62 points.
You press <<14>> and receive 60 points.
You press <<15>> and receive 33 points.
You press <<12>> and receive 50 points.

Environment number 3:
The value of option 14 is 58. You have 10 choices to make in this environment.
You press <<14>> and receive 57 points.
You press <<8>> and receive 34 points.
You press <<5>> and receive 6 points.
You press <<25>> and receive 35 points.
You press <<20>> and receive 12 points.
You press <<14>> and receive 59 points.
You press <<14>> and receive 58 points.
You press <<14>> and receive 58 points.
You press <<14>> and receive 58 points.
You press <<14>> and receive 57 points.

Environment number 4:
The value of option 15 is 1. You have 10 choices to make in this environment.
You press <<5>> and receive 59 points.
You press <<6>> and receive 46 points.
You press <<3>> and receive 47 points.
You press <<5>> and receive 56 points.
You press <<23>> and receive 45 points.
You press <<21>> and receive 44 points.
You press <<25>> and receive 25 points.
You press <<15>> and receive 0 points.
You press <<5>> and receive 57 points.
You press <<5>> and receive 57 points.

Environment number 5:
The value of option 18 is 81. You have 10 choices to make in this environment.
You press <<18>> and receive 79 points.
You press <<17>> and receive 58 points.
You press <<19>> and receive 67 points.
You press <<18>> and receive 79 points.
You press <<18>> and receive 78 points.
You press <<18>> and receive 79 points.
You press <<18>> and receive 79 points.
You press <<18>> and receive 78 points.
You press <<18>> and receive 78 points.
You press <<18>> and receive 78 points.

Environment number 6:
The value of option 13 is 67. You have 5 choices to make in this environment.
You press <<13>> and receive 67 points.
You press <<12>> and receive 56 points.
You press <<13>> and receive 66 points.
You press <<13>> and receive 66 points.
You press <<13>> and receive 66 points.

Environment number 7:
The value of option 17 is 14. You have 5 choices to make in this environment.
You press <<9>> and receive 59 points.
You press <<9>> and receive 57 points.
You press <<9>> and receive 60 points.
You press <<9>> and receive 58 points.
You press <<9>> and receive 59 points.

Environment number 8:
The value of option 5 is 38. You have 10 choices to make in this environment.
You press <<3>> and receive 27 points.
You press <<8>> and receive 75 points.
You press <<8>> and receive 76 points.
You press <<8>> and receive 74 points.
You press <<8>> and receive 76 points.
You press <<8>> and receive 78 points.
You press <<8>> and receive 76 points.
You press <<8>> and receive 78 points.
You press <<8>> and receive 79 points.
You press <<8>> and receive 78 points.

Environment number 9:
The value of option 23 is 33. You have 10 choices to make in this environment.
You press <<23>> and receive 34 points.
You press <<15>> and receive 14 points.
You press <<5>> and receive 15 points.
You press <<2>> and receive 0 points.
You press <<28>> and receive 33 points.
You press <<22>> and receive 61 points.
You press <<22>> and receive 62 points.
You press <<22>> and receive 59 points.
You press <<22>> and receive 60 points.
You press <<22>> and receive 59 points.

Environment number 10:
The value of option 22 is 55. You have 5 choices to make in this environment.
You press <<22>> and receive 54 points.
You press <<22>> and receive 55 points.
You press <<",68
10,18,4,22,1,rough,22,5,55,55,"You will be presented with a series of 16 different environments to explore.
In each trial, you can select an option between numbers 1 and 30 by pressing the corresponding key.
By selecting any of these options, you will earn points associated with each unique option.
Imagine these options 1 through 30 as lying next to each other in an ordered line; options closer to each other tend to have similar rewards as rewards tend to cluster together.
For each environment, you will be able to make either 5 or 10 choices.
When you made all your choices in a given environment, you will start making choices in the next unexplored environment.
The rewards underlying the different options are different in each environment so you will learn them anew for each environment.
Each environment starts with the value of a single option revealed.
When you choose the number corresponding to a different option, you will be told the value of that option and receive those points.
Previously revealed options, including the starting option, can also be reselected, although there may be small changes in the point value.
It is your task to to learn where the largest reward is in each of the 16 environments.

Environment number 1:
The value of option 17 is 38. You have 10 choices to make in this environment.
You press <<13>> and receive 45 points.
You press <<9>> and receive 53 points.
You press <<6>> and receive 55 points.
You press <<4>> and receive 47 points.
You press <<2>> and receive 46 points.
You press <<23>> and receive 43 points.
You press <<24>> and receive 30 points.
You press <<22>> and receive 67 points.
You press <<21>> and receive 61 points.
You press <<20>> and receive 74 points.

Environment number 2:
The value of option 27 is 18. You have 5 choices to make in this environment.
You press <<13>> and receive 61 points.
You press <<13>> and receive 62 points.
You press <<14>> and receive 60 points.
You press <<15>> and receive 33 points.
You press <<12>> and receive 50 points.

Environment number 3:
The value of option 14 is 58. You have 10 choices to make in this environment.
You press <<14>> and receive 57 points.
You press <<8>> and receive 34 points.
You press <<5>> and receive 6 points.
You press <<25>> and receive 35 points.
You press <<20>> and receive 12 points.
You press <<14>> and receive 59 points.
You press <<14>> and receive 58 points.
You press <<14>> and receive 58 points.
You press <<14>> and receive 58 points.
You press <<14>> and receive 57 points.

Environment number 4:
The value of option 15 is 1. You have 10 choices to make in this environment.
You press <<5>> and receive 59 points.
You press <<6>> and receive 46 points.
You press <<3>> and receive 47 points.
You press <<5>> and receive 56 points.
You press <<23>> and receive 45 points.
You press <<21>> and receive 44 points.
You press <<25>> and receive 25 points.
You press <<15>> and receive 0 points.
You press <<5>> and receive 57 points.
You press <<5>> and receive 57 points.

Environment number 5:
The value of option 18 is 81. You have 10 choices to make in this environment.
You press <<18>> and receive 79 points.
You press <<17>> and receive 58 points.
You press <<19>> and receive 67 points.
You press <<18>> and receive 79 points.
You press <<18>> and receive 78 points.
You press <<18>> and receive 79 points.
You press <<18>> and receive 79 points.
You press <<18>> and receive 78 points.
You press <<18>> and receive 78 points.
You press <<18>> and receive 78 points.

Environment number 6:
The value of option 13 is 67. You have 5 choices to make in this environment.
You press <<13>> and receive 67 points.
You press <<12>> and receive 56 points.
You press <<13>> and receive 66 points.
You press <<13>> and receive 66 points.
You press <<13>> and receive 66 points.

Environment number 7:
The value of option 17 is 14. You have 5 choices to make in this environment.
You press <<9>> and receive 59 points.
You press <<9>> and receive 57 points.
You press <<9>> and receive 60 points.
You press <<9>> and receive 58 points.
You press <<9>> and receive 59 points.

Environment number 8:
The value of option 5 is 38. You have 10 choices to make in this environment.
You press <<3>> and receive 27 points.
You press <<8>> and receive 75 points.
You press <<8>> and receive 76 points.
You press <<8>> and receive 74 points.
You press <<8>> and receive 76 points.
You press <<8>> and receive 78 points.
You press <<8>> and receive 76 points.
You press <<8>> and receive 78 points.
You press <<8>> and receive 79 points.
You press <<8>> and receive 78 points.

Environment number 9:
The value of option 23 is 33. You have 10 choices to make in this environment.
You press <<23>> and receive 34 points.
You press <<15>> and receive 14 points.
You press <<5>> and receive 15 points.
You press <<2>> and receive 0 points.
You press <<28>> and receive 33 points.
You press <<22>> and receive 61 points.
You press <<22>> and receive 62 points.
You press <<22>> and receive 59 points.
You press <<22>> and receive 60 points.
You press <<22>> and receive 59 points.

Environment number 10:
The value of option 22 is 55. You have 5 choices to make in this environment.
You press <<22>> and receive 54 points.
You press <<22>> and receive 55 points.
You press <<22>> and receive 53 points.
You press <<",68
10,18,5,22,1,rough,22,5,55,54,"You will be presented with a series of 16 different environments to explore.
In each trial, you can select an option between numbers 1 and 30 by pressing the corresponding key.
By selecting any of these options, you will earn points associated with each unique option.
Imagine these options 1 through 30 as lying next to each other in an ordered line; options closer to each other tend to have similar rewards as rewards tend to cluster together.
For each environment, you will be able to make either 5 or 10 choices.
When you made all your choices in a given environment, you will start making choices in the next unexplored environment.
The rewards underlying the different options are different in each environment so you will learn them anew for each environment.
Each environment starts with the value of a single option revealed.
When you choose the number corresponding to a different option, you will be told the value of that option and receive those points.
Previously revealed options, including the starting option, can also be reselected, although there may be small changes in the point value.
It is your task to to learn where the largest reward is in each of the 16 environments.

Environment number 1:
The value of option 17 is 38. You have 10 choices to make in this environment.
You press <<13>> and receive 45 points.
You press <<9>> and receive 53 points.
You press <<6>> and receive 55 points.
You press <<4>> and receive 47 points.
You press <<2>> and receive 46 points.
You press <<23>> and receive 43 points.
You press <<24>> and receive 30 points.
You press <<22>> and receive 67 points.
You press <<21>> and receive 61 points.
You press <<20>> and receive 74 points.

Environment number 2:
The value of option 27 is 18. You have 5 choices to make in this environment.
You press <<13>> and receive 61 points.
You press <<13>> and receive 62 points.
You press <<14>> and receive 60 points.
You press <<15>> and receive 33 points.
You press <<12>> and receive 50 points.

Environment number 3:
The value of option 14 is 58. You have 10 choices to make in this environment.
You press <<14>> and receive 57 points.
You press <<8>> and receive 34 points.
You press <<5>> and receive 6 points.
You press <<25>> and receive 35 points.
You press <<20>> and receive 12 points.
You press <<14>> and receive 59 points.
You press <<14>> and receive 58 points.
You press <<14>> and receive 58 points.
You press <<14>> and receive 58 points.
You press <<14>> and receive 57 points.

Environment number 4:
The value of option 15 is 1. You have 10 choices to make in this environment.
You press <<5>> and receive 59 points.
You press <<6>> and receive 46 points.
You press <<3>> and receive 47 points.
You press <<5>> and receive 56 points.
You press <<23>> and receive 45 points.
You press <<21>> and receive 44 points.
You press <<25>> and receive 25 points.
You press <<15>> and receive 0 points.
You press <<5>> and receive 57 points.
You press <<5>> and receive 57 points.

Environment number 5:
The value of option 18 is 81. You have 10 choices to make in this environment.
You press <<18>> and receive 79 points.
You press <<17>> and receive 58 points.
You press <<19>> and receive 67 points.
You press <<18>> and receive 79 points.
You press <<18>> and receive 78 points.
You press <<18>> and receive 79 points.
You press <<18>> and receive 79 points.
You press <<18>> and receive 78 points.
You press <<18>> and receive 78 points.
You press <<18>> and receive 78 points.

Environment number 6:
The value of option 13 is 67. You have 5 choices to make in this environment.
You press <<13>> and receive 67 points.
You press <<12>> and receive 56 points.
You press <<13>> and receive 66 points.
You press <<13>> and receive 66 points.
You press <<13>> and receive 66 points.

Environment number 7:
The value of option 17 is 14. You have 5 choices to make in this environment.
You press <<9>> and receive 59 points.
You press <<9>> and receive 57 points.
You press <<9>> and receive 60 points.
You press <<9>> and receive 58 points.
You press <<9>> and receive 59 points.

Environment number 8:
The value of option 5 is 38. You have 10 choices to make in this environment.
You press <<3>> and receive 27 points.
You press <<8>> and receive 75 points.
You press <<8>> and receive 76 points.
You press <<8>> and receive 74 points.
You press <<8>> and receive 76 points.
You press <<8>> and receive 78 points.
You press <<8>> and receive 76 points.
You press <<8>> and receive 78 points.
You press <<8>> and receive 79 points.
You press <<8>> and receive 78 points.

Environment number 9:
The value of option 23 is 33. You have 10 choices to make in this environment.
You press <<23>> and receive 34 points.
You press <<15>> and receive 14 points.
You press <<5>> and receive 15 points.
You press <<2>> and receive 0 points.
You press <<28>> and receive 33 points.
You press <<22>> and receive 61 points.
You press <<22>> and receive 62 points.
You press <<22>> and receive 59 points.
You press <<22>> and receive 60 points.
You press <<22>> and receive 59 points.

Environment number 10:
The value of option 22 is 55. You have 5 choices to make in this environment.
You press <<22>> and receive 54 points.
You press <<22>> and receive 55 points.
You press <<22>> and receive 53 points.
You press <<22>> and receive 55 points.
You press <<",68
11,12,1,25,1,rough,29,5,50,28,"You will be presented with a series of 16 different environments to explore.
In each trial, you can select an option between numbers 1 and 30 by pressing the corresponding key.
By selecting any of these options, you will earn points associated with each unique option.
Imagine these options 1 through 30 as lying next to each other in an ordered line; options closer to each other tend to have similar rewards as rewards tend to cluster together.
For each environment, you will be able to make either 5 or 10 choices.
When you made all your choices in a given environment, you will start making choices in the next unexplored environment.
The rewards underlying the different options are different in each environment so you will learn them anew for each environment.
Each environment starts with the value of a single option revealed.
When you choose the number corresponding to a different option, you will be told the value of that option and receive those points.
Previously revealed options, including the starting option, can also be reselected, although there may be small changes in the point value.
It is your task to to learn where the largest reward is in each of the 16 environments.

Environment number 1:
The value of option 17 is 38. You have 10 choices to make in this environment.
You press <<13>> and receive 45 points.
You press <<9>> and receive 53 points.
You press <<6>> and receive 55 points.
You press <<4>> and receive 47 points.
You press <<2>> and receive 46 points.
You press <<23>> and receive 43 points.
You press <<24>> and receive 30 points.
You press <<22>> and receive 67 points.
You press <<21>> and receive 61 points.
You press <<20>> and receive 74 points.

Environment number 2:
The value of option 27 is 18. You have 5 choices to make in this environment.
You press <<13>> and receive 61 points.
You press <<13>> and receive 62 points.
You press <<14>> and receive 60 points.
You press <<15>> and receive 33 points.
You press <<12>> and receive 50 points.

Environment number 3:
The value of option 14 is 58. You have 10 choices to make in this environment.
You press <<14>> and receive 57 points.
You press <<8>> and receive 34 points.
You press <<5>> and receive 6 points.
You press <<25>> and receive 35 points.
You press <<20>> and receive 12 points.
You press <<14>> and receive 59 points.
You press <<14>> and receive 58 points.
You press <<14>> and receive 58 points.
You press <<14>> and receive 58 points.
You press <<14>> and receive 57 points.

Environment number 4:
The value of option 15 is 1. You have 10 choices to make in this environment.
You press <<5>> and receive 59 points.
You press <<6>> and receive 46 points.
You press <<3>> and receive 47 points.
You press <<5>> and receive 56 points.
You press <<23>> and receive 45 points.
You press <<21>> and receive 44 points.
You press <<25>> and receive 25 points.
You press <<15>> and receive 0 points.
You press <<5>> and receive 57 points.
You press <<5>> and receive 57 points.

Environment number 5:
The value of option 18 is 81. You have 10 choices to make in this environment.
You press <<18>> and receive 79 points.
You press <<17>> and receive 58 points.
You press <<19>> and receive 67 points.
You press <<18>> and receive 79 points.
You press <<18>> and receive 78 points.
You press <<18>> and receive 79 points.
You press <<18>> and receive 79 points.
You press <<18>> and receive 78 points.
You press <<18>> and receive 78 points.
You press <<18>> and receive 78 points.

Environment number 6:
The value of option 13 is 67. You have 5 choices to make in this environment.
You press <<13>> and receive 67 points.
You press <<12>> and receive 56 points.
You press <<13>> and receive 66 points.
You press <<13>> and receive 66 points.
You press <<13>> and receive 66 points.

Environment number 7:
The value of option 17 is 14. You have 5 choices to make in this environment.
You press <<9>> and receive 59 points.
You press <<9>> and receive 57 points.
You press <<9>> and receive 60 points.
You press <<9>> and receive 58 points.
You press <<9>> and receive 59 points.

Environment number 8:
The value of option 5 is 38. You have 10 choices to make in this environment.
You press <<3>> and receive 27 points.
You press <<8>> and receive 75 points.
You press <<8>> and receive 76 points.
You press <<8>> and receive 74 points.
You press <<8>> and receive 76 points.
You press <<8>> and receive 78 points.
You press <<8>> and receive 76 points.
You press <<8>> and receive 78 points.
You press <<8>> and receive 79 points.
You press <<8>> and receive 78 points.

Environment number 9:
The value of option 23 is 33. You have 10 choices to make in this environment.
You press <<23>> and receive 34 points.
You press <<15>> and receive 14 points.
You press <<5>> and receive 15 points.
You press <<2>> and receive 0 points.
You press <<28>> and receive 33 points.
You press <<22>> and receive 61 points.
You press <<22>> and receive 62 points.
You press <<22>> and receive 59 points.
You press <<22>> and receive 60 points.
You press <<22>> and receive 59 points.

Environment number 10:
The value of option 22 is 55. You have 5 choices to make in this environment.
You press <<22>> and receive 54 points.
You press <<22>> and receive 55 points.
You press <<22>> and receive 53 points.
You press <<22>> and receive 55 points.
You press <<22>> and receive 54 points.

Environment number 11:
The value of option 29 is 50. You have 5 choices to make in this environment.
You press <<",68
11,12,2,19,1,rough,29,5,50,15,"You will be presented with a series of 16 different environments to explore.
In each trial, you can select an option between numbers 1 and 30 by pressing the corresponding key.
By selecting any of these options, you will earn points associated with each unique option.
Imagine these options 1 through 30 as lying next to each other in an ordered line; options closer to each other tend to have similar rewards as rewards tend to cluster together.
For each environment, you will be able to make either 5 or 10 choices.
When you made all your choices in a given environment, you will start making choices in the next unexplored environment.
The rewards underlying the different options are different in each environment so you will learn them anew for each environment.
Each environment starts with the value of a single option revealed.
When you choose the number corresponding to a different option, you will be told the value of that option and receive those points.
Previously revealed options, including the starting option, can also be reselected, although there may be small changes in the point value.
It is your task to to learn where the largest reward is in each of the 16 environments.

Environment number 1:
The value of option 17 is 38. You have 10 choices to make in this environment.
You press <<13>> and receive 45 points.
You press <<9>> and receive 53 points.
You press <<6>> and receive 55 points.
You press <<4>> and receive 47 points.
You press <<2>> and receive 46 points.
You press <<23>> and receive 43 points.
You press <<24>> and receive 30 points.
You press <<22>> and receive 67 points.
You press <<21>> and receive 61 points.
You press <<20>> and receive 74 points.

Environment number 2:
The value of option 27 is 18. You have 5 choices to make in this environment.
You press <<13>> and receive 61 points.
You press <<13>> and receive 62 points.
You press <<14>> and receive 60 points.
You press <<15>> and receive 33 points.
You press <<12>> and receive 50 points.

Environment number 3:
The value of option 14 is 58. You have 10 choices to make in this environment.
You press <<14>> and receive 57 points.
You press <<8>> and receive 34 points.
You press <<5>> and receive 6 points.
You press <<25>> and receive 35 points.
You press <<20>> and receive 12 points.
You press <<14>> and receive 59 points.
You press <<14>> and receive 58 points.
You press <<14>> and receive 58 points.
You press <<14>> and receive 58 points.
You press <<14>> and receive 57 points.

Environment number 4:
The value of option 15 is 1. You have 10 choices to make in this environment.
You press <<5>> and receive 59 points.
You press <<6>> and receive 46 points.
You press <<3>> and receive 47 points.
You press <<5>> and receive 56 points.
You press <<23>> and receive 45 points.
You press <<21>> and receive 44 points.
You press <<25>> and receive 25 points.
You press <<15>> and receive 0 points.
You press <<5>> and receive 57 points.
You press <<5>> and receive 57 points.

Environment number 5:
The value of option 18 is 81. You have 10 choices to make in this environment.
You press <<18>> and receive 79 points.
You press <<17>> and receive 58 points.
You press <<19>> and receive 67 points.
You press <<18>> and receive 79 points.
You press <<18>> and receive 78 points.
You press <<18>> and receive 79 points.
You press <<18>> and receive 79 points.
You press <<18>> and receive 78 points.
You press <<18>> and receive 78 points.
You press <<18>> and receive 78 points.

Environment number 6:
The value of option 13 is 67. You have 5 choices to make in this environment.
You press <<13>> and receive 67 points.
You press <<12>> and receive 56 points.
You press <<13>> and receive 66 points.
You press <<13>> and receive 66 points.
You press <<13>> and receive 66 points.

Environment number 7:
The value of option 17 is 14. You have 5 choices to make in this environment.
You press <<9>> and receive 59 points.
You press <<9>> and receive 57 points.
You press <<9>> and receive 60 points.
You press <<9>> and receive 58 points.
You press <<9>> and receive 59 points.

Environment number 8:
The value of option 5 is 38. You have 10 choices to make in this environment.
You press <<3>> and receive 27 points.
You press <<8>> and receive 75 points.
You press <<8>> and receive 76 points.
You press <<8>> and receive 74 points.
You press <<8>> and receive 76 points.
You press <<8>> and receive 78 points.
You press <<8>> and receive 76 points.
You press <<8>> and receive 78 points.
You press <<8>> and receive 79 points.
You press <<8>> and receive 78 points.

Environment number 9:
The value of option 23 is 33. You have 10 choices to make in this environment.
You press <<23>> and receive 34 points.
You press <<15>> and receive 14 points.
You press <<5>> and receive 15 points.
You press <<2>> and receive 0 points.
You press <<28>> and receive 33 points.
You press <<22>> and receive 61 points.
You press <<22>> and receive 62 points.
You press <<22>> and receive 59 points.
You press <<22>> and receive 60 points.
You press <<22>> and receive 59 points.

Environment number 10:
The value of option 22 is 55. You have 5 choices to make in this environment.
You press <<22>> and receive 54 points.
You press <<22>> and receive 55 points.
You press <<22>> and receive 53 points.
You press <<22>> and receive 55 points.
You press <<22>> and receive 54 points.

Environment number 11:
The value of option 29 is 50. You have 5 choices to make in this environment.
You press <<25>> and receive 28 points.
You press <<",68
11,12,3,14,1,rough,29,5,50,17,"You will be presented with a series of 16 different environments to explore.
In each trial, you can select an option between numbers 1 and 30 by pressing the corresponding key.
By selecting any of these options, you will earn points associated with each unique option.
Imagine these options 1 through 30 as lying next to each other in an ordered line; options closer to each other tend to have similar rewards as rewards tend to cluster together.
For each environment, you will be able to make either 5 or 10 choices.
When you made all your choices in a given environment, you will start making choices in the next unexplored environment.
The rewards underlying the different options are different in each environment so you will learn them anew for each environment.
Each environment starts with the value of a single option revealed.
When you choose the number corresponding to a different option, you will be told the value of that option and receive those points.
Previously revealed options, including the starting option, can also be reselected, although there may be small changes in the point value.
It is your task to to learn where the largest reward is in each of the 16 environments.

Environment number 1:
The value of option 17 is 38. You have 10 choices to make in this environment.
You press <<13>> and receive 45 points.
You press <<9>> and receive 53 points.
You press <<6>> and receive 55 points.
You press <<4>> and receive 47 points.
You press <<2>> and receive 46 points.
You press <<23>> and receive 43 points.
You press <<24>> and receive 30 points.
You press <<22>> and receive 67 points.
You press <<21>> and receive 61 points.
You press <<20>> and receive 74 points.

Environment number 2:
The value of option 27 is 18. You have 5 choices to make in this environment.
You press <<13>> and receive 61 points.
You press <<13>> and receive 62 points.
You press <<14>> and receive 60 points.
You press <<15>> and receive 33 points.
You press <<12>> and receive 50 points.

Environment number 3:
The value of option 14 is 58. You have 10 choices to make in this environment.
You press <<14>> and receive 57 points.
You press <<8>> and receive 34 points.
You press <<5>> and receive 6 points.
You press <<25>> and receive 35 points.
You press <<20>> and receive 12 points.
You press <<14>> and receive 59 points.
You press <<14>> and receive 58 points.
You press <<14>> and receive 58 points.
You press <<14>> and receive 58 points.
You press <<14>> and receive 57 points.

Environment number 4:
The value of option 15 is 1. You have 10 choices to make in this environment.
You press <<5>> and receive 59 points.
You press <<6>> and receive 46 points.
You press <<3>> and receive 47 points.
You press <<5>> and receive 56 points.
You press <<23>> and receive 45 points.
You press <<21>> and receive 44 points.
You press <<25>> and receive 25 points.
You press <<15>> and receive 0 points.
You press <<5>> and receive 57 points.
You press <<5>> and receive 57 points.

Environment number 5:
The value of option 18 is 81. You have 10 choices to make in this environment.
You press <<18>> and receive 79 points.
You press <<17>> and receive 58 points.
You press <<19>> and receive 67 points.
You press <<18>> and receive 79 points.
You press <<18>> and receive 78 points.
You press <<18>> and receive 79 points.
You press <<18>> and receive 79 points.
You press <<18>> and receive 78 points.
You press <<18>> and receive 78 points.
You press <<18>> and receive 78 points.

Environment number 6:
The value of option 13 is 67. You have 5 choices to make in this environment.
You press <<13>> and receive 67 points.
You press <<12>> and receive 56 points.
You press <<13>> and receive 66 points.
You press <<13>> and receive 66 points.
You press <<13>> and receive 66 points.

Environment number 7:
The value of option 17 is 14. You have 5 choices to make in this environment.
You press <<9>> and receive 59 points.
You press <<9>> and receive 57 points.
You press <<9>> and receive 60 points.
You press <<9>> and receive 58 points.
You press <<9>> and receive 59 points.

Environment number 8:
The value of option 5 is 38. You have 10 choices to make in this environment.
You press <<3>> and receive 27 points.
You press <<8>> and receive 75 points.
You press <<8>> and receive 76 points.
You press <<8>> and receive 74 points.
You press <<8>> and receive 76 points.
You press <<8>> and receive 78 points.
You press <<8>> and receive 76 points.
You press <<8>> and receive 78 points.
You press <<8>> and receive 79 points.
You press <<8>> and receive 78 points.

Environment number 9:
The value of option 23 is 33. You have 10 choices to make in this environment.
You press <<23>> and receive 34 points.
You press <<15>> and receive 14 points.
You press <<5>> and receive 15 points.
You press <<2>> and receive 0 points.
You press <<28>> and receive 33 points.
You press <<22>> and receive 61 points.
You press <<22>> and receive 62 points.
You press <<22>> and receive 59 points.
You press <<22>> and receive 60 points.
You press <<22>> and receive 59 points.

Environment number 10:
The value of option 22 is 55. You have 5 choices to make in this environment.
You press <<22>> and receive 54 points.
You press <<22>> and receive 55 points.
You press <<22>> and receive 53 points.
You press <<22>> and receive 55 points.
You press <<22>> and receive 54 points.

Environment number 11:
The value of option 29 is 50. You have 5 choices to make in this environment.
You press <<25>> and receive 28 points.
You press <<19>> and receive 15 points.
You press <<",68
11,12,4,8,1,rough,29,5,50,20,"You will be presented with a series of 16 different environments to explore.
In each trial, you can select an option between numbers 1 and 30 by pressing the corresponding key.
By selecting any of these options, you will earn points associated with each unique option.
Imagine these options 1 through 30 as lying next to each other in an ordered line; options closer to each other tend to have similar rewards as rewards tend to cluster together.
For each environment, you will be able to make either 5 or 10 choices.
When you made all your choices in a given environment, you will start making choices in the next unexplored environment.
The rewards underlying the different options are different in each environment so you will learn them anew for each environment.
Each environment starts with the value of a single option revealed.
When you choose the number corresponding to a different option, you will be told the value of that option and receive those points.
Previously revealed options, including the starting option, can also be reselected, although there may be small changes in the point value.
It is your task to to learn where the largest reward is in each of the 16 environments.

Environment number 1:
The value of option 17 is 38. You have 10 choices to make in this environment.
You press <<13>> and receive 45 points.
You press <<9>> and receive 53 points.
You press <<6>> and receive 55 points.
You press <<4>> and receive 47 points.
You press <<2>> and receive 46 points.
You press <<23>> and receive 43 points.
You press <<24>> and receive 30 points.
You press <<22>> and receive 67 points.
You press <<21>> and receive 61 points.
You press <<20>> and receive 74 points.

Environment number 2:
The value of option 27 is 18. You have 5 choices to make in this environment.
You press <<13>> and receive 61 points.
You press <<13>> and receive 62 points.
You press <<14>> and receive 60 points.
You press <<15>> and receive 33 points.
You press <<12>> and receive 50 points.

Environment number 3:
The value of option 14 is 58. You have 10 choices to make in this environment.
You press <<14>> and receive 57 points.
You press <<8>> and receive 34 points.
You press <<5>> and receive 6 points.
You press <<25>> and receive 35 points.
You press <<20>> and receive 12 points.
You press <<14>> and receive 59 points.
You press <<14>> and receive 58 points.
You press <<14>> and receive 58 points.
You press <<14>> and receive 58 points.
You press <<14>> and receive 57 points.

Environment number 4:
The value of option 15 is 1. You have 10 choices to make in this environment.
You press <<5>> and receive 59 points.
You press <<6>> and receive 46 points.
You press <<3>> and receive 47 points.
You press <<5>> and receive 56 points.
You press <<23>> and receive 45 points.
You press <<21>> and receive 44 points.
You press <<25>> and receive 25 points.
You press <<15>> and receive 0 points.
You press <<5>> and receive 57 points.
You press <<5>> and receive 57 points.

Environment number 5:
The value of option 18 is 81. You have 10 choices to make in this environment.
You press <<18>> and receive 79 points.
You press <<17>> and receive 58 points.
You press <<19>> and receive 67 points.
You press <<18>> and receive 79 points.
You press <<18>> and receive 78 points.
You press <<18>> and receive 79 points.
You press <<18>> and receive 79 points.
You press <<18>> and receive 78 points.
You press <<18>> and receive 78 points.
You press <<18>> and receive 78 points.

Environment number 6:
The value of option 13 is 67. You have 5 choices to make in this environment.
You press <<13>> and receive 67 points.
You press <<12>> and receive 56 points.
You press <<13>> and receive 66 points.
You press <<13>> and receive 66 points.
You press <<13>> and receive 66 points.

Environment number 7:
The value of option 17 is 14. You have 5 choices to make in this environment.
You press <<9>> and receive 59 points.
You press <<9>> and receive 57 points.
You press <<9>> and receive 60 points.
You press <<9>> and receive 58 points.
You press <<9>> and receive 59 points.

Environment number 8:
The value of option 5 is 38. You have 10 choices to make in this environment.
You press <<3>> and receive 27 points.
You press <<8>> and receive 75 points.
You press <<8>> and receive 76 points.
You press <<8>> and receive 74 points.
You press <<8>> and receive 76 points.
You press <<8>> and receive 78 points.
You press <<8>> and receive 76 points.
You press <<8>> and receive 78 points.
You press <<8>> and receive 79 points.
You press <<8>> and receive 78 points.

Environment number 9:
The value of option 23 is 33. You have 10 choices to make in this environment.
You press <<23>> and receive 34 points.
You press <<15>> and receive 14 points.
You press <<5>> and receive 15 points.
You press <<2>> and receive 0 points.
You press <<28>> and receive 33 points.
You press <<22>> and receive 61 points.
You press <<22>> and receive 62 points.
You press <<22>> and receive 59 points.
You press <<22>> and receive 60 points.
You press <<22>> and receive 59 points.

Environment number 10:
The value of option 22 is 55. You have 5 choices to make in this environment.
You press <<22>> and receive 54 points.
You press <<22>> and receive 55 points.
You press <<22>> and receive 53 points.
You press <<22>> and receive 55 points.
You press <<22>> and receive 54 points.

Environment number 11:
The value of option 29 is 50. You have 5 choices to make in this environment.
You press <<25>> and receive 28 points.
You press <<19>> and receive 15 points.
You press <<14>> and receive 17 points.
You press <<",68
11,12,5,4,1,rough,29,5,50,21,"You will be presented with a series of 16 different environments to explore.
In each trial, you can select an option between numbers 1 and 30 by pressing the corresponding key.
By selecting any of these options, you will earn points associated with each unique option.
Imagine these options 1 through 30 as lying next to each other in an ordered line; options closer to each other tend to have similar rewards as rewards tend to cluster together.
For each environment, you will be able to make either 5 or 10 choices.
When you made all your choices in a given environment, you will start making choices in the next unexplored environment.
The rewards underlying the different options are different in each environment so you will learn them anew for each environment.
Each environment starts with the value of a single option revealed.
When you choose the number corresponding to a different option, you will be told the value of that option and receive those points.
Previously revealed options, including the starting option, can also be reselected, although there may be small changes in the point value.
It is your task to to learn where the largest reward is in each of the 16 environments.

Environment number 1:
The value of option 17 is 38. You have 10 choices to make in this environment.
You press <<13>> and receive 45 points.
You press <<9>> and receive 53 points.
You press <<6>> and receive 55 points.
You press <<4>> and receive 47 points.
You press <<2>> and receive 46 points.
You press <<23>> and receive 43 points.
You press <<24>> and receive 30 points.
You press <<22>> and receive 67 points.
You press <<21>> and receive 61 points.
You press <<20>> and receive 74 points.

Environment number 2:
The value of option 27 is 18. You have 5 choices to make in this environment.
You press <<13>> and receive 61 points.
You press <<13>> and receive 62 points.
You press <<14>> and receive 60 points.
You press <<15>> and receive 33 points.
You press <<12>> and receive 50 points.

Environment number 3:
The value of option 14 is 58. You have 10 choices to make in this environment.
You press <<14>> and receive 57 points.
You press <<8>> and receive 34 points.
You press <<5>> and receive 6 points.
You press <<25>> and receive 35 points.
You press <<20>> and receive 12 points.
You press <<14>> and receive 59 points.
You press <<14>> and receive 58 points.
You press <<14>> and receive 58 points.
You press <<14>> and receive 58 points.
You press <<14>> and receive 57 points.

Environment number 4:
The value of option 15 is 1. You have 10 choices to make in this environment.
You press <<5>> and receive 59 points.
You press <<6>> and receive 46 points.
You press <<3>> and receive 47 points.
You press <<5>> and receive 56 points.
You press <<23>> and receive 45 points.
You press <<21>> and receive 44 points.
You press <<25>> and receive 25 points.
You press <<15>> and receive 0 points.
You press <<5>> and receive 57 points.
You press <<5>> and receive 57 points.

Environment number 5:
The value of option 18 is 81. You have 10 choices to make in this environment.
You press <<18>> and receive 79 points.
You press <<17>> and receive 58 points.
You press <<19>> and receive 67 points.
You press <<18>> and receive 79 points.
You press <<18>> and receive 78 points.
You press <<18>> and receive 79 points.
You press <<18>> and receive 79 points.
You press <<18>> and receive 78 points.
You press <<18>> and receive 78 points.
You press <<18>> and receive 78 points.

Environment number 6:
The value of option 13 is 67. You have 5 choices to make in this environment.
You press <<13>> and receive 67 points.
You press <<12>> and receive 56 points.
You press <<13>> and receive 66 points.
You press <<13>> and receive 66 points.
You press <<13>> and receive 66 points.

Environment number 7:
The value of option 17 is 14. You have 5 choices to make in this environment.
You press <<9>> and receive 59 points.
You press <<9>> and receive 57 points.
You press <<9>> and receive 60 points.
You press <<9>> and receive 58 points.
You press <<9>> and receive 59 points.

Environment number 8:
The value of option 5 is 38. You have 10 choices to make in this environment.
You press <<3>> and receive 27 points.
You press <<8>> and receive 75 points.
You press <<8>> and receive 76 points.
You press <<8>> and receive 74 points.
You press <<8>> and receive 76 points.
You press <<8>> and receive 78 points.
You press <<8>> and receive 76 points.
You press <<8>> and receive 78 points.
You press <<8>> and receive 79 points.
You press <<8>> and receive 78 points.

Environment number 9:
The value of option 23 is 33. You have 10 choices to make in this environment.
You press <<23>> and receive 34 points.
You press <<15>> and receive 14 points.
You press <<5>> and receive 15 points.
You press <<2>> and receive 0 points.
You press <<28>> and receive 33 points.
You press <<22>> and receive 61 points.
You press <<22>> and receive 62 points.
You press <<22>> and receive 59 points.
You press <<22>> and receive 60 points.
You press <<22>> and receive 59 points.

Environment number 10:
The value of option 22 is 55. You have 5 choices to make in this environment.
You press <<22>> and receive 54 points.
You press <<22>> and receive 55 points.
You press <<22>> and receive 53 points.
You press <<22>> and receive 55 points.
You press <<22>> and receive 54 points.

Environment number 11:
The value of option 29 is 50. You have 5 choices to make in this environment.
You press <<25>> and receive 28 points.
You press <<19>> and receive 15 points.
You press <<14>> and receive 17 points.
You press <<8>> and receive 20 points.
You press <<",68
12,6,1,18,1,rough,18,5,52,51,"You will be presented with a series of 16 different environments to explore.
In each trial, you can select an option between numbers 1 and 30 by pressing the corresponding key.
By selecting any of these options, you will earn points associated with each unique option.
Imagine these options 1 through 30 as lying next to each other in an ordered line; options closer to each other tend to have similar rewards as rewards tend to cluster together.
For each environment, you will be able to make either 5 or 10 choices.
When you made all your choices in a given environment, you will start making choices in the next unexplored environment.
The rewards underlying the different options are different in each environment so you will learn them anew for each environment.
Each environment starts with the value of a single option revealed.
When you choose the number corresponding to a different option, you will be told the value of that option and receive those points.
Previously revealed options, including the starting option, can also be reselected, although there may be small changes in the point value.
It is your task to to learn where the largest reward is in each of the 16 environments.

Environment number 1:
The value of option 17 is 38. You have 10 choices to make in this environment.
You press <<13>> and receive 45 points.
You press <<9>> and receive 53 points.
You press <<6>> and receive 55 points.
You press <<4>> and receive 47 points.
You press <<2>> and receive 46 points.
You press <<23>> and receive 43 points.
You press <<24>> and receive 30 points.
You press <<22>> and receive 67 points.
You press <<21>> and receive 61 points.
You press <<20>> and receive 74 points.

Environment number 2:
The value of option 27 is 18. You have 5 choices to make in this environment.
You press <<13>> and receive 61 points.
You press <<13>> and receive 62 points.
You press <<14>> and receive 60 points.
You press <<15>> and receive 33 points.
You press <<12>> and receive 50 points.

Environment number 3:
The value of option 14 is 58. You have 10 choices to make in this environment.
You press <<14>> and receive 57 points.
You press <<8>> and receive 34 points.
You press <<5>> and receive 6 points.
You press <<25>> and receive 35 points.
You press <<20>> and receive 12 points.
You press <<14>> and receive 59 points.
You press <<14>> and receive 58 points.
You press <<14>> and receive 58 points.
You press <<14>> and receive 58 points.
You press <<14>> and receive 57 points.

Environment number 4:
The value of option 15 is 1. You have 10 choices to make in this environment.
You press <<5>> and receive 59 points.
You press <<6>> and receive 46 points.
You press <<3>> and receive 47 points.
You press <<5>> and receive 56 points.
You press <<23>> and receive 45 points.
You press <<21>> and receive 44 points.
You press <<25>> and receive 25 points.
You press <<15>> and receive 0 points.
You press <<5>> and receive 57 points.
You press <<5>> and receive 57 points.

Environment number 5:
The value of option 18 is 81. You have 10 choices to make in this environment.
You press <<18>> and receive 79 points.
You press <<17>> and receive 58 points.
You press <<19>> and receive 67 points.
You press <<18>> and receive 79 points.
You press <<18>> and receive 78 points.
You press <<18>> and receive 79 points.
You press <<18>> and receive 79 points.
You press <<18>> and receive 78 points.
You press <<18>> and receive 78 points.
You press <<18>> and receive 78 points.

Environment number 6:
The value of option 13 is 67. You have 5 choices to make in this environment.
You press <<13>> and receive 67 points.
You press <<12>> and receive 56 points.
You press <<13>> and receive 66 points.
You press <<13>> and receive 66 points.
You press <<13>> and receive 66 points.

Environment number 7:
The value of option 17 is 14. You have 5 choices to make in this environment.
You press <<9>> and receive 59 points.
You press <<9>> and receive 57 points.
You press <<9>> and receive 60 points.
You press <<9>> and receive 58 points.
You press <<9>> and receive 59 points.

Environment number 8:
The value of option 5 is 38. You have 10 choices to make in this environment.
You press <<3>> and receive 27 points.
You press <<8>> and receive 75 points.
You press <<8>> and receive 76 points.
You press <<8>> and receive 74 points.
You press <<8>> and receive 76 points.
You press <<8>> and receive 78 points.
You press <<8>> and receive 76 points.
You press <<8>> and receive 78 points.
You press <<8>> and receive 79 points.
You press <<8>> and receive 78 points.

Environment number 9:
The value of option 23 is 33. You have 10 choices to make in this environment.
You press <<23>> and receive 34 points.
You press <<15>> and receive 14 points.
You press <<5>> and receive 15 points.
You press <<2>> and receive 0 points.
You press <<28>> and receive 33 points.
You press <<22>> and receive 61 points.
You press <<22>> and receive 62 points.
You press <<22>> and receive 59 points.
You press <<22>> and receive 60 points.
You press <<22>> and receive 59 points.

Environment number 10:
The value of option 22 is 55. You have 5 choices to make in this environment.
You press <<22>> and receive 54 points.
You press <<22>> and receive 55 points.
You press <<22>> and receive 53 points.
You press <<22>> and receive 55 points.
You press <<22>> and receive 54 points.

Environment number 11:
The value of option 29 is 50. You have 5 choices to make in this environment.
You press <<25>> and receive 28 points.
You press <<19>> and receive 15 points.
You press <<14>> and receive 17 points.
You press <<8>> and receive 20 points.
You press <<4>> and receive 21 points.

Environment number 12:
The value of option 18 is 52. You have 5 choices to make in this environment.
You press <<",68
12,6,2,18,1,rough,18,5,52,49,"You will be presented with a series of 16 different environments to explore.
In each trial, you can select an option between numbers 1 and 30 by pressing the corresponding key.
By selecting any of these options, you will earn points associated with each unique option.
Imagine these options 1 through 30 as lying next to each other in an ordered line; options closer to each other tend to have similar rewards as rewards tend to cluster together.
For each environment, you will be able to make either 5 or 10 choices.
When you made all your choices in a given environment, you will start making choices in the next unexplored environment.
The rewards underlying the different options are different in each environment so you will learn them anew for each environment.
Each environment starts with the value of a single option revealed.
When you choose the number corresponding to a different option, you will be told the value of that option and receive those points.
Previously revealed options, including the starting option, can also be reselected, although there may be small changes in the point value.
It is your task to to learn where the largest reward is in each of the 16 environments.

Environment number 1:
The value of option 17 is 38. You have 10 choices to make in this environment.
You press <<13>> and receive 45 points.
You press <<9>> and receive 53 points.
You press <<6>> and receive 55 points.
You press <<4>> and receive 47 points.
You press <<2>> and receive 46 points.
You press <<23>> and receive 43 points.
You press <<24>> and receive 30 points.
You press <<22>> and receive 67 points.
You press <<21>> and receive 61 points.
You press <<20>> and receive 74 points.

Environment number 2:
The value of option 27 is 18. You have 5 choices to make in this environment.
You press <<13>> and receive 61 points.
You press <<13>> and receive 62 points.
You press <<14>> and receive 60 points.
You press <<15>> and receive 33 points.
You press <<12>> and receive 50 points.

Environment number 3:
The value of option 14 is 58. You have 10 choices to make in this environment.
You press <<14>> and receive 57 points.
You press <<8>> and receive 34 points.
You press <<5>> and receive 6 points.
You press <<25>> and receive 35 points.
You press <<20>> and receive 12 points.
You press <<14>> and receive 59 points.
You press <<14>> and receive 58 points.
You press <<14>> and receive 58 points.
You press <<14>> and receive 58 points.
You press <<14>> and receive 57 points.

Environment number 4:
The value of option 15 is 1. You have 10 choices to make in this environment.
You press <<5>> and receive 59 points.
You press <<6>> and receive 46 points.
You press <<3>> and receive 47 points.
You press <<5>> and receive 56 points.
You press <<23>> and receive 45 points.
You press <<21>> and receive 44 points.
You press <<25>> and receive 25 points.
You press <<15>> and receive 0 points.
You press <<5>> and receive 57 points.
You press <<5>> and receive 57 points.

Environment number 5:
The value of option 18 is 81. You have 10 choices to make in this environment.
You press <<18>> and receive 79 points.
You press <<17>> and receive 58 points.
You press <<19>> and receive 67 points.
You press <<18>> and receive 79 points.
You press <<18>> and receive 78 points.
You press <<18>> and receive 79 points.
You press <<18>> and receive 79 points.
You press <<18>> and receive 78 points.
You press <<18>> and receive 78 points.
You press <<18>> and receive 78 points.

Environment number 6:
The value of option 13 is 67. You have 5 choices to make in this environment.
You press <<13>> and receive 67 points.
You press <<12>> and receive 56 points.
You press <<13>> and receive 66 points.
You press <<13>> and receive 66 points.
You press <<13>> and receive 66 points.

Environment number 7:
The value of option 17 is 14. You have 5 choices to make in this environment.
You press <<9>> and receive 59 points.
You press <<9>> and receive 57 points.
You press <<9>> and receive 60 points.
You press <<9>> and receive 58 points.
You press <<9>> and receive 59 points.

Environment number 8:
The value of option 5 is 38. You have 10 choices to make in this environment.
You press <<3>> and receive 27 points.
You press <<8>> and receive 75 points.
You press <<8>> and receive 76 points.
You press <<8>> and receive 74 points.
You press <<8>> and receive 76 points.
You press <<8>> and receive 78 points.
You press <<8>> and receive 76 points.
You press <<8>> and receive 78 points.
You press <<8>> and receive 79 points.
You press <<8>> and receive 78 points.

Environment number 9:
The value of option 23 is 33. You have 10 choices to make in this environment.
You press <<23>> and receive 34 points.
You press <<15>> and receive 14 points.
You press <<5>> and receive 15 points.
You press <<2>> and receive 0 points.
You press <<28>> and receive 33 points.
You press <<22>> and receive 61 points.
You press <<22>> and receive 62 points.
You press <<22>> and receive 59 points.
You press <<22>> and receive 60 points.
You press <<22>> and receive 59 points.

Environment number 10:
The value of option 22 is 55. You have 5 choices to make in this environment.
You press <<22>> and receive 54 points.
You press <<22>> and receive 55 points.
You press <<22>> and receive 53 points.
You press <<22>> and receive 55 points.
You press <<22>> and receive 54 points.

Environment number 11:
The value of option 29 is 50. You have 5 choices to make in this environment.
You press <<25>> and receive 28 points.
You press <<19>> and receive 15 points.
You press <<14>> and receive 17 points.
You press <<8>> and receive 20 points.
You press <<4>> and receive 21 points.

Environment number 12:
The value of option 18 is 52. You have 5 choices to make in this environment.
You press <<18>> and receive 51 points.
You press <<",68
12,6,3,18,1,rough,18,5,52,51,"You will be presented with a series of 16 different environments to explore.
In each trial, you can select an option between numbers 1 and 30 by pressing the corresponding key.
By selecting any of these options, you will earn points associated with each unique option.
Imagine these options 1 through 30 as lying next to each other in an ordered line; options closer to each other tend to have similar rewards as rewards tend to cluster together.
For each environment, you will be able to make either 5 or 10 choices.
When you made all your choices in a given environment, you will start making choices in the next unexplored environment.
The rewards underlying the different options are different in each environment so you will learn them anew for each environment.
Each environment starts with the value of a single option revealed.
When you choose the number corresponding to a different option, you will be told the value of that option and receive those points.
Previously revealed options, including the starting option, can also be reselected, although there may be small changes in the point value.
It is your task to to learn where the largest reward is in each of the 16 environments.

Environment number 1:
The value of option 17 is 38. You have 10 choices to make in this environment.
You press <<13>> and receive 45 points.
You press <<9>> and receive 53 points.
You press <<6>> and receive 55 points.
You press <<4>> and receive 47 points.
You press <<2>> and receive 46 points.
You press <<23>> and receive 43 points.
You press <<24>> and receive 30 points.
You press <<22>> and receive 67 points.
You press <<21>> and receive 61 points.
You press <<20>> and receive 74 points.

Environment number 2:
The value of option 27 is 18. You have 5 choices to make in this environment.
You press <<13>> and receive 61 points.
You press <<13>> and receive 62 points.
You press <<14>> and receive 60 points.
You press <<15>> and receive 33 points.
You press <<12>> and receive 50 points.

Environment number 3:
The value of option 14 is 58. You have 10 choices to make in this environment.
You press <<14>> and receive 57 points.
You press <<8>> and receive 34 points.
You press <<5>> and receive 6 points.
You press <<25>> and receive 35 points.
You press <<20>> and receive 12 points.
You press <<14>> and receive 59 points.
You press <<14>> and receive 58 points.
You press <<14>> and receive 58 points.
You press <<14>> and receive 58 points.
You press <<14>> and receive 57 points.

Environment number 4:
The value of option 15 is 1. You have 10 choices to make in this environment.
You press <<5>> and receive 59 points.
You press <<6>> and receive 46 points.
You press <<3>> and receive 47 points.
You press <<5>> and receive 56 points.
You press <<23>> and receive 45 points.
You press <<21>> and receive 44 points.
You press <<25>> and receive 25 points.
You press <<15>> and receive 0 points.
You press <<5>> and receive 57 points.
You press <<5>> and receive 57 points.

Environment number 5:
The value of option 18 is 81. You have 10 choices to make in this environment.
You press <<18>> and receive 79 points.
You press <<17>> and receive 58 points.
You press <<19>> and receive 67 points.
You press <<18>> and receive 79 points.
You press <<18>> and receive 78 points.
You press <<18>> and receive 79 points.
You press <<18>> and receive 79 points.
You press <<18>> and receive 78 points.
You press <<18>> and receive 78 points.
You press <<18>> and receive 78 points.

Environment number 6:
The value of option 13 is 67. You have 5 choices to make in this environment.
You press <<13>> and receive 67 points.
You press <<12>> and receive 56 points.
You press <<13>> and receive 66 points.
You press <<13>> and receive 66 points.
You press <<13>> and receive 66 points.

Environment number 7:
The value of option 17 is 14. You have 5 choices to make in this environment.
You press <<9>> and receive 59 points.
You press <<9>> and receive 57 points.
You press <<9>> and receive 60 points.
You press <<9>> and receive 58 points.
You press <<9>> and receive 59 points.

Environment number 8:
The value of option 5 is 38. You have 10 choices to make in this environment.
You press <<3>> and receive 27 points.
You press <<8>> and receive 75 points.
You press <<8>> and receive 76 points.
You press <<8>> and receive 74 points.
You press <<8>> and receive 76 points.
You press <<8>> and receive 78 points.
You press <<8>> and receive 76 points.
You press <<8>> and receive 78 points.
You press <<8>> and receive 79 points.
You press <<8>> and receive 78 points.

Environment number 9:
The value of option 23 is 33. You have 10 choices to make in this environment.
You press <<23>> and receive 34 points.
You press <<15>> and receive 14 points.
You press <<5>> and receive 15 points.
You press <<2>> and receive 0 points.
You press <<28>> and receive 33 points.
You press <<22>> and receive 61 points.
You press <<22>> and receive 62 points.
You press <<22>> and receive 59 points.
You press <<22>> and receive 60 points.
You press <<22>> and receive 59 points.

Environment number 10:
The value of option 22 is 55. You have 5 choices to make in this environment.
You press <<22>> and receive 54 points.
You press <<22>> and receive 55 points.
You press <<22>> and receive 53 points.
You press <<22>> and receive 55 points.
You press <<22>> and receive 54 points.

Environment number 11:
The value of option 29 is 50. You have 5 choices to make in this environment.
You press <<25>> and receive 28 points.
You press <<19>> and receive 15 points.
You press <<14>> and receive 17 points.
You press <<8>> and receive 20 points.
You press <<4>> and receive 21 points.

Environment number 12:
The value of option 18 is 52. You have 5 choices to make in this environment.
You press <<18>> and receive 51 points.
You press <<18>> and receive 49 points.
You press <<",68
12,6,4,18,1,rough,18,5,52,48,"You will be presented with a series of 16 different environments to explore.
In each trial, you can select an option between numbers 1 and 30 by pressing the corresponding key.
By selecting any of these options, you will earn points associated with each unique option.
Imagine these options 1 through 30 as lying next to each other in an ordered line; options closer to each other tend to have similar rewards as rewards tend to cluster together.
For each environment, you will be able to make either 5 or 10 choices.
When you made all your choices in a given environment, you will start making choices in the next unexplored environment.
The rewards underlying the different options are different in each environment so you will learn them anew for each environment.
Each environment starts with the value of a single option revealed.
When you choose the number corresponding to a different option, you will be told the value of that option and receive those points.
Previously revealed options, including the starting option, can also be reselected, although there may be small changes in the point value.
It is your task to to learn where the largest reward is in each of the 16 environments.

Environment number 1:
The value of option 17 is 38. You have 10 choices to make in this environment.
You press <<13>> and receive 45 points.
You press <<9>> and receive 53 points.
You press <<6>> and receive 55 points.
You press <<4>> and receive 47 points.
You press <<2>> and receive 46 points.
You press <<23>> and receive 43 points.
You press <<24>> and receive 30 points.
You press <<22>> and receive 67 points.
You press <<21>> and receive 61 points.
You press <<20>> and receive 74 points.

Environment number 2:
The value of option 27 is 18. You have 5 choices to make in this environment.
You press <<13>> and receive 61 points.
You press <<13>> and receive 62 points.
You press <<14>> and receive 60 points.
You press <<15>> and receive 33 points.
You press <<12>> and receive 50 points.

Environment number 3:
The value of option 14 is 58. You have 10 choices to make in this environment.
You press <<14>> and receive 57 points.
You press <<8>> and receive 34 points.
You press <<5>> and receive 6 points.
You press <<25>> and receive 35 points.
You press <<20>> and receive 12 points.
You press <<14>> and receive 59 points.
You press <<14>> and receive 58 points.
You press <<14>> and receive 58 points.
You press <<14>> and receive 58 points.
You press <<14>> and receive 57 points.

Environment number 4:
The value of option 15 is 1. You have 10 choices to make in this environment.
You press <<5>> and receive 59 points.
You press <<6>> and receive 46 points.
You press <<3>> and receive 47 points.
You press <<5>> and receive 56 points.
You press <<23>> and receive 45 points.
You press <<21>> and receive 44 points.
You press <<25>> and receive 25 points.
You press <<15>> and receive 0 points.
You press <<5>> and receive 57 points.
You press <<5>> and receive 57 points.

Environment number 5:
The value of option 18 is 81. You have 10 choices to make in this environment.
You press <<18>> and receive 79 points.
You press <<17>> and receive 58 points.
You press <<19>> and receive 67 points.
You press <<18>> and receive 79 points.
You press <<18>> and receive 78 points.
You press <<18>> and receive 79 points.
You press <<18>> and receive 79 points.
You press <<18>> and receive 78 points.
You press <<18>> and receive 78 points.
You press <<18>> and receive 78 points.

Environment number 6:
The value of option 13 is 67. You have 5 choices to make in this environment.
You press <<13>> and receive 67 points.
You press <<12>> and receive 56 points.
You press <<13>> and receive 66 points.
You press <<13>> and receive 66 points.
You press <<13>> and receive 66 points.

Environment number 7:
The value of option 17 is 14. You have 5 choices to make in this environment.
You press <<9>> and receive 59 points.
You press <<9>> and receive 57 points.
You press <<9>> and receive 60 points.
You press <<9>> and receive 58 points.
You press <<9>> and receive 59 points.

Environment number 8:
The value of option 5 is 38. You have 10 choices to make in this environment.
You press <<3>> and receive 27 points.
You press <<8>> and receive 75 points.
You press <<8>> and receive 76 points.
You press <<8>> and receive 74 points.
You press <<8>> and receive 76 points.
You press <<8>> and receive 78 points.
You press <<8>> and receive 76 points.
You press <<8>> and receive 78 points.
You press <<8>> and receive 79 points.
You press <<8>> and receive 78 points.

Environment number 9:
The value of option 23 is 33. You have 10 choices to make in this environment.
You press <<23>> and receive 34 points.
You press <<15>> and receive 14 points.
You press <<5>> and receive 15 points.
You press <<2>> and receive 0 points.
You press <<28>> and receive 33 points.
You press <<22>> and receive 61 points.
You press <<22>> and receive 62 points.
You press <<22>> and receive 59 points.
You press <<22>> and receive 60 points.
You press <<22>> and receive 59 points.

Environment number 10:
The value of option 22 is 55. You have 5 choices to make in this environment.
You press <<22>> and receive 54 points.
You press <<22>> and receive 55 points.
You press <<22>> and receive 53 points.
You press <<22>> and receive 55 points.
You press <<22>> and receive 54 points.

Environment number 11:
The value of option 29 is 50. You have 5 choices to make in this environment.
You press <<25>> and receive 28 points.
You press <<19>> and receive 15 points.
You press <<14>> and receive 17 points.
You press <<8>> and receive 20 points.
You press <<4>> and receive 21 points.

Environment number 12:
The value of option 18 is 52. You have 5 choices to make in this environment.
You press <<18>> and receive 51 points.
You press <<18>> and receive 49 points.
You press <<18>> and receive 51 points.
You press <<",68
12,6,5,18,1,rough,18,5,52,52,"You will be presented with a series of 16 different environments to explore.
In each trial, you can select an option between numbers 1 and 30 by pressing the corresponding key.
By selecting any of these options, you will earn points associated with each unique option.
Imagine these options 1 through 30 as lying next to each other in an ordered line; options closer to each other tend to have similar rewards as rewards tend to cluster together.
For each environment, you will be able to make either 5 or 10 choices.
When you made all your choices in a given environment, you will start making choices in the next unexplored environment.
The rewards underlying the different options are different in each environment so you will learn them anew for each environment.
Each environment starts with the value of a single option revealed.
When you choose the number corresponding to a different option, you will be told the value of that option and receive those points.
Previously revealed options, including the starting option, can also be reselected, although there may be small changes in the point value.
It is your task to to learn where the largest reward is in each of the 16 environments.

Environment number 1:
The value of option 17 is 38. You have 10 choices to make in this environment.
You press <<13>> and receive 45 points.
You press <<9>> and receive 53 points.
You press <<6>> and receive 55 points.
You press <<4>> and receive 47 points.
You press <<2>> and receive 46 points.
You press <<23>> and receive 43 points.
You press <<24>> and receive 30 points.
You press <<22>> and receive 67 points.
You press <<21>> and receive 61 points.
You press <<20>> and receive 74 points.

Environment number 2:
The value of option 27 is 18. You have 5 choices to make in this environment.
You press <<13>> and receive 61 points.
You press <<13>> and receive 62 points.
You press <<14>> and receive 60 points.
You press <<15>> and receive 33 points.
You press <<12>> and receive 50 points.

Environment number 3:
The value of option 14 is 58. You have 10 choices to make in this environment.
You press <<14>> and receive 57 points.
You press <<8>> and receive 34 points.
You press <<5>> and receive 6 points.
You press <<25>> and receive 35 points.
You press <<20>> and receive 12 points.
You press <<14>> and receive 59 points.
You press <<14>> and receive 58 points.
You press <<14>> and receive 58 points.
You press <<14>> and receive 58 points.
You press <<14>> and receive 57 points.

Environment number 4:
The value of option 15 is 1. You have 10 choices to make in this environment.
You press <<5>> and receive 59 points.
You press <<6>> and receive 46 points.
You press <<3>> and receive 47 points.
You press <<5>> and receive 56 points.
You press <<23>> and receive 45 points.
You press <<21>> and receive 44 points.
You press <<25>> and receive 25 points.
You press <<15>> and receive 0 points.
You press <<5>> and receive 57 points.
You press <<5>> and receive 57 points.

Environment number 5:
The value of option 18 is 81. You have 10 choices to make in this environment.
You press <<18>> and receive 79 points.
You press <<17>> and receive 58 points.
You press <<19>> and receive 67 points.
You press <<18>> and receive 79 points.
You press <<18>> and receive 78 points.
You press <<18>> and receive 79 points.
You press <<18>> and receive 79 points.
You press <<18>> and receive 78 points.
You press <<18>> and receive 78 points.
You press <<18>> and receive 78 points.

Environment number 6:
The value of option 13 is 67. You have 5 choices to make in this environment.
You press <<13>> and receive 67 points.
You press <<12>> and receive 56 points.
You press <<13>> and receive 66 points.
You press <<13>> and receive 66 points.
You press <<13>> and receive 66 points.

Environment number 7:
The value of option 17 is 14. You have 5 choices to make in this environment.
You press <<9>> and receive 59 points.
You press <<9>> and receive 57 points.
You press <<9>> and receive 60 points.
You press <<9>> and receive 58 points.
You press <<9>> and receive 59 points.

Environment number 8:
The value of option 5 is 38. You have 10 choices to make in this environment.
You press <<3>> and receive 27 points.
You press <<8>> and receive 75 points.
You press <<8>> and receive 76 points.
You press <<8>> and receive 74 points.
You press <<8>> and receive 76 points.
You press <<8>> and receive 78 points.
You press <<8>> and receive 76 points.
You press <<8>> and receive 78 points.
You press <<8>> and receive 79 points.
You press <<8>> and receive 78 points.

Environment number 9:
The value of option 23 is 33. You have 10 choices to make in this environment.
You press <<23>> and receive 34 points.
You press <<15>> and receive 14 points.
You press <<5>> and receive 15 points.
You press <<2>> and receive 0 points.
You press <<28>> and receive 33 points.
You press <<22>> and receive 61 points.
You press <<22>> and receive 62 points.
You press <<22>> and receive 59 points.
You press <<22>> and receive 60 points.
You press <<22>> and receive 59 points.

Environment number 10:
The value of option 22 is 55. You have 5 choices to make in this environment.
You press <<22>> and receive 54 points.
You press <<22>> and receive 55 points.
You press <<22>> and receive 53 points.
You press <<22>> and receive 55 points.
You press <<22>> and receive 54 points.

Environment number 11:
The value of option 29 is 50. You have 5 choices to make in this environment.
You press <<25>> and receive 28 points.
You press <<19>> and receive 15 points.
You press <<14>> and receive 17 points.
You press <<8>> and receive 20 points.
You press <<4>> and receive 21 points.

Environment number 12:
The value of option 18 is 52. You have 5 choices to make in this environment.
You press <<18>> and receive 51 points.
You press <<18>> and receive 49 points.
You press <<18>> and receive 51 points.
You press <<18>> and receive 48 points.
You press <<",68
13,35,1,9,1,rough,1,10,20,39,"You will be presented with a series of 16 different environments to explore.
In each trial, you can select an option between numbers 1 and 30 by pressing the corresponding key.
By selecting any of these options, you will earn points associated with each unique option.
Imagine these options 1 through 30 as lying next to each other in an ordered line; options closer to each other tend to have similar rewards as rewards tend to cluster together.
For each environment, you will be able to make either 5 or 10 choices.
When you made all your choices in a given environment, you will start making choices in the next unexplored environment.
The rewards underlying the different options are different in each environment so you will learn them anew for each environment.
Each environment starts with the value of a single option revealed.
When you choose the number corresponding to a different option, you will be told the value of that option and receive those points.
Previously revealed options, including the starting option, can also be reselected, although there may be small changes in the point value.
It is your task to to learn where the largest reward is in each of the 16 environments.

Environment number 1:
The value of option 17 is 38. You have 10 choices to make in this environment.
You press <<13>> and receive 45 points.
You press <<9>> and receive 53 points.
You press <<6>> and receive 55 points.
You press <<4>> and receive 47 points.
You press <<2>> and receive 46 points.
You press <<23>> and receive 43 points.
You press <<24>> and receive 30 points.
You press <<22>> and receive 67 points.
You press <<21>> and receive 61 points.
You press <<20>> and receive 74 points.

Environment number 2:
The value of option 27 is 18. You have 5 choices to make in this environment.
You press <<13>> and receive 61 points.
You press <<13>> and receive 62 points.
You press <<14>> and receive 60 points.
You press <<15>> and receive 33 points.
You press <<12>> and receive 50 points.

Environment number 3:
The value of option 14 is 58. You have 10 choices to make in this environment.
You press <<14>> and receive 57 points.
You press <<8>> and receive 34 points.
You press <<5>> and receive 6 points.
You press <<25>> and receive 35 points.
You press <<20>> and receive 12 points.
You press <<14>> and receive 59 points.
You press <<14>> and receive 58 points.
You press <<14>> and receive 58 points.
You press <<14>> and receive 58 points.
You press <<14>> and receive 57 points.

Environment number 4:
The value of option 15 is 1. You have 10 choices to make in this environment.
You press <<5>> and receive 59 points.
You press <<6>> and receive 46 points.
You press <<3>> and receive 47 points.
You press <<5>> and receive 56 points.
You press <<23>> and receive 45 points.
You press <<21>> and receive 44 points.
You press <<25>> and receive 25 points.
You press <<15>> and receive 0 points.
You press <<5>> and receive 57 points.
You press <<5>> and receive 57 points.

Environment number 5:
The value of option 18 is 81. You have 10 choices to make in this environment.
You press <<18>> and receive 79 points.
You press <<17>> and receive 58 points.
You press <<19>> and receive 67 points.
You press <<18>> and receive 79 points.
You press <<18>> and receive 78 points.
You press <<18>> and receive 79 points.
You press <<18>> and receive 79 points.
You press <<18>> and receive 78 points.
You press <<18>> and receive 78 points.
You press <<18>> and receive 78 points.

Environment number 6:
The value of option 13 is 67. You have 5 choices to make in this environment.
You press <<13>> and receive 67 points.
You press <<12>> and receive 56 points.
You press <<13>> and receive 66 points.
You press <<13>> and receive 66 points.
You press <<13>> and receive 66 points.

Environment number 7:
The value of option 17 is 14. You have 5 choices to make in this environment.
You press <<9>> and receive 59 points.
You press <<9>> and receive 57 points.
You press <<9>> and receive 60 points.
You press <<9>> and receive 58 points.
You press <<9>> and receive 59 points.

Environment number 8:
The value of option 5 is 38. You have 10 choices to make in this environment.
You press <<3>> and receive 27 points.
You press <<8>> and receive 75 points.
You press <<8>> and receive 76 points.
You press <<8>> and receive 74 points.
You press <<8>> and receive 76 points.
You press <<8>> and receive 78 points.
You press <<8>> and receive 76 points.
You press <<8>> and receive 78 points.
You press <<8>> and receive 79 points.
You press <<8>> and receive 78 points.

Environment number 9:
The value of option 23 is 33. You have 10 choices to make in this environment.
You press <<23>> and receive 34 points.
You press <<15>> and receive 14 points.
You press <<5>> and receive 15 points.
You press <<2>> and receive 0 points.
You press <<28>> and receive 33 points.
You press <<22>> and receive 61 points.
You press <<22>> and receive 62 points.
You press <<22>> and receive 59 points.
You press <<22>> and receive 60 points.
You press <<22>> and receive 59 points.

Environment number 10:
The value of option 22 is 55. You have 5 choices to make in this environment.
You press <<22>> and receive 54 points.
You press <<22>> and receive 55 points.
You press <<22>> and receive 53 points.
You press <<22>> and receive 55 points.
You press <<22>> and receive 54 points.

Environment number 11:
The value of option 29 is 50. You have 5 choices to make in this environment.
You press <<25>> and receive 28 points.
You press <<19>> and receive 15 points.
You press <<14>> and receive 17 points.
You press <<8>> and receive 20 points.
You press <<4>> and receive 21 points.

Environment number 12:
The value of option 18 is 52. You have 5 choices to make in this environment.
You press <<18>> and receive 51 points.
You press <<18>> and receive 49 points.
You press <<18>> and receive 51 points.
You press <<18>> and receive 48 points.
You press <<18>> and receive 52 points.

Environment number 13:
The value of option 1 is 20. You have 10 choices to make in this environment.
You press <<",68
13,35,2,18,1,rough,1,10,20,53,"You will be presented with a series of 16 different environments to explore.
In each trial, you can select an option between numbers 1 and 30 by pressing the corresponding key.
By selecting any of these options, you will earn points associated with each unique option.
Imagine these options 1 through 30 as lying next to each other in an ordered line; options closer to each other tend to have similar rewards as rewards tend to cluster together.
For each environment, you will be able to make either 5 or 10 choices.
When you made all your choices in a given environment, you will start making choices in the next unexplored environment.
The rewards underlying the different options are different in each environment so you will learn them anew for each environment.
Each environment starts with the value of a single option revealed.
When you choose the number corresponding to a different option, you will be told the value of that option and receive those points.
Previously revealed options, including the starting option, can also be reselected, although there may be small changes in the point value.
It is your task to to learn where the largest reward is in each of the 16 environments.

Environment number 1:
The value of option 17 is 38. You have 10 choices to make in this environment.
You press <<13>> and receive 45 points.
You press <<9>> and receive 53 points.
You press <<6>> and receive 55 points.
You press <<4>> and receive 47 points.
You press <<2>> and receive 46 points.
You press <<23>> and receive 43 points.
You press <<24>> and receive 30 points.
You press <<22>> and receive 67 points.
You press <<21>> and receive 61 points.
You press <<20>> and receive 74 points.

Environment number 2:
The value of option 27 is 18. You have 5 choices to make in this environment.
You press <<13>> and receive 61 points.
You press <<13>> and receive 62 points.
You press <<14>> and receive 60 points.
You press <<15>> and receive 33 points.
You press <<12>> and receive 50 points.

Environment number 3:
The value of option 14 is 58. You have 10 choices to make in this environment.
You press <<14>> and receive 57 points.
You press <<8>> and receive 34 points.
You press <<5>> and receive 6 points.
You press <<25>> and receive 35 points.
You press <<20>> and receive 12 points.
You press <<14>> and receive 59 points.
You press <<14>> and receive 58 points.
You press <<14>> and receive 58 points.
You press <<14>> and receive 58 points.
You press <<14>> and receive 57 points.

Environment number 4:
The value of option 15 is 1. You have 10 choices to make in this environment.
You press <<5>> and receive 59 points.
You press <<6>> and receive 46 points.
You press <<3>> and receive 47 points.
You press <<5>> and receive 56 points.
You press <<23>> and receive 45 points.
You press <<21>> and receive 44 points.
You press <<25>> and receive 25 points.
You press <<15>> and receive 0 points.
You press <<5>> and receive 57 points.
You press <<5>> and receive 57 points.

Environment number 5:
The value of option 18 is 81. You have 10 choices to make in this environment.
You press <<18>> and receive 79 points.
You press <<17>> and receive 58 points.
You press <<19>> and receive 67 points.
You press <<18>> and receive 79 points.
You press <<18>> and receive 78 points.
You press <<18>> and receive 79 points.
You press <<18>> and receive 79 points.
You press <<18>> and receive 78 points.
You press <<18>> and receive 78 points.
You press <<18>> and receive 78 points.

Environment number 6:
The value of option 13 is 67. You have 5 choices to make in this environment.
You press <<13>> and receive 67 points.
You press <<12>> and receive 56 points.
You press <<13>> and receive 66 points.
You press <<13>> and receive 66 points.
You press <<13>> and receive 66 points.

Environment number 7:
The value of option 17 is 14. You have 5 choices to make in this environment.
You press <<9>> and receive 59 points.
You press <<9>> and receive 57 points.
You press <<9>> and receive 60 points.
You press <<9>> and receive 58 points.
You press <<9>> and receive 59 points.

Environment number 8:
The value of option 5 is 38. You have 10 choices to make in this environment.
You press <<3>> and receive 27 points.
You press <<8>> and receive 75 points.
You press <<8>> and receive 76 points.
You press <<8>> and receive 74 points.
You press <<8>> and receive 76 points.
You press <<8>> and receive 78 points.
You press <<8>> and receive 76 points.
You press <<8>> and receive 78 points.
You press <<8>> and receive 79 points.
You press <<8>> and receive 78 points.

Environment number 9:
The value of option 23 is 33. You have 10 choices to make in this environment.
You press <<23>> and receive 34 points.
You press <<15>> and receive 14 points.
You press <<5>> and receive 15 points.
You press <<2>> and receive 0 points.
You press <<28>> and receive 33 points.
You press <<22>> and receive 61 points.
You press <<22>> and receive 62 points.
You press <<22>> and receive 59 points.
You press <<22>> and receive 60 points.
You press <<22>> and receive 59 points.

Environment number 10:
The value of option 22 is 55. You have 5 choices to make in this environment.
You press <<22>> and receive 54 points.
You press <<22>> and receive 55 points.
You press <<22>> and receive 53 points.
You press <<22>> and receive 55 points.
You press <<22>> and receive 54 points.

Environment number 11:
The value of option 29 is 50. You have 5 choices to make in this environment.
You press <<25>> and receive 28 points.
You press <<19>> and receive 15 points.
You press <<14>> and receive 17 points.
You press <<8>> and receive 20 points.
You press <<4>> and receive 21 points.

Environment number 12:
The value of option 18 is 52. You have 5 choices to make in this environment.
You press <<18>> and receive 51 points.
You press <<18>> and receive 49 points.
You press <<18>> and receive 51 points.
You press <<18>> and receive 48 points.
You press <<18>> and receive 52 points.

Environment number 13:
The value of option 1 is 20. You have 10 choices to make in this environment.
You press <<9>> and receive 39 points.
You press <<",68
13,35,3,18,1,rough,1,10,20,53,"You will be presented with a series of 16 different environments to explore.
In each trial, you can select an option between numbers 1 and 30 by pressing the corresponding key.
By selecting any of these options, you will earn points associated with each unique option.
Imagine these options 1 through 30 as lying next to each other in an ordered line; options closer to each other tend to have similar rewards as rewards tend to cluster together.
For each environment, you will be able to make either 5 or 10 choices.
When you made all your choices in a given environment, you will start making choices in the next unexplored environment.
The rewards underlying the different options are different in each environment so you will learn them anew for each environment.
Each environment starts with the value of a single option revealed.
When you choose the number corresponding to a different option, you will be told the value of that option and receive those points.
Previously revealed options, including the starting option, can also be reselected, although there may be small changes in the point value.
It is your task to to learn where the largest reward is in each of the 16 environments.

Environment number 1:
The value of option 17 is 38. You have 10 choices to make in this environment.
You press <<13>> and receive 45 points.
You press <<9>> and receive 53 points.
You press <<6>> and receive 55 points.
You press <<4>> and receive 47 points.
You press <<2>> and receive 46 points.
You press <<23>> and receive 43 points.
You press <<24>> and receive 30 points.
You press <<22>> and receive 67 points.
You press <<21>> and receive 61 points.
You press <<20>> and receive 74 points.

Environment number 2:
The value of option 27 is 18. You have 5 choices to make in this environment.
You press <<13>> and receive 61 points.
You press <<13>> and receive 62 points.
You press <<14>> and receive 60 points.
You press <<15>> and receive 33 points.
You press <<12>> and receive 50 points.

Environment number 3:
The value of option 14 is 58. You have 10 choices to make in this environment.
You press <<14>> and receive 57 points.
You press <<8>> and receive 34 points.
You press <<5>> and receive 6 points.
You press <<25>> and receive 35 points.
You press <<20>> and receive 12 points.
You press <<14>> and receive 59 points.
You press <<14>> and receive 58 points.
You press <<14>> and receive 58 points.
You press <<14>> and receive 58 points.
You press <<14>> and receive 57 points.

Environment number 4:
The value of option 15 is 1. You have 10 choices to make in this environment.
You press <<5>> and receive 59 points.
You press <<6>> and receive 46 points.
You press <<3>> and receive 47 points.
You press <<5>> and receive 56 points.
You press <<23>> and receive 45 points.
You press <<21>> and receive 44 points.
You press <<25>> and receive 25 points.
You press <<15>> and receive 0 points.
You press <<5>> and receive 57 points.
You press <<5>> and receive 57 points.

Environment number 5:
The value of option 18 is 81. You have 10 choices to make in this environment.
You press <<18>> and receive 79 points.
You press <<17>> and receive 58 points.
You press <<19>> and receive 67 points.
You press <<18>> and receive 79 points.
You press <<18>> and receive 78 points.
You press <<18>> and receive 79 points.
You press <<18>> and receive 79 points.
You press <<18>> and receive 78 points.
You press <<18>> and receive 78 points.
You press <<18>> and receive 78 points.

Environment number 6:
The value of option 13 is 67. You have 5 choices to make in this environment.
You press <<13>> and receive 67 points.
You press <<12>> and receive 56 points.
You press <<13>> and receive 66 points.
You press <<13>> and receive 66 points.
You press <<13>> and receive 66 points.

Environment number 7:
The value of option 17 is 14. You have 5 choices to make in this environment.
You press <<9>> and receive 59 points.
You press <<9>> and receive 57 points.
You press <<9>> and receive 60 points.
You press <<9>> and receive 58 points.
You press <<9>> and receive 59 points.

Environment number 8:
The value of option 5 is 38. You have 10 choices to make in this environment.
You press <<3>> and receive 27 points.
You press <<8>> and receive 75 points.
You press <<8>> and receive 76 points.
You press <<8>> and receive 74 points.
You press <<8>> and receive 76 points.
You press <<8>> and receive 78 points.
You press <<8>> and receive 76 points.
You press <<8>> and receive 78 points.
You press <<8>> and receive 79 points.
You press <<8>> and receive 78 points.

Environment number 9:
The value of option 23 is 33. You have 10 choices to make in this environment.
You press <<23>> and receive 34 points.
You press <<15>> and receive 14 points.
You press <<5>> and receive 15 points.
You press <<2>> and receive 0 points.
You press <<28>> and receive 33 points.
You press <<22>> and receive 61 points.
You press <<22>> and receive 62 points.
You press <<22>> and receive 59 points.
You press <<22>> and receive 60 points.
You press <<22>> and receive 59 points.

Environment number 10:
The value of option 22 is 55. You have 5 choices to make in this environment.
You press <<22>> and receive 54 points.
You press <<22>> and receive 55 points.
You press <<22>> and receive 53 points.
You press <<22>> and receive 55 points.
You press <<22>> and receive 54 points.

Environment number 11:
The value of option 29 is 50. You have 5 choices to make in this environment.
You press <<25>> and receive 28 points.
You press <<19>> and receive 15 points.
You press <<14>> and receive 17 points.
You press <<8>> and receive 20 points.
You press <<4>> and receive 21 points.

Environment number 12:
The value of option 18 is 52. You have 5 choices to make in this environment.
You press <<18>> and receive 51 points.
You press <<18>> and receive 49 points.
You press <<18>> and receive 51 points.
You press <<18>> and receive 48 points.
You press <<18>> and receive 52 points.

Environment number 13:
The value of option 1 is 20. You have 10 choices to make in this environment.
You press <<9>> and receive 39 points.
You press <<18>> and receive 53 points.
You press <<",68
13,35,4,18,1,rough,1,10,20,52,"You will be presented with a series of 16 different environments to explore.
In each trial, you can select an option between numbers 1 and 30 by pressing the corresponding key.
By selecting any of these options, you will earn points associated with each unique option.
Imagine these options 1 through 30 as lying next to each other in an ordered line; options closer to each other tend to have similar rewards as rewards tend to cluster together.
For each environment, you will be able to make either 5 or 10 choices.
When you made all your choices in a given environment, you will start making choices in the next unexplored environment.
The rewards underlying the different options are different in each environment so you will learn them anew for each environment.
Each environment starts with the value of a single option revealed.
When you choose the number corresponding to a different option, you will be told the value of that option and receive those points.
Previously revealed options, including the starting option, can also be reselected, although there may be small changes in the point value.
It is your task to to learn where the largest reward is in each of the 16 environments.

Environment number 1:
The value of option 17 is 38. You have 10 choices to make in this environment.
You press <<13>> and receive 45 points.
You press <<9>> and receive 53 points.
You press <<6>> and receive 55 points.
You press <<4>> and receive 47 points.
You press <<2>> and receive 46 points.
You press <<23>> and receive 43 points.
You press <<24>> and receive 30 points.
You press <<22>> and receive 67 points.
You press <<21>> and receive 61 points.
You press <<20>> and receive 74 points.

Environment number 2:
The value of option 27 is 18. You have 5 choices to make in this environment.
You press <<13>> and receive 61 points.
You press <<13>> and receive 62 points.
You press <<14>> and receive 60 points.
You press <<15>> and receive 33 points.
You press <<12>> and receive 50 points.

Environment number 3:
The value of option 14 is 58. You have 10 choices to make in this environment.
You press <<14>> and receive 57 points.
You press <<8>> and receive 34 points.
You press <<5>> and receive 6 points.
You press <<25>> and receive 35 points.
You press <<20>> and receive 12 points.
You press <<14>> and receive 59 points.
You press <<14>> and receive 58 points.
You press <<14>> and receive 58 points.
You press <<14>> and receive 58 points.
You press <<14>> and receive 57 points.

Environment number 4:
The value of option 15 is 1. You have 10 choices to make in this environment.
You press <<5>> and receive 59 points.
You press <<6>> and receive 46 points.
You press <<3>> and receive 47 points.
You press <<5>> and receive 56 points.
You press <<23>> and receive 45 points.
You press <<21>> and receive 44 points.
You press <<25>> and receive 25 points.
You press <<15>> and receive 0 points.
You press <<5>> and receive 57 points.
You press <<5>> and receive 57 points.

Environment number 5:
The value of option 18 is 81. You have 10 choices to make in this environment.
You press <<18>> and receive 79 points.
You press <<17>> and receive 58 points.
You press <<19>> and receive 67 points.
You press <<18>> and receive 79 points.
You press <<18>> and receive 78 points.
You press <<18>> and receive 79 points.
You press <<18>> and receive 79 points.
You press <<18>> and receive 78 points.
You press <<18>> and receive 78 points.
You press <<18>> and receive 78 points.

Environment number 6:
The value of option 13 is 67. You have 5 choices to make in this environment.
You press <<13>> and receive 67 points.
You press <<12>> and receive 56 points.
You press <<13>> and receive 66 points.
You press <<13>> and receive 66 points.
You press <<13>> and receive 66 points.

Environment number 7:
The value of option 17 is 14. You have 5 choices to make in this environment.
You press <<9>> and receive 59 points.
You press <<9>> and receive 57 points.
You press <<9>> and receive 60 points.
You press <<9>> and receive 58 points.
You press <<9>> and receive 59 points.

Environment number 8:
The value of option 5 is 38. You have 10 choices to make in this environment.
You press <<3>> and receive 27 points.
You press <<8>> and receive 75 points.
You press <<8>> and receive 76 points.
You press <<8>> and receive 74 points.
You press <<8>> and receive 76 points.
You press <<8>> and receive 78 points.
You press <<8>> and receive 76 points.
You press <<8>> and receive 78 points.
You press <<8>> and receive 79 points.
You press <<8>> and receive 78 points.

Environment number 9:
The value of option 23 is 33. You have 10 choices to make in this environment.
You press <<23>> and receive 34 points.
You press <<15>> and receive 14 points.
You press <<5>> and receive 15 points.
You press <<2>> and receive 0 points.
You press <<28>> and receive 33 points.
You press <<22>> and receive 61 points.
You press <<22>> and receive 62 points.
You press <<22>> and receive 59 points.
You press <<22>> and receive 60 points.
You press <<22>> and receive 59 points.

Environment number 10:
The value of option 22 is 55. You have 5 choices to make in this environment.
You press <<22>> and receive 54 points.
You press <<22>> and receive 55 points.
You press <<22>> and receive 53 points.
You press <<22>> and receive 55 points.
You press <<22>> and receive 54 points.

Environment number 11:
The value of option 29 is 50. You have 5 choices to make in this environment.
You press <<25>> and receive 28 points.
You press <<19>> and receive 15 points.
You press <<14>> and receive 17 points.
You press <<8>> and receive 20 points.
You press <<4>> and receive 21 points.

Environment number 12:
The value of option 18 is 52. You have 5 choices to make in this environment.
You press <<18>> and receive 51 points.
You press <<18>> and receive 49 points.
You press <<18>> and receive 51 points.
You press <<18>> and receive 48 points.
You press <<18>> and receive 52 points.

Environment number 13:
The value of option 1 is 20. You have 10 choices to make in this environment.
You press <<9>> and receive 39 points.
You press <<18>> and receive 53 points.
You press <<18>> and receive 53 points.
You press <<",68
13,35,5,18,1,rough,1,10,20,53,"You will be presented with a series of 16 different environments to explore.
In each trial, you can select an option between numbers 1 and 30 by pressing the corresponding key.
By selecting any of these options, you will earn points associated with each unique option.
Imagine these options 1 through 30 as lying next to each other in an ordered line; options closer to each other tend to have similar rewards as rewards tend to cluster together.
For each environment, you will be able to make either 5 or 10 choices.
When you made all your choices in a given environment, you will start making choices in the next unexplored environment.
The rewards underlying the different options are different in each environment so you will learn them anew for each environment.
Each environment starts with the value of a single option revealed.
When you choose the number corresponding to a different option, you will be told the value of that option and receive those points.
Previously revealed options, including the starting option, can also be reselected, although there may be small changes in the point value.
It is your task to to learn where the largest reward is in each of the 16 environments.

Environment number 1:
The value of option 17 is 38. You have 10 choices to make in this environment.
You press <<13>> and receive 45 points.
You press <<9>> and receive 53 points.
You press <<6>> and receive 55 points.
You press <<4>> and receive 47 points.
You press <<2>> and receive 46 points.
You press <<23>> and receive 43 points.
You press <<24>> and receive 30 points.
You press <<22>> and receive 67 points.
You press <<21>> and receive 61 points.
You press <<20>> and receive 74 points.

Environment number 2:
The value of option 27 is 18. You have 5 choices to make in this environment.
You press <<13>> and receive 61 points.
You press <<13>> and receive 62 points.
You press <<14>> and receive 60 points.
You press <<15>> and receive 33 points.
You press <<12>> and receive 50 points.

Environment number 3:
The value of option 14 is 58. You have 10 choices to make in this environment.
You press <<14>> and receive 57 points.
You press <<8>> and receive 34 points.
You press <<5>> and receive 6 points.
You press <<25>> and receive 35 points.
You press <<20>> and receive 12 points.
You press <<14>> and receive 59 points.
You press <<14>> and receive 58 points.
You press <<14>> and receive 58 points.
You press <<14>> and receive 58 points.
You press <<14>> and receive 57 points.

Environment number 4:
The value of option 15 is 1. You have 10 choices to make in this environment.
You press <<5>> and receive 59 points.
You press <<6>> and receive 46 points.
You press <<3>> and receive 47 points.
You press <<5>> and receive 56 points.
You press <<23>> and receive 45 points.
You press <<21>> and receive 44 points.
You press <<25>> and receive 25 points.
You press <<15>> and receive 0 points.
You press <<5>> and receive 57 points.
You press <<5>> and receive 57 points.

Environment number 5:
The value of option 18 is 81. You have 10 choices to make in this environment.
You press <<18>> and receive 79 points.
You press <<17>> and receive 58 points.
You press <<19>> and receive 67 points.
You press <<18>> and receive 79 points.
You press <<18>> and receive 78 points.
You press <<18>> and receive 79 points.
You press <<18>> and receive 79 points.
You press <<18>> and receive 78 points.
You press <<18>> and receive 78 points.
You press <<18>> and receive 78 points.

Environment number 6:
The value of option 13 is 67. You have 5 choices to make in this environment.
You press <<13>> and receive 67 points.
You press <<12>> and receive 56 points.
You press <<13>> and receive 66 points.
You press <<13>> and receive 66 points.
You press <<13>> and receive 66 points.

Environment number 7:
The value of option 17 is 14. You have 5 choices to make in this environment.
You press <<9>> and receive 59 points.
You press <<9>> and receive 57 points.
You press <<9>> and receive 60 points.
You press <<9>> and receive 58 points.
You press <<9>> and receive 59 points.

Environment number 8:
The value of option 5 is 38. You have 10 choices to make in this environment.
You press <<3>> and receive 27 points.
You press <<8>> and receive 75 points.
You press <<8>> and receive 76 points.
You press <<8>> and receive 74 points.
You press <<8>> and receive 76 points.
You press <<8>> and receive 78 points.
You press <<8>> and receive 76 points.
You press <<8>> and receive 78 points.
You press <<8>> and receive 79 points.
You press <<8>> and receive 78 points.

Environment number 9:
The value of option 23 is 33. You have 10 choices to make in this environment.
You press <<23>> and receive 34 points.
You press <<15>> and receive 14 points.
You press <<5>> and receive 15 points.
You press <<2>> and receive 0 points.
You press <<28>> and receive 33 points.
You press <<22>> and receive 61 points.
You press <<22>> and receive 62 points.
You press <<22>> and receive 59 points.
You press <<22>> and receive 60 points.
You press <<22>> and receive 59 points.

Environment number 10:
The value of option 22 is 55. You have 5 choices to make in this environment.
You press <<22>> and receive 54 points.
You press <<22>> and receive 55 points.
You press <<22>> and receive 53 points.
You press <<22>> and receive 55 points.
You press <<22>> and receive 54 points.

Environment number 11:
The value of option 29 is 50. You have 5 choices to make in this environment.
You press <<25>> and receive 28 points.
You press <<19>> and receive 15 points.
You press <<14>> and receive 17 points.
You press <<8>> and receive 20 points.
You press <<4>> and receive 21 points.

Environment number 12:
The value of option 18 is 52. You have 5 choices to make in this environment.
You press <<18>> and receive 51 points.
You press <<18>> and receive 49 points.
You press <<18>> and receive 51 points.
You press <<18>> and receive 48 points.
You press <<18>> and receive 52 points.

Environment number 13:
The value of option 1 is 20. You have 10 choices to make in this environment.
You press <<9>> and receive 39 points.
You press <<18>> and receive 53 points.
You press <<18>> and receive 53 points.
You press <<18>> and receive 52 points.
You press <<",68
13,35,6,18,1,rough,1,10,20,52,"You will be presented with a series of 16 different environments to explore.
In each trial, you can select an option between numbers 1 and 30 by pressing the corresponding key.
By selecting any of these options, you will earn points associated with each unique option.
Imagine these options 1 through 30 as lying next to each other in an ordered line; options closer to each other tend to have similar rewards as rewards tend to cluster together.
For each environment, you will be able to make either 5 or 10 choices.
When you made all your choices in a given environment, you will start making choices in the next unexplored environment.
The rewards underlying the different options are different in each environment so you will learn them anew for each environment.
Each environment starts with the value of a single option revealed.
When you choose the number corresponding to a different option, you will be told the value of that option and receive those points.
Previously revealed options, including the starting option, can also be reselected, although there may be small changes in the point value.
It is your task to to learn where the largest reward is in each of the 16 environments.

Environment number 1:
The value of option 17 is 38. You have 10 choices to make in this environment.
You press <<13>> and receive 45 points.
You press <<9>> and receive 53 points.
You press <<6>> and receive 55 points.
You press <<4>> and receive 47 points.
You press <<2>> and receive 46 points.
You press <<23>> and receive 43 points.
You press <<24>> and receive 30 points.
You press <<22>> and receive 67 points.
You press <<21>> and receive 61 points.
You press <<20>> and receive 74 points.

Environment number 2:
The value of option 27 is 18. You have 5 choices to make in this environment.
You press <<13>> and receive 61 points.
You press <<13>> and receive 62 points.
You press <<14>> and receive 60 points.
You press <<15>> and receive 33 points.
You press <<12>> and receive 50 points.

Environment number 3:
The value of option 14 is 58. You have 10 choices to make in this environment.
You press <<14>> and receive 57 points.
You press <<8>> and receive 34 points.
You press <<5>> and receive 6 points.
You press <<25>> and receive 35 points.
You press <<20>> and receive 12 points.
You press <<14>> and receive 59 points.
You press <<14>> and receive 58 points.
You press <<14>> and receive 58 points.
You press <<14>> and receive 58 points.
You press <<14>> and receive 57 points.

Environment number 4:
The value of option 15 is 1. You have 10 choices to make in this environment.
You press <<5>> and receive 59 points.
You press <<6>> and receive 46 points.
You press <<3>> and receive 47 points.
You press <<5>> and receive 56 points.
You press <<23>> and receive 45 points.
You press <<21>> and receive 44 points.
You press <<25>> and receive 25 points.
You press <<15>> and receive 0 points.
You press <<5>> and receive 57 points.
You press <<5>> and receive 57 points.

Environment number 5:
The value of option 18 is 81. You have 10 choices to make in this environment.
You press <<18>> and receive 79 points.
You press <<17>> and receive 58 points.
You press <<19>> and receive 67 points.
You press <<18>> and receive 79 points.
You press <<18>> and receive 78 points.
You press <<18>> and receive 79 points.
You press <<18>> and receive 79 points.
You press <<18>> and receive 78 points.
You press <<18>> and receive 78 points.
You press <<18>> and receive 78 points.

Environment number 6:
The value of option 13 is 67. You have 5 choices to make in this environment.
You press <<13>> and receive 67 points.
You press <<12>> and receive 56 points.
You press <<13>> and receive 66 points.
You press <<13>> and receive 66 points.
You press <<13>> and receive 66 points.

Environment number 7:
The value of option 17 is 14. You have 5 choices to make in this environment.
You press <<9>> and receive 59 points.
You press <<9>> and receive 57 points.
You press <<9>> and receive 60 points.
You press <<9>> and receive 58 points.
You press <<9>> and receive 59 points.

Environment number 8:
The value of option 5 is 38. You have 10 choices to make in this environment.
You press <<3>> and receive 27 points.
You press <<8>> and receive 75 points.
You press <<8>> and receive 76 points.
You press <<8>> and receive 74 points.
You press <<8>> and receive 76 points.
You press <<8>> and receive 78 points.
You press <<8>> and receive 76 points.
You press <<8>> and receive 78 points.
You press <<8>> and receive 79 points.
You press <<8>> and receive 78 points.

Environment number 9:
The value of option 23 is 33. You have 10 choices to make in this environment.
You press <<23>> and receive 34 points.
You press <<15>> and receive 14 points.
You press <<5>> and receive 15 points.
You press <<2>> and receive 0 points.
You press <<28>> and receive 33 points.
You press <<22>> and receive 61 points.
You press <<22>> and receive 62 points.
You press <<22>> and receive 59 points.
You press <<22>> and receive 60 points.
You press <<22>> and receive 59 points.

Environment number 10:
The value of option 22 is 55. You have 5 choices to make in this environment.
You press <<22>> and receive 54 points.
You press <<22>> and receive 55 points.
You press <<22>> and receive 53 points.
You press <<22>> and receive 55 points.
You press <<22>> and receive 54 points.

Environment number 11:
The value of option 29 is 50. You have 5 choices to make in this environment.
You press <<25>> and receive 28 points.
You press <<19>> and receive 15 points.
You press <<14>> and receive 17 points.
You press <<8>> and receive 20 points.
You press <<4>> and receive 21 points.

Environment number 12:
The value of option 18 is 52. You have 5 choices to make in this environment.
You press <<18>> and receive 51 points.
You press <<18>> and receive 49 points.
You press <<18>> and receive 51 points.
You press <<18>> and receive 48 points.
You press <<18>> and receive 52 points.

Environment number 13:
The value of option 1 is 20. You have 10 choices to make in this environment.
You press <<9>> and receive 39 points.
You press <<18>> and receive 53 points.
You press <<18>> and receive 53 points.
You press <<18>> and receive 52 points.
You press <<18>> and receive 53 points.
You press <<",68
13,35,7,18,1,rough,1,10,20,52,"You will be presented with a series of 16 different environments to explore.
In each trial, you can select an option between numbers 1 and 30 by pressing the corresponding key.
By selecting any of these options, you will earn points associated with each unique option.
Imagine these options 1 through 30 as lying next to each other in an ordered line; options closer to each other tend to have similar rewards as rewards tend to cluster together.
For each environment, you will be able to make either 5 or 10 choices.
When you made all your choices in a given environment, you will start making choices in the next unexplored environment.
The rewards underlying the different options are different in each environment so you will learn them anew for each environment.
Each environment starts with the value of a single option revealed.
When you choose the number corresponding to a different option, you will be told the value of that option and receive those points.
Previously revealed options, including the starting option, can also be reselected, although there may be small changes in the point value.
It is your task to to learn where the largest reward is in each of the 16 environments.

Environment number 1:
The value of option 17 is 38. You have 10 choices to make in this environment.
You press <<13>> and receive 45 points.
You press <<9>> and receive 53 points.
You press <<6>> and receive 55 points.
You press <<4>> and receive 47 points.
You press <<2>> and receive 46 points.
You press <<23>> and receive 43 points.
You press <<24>> and receive 30 points.
You press <<22>> and receive 67 points.
You press <<21>> and receive 61 points.
You press <<20>> and receive 74 points.

Environment number 2:
The value of option 27 is 18. You have 5 choices to make in this environment.
You press <<13>> and receive 61 points.
You press <<13>> and receive 62 points.
You press <<14>> and receive 60 points.
You press <<15>> and receive 33 points.
You press <<12>> and receive 50 points.

Environment number 3:
The value of option 14 is 58. You have 10 choices to make in this environment.
You press <<14>> and receive 57 points.
You press <<8>> and receive 34 points.
You press <<5>> and receive 6 points.
You press <<25>> and receive 35 points.
You press <<20>> and receive 12 points.
You press <<14>> and receive 59 points.
You press <<14>> and receive 58 points.
You press <<14>> and receive 58 points.
You press <<14>> and receive 58 points.
You press <<14>> and receive 57 points.

Environment number 4:
The value of option 15 is 1. You have 10 choices to make in this environment.
You press <<5>> and receive 59 points.
You press <<6>> and receive 46 points.
You press <<3>> and receive 47 points.
You press <<5>> and receive 56 points.
You press <<23>> and receive 45 points.
You press <<21>> and receive 44 points.
You press <<25>> and receive 25 points.
You press <<15>> and receive 0 points.
You press <<5>> and receive 57 points.
You press <<5>> and receive 57 points.

Environment number 5:
The value of option 18 is 81. You have 10 choices to make in this environment.
You press <<18>> and receive 79 points.
You press <<17>> and receive 58 points.
You press <<19>> and receive 67 points.
You press <<18>> and receive 79 points.
You press <<18>> and receive 78 points.
You press <<18>> and receive 79 points.
You press <<18>> and receive 79 points.
You press <<18>> and receive 78 points.
You press <<18>> and receive 78 points.
You press <<18>> and receive 78 points.

Environment number 6:
The value of option 13 is 67. You have 5 choices to make in this environment.
You press <<13>> and receive 67 points.
You press <<12>> and receive 56 points.
You press <<13>> and receive 66 points.
You press <<13>> and receive 66 points.
You press <<13>> and receive 66 points.

Environment number 7:
The value of option 17 is 14. You have 5 choices to make in this environment.
You press <<9>> and receive 59 points.
You press <<9>> and receive 57 points.
You press <<9>> and receive 60 points.
You press <<9>> and receive 58 points.
You press <<9>> and receive 59 points.

Environment number 8:
The value of option 5 is 38. You have 10 choices to make in this environment.
You press <<3>> and receive 27 points.
You press <<8>> and receive 75 points.
You press <<8>> and receive 76 points.
You press <<8>> and receive 74 points.
You press <<8>> and receive 76 points.
You press <<8>> and receive 78 points.
You press <<8>> and receive 76 points.
You press <<8>> and receive 78 points.
You press <<8>> and receive 79 points.
You press <<8>> and receive 78 points.

Environment number 9:
The value of option 23 is 33. You have 10 choices to make in this environment.
You press <<23>> and receive 34 points.
You press <<15>> and receive 14 points.
You press <<5>> and receive 15 points.
You press <<2>> and receive 0 points.
You press <<28>> and receive 33 points.
You press <<22>> and receive 61 points.
You press <<22>> and receive 62 points.
You press <<22>> and receive 59 points.
You press <<22>> and receive 60 points.
You press <<22>> and receive 59 points.

Environment number 10:
The value of option 22 is 55. You have 5 choices to make in this environment.
You press <<22>> and receive 54 points.
You press <<22>> and receive 55 points.
You press <<22>> and receive 53 points.
You press <<22>> and receive 55 points.
You press <<22>> and receive 54 points.

Environment number 11:
The value of option 29 is 50. You have 5 choices to make in this environment.
You press <<25>> and receive 28 points.
You press <<19>> and receive 15 points.
You press <<14>> and receive 17 points.
You press <<8>> and receive 20 points.
You press <<4>> and receive 21 points.

Environment number 12:
The value of option 18 is 52. You have 5 choices to make in this environment.
You press <<18>> and receive 51 points.
You press <<18>> and receive 49 points.
You press <<18>> and receive 51 points.
You press <<18>> and receive 48 points.
You press <<18>> and receive 52 points.

Environment number 13:
The value of option 1 is 20. You have 10 choices to make in this environment.
You press <<9>> and receive 39 points.
You press <<18>> and receive 53 points.
You press <<18>> and receive 53 points.
You press <<18>> and receive 52 points.
You press <<18>> and receive 53 points.
You press <<18>> and receive 52 points.
You press <<",68
13,35,8,18,1,rough,1,10,20,51,"You will be presented with a series of 16 different environments to explore.
In each trial, you can select an option between numbers 1 and 30 by pressing the corresponding key.
By selecting any of these options, you will earn points associated with each unique option.
Imagine these options 1 through 30 as lying next to each other in an ordered line; options closer to each other tend to have similar rewards as rewards tend to cluster together.
For each environment, you will be able to make either 5 or 10 choices.
When you made all your choices in a given environment, you will start making choices in the next unexplored environment.
The rewards underlying the different options are different in each environment so you will learn them anew for each environment.
Each environment starts with the value of a single option revealed.
When you choose the number corresponding to a different option, you will be told the value of that option and receive those points.
Previously revealed options, including the starting option, can also be reselected, although there may be small changes in the point value.
It is your task to to learn where the largest reward is in each of the 16 environments.

Environment number 1:
The value of option 17 is 38. You have 10 choices to make in this environment.
You press <<13>> and receive 45 points.
You press <<9>> and receive 53 points.
You press <<6>> and receive 55 points.
You press <<4>> and receive 47 points.
You press <<2>> and receive 46 points.
You press <<23>> and receive 43 points.
You press <<24>> and receive 30 points.
You press <<22>> and receive 67 points.
You press <<21>> and receive 61 points.
You press <<20>> and receive 74 points.

Environment number 2:
The value of option 27 is 18. You have 5 choices to make in this environment.
You press <<13>> and receive 61 points.
You press <<13>> and receive 62 points.
You press <<14>> and receive 60 points.
You press <<15>> and receive 33 points.
You press <<12>> and receive 50 points.

Environment number 3:
The value of option 14 is 58. You have 10 choices to make in this environment.
You press <<14>> and receive 57 points.
You press <<8>> and receive 34 points.
You press <<5>> and receive 6 points.
You press <<25>> and receive 35 points.
You press <<20>> and receive 12 points.
You press <<14>> and receive 59 points.
You press <<14>> and receive 58 points.
You press <<14>> and receive 58 points.
You press <<14>> and receive 58 points.
You press <<14>> and receive 57 points.

Environment number 4:
The value of option 15 is 1. You have 10 choices to make in this environment.
You press <<5>> and receive 59 points.
You press <<6>> and receive 46 points.
You press <<3>> and receive 47 points.
You press <<5>> and receive 56 points.
You press <<23>> and receive 45 points.
You press <<21>> and receive 44 points.
You press <<25>> and receive 25 points.
You press <<15>> and receive 0 points.
You press <<5>> and receive 57 points.
You press <<5>> and receive 57 points.

Environment number 5:
The value of option 18 is 81. You have 10 choices to make in this environment.
You press <<18>> and receive 79 points.
You press <<17>> and receive 58 points.
You press <<19>> and receive 67 points.
You press <<18>> and receive 79 points.
You press <<18>> and receive 78 points.
You press <<18>> and receive 79 points.
You press <<18>> and receive 79 points.
You press <<18>> and receive 78 points.
You press <<18>> and receive 78 points.
You press <<18>> and receive 78 points.

Environment number 6:
The value of option 13 is 67. You have 5 choices to make in this environment.
You press <<13>> and receive 67 points.
You press <<12>> and receive 56 points.
You press <<13>> and receive 66 points.
You press <<13>> and receive 66 points.
You press <<13>> and receive 66 points.

Environment number 7:
The value of option 17 is 14. You have 5 choices to make in this environment.
You press <<9>> and receive 59 points.
You press <<9>> and receive 57 points.
You press <<9>> and receive 60 points.
You press <<9>> and receive 58 points.
You press <<9>> and receive 59 points.

Environment number 8:
The value of option 5 is 38. You have 10 choices to make in this environment.
You press <<3>> and receive 27 points.
You press <<8>> and receive 75 points.
You press <<8>> and receive 76 points.
You press <<8>> and receive 74 points.
You press <<8>> and receive 76 points.
You press <<8>> and receive 78 points.
You press <<8>> and receive 76 points.
You press <<8>> and receive 78 points.
You press <<8>> and receive 79 points.
You press <<8>> and receive 78 points.

Environment number 9:
The value of option 23 is 33. You have 10 choices to make in this environment.
You press <<23>> and receive 34 points.
You press <<15>> and receive 14 points.
You press <<5>> and receive 15 points.
You press <<2>> and receive 0 points.
You press <<28>> and receive 33 points.
You press <<22>> and receive 61 points.
You press <<22>> and receive 62 points.
You press <<22>> and receive 59 points.
You press <<22>> and receive 60 points.
You press <<22>> and receive 59 points.

Environment number 10:
The value of option 22 is 55. You have 5 choices to make in this environment.
You press <<22>> and receive 54 points.
You press <<22>> and receive 55 points.
You press <<22>> and receive 53 points.
You press <<22>> and receive 55 points.
You press <<22>> and receive 54 points.

Environment number 11:
The value of option 29 is 50. You have 5 choices to make in this environment.
You press <<25>> and receive 28 points.
You press <<19>> and receive 15 points.
You press <<14>> and receive 17 points.
You press <<8>> and receive 20 points.
You press <<4>> and receive 21 points.

Environment number 12:
The value of option 18 is 52. You have 5 choices to make in this environment.
You press <<18>> and receive 51 points.
You press <<18>> and receive 49 points.
You press <<18>> and receive 51 points.
You press <<18>> and receive 48 points.
You press <<18>> and receive 52 points.

Environment number 13:
The value of option 1 is 20. You have 10 choices to make in this environment.
You press <<9>> and receive 39 points.
You press <<18>> and receive 53 points.
You press <<18>> and receive 53 points.
You press <<18>> and receive 52 points.
You press <<18>> and receive 53 points.
You press <<18>> and receive 52 points.
You press <<18>> and receive 52 points.
You press <<",68
13,35,9,18,1,rough,1,10,20,52,"You will be presented with a series of 16 different environments to explore.
In each trial, you can select an option between numbers 1 and 30 by pressing the corresponding key.
By selecting any of these options, you will earn points associated with each unique option.
Imagine these options 1 through 30 as lying next to each other in an ordered line; options closer to each other tend to have similar rewards as rewards tend to cluster together.
For each environment, you will be able to make either 5 or 10 choices.
When you made all your choices in a given environment, you will start making choices in the next unexplored environment.
The rewards underlying the different options are different in each environment so you will learn them anew for each environment.
Each environment starts with the value of a single option revealed.
When you choose the number corresponding to a different option, you will be told the value of that option and receive those points.
Previously revealed options, including the starting option, can also be reselected, although there may be small changes in the point value.
It is your task to to learn where the largest reward is in each of the 16 environments.

Environment number 1:
The value of option 17 is 38. You have 10 choices to make in this environment.
You press <<13>> and receive 45 points.
You press <<9>> and receive 53 points.
You press <<6>> and receive 55 points.
You press <<4>> and receive 47 points.
You press <<2>> and receive 46 points.
You press <<23>> and receive 43 points.
You press <<24>> and receive 30 points.
You press <<22>> and receive 67 points.
You press <<21>> and receive 61 points.
You press <<20>> and receive 74 points.

Environment number 2:
The value of option 27 is 18. You have 5 choices to make in this environment.
You press <<13>> and receive 61 points.
You press <<13>> and receive 62 points.
You press <<14>> and receive 60 points.
You press <<15>> and receive 33 points.
You press <<12>> and receive 50 points.

Environment number 3:
The value of option 14 is 58. You have 10 choices to make in this environment.
You press <<14>> and receive 57 points.
You press <<8>> and receive 34 points.
You press <<5>> and receive 6 points.
You press <<25>> and receive 35 points.
You press <<20>> and receive 12 points.
You press <<14>> and receive 59 points.
You press <<14>> and receive 58 points.
You press <<14>> and receive 58 points.
You press <<14>> and receive 58 points.
You press <<14>> and receive 57 points.

Environment number 4:
The value of option 15 is 1. You have 10 choices to make in this environment.
You press <<5>> and receive 59 points.
You press <<6>> and receive 46 points.
You press <<3>> and receive 47 points.
You press <<5>> and receive 56 points.
You press <<23>> and receive 45 points.
You press <<21>> and receive 44 points.
You press <<25>> and receive 25 points.
You press <<15>> and receive 0 points.
You press <<5>> and receive 57 points.
You press <<5>> and receive 57 points.

Environment number 5:
The value of option 18 is 81. You have 10 choices to make in this environment.
You press <<18>> and receive 79 points.
You press <<17>> and receive 58 points.
You press <<19>> and receive 67 points.
You press <<18>> and receive 79 points.
You press <<18>> and receive 78 points.
You press <<18>> and receive 79 points.
You press <<18>> and receive 79 points.
You press <<18>> and receive 78 points.
You press <<18>> and receive 78 points.
You press <<18>> and receive 78 points.

Environment number 6:
The value of option 13 is 67. You have 5 choices to make in this environment.
You press <<13>> and receive 67 points.
You press <<12>> and receive 56 points.
You press <<13>> and receive 66 points.
You press <<13>> and receive 66 points.
You press <<13>> and receive 66 points.

Environment number 7:
The value of option 17 is 14. You have 5 choices to make in this environment.
You press <<9>> and receive 59 points.
You press <<9>> and receive 57 points.
You press <<9>> and receive 60 points.
You press <<9>> and receive 58 points.
You press <<9>> and receive 59 points.

Environment number 8:
The value of option 5 is 38. You have 10 choices to make in this environment.
You press <<3>> and receive 27 points.
You press <<8>> and receive 75 points.
You press <<8>> and receive 76 points.
You press <<8>> and receive 74 points.
You press <<8>> and receive 76 points.
You press <<8>> and receive 78 points.
You press <<8>> and receive 76 points.
You press <<8>> and receive 78 points.
You press <<8>> and receive 79 points.
You press <<8>> and receive 78 points.

Environment number 9:
The value of option 23 is 33. You have 10 choices to make in this environment.
You press <<23>> and receive 34 points.
You press <<15>> and receive 14 points.
You press <<5>> and receive 15 points.
You press <<2>> and receive 0 points.
You press <<28>> and receive 33 points.
You press <<22>> and receive 61 points.
You press <<22>> and receive 62 points.
You press <<22>> and receive 59 points.
You press <<22>> and receive 60 points.
You press <<22>> and receive 59 points.

Environment number 10:
The value of option 22 is 55. You have 5 choices to make in this environment.
You press <<22>> and receive 54 points.
You press <<22>> and receive 55 points.
You press <<22>> and receive 53 points.
You press <<22>> and receive 55 points.
You press <<22>> and receive 54 points.

Environment number 11:
The value of option 29 is 50. You have 5 choices to make in this environment.
You press <<25>> and receive 28 points.
You press <<19>> and receive 15 points.
You press <<14>> and receive 17 points.
You press <<8>> and receive 20 points.
You press <<4>> and receive 21 points.

Environment number 12:
The value of option 18 is 52. You have 5 choices to make in this environment.
You press <<18>> and receive 51 points.
You press <<18>> and receive 49 points.
You press <<18>> and receive 51 points.
You press <<18>> and receive 48 points.
You press <<18>> and receive 52 points.

Environment number 13:
The value of option 1 is 20. You have 10 choices to make in this environment.
You press <<9>> and receive 39 points.
You press <<18>> and receive 53 points.
You press <<18>> and receive 53 points.
You press <<18>> and receive 52 points.
You press <<18>> and receive 53 points.
You press <<18>> and receive 52 points.
You press <<18>> and receive 52 points.
You press <<18>> and receive 51 points.
You press <<",68
13,35,10,18,1,rough,1,10,20,54,"You will be presented with a series of 16 different environments to explore.
In each trial, you can select an option between numbers 1 and 30 by pressing the corresponding key.
By selecting any of these options, you will earn points associated with each unique option.
Imagine these options 1 through 30 as lying next to each other in an ordered line; options closer to each other tend to have similar rewards as rewards tend to cluster together.
For each environment, you will be able to make either 5 or 10 choices.
When you made all your choices in a given environment, you will start making choices in the next unexplored environment.
The rewards underlying the different options are different in each environment so you will learn them anew for each environment.
Each environment starts with the value of a single option revealed.
When you choose the number corresponding to a different option, you will be told the value of that option and receive those points.
Previously revealed options, including the starting option, can also be reselected, although there may be small changes in the point value.
It is your task to to learn where the largest reward is in each of the 16 environments.

Environment number 1:
The value of option 17 is 38. You have 10 choices to make in this environment.
You press <<13>> and receive 45 points.
You press <<9>> and receive 53 points.
You press <<6>> and receive 55 points.
You press <<4>> and receive 47 points.
You press <<2>> and receive 46 points.
You press <<23>> and receive 43 points.
You press <<24>> and receive 30 points.
You press <<22>> and receive 67 points.
You press <<21>> and receive 61 points.
You press <<20>> and receive 74 points.

Environment number 2:
The value of option 27 is 18. You have 5 choices to make in this environment.
You press <<13>> and receive 61 points.
You press <<13>> and receive 62 points.
You press <<14>> and receive 60 points.
You press <<15>> and receive 33 points.
You press <<12>> and receive 50 points.

Environment number 3:
The value of option 14 is 58. You have 10 choices to make in this environment.
You press <<14>> and receive 57 points.
You press <<8>> and receive 34 points.
You press <<5>> and receive 6 points.
You press <<25>> and receive 35 points.
You press <<20>> and receive 12 points.
You press <<14>> and receive 59 points.
You press <<14>> and receive 58 points.
You press <<14>> and receive 58 points.
You press <<14>> and receive 58 points.
You press <<14>> and receive 57 points.

Environment number 4:
The value of option 15 is 1. You have 10 choices to make in this environment.
You press <<5>> and receive 59 points.
You press <<6>> and receive 46 points.
You press <<3>> and receive 47 points.
You press <<5>> and receive 56 points.
You press <<23>> and receive 45 points.
You press <<21>> and receive 44 points.
You press <<25>> and receive 25 points.
You press <<15>> and receive 0 points.
You press <<5>> and receive 57 points.
You press <<5>> and receive 57 points.

Environment number 5:
The value of option 18 is 81. You have 10 choices to make in this environment.
You press <<18>> and receive 79 points.
You press <<17>> and receive 58 points.
You press <<19>> and receive 67 points.
You press <<18>> and receive 79 points.
You press <<18>> and receive 78 points.
You press <<18>> and receive 79 points.
You press <<18>> and receive 79 points.
You press <<18>> and receive 78 points.
You press <<18>> and receive 78 points.
You press <<18>> and receive 78 points.

Environment number 6:
The value of option 13 is 67. You have 5 choices to make in this environment.
You press <<13>> and receive 67 points.
You press <<12>> and receive 56 points.
You press <<13>> and receive 66 points.
You press <<13>> and receive 66 points.
You press <<13>> and receive 66 points.

Environment number 7:
The value of option 17 is 14. You have 5 choices to make in this environment.
You press <<9>> and receive 59 points.
You press <<9>> and receive 57 points.
You press <<9>> and receive 60 points.
You press <<9>> and receive 58 points.
You press <<9>> and receive 59 points.

Environment number 8:
The value of option 5 is 38. You have 10 choices to make in this environment.
You press <<3>> and receive 27 points.
You press <<8>> and receive 75 points.
You press <<8>> and receive 76 points.
You press <<8>> and receive 74 points.
You press <<8>> and receive 76 points.
You press <<8>> and receive 78 points.
You press <<8>> and receive 76 points.
You press <<8>> and receive 78 points.
You press <<8>> and receive 79 points.
You press <<8>> and receive 78 points.

Environment number 9:
The value of option 23 is 33. You have 10 choices to make in this environment.
You press <<23>> and receive 34 points.
You press <<15>> and receive 14 points.
You press <<5>> and receive 15 points.
You press <<2>> and receive 0 points.
You press <<28>> and receive 33 points.
You press <<22>> and receive 61 points.
You press <<22>> and receive 62 points.
You press <<22>> and receive 59 points.
You press <<22>> and receive 60 points.
You press <<22>> and receive 59 points.

Environment number 10:
The value of option 22 is 55. You have 5 choices to make in this environment.
You press <<22>> and receive 54 points.
You press <<22>> and receive 55 points.
You press <<22>> and receive 53 points.
You press <<22>> and receive 55 points.
You press <<22>> and receive 54 points.

Environment number 11:
The value of option 29 is 50. You have 5 choices to make in this environment.
You press <<25>> and receive 28 points.
You press <<19>> and receive 15 points.
You press <<14>> and receive 17 points.
You press <<8>> and receive 20 points.
You press <<4>> and receive 21 points.

Environment number 12:
The value of option 18 is 52. You have 5 choices to make in this environment.
You press <<18>> and receive 51 points.
You press <<18>> and receive 49 points.
You press <<18>> and receive 51 points.
You press <<18>> and receive 48 points.
You press <<18>> and receive 52 points.

Environment number 13:
The value of option 1 is 20. You have 10 choices to make in this environment.
You press <<9>> and receive 39 points.
You press <<18>> and receive 53 points.
You press <<18>> and receive 53 points.
You press <<18>> and receive 52 points.
You press <<18>> and receive 53 points.
You press <<18>> and receive 52 points.
You press <<18>> and receive 52 points.
You press <<18>> and receive 51 points.
You press <<18>> and receive 52 points.
You press <<",68
14,21,1,14,1,rough,19,10,33,0,"You will be presented with a series of 16 different environments to explore.
In each trial, you can select an option between numbers 1 and 30 by pressing the corresponding key.
By selecting any of these options, you will earn points associated with each unique option.
Imagine these options 1 through 30 as lying next to each other in an ordered line; options closer to each other tend to have similar rewards as rewards tend to cluster together.
For each environment, you will be able to make either 5 or 10 choices.
When you made all your choices in a given environment, you will start making choices in the next unexplored environment.
The rewards underlying the different options are different in each environment so you will learn them anew for each environment.
Each environment starts with the value of a single option revealed.
When you choose the number corresponding to a different option, you will be told the value of that option and receive those points.
Previously revealed options, including the starting option, can also be reselected, although there may be small changes in the point value.
It is your task to to learn where the largest reward is in each of the 16 environments.

Environment number 1:
The value of option 17 is 38. You have 10 choices to make in this environment.
You press <<13>> and receive 45 points.
You press <<9>> and receive 53 points.
You press <<6>> and receive 55 points.
You press <<4>> and receive 47 points.
You press <<2>> and receive 46 points.
You press <<23>> and receive 43 points.
You press <<24>> and receive 30 points.
You press <<22>> and receive 67 points.
You press <<21>> and receive 61 points.
You press <<20>> and receive 74 points.

Environment number 2:
The value of option 27 is 18. You have 5 choices to make in this environment.
You press <<13>> and receive 61 points.
You press <<13>> and receive 62 points.
You press <<14>> and receive 60 points.
You press <<15>> and receive 33 points.
You press <<12>> and receive 50 points.

Environment number 3:
The value of option 14 is 58. You have 10 choices to make in this environment.
You press <<14>> and receive 57 points.
You press <<8>> and receive 34 points.
You press <<5>> and receive 6 points.
You press <<25>> and receive 35 points.
You press <<20>> and receive 12 points.
You press <<14>> and receive 59 points.
You press <<14>> and receive 58 points.
You press <<14>> and receive 58 points.
You press <<14>> and receive 58 points.
You press <<14>> and receive 57 points.

Environment number 4:
The value of option 15 is 1. You have 10 choices to make in this environment.
You press <<5>> and receive 59 points.
You press <<6>> and receive 46 points.
You press <<3>> and receive 47 points.
You press <<5>> and receive 56 points.
You press <<23>> and receive 45 points.
You press <<21>> and receive 44 points.
You press <<25>> and receive 25 points.
You press <<15>> and receive 0 points.
You press <<5>> and receive 57 points.
You press <<5>> and receive 57 points.

Environment number 5:
The value of option 18 is 81. You have 10 choices to make in this environment.
You press <<18>> and receive 79 points.
You press <<17>> and receive 58 points.
You press <<19>> and receive 67 points.
You press <<18>> and receive 79 points.
You press <<18>> and receive 78 points.
You press <<18>> and receive 79 points.
You press <<18>> and receive 79 points.
You press <<18>> and receive 78 points.
You press <<18>> and receive 78 points.
You press <<18>> and receive 78 points.

Environment number 6:
The value of option 13 is 67. You have 5 choices to make in this environment.
You press <<13>> and receive 67 points.
You press <<12>> and receive 56 points.
You press <<13>> and receive 66 points.
You press <<13>> and receive 66 points.
You press <<13>> and receive 66 points.

Environment number 7:
The value of option 17 is 14. You have 5 choices to make in this environment.
You press <<9>> and receive 59 points.
You press <<9>> and receive 57 points.
You press <<9>> and receive 60 points.
You press <<9>> and receive 58 points.
You press <<9>> and receive 59 points.

Environment number 8:
The value of option 5 is 38. You have 10 choices to make in this environment.
You press <<3>> and receive 27 points.
You press <<8>> and receive 75 points.
You press <<8>> and receive 76 points.
You press <<8>> and receive 74 points.
You press <<8>> and receive 76 points.
You press <<8>> and receive 78 points.
You press <<8>> and receive 76 points.
You press <<8>> and receive 78 points.
You press <<8>> and receive 79 points.
You press <<8>> and receive 78 points.

Environment number 9:
The value of option 23 is 33. You have 10 choices to make in this environment.
You press <<23>> and receive 34 points.
You press <<15>> and receive 14 points.
You press <<5>> and receive 15 points.
You press <<2>> and receive 0 points.
You press <<28>> and receive 33 points.
You press <<22>> and receive 61 points.
You press <<22>> and receive 62 points.
You press <<22>> and receive 59 points.
You press <<22>> and receive 60 points.
You press <<22>> and receive 59 points.

Environment number 10:
The value of option 22 is 55. You have 5 choices to make in this environment.
You press <<22>> and receive 54 points.
You press <<22>> and receive 55 points.
You press <<22>> and receive 53 points.
You press <<22>> and receive 55 points.
You press <<22>> and receive 54 points.

Environment number 11:
The value of option 29 is 50. You have 5 choices to make in this environment.
You press <<25>> and receive 28 points.
You press <<19>> and receive 15 points.
You press <<14>> and receive 17 points.
You press <<8>> and receive 20 points.
You press <<4>> and receive 21 points.

Environment number 12:
The value of option 18 is 52. You have 5 choices to make in this environment.
You press <<18>> and receive 51 points.
You press <<18>> and receive 49 points.
You press <<18>> and receive 51 points.
You press <<18>> and receive 48 points.
You press <<18>> and receive 52 points.

Environment number 13:
The value of option 1 is 20. You have 10 choices to make in this environment.
You press <<9>> and receive 39 points.
You press <<18>> and receive 53 points.
You press <<18>> and receive 53 points.
You press <<18>> and receive 52 points.
You press <<18>> and receive 53 points.
You press <<18>> and receive 52 points.
You press <<18>> and receive 52 points.
You press <<18>> and receive 51 points.
You press <<18>> and receive 52 points.
You press <<18>> and receive 54 points.

Environment number 14:
The value of option 19 is 33. You have 10 choices to make in this environment.
You press <<",68
14,21,2,7,1,rough,19,10,33,27,"You will be presented with a series of 16 different environments to explore.
In each trial, you can select an option between numbers 1 and 30 by pressing the corresponding key.
By selecting any of these options, you will earn points associated with each unique option.
Imagine these options 1 through 30 as lying next to each other in an ordered line; options closer to each other tend to have similar rewards as rewards tend to cluster together.
For each environment, you will be able to make either 5 or 10 choices.
When you made all your choices in a given environment, you will start making choices in the next unexplored environment.
The rewards underlying the different options are different in each environment so you will learn them anew for each environment.
Each environment starts with the value of a single option revealed.
When you choose the number corresponding to a different option, you will be told the value of that option and receive those points.
Previously revealed options, including the starting option, can also be reselected, although there may be small changes in the point value.
It is your task to to learn where the largest reward is in each of the 16 environments.

Environment number 1:
The value of option 17 is 38. You have 10 choices to make in this environment.
You press <<13>> and receive 45 points.
You press <<9>> and receive 53 points.
You press <<6>> and receive 55 points.
You press <<4>> and receive 47 points.
You press <<2>> and receive 46 points.
You press <<23>> and receive 43 points.
You press <<24>> and receive 30 points.
You press <<22>> and receive 67 points.
You press <<21>> and receive 61 points.
You press <<20>> and receive 74 points.

Environment number 2:
The value of option 27 is 18. You have 5 choices to make in this environment.
You press <<13>> and receive 61 points.
You press <<13>> and receive 62 points.
You press <<14>> and receive 60 points.
You press <<15>> and receive 33 points.
You press <<12>> and receive 50 points.

Environment number 3:
The value of option 14 is 58. You have 10 choices to make in this environment.
You press <<14>> and receive 57 points.
You press <<8>> and receive 34 points.
You press <<5>> and receive 6 points.
You press <<25>> and receive 35 points.
You press <<20>> and receive 12 points.
You press <<14>> and receive 59 points.
You press <<14>> and receive 58 points.
You press <<14>> and receive 58 points.
You press <<14>> and receive 58 points.
You press <<14>> and receive 57 points.

Environment number 4:
The value of option 15 is 1. You have 10 choices to make in this environment.
You press <<5>> and receive 59 points.
You press <<6>> and receive 46 points.
You press <<3>> and receive 47 points.
You press <<5>> and receive 56 points.
You press <<23>> and receive 45 points.
You press <<21>> and receive 44 points.
You press <<25>> and receive 25 points.
You press <<15>> and receive 0 points.
You press <<5>> and receive 57 points.
You press <<5>> and receive 57 points.

Environment number 5:
The value of option 18 is 81. You have 10 choices to make in this environment.
You press <<18>> and receive 79 points.
You press <<17>> and receive 58 points.
You press <<19>> and receive 67 points.
You press <<18>> and receive 79 points.
You press <<18>> and receive 78 points.
You press <<18>> and receive 79 points.
You press <<18>> and receive 79 points.
You press <<18>> and receive 78 points.
You press <<18>> and receive 78 points.
You press <<18>> and receive 78 points.

Environment number 6:
The value of option 13 is 67. You have 5 choices to make in this environment.
You press <<13>> and receive 67 points.
You press <<12>> and receive 56 points.
You press <<13>> and receive 66 points.
You press <<13>> and receive 66 points.
You press <<13>> and receive 66 points.

Environment number 7:
The value of option 17 is 14. You have 5 choices to make in this environment.
You press <<9>> and receive 59 points.
You press <<9>> and receive 57 points.
You press <<9>> and receive 60 points.
You press <<9>> and receive 58 points.
You press <<9>> and receive 59 points.

Environment number 8:
The value of option 5 is 38. You have 10 choices to make in this environment.
You press <<3>> and receive 27 points.
You press <<8>> and receive 75 points.
You press <<8>> and receive 76 points.
You press <<8>> and receive 74 points.
You press <<8>> and receive 76 points.
You press <<8>> and receive 78 points.
You press <<8>> and receive 76 points.
You press <<8>> and receive 78 points.
You press <<8>> and receive 79 points.
You press <<8>> and receive 78 points.

Environment number 9:
The value of option 23 is 33. You have 10 choices to make in this environment.
You press <<23>> and receive 34 points.
You press <<15>> and receive 14 points.
You press <<5>> and receive 15 points.
You press <<2>> and receive 0 points.
You press <<28>> and receive 33 points.
You press <<22>> and receive 61 points.
You press <<22>> and receive 62 points.
You press <<22>> and receive 59 points.
You press <<22>> and receive 60 points.
You press <<22>> and receive 59 points.

Environment number 10:
The value of option 22 is 55. You have 5 choices to make in this environment.
You press <<22>> and receive 54 points.
You press <<22>> and receive 55 points.
You press <<22>> and receive 53 points.
You press <<22>> and receive 55 points.
You press <<22>> and receive 54 points.

Environment number 11:
The value of option 29 is 50. You have 5 choices to make in this environment.
You press <<25>> and receive 28 points.
You press <<19>> and receive 15 points.
You press <<14>> and receive 17 points.
You press <<8>> and receive 20 points.
You press <<4>> and receive 21 points.

Environment number 12:
The value of option 18 is 52. You have 5 choices to make in this environment.
You press <<18>> and receive 51 points.
You press <<18>> and receive 49 points.
You press <<18>> and receive 51 points.
You press <<18>> and receive 48 points.
You press <<18>> and receive 52 points.

Environment number 13:
The value of option 1 is 20. You have 10 choices to make in this environment.
You press <<9>> and receive 39 points.
You press <<18>> and receive 53 points.
You press <<18>> and receive 53 points.
You press <<18>> and receive 52 points.
You press <<18>> and receive 53 points.
You press <<18>> and receive 52 points.
You press <<18>> and receive 52 points.
You press <<18>> and receive 51 points.
You press <<18>> and receive 52 points.
You press <<18>> and receive 54 points.

Environment number 14:
The value of option 19 is 33. You have 10 choices to make in this environment.
You press <<14>> and receive 0 points.
You press <<",68
14,21,3,2,1,rough,19,10,33,23,"You will be presented with a series of 16 different environments to explore.
In each trial, you can select an option between numbers 1 and 30 by pressing the corresponding key.
By selecting any of these options, you will earn points associated with each unique option.
Imagine these options 1 through 30 as lying next to each other in an ordered line; options closer to each other tend to have similar rewards as rewards tend to cluster together.
For each environment, you will be able to make either 5 or 10 choices.
When you made all your choices in a given environment, you will start making choices in the next unexplored environment.
The rewards underlying the different options are different in each environment so you will learn them anew for each environment.
Each environment starts with the value of a single option revealed.
When you choose the number corresponding to a different option, you will be told the value of that option and receive those points.
Previously revealed options, including the starting option, can also be reselected, although there may be small changes in the point value.
It is your task to to learn where the largest reward is in each of the 16 environments.

Environment number 1:
The value of option 17 is 38. You have 10 choices to make in this environment.
You press <<13>> and receive 45 points.
You press <<9>> and receive 53 points.
You press <<6>> and receive 55 points.
You press <<4>> and receive 47 points.
You press <<2>> and receive 46 points.
You press <<23>> and receive 43 points.
You press <<24>> and receive 30 points.
You press <<22>> and receive 67 points.
You press <<21>> and receive 61 points.
You press <<20>> and receive 74 points.

Environment number 2:
The value of option 27 is 18. You have 5 choices to make in this environment.
You press <<13>> and receive 61 points.
You press <<13>> and receive 62 points.
You press <<14>> and receive 60 points.
You press <<15>> and receive 33 points.
You press <<12>> and receive 50 points.

Environment number 3:
The value of option 14 is 58. You have 10 choices to make in this environment.
You press <<14>> and receive 57 points.
You press <<8>> and receive 34 points.
You press <<5>> and receive 6 points.
You press <<25>> and receive 35 points.
You press <<20>> and receive 12 points.
You press <<14>> and receive 59 points.
You press <<14>> and receive 58 points.
You press <<14>> and receive 58 points.
You press <<14>> and receive 58 points.
You press <<14>> and receive 57 points.

Environment number 4:
The value of option 15 is 1. You have 10 choices to make in this environment.
You press <<5>> and receive 59 points.
You press <<6>> and receive 46 points.
You press <<3>> and receive 47 points.
You press <<5>> and receive 56 points.
You press <<23>> and receive 45 points.
You press <<21>> and receive 44 points.
You press <<25>> and receive 25 points.
You press <<15>> and receive 0 points.
You press <<5>> and receive 57 points.
You press <<5>> and receive 57 points.

Environment number 5:
The value of option 18 is 81. You have 10 choices to make in this environment.
You press <<18>> and receive 79 points.
You press <<17>> and receive 58 points.
You press <<19>> and receive 67 points.
You press <<18>> and receive 79 points.
You press <<18>> and receive 78 points.
You press <<18>> and receive 79 points.
You press <<18>> and receive 79 points.
You press <<18>> and receive 78 points.
You press <<18>> and receive 78 points.
You press <<18>> and receive 78 points.

Environment number 6:
The value of option 13 is 67. You have 5 choices to make in this environment.
You press <<13>> and receive 67 points.
You press <<12>> and receive 56 points.
You press <<13>> and receive 66 points.
You press <<13>> and receive 66 points.
You press <<13>> and receive 66 points.

Environment number 7:
The value of option 17 is 14. You have 5 choices to make in this environment.
You press <<9>> and receive 59 points.
You press <<9>> and receive 57 points.
You press <<9>> and receive 60 points.
You press <<9>> and receive 58 points.
You press <<9>> and receive 59 points.

Environment number 8:
The value of option 5 is 38. You have 10 choices to make in this environment.
You press <<3>> and receive 27 points.
You press <<8>> and receive 75 points.
You press <<8>> and receive 76 points.
You press <<8>> and receive 74 points.
You press <<8>> and receive 76 points.
You press <<8>> and receive 78 points.
You press <<8>> and receive 76 points.
You press <<8>> and receive 78 points.
You press <<8>> and receive 79 points.
You press <<8>> and receive 78 points.

Environment number 9:
The value of option 23 is 33. You have 10 choices to make in this environment.
You press <<23>> and receive 34 points.
You press <<15>> and receive 14 points.
You press <<5>> and receive 15 points.
You press <<2>> and receive 0 points.
You press <<28>> and receive 33 points.
You press <<22>> and receive 61 points.
You press <<22>> and receive 62 points.
You press <<22>> and receive 59 points.
You press <<22>> and receive 60 points.
You press <<22>> and receive 59 points.

Environment number 10:
The value of option 22 is 55. You have 5 choices to make in this environment.
You press <<22>> and receive 54 points.
You press <<22>> and receive 55 points.
You press <<22>> and receive 53 points.
You press <<22>> and receive 55 points.
You press <<22>> and receive 54 points.

Environment number 11:
The value of option 29 is 50. You have 5 choices to make in this environment.
You press <<25>> and receive 28 points.
You press <<19>> and receive 15 points.
You press <<14>> and receive 17 points.
You press <<8>> and receive 20 points.
You press <<4>> and receive 21 points.

Environment number 12:
The value of option 18 is 52. You have 5 choices to make in this environment.
You press <<18>> and receive 51 points.
You press <<18>> and receive 49 points.
You press <<18>> and receive 51 points.
You press <<18>> and receive 48 points.
You press <<18>> and receive 52 points.

Environment number 13:
The value of option 1 is 20. You have 10 choices to make in this environment.
You press <<9>> and receive 39 points.
You press <<18>> and receive 53 points.
You press <<18>> and receive 53 points.
You press <<18>> and receive 52 points.
You press <<18>> and receive 53 points.
You press <<18>> and receive 52 points.
You press <<18>> and receive 52 points.
You press <<18>> and receive 51 points.
You press <<18>> and receive 52 points.
You press <<18>> and receive 54 points.

Environment number 14:
The value of option 19 is 33. You have 10 choices to make in this environment.
You press <<14>> and receive 0 points.
You press <<7>> and receive 27 points.
You press <<",68
14,21,4,28,1,rough,19,10,33,36,"You will be presented with a series of 16 different environments to explore.
In each trial, you can select an option between numbers 1 and 30 by pressing the corresponding key.
By selecting any of these options, you will earn points associated with each unique option.
Imagine these options 1 through 30 as lying next to each other in an ordered line; options closer to each other tend to have similar rewards as rewards tend to cluster together.
For each environment, you will be able to make either 5 or 10 choices.
When you made all your choices in a given environment, you will start making choices in the next unexplored environment.
The rewards underlying the different options are different in each environment so you will learn them anew for each environment.
Each environment starts with the value of a single option revealed.
When you choose the number corresponding to a different option, you will be told the value of that option and receive those points.
Previously revealed options, including the starting option, can also be reselected, although there may be small changes in the point value.
It is your task to to learn where the largest reward is in each of the 16 environments.

Environment number 1:
The value of option 17 is 38. You have 10 choices to make in this environment.
You press <<13>> and receive 45 points.
You press <<9>> and receive 53 points.
You press <<6>> and receive 55 points.
You press <<4>> and receive 47 points.
You press <<2>> and receive 46 points.
You press <<23>> and receive 43 points.
You press <<24>> and receive 30 points.
You press <<22>> and receive 67 points.
You press <<21>> and receive 61 points.
You press <<20>> and receive 74 points.

Environment number 2:
The value of option 27 is 18. You have 5 choices to make in this environment.
You press <<13>> and receive 61 points.
You press <<13>> and receive 62 points.
You press <<14>> and receive 60 points.
You press <<15>> and receive 33 points.
You press <<12>> and receive 50 points.

Environment number 3:
The value of option 14 is 58. You have 10 choices to make in this environment.
You press <<14>> and receive 57 points.
You press <<8>> and receive 34 points.
You press <<5>> and receive 6 points.
You press <<25>> and receive 35 points.
You press <<20>> and receive 12 points.
You press <<14>> and receive 59 points.
You press <<14>> and receive 58 points.
You press <<14>> and receive 58 points.
You press <<14>> and receive 58 points.
You press <<14>> and receive 57 points.

Environment number 4:
The value of option 15 is 1. You have 10 choices to make in this environment.
You press <<5>> and receive 59 points.
You press <<6>> and receive 46 points.
You press <<3>> and receive 47 points.
You press <<5>> and receive 56 points.
You press <<23>> and receive 45 points.
You press <<21>> and receive 44 points.
You press <<25>> and receive 25 points.
You press <<15>> and receive 0 points.
You press <<5>> and receive 57 points.
You press <<5>> and receive 57 points.

Environment number 5:
The value of option 18 is 81. You have 10 choices to make in this environment.
You press <<18>> and receive 79 points.
You press <<17>> and receive 58 points.
You press <<19>> and receive 67 points.
You press <<18>> and receive 79 points.
You press <<18>> and receive 78 points.
You press <<18>> and receive 79 points.
You press <<18>> and receive 79 points.
You press <<18>> and receive 78 points.
You press <<18>> and receive 78 points.
You press <<18>> and receive 78 points.

Environment number 6:
The value of option 13 is 67. You have 5 choices to make in this environment.
You press <<13>> and receive 67 points.
You press <<12>> and receive 56 points.
You press <<13>> and receive 66 points.
You press <<13>> and receive 66 points.
You press <<13>> and receive 66 points.

Environment number 7:
The value of option 17 is 14. You have 5 choices to make in this environment.
You press <<9>> and receive 59 points.
You press <<9>> and receive 57 points.
You press <<9>> and receive 60 points.
You press <<9>> and receive 58 points.
You press <<9>> and receive 59 points.

Environment number 8:
The value of option 5 is 38. You have 10 choices to make in this environment.
You press <<3>> and receive 27 points.
You press <<8>> and receive 75 points.
You press <<8>> and receive 76 points.
You press <<8>> and receive 74 points.
You press <<8>> and receive 76 points.
You press <<8>> and receive 78 points.
You press <<8>> and receive 76 points.
You press <<8>> and receive 78 points.
You press <<8>> and receive 79 points.
You press <<8>> and receive 78 points.

Environment number 9:
The value of option 23 is 33. You have 10 choices to make in this environment.
You press <<23>> and receive 34 points.
You press <<15>> and receive 14 points.
You press <<5>> and receive 15 points.
You press <<2>> and receive 0 points.
You press <<28>> and receive 33 points.
You press <<22>> and receive 61 points.
You press <<22>> and receive 62 points.
You press <<22>> and receive 59 points.
You press <<22>> and receive 60 points.
You press <<22>> and receive 59 points.

Environment number 10:
The value of option 22 is 55. You have 5 choices to make in this environment.
You press <<22>> and receive 54 points.
You press <<22>> and receive 55 points.
You press <<22>> and receive 53 points.
You press <<22>> and receive 55 points.
You press <<22>> and receive 54 points.

Environment number 11:
The value of option 29 is 50. You have 5 choices to make in this environment.
You press <<25>> and receive 28 points.
You press <<19>> and receive 15 points.
You press <<14>> and receive 17 points.
You press <<8>> and receive 20 points.
You press <<4>> and receive 21 points.

Environment number 12:
The value of option 18 is 52. You have 5 choices to make in this environment.
You press <<18>> and receive 51 points.
You press <<18>> and receive 49 points.
You press <<18>> and receive 51 points.
You press <<18>> and receive 48 points.
You press <<18>> and receive 52 points.

Environment number 13:
The value of option 1 is 20. You have 10 choices to make in this environment.
You press <<9>> and receive 39 points.
You press <<18>> and receive 53 points.
You press <<18>> and receive 53 points.
You press <<18>> and receive 52 points.
You press <<18>> and receive 53 points.
You press <<18>> and receive 52 points.
You press <<18>> and receive 52 points.
You press <<18>> and receive 51 points.
You press <<18>> and receive 52 points.
You press <<18>> and receive 54 points.

Environment number 14:
The value of option 19 is 33. You have 10 choices to make in this environment.
You press <<14>> and receive 0 points.
You press <<7>> and receive 27 points.
You press <<2>> and receive 23 points.
You press <<",68
14,21,5,22,1,rough,19,10,33,8,"You will be presented with a series of 16 different environments to explore.
In each trial, you can select an option between numbers 1 and 30 by pressing the corresponding key.
By selecting any of these options, you will earn points associated with each unique option.
Imagine these options 1 through 30 as lying next to each other in an ordered line; options closer to each other tend to have similar rewards as rewards tend to cluster together.
For each environment, you will be able to make either 5 or 10 choices.
When you made all your choices in a given environment, you will start making choices in the next unexplored environment.
The rewards underlying the different options are different in each environment so you will learn them anew for each environment.
Each environment starts with the value of a single option revealed.
When you choose the number corresponding to a different option, you will be told the value of that option and receive those points.
Previously revealed options, including the starting option, can also be reselected, although there may be small changes in the point value.
It is your task to to learn where the largest reward is in each of the 16 environments.

Environment number 1:
The value of option 17 is 38. You have 10 choices to make in this environment.
You press <<13>> and receive 45 points.
You press <<9>> and receive 53 points.
You press <<6>> and receive 55 points.
You press <<4>> and receive 47 points.
You press <<2>> and receive 46 points.
You press <<23>> and receive 43 points.
You press <<24>> and receive 30 points.
You press <<22>> and receive 67 points.
You press <<21>> and receive 61 points.
You press <<20>> and receive 74 points.

Environment number 2:
The value of option 27 is 18. You have 5 choices to make in this environment.
You press <<13>> and receive 61 points.
You press <<13>> and receive 62 points.
You press <<14>> and receive 60 points.
You press <<15>> and receive 33 points.
You press <<12>> and receive 50 points.

Environment number 3:
The value of option 14 is 58. You have 10 choices to make in this environment.
You press <<14>> and receive 57 points.
You press <<8>> and receive 34 points.
You press <<5>> and receive 6 points.
You press <<25>> and receive 35 points.
You press <<20>> and receive 12 points.
You press <<14>> and receive 59 points.
You press <<14>> and receive 58 points.
You press <<14>> and receive 58 points.
You press <<14>> and receive 58 points.
You press <<14>> and receive 57 points.

Environment number 4:
The value of option 15 is 1. You have 10 choices to make in this environment.
You press <<5>> and receive 59 points.
You press <<6>> and receive 46 points.
You press <<3>> and receive 47 points.
You press <<5>> and receive 56 points.
You press <<23>> and receive 45 points.
You press <<21>> and receive 44 points.
You press <<25>> and receive 25 points.
You press <<15>> and receive 0 points.
You press <<5>> and receive 57 points.
You press <<5>> and receive 57 points.

Environment number 5:
The value of option 18 is 81. You have 10 choices to make in this environment.
You press <<18>> and receive 79 points.
You press <<17>> and receive 58 points.
You press <<19>> and receive 67 points.
You press <<18>> and receive 79 points.
You press <<18>> and receive 78 points.
You press <<18>> and receive 79 points.
You press <<18>> and receive 79 points.
You press <<18>> and receive 78 points.
You press <<18>> and receive 78 points.
You press <<18>> and receive 78 points.

Environment number 6:
The value of option 13 is 67. You have 5 choices to make in this environment.
You press <<13>> and receive 67 points.
You press <<12>> and receive 56 points.
You press <<13>> and receive 66 points.
You press <<13>> and receive 66 points.
You press <<13>> and receive 66 points.

Environment number 7:
The value of option 17 is 14. You have 5 choices to make in this environment.
You press <<9>> and receive 59 points.
You press <<9>> and receive 57 points.
You press <<9>> and receive 60 points.
You press <<9>> and receive 58 points.
You press <<9>> and receive 59 points.

Environment number 8:
The value of option 5 is 38. You have 10 choices to make in this environment.
You press <<3>> and receive 27 points.
You press <<8>> and receive 75 points.
You press <<8>> and receive 76 points.
You press <<8>> and receive 74 points.
You press <<8>> and receive 76 points.
You press <<8>> and receive 78 points.
You press <<8>> and receive 76 points.
You press <<8>> and receive 78 points.
You press <<8>> and receive 79 points.
You press <<8>> and receive 78 points.

Environment number 9:
The value of option 23 is 33. You have 10 choices to make in this environment.
You press <<23>> and receive 34 points.
You press <<15>> and receive 14 points.
You press <<5>> and receive 15 points.
You press <<2>> and receive 0 points.
You press <<28>> and receive 33 points.
You press <<22>> and receive 61 points.
You press <<22>> and receive 62 points.
You press <<22>> and receive 59 points.
You press <<22>> and receive 60 points.
You press <<22>> and receive 59 points.

Environment number 10:
The value of option 22 is 55. You have 5 choices to make in this environment.
You press <<22>> and receive 54 points.
You press <<22>> and receive 55 points.
You press <<22>> and receive 53 points.
You press <<22>> and receive 55 points.
You press <<22>> and receive 54 points.

Environment number 11:
The value of option 29 is 50. You have 5 choices to make in this environment.
You press <<25>> and receive 28 points.
You press <<19>> and receive 15 points.
You press <<14>> and receive 17 points.
You press <<8>> and receive 20 points.
You press <<4>> and receive 21 points.

Environment number 12:
The value of option 18 is 52. You have 5 choices to make in this environment.
You press <<18>> and receive 51 points.
You press <<18>> and receive 49 points.
You press <<18>> and receive 51 points.
You press <<18>> and receive 48 points.
You press <<18>> and receive 52 points.

Environment number 13:
The value of option 1 is 20. You have 10 choices to make in this environment.
You press <<9>> and receive 39 points.
You press <<18>> and receive 53 points.
You press <<18>> and receive 53 points.
You press <<18>> and receive 52 points.
You press <<18>> and receive 53 points.
You press <<18>> and receive 52 points.
You press <<18>> and receive 52 points.
You press <<18>> and receive 51 points.
You press <<18>> and receive 52 points.
You press <<18>> and receive 54 points.

Environment number 14:
The value of option 19 is 33. You have 10 choices to make in this environment.
You press <<14>> and receive 0 points.
You press <<7>> and receive 27 points.
You press <<2>> and receive 23 points.
You press <<28>> and receive 36 points.
You press <<",68
14,21,6,28,1,rough,19,10,33,35,"You will be presented with a series of 16 different environments to explore.
In each trial, you can select an option between numbers 1 and 30 by pressing the corresponding key.
By selecting any of these options, you will earn points associated with each unique option.
Imagine these options 1 through 30 as lying next to each other in an ordered line; options closer to each other tend to have similar rewards as rewards tend to cluster together.
For each environment, you will be able to make either 5 or 10 choices.
When you made all your choices in a given environment, you will start making choices in the next unexplored environment.
The rewards underlying the different options are different in each environment so you will learn them anew for each environment.
Each environment starts with the value of a single option revealed.
When you choose the number corresponding to a different option, you will be told the value of that option and receive those points.
Previously revealed options, including the starting option, can also be reselected, although there may be small changes in the point value.
It is your task to to learn where the largest reward is in each of the 16 environments.

Environment number 1:
The value of option 17 is 38. You have 10 choices to make in this environment.
You press <<13>> and receive 45 points.
You press <<9>> and receive 53 points.
You press <<6>> and receive 55 points.
You press <<4>> and receive 47 points.
You press <<2>> and receive 46 points.
You press <<23>> and receive 43 points.
You press <<24>> and receive 30 points.
You press <<22>> and receive 67 points.
You press <<21>> and receive 61 points.
You press <<20>> and receive 74 points.

Environment number 2:
The value of option 27 is 18. You have 5 choices to make in this environment.
You press <<13>> and receive 61 points.
You press <<13>> and receive 62 points.
You press <<14>> and receive 60 points.
You press <<15>> and receive 33 points.
You press <<12>> and receive 50 points.

Environment number 3:
The value of option 14 is 58. You have 10 choices to make in this environment.
You press <<14>> and receive 57 points.
You press <<8>> and receive 34 points.
You press <<5>> and receive 6 points.
You press <<25>> and receive 35 points.
You press <<20>> and receive 12 points.
You press <<14>> and receive 59 points.
You press <<14>> and receive 58 points.
You press <<14>> and receive 58 points.
You press <<14>> and receive 58 points.
You press <<14>> and receive 57 points.

Environment number 4:
The value of option 15 is 1. You have 10 choices to make in this environment.
You press <<5>> and receive 59 points.
You press <<6>> and receive 46 points.
You press <<3>> and receive 47 points.
You press <<5>> and receive 56 points.
You press <<23>> and receive 45 points.
You press <<21>> and receive 44 points.
You press <<25>> and receive 25 points.
You press <<15>> and receive 0 points.
You press <<5>> and receive 57 points.
You press <<5>> and receive 57 points.

Environment number 5:
The value of option 18 is 81. You have 10 choices to make in this environment.
You press <<18>> and receive 79 points.
You press <<17>> and receive 58 points.
You press <<19>> and receive 67 points.
You press <<18>> and receive 79 points.
You press <<18>> and receive 78 points.
You press <<18>> and receive 79 points.
You press <<18>> and receive 79 points.
You press <<18>> and receive 78 points.
You press <<18>> and receive 78 points.
You press <<18>> and receive 78 points.

Environment number 6:
The value of option 13 is 67. You have 5 choices to make in this environment.
You press <<13>> and receive 67 points.
You press <<12>> and receive 56 points.
You press <<13>> and receive 66 points.
You press <<13>> and receive 66 points.
You press <<13>> and receive 66 points.

Environment number 7:
The value of option 17 is 14. You have 5 choices to make in this environment.
You press <<9>> and receive 59 points.
You press <<9>> and receive 57 points.
You press <<9>> and receive 60 points.
You press <<9>> and receive 58 points.
You press <<9>> and receive 59 points.

Environment number 8:
The value of option 5 is 38. You have 10 choices to make in this environment.
You press <<3>> and receive 27 points.
You press <<8>> and receive 75 points.
You press <<8>> and receive 76 points.
You press <<8>> and receive 74 points.
You press <<8>> and receive 76 points.
You press <<8>> and receive 78 points.
You press <<8>> and receive 76 points.
You press <<8>> and receive 78 points.
You press <<8>> and receive 79 points.
You press <<8>> and receive 78 points.

Environment number 9:
The value of option 23 is 33. You have 10 choices to make in this environment.
You press <<23>> and receive 34 points.
You press <<15>> and receive 14 points.
You press <<5>> and receive 15 points.
You press <<2>> and receive 0 points.
You press <<28>> and receive 33 points.
You press <<22>> and receive 61 points.
You press <<22>> and receive 62 points.
You press <<22>> and receive 59 points.
You press <<22>> and receive 60 points.
You press <<22>> and receive 59 points.

Environment number 10:
The value of option 22 is 55. You have 5 choices to make in this environment.
You press <<22>> and receive 54 points.
You press <<22>> and receive 55 points.
You press <<22>> and receive 53 points.
You press <<22>> and receive 55 points.
You press <<22>> and receive 54 points.

Environment number 11:
The value of option 29 is 50. You have 5 choices to make in this environment.
You press <<25>> and receive 28 points.
You press <<19>> and receive 15 points.
You press <<14>> and receive 17 points.
You press <<8>> and receive 20 points.
You press <<4>> and receive 21 points.

Environment number 12:
The value of option 18 is 52. You have 5 choices to make in this environment.
You press <<18>> and receive 51 points.
You press <<18>> and receive 49 points.
You press <<18>> and receive 51 points.
You press <<18>> and receive 48 points.
You press <<18>> and receive 52 points.

Environment number 13:
The value of option 1 is 20. You have 10 choices to make in this environment.
You press <<9>> and receive 39 points.
You press <<18>> and receive 53 points.
You press <<18>> and receive 53 points.
You press <<18>> and receive 52 points.
You press <<18>> and receive 53 points.
You press <<18>> and receive 52 points.
You press <<18>> and receive 52 points.
You press <<18>> and receive 51 points.
You press <<18>> and receive 52 points.
You press <<18>> and receive 54 points.

Environment number 14:
The value of option 19 is 33. You have 10 choices to make in this environment.
You press <<14>> and receive 0 points.
You press <<7>> and receive 27 points.
You press <<2>> and receive 23 points.
You press <<28>> and receive 36 points.
You press <<22>> and receive 8 points.
You press <<",68
14,21,7,28,1,rough,19,10,33,34,"You will be presented with a series of 16 different environments to explore.
In each trial, you can select an option between numbers 1 and 30 by pressing the corresponding key.
By selecting any of these options, you will earn points associated with each unique option.
Imagine these options 1 through 30 as lying next to each other in an ordered line; options closer to each other tend to have similar rewards as rewards tend to cluster together.
For each environment, you will be able to make either 5 or 10 choices.
When you made all your choices in a given environment, you will start making choices in the next unexplored environment.
The rewards underlying the different options are different in each environment so you will learn them anew for each environment.
Each environment starts with the value of a single option revealed.
When you choose the number corresponding to a different option, you will be told the value of that option and receive those points.
Previously revealed options, including the starting option, can also be reselected, although there may be small changes in the point value.
It is your task to to learn where the largest reward is in each of the 16 environments.

Environment number 1:
The value of option 17 is 38. You have 10 choices to make in this environment.
You press <<13>> and receive 45 points.
You press <<9>> and receive 53 points.
You press <<6>> and receive 55 points.
You press <<4>> and receive 47 points.
You press <<2>> and receive 46 points.
You press <<23>> and receive 43 points.
You press <<24>> and receive 30 points.
You press <<22>> and receive 67 points.
You press <<21>> and receive 61 points.
You press <<20>> and receive 74 points.

Environment number 2:
The value of option 27 is 18. You have 5 choices to make in this environment.
You press <<13>> and receive 61 points.
You press <<13>> and receive 62 points.
You press <<14>> and receive 60 points.
You press <<15>> and receive 33 points.
You press <<12>> and receive 50 points.

Environment number 3:
The value of option 14 is 58. You have 10 choices to make in this environment.
You press <<14>> and receive 57 points.
You press <<8>> and receive 34 points.
You press <<5>> and receive 6 points.
You press <<25>> and receive 35 points.
You press <<20>> and receive 12 points.
You press <<14>> and receive 59 points.
You press <<14>> and receive 58 points.
You press <<14>> and receive 58 points.
You press <<14>> and receive 58 points.
You press <<14>> and receive 57 points.

Environment number 4:
The value of option 15 is 1. You have 10 choices to make in this environment.
You press <<5>> and receive 59 points.
You press <<6>> and receive 46 points.
You press <<3>> and receive 47 points.
You press <<5>> and receive 56 points.
You press <<23>> and receive 45 points.
You press <<21>> and receive 44 points.
You press <<25>> and receive 25 points.
You press <<15>> and receive 0 points.
You press <<5>> and receive 57 points.
You press <<5>> and receive 57 points.

Environment number 5:
The value of option 18 is 81. You have 10 choices to make in this environment.
You press <<18>> and receive 79 points.
You press <<17>> and receive 58 points.
You press <<19>> and receive 67 points.
You press <<18>> and receive 79 points.
You press <<18>> and receive 78 points.
You press <<18>> and receive 79 points.
You press <<18>> and receive 79 points.
You press <<18>> and receive 78 points.
You press <<18>> and receive 78 points.
You press <<18>> and receive 78 points.

Environment number 6:
The value of option 13 is 67. You have 5 choices to make in this environment.
You press <<13>> and receive 67 points.
You press <<12>> and receive 56 points.
You press <<13>> and receive 66 points.
You press <<13>> and receive 66 points.
You press <<13>> and receive 66 points.

Environment number 7:
The value of option 17 is 14. You have 5 choices to make in this environment.
You press <<9>> and receive 59 points.
You press <<9>> and receive 57 points.
You press <<9>> and receive 60 points.
You press <<9>> and receive 58 points.
You press <<9>> and receive 59 points.

Environment number 8:
The value of option 5 is 38. You have 10 choices to make in this environment.
You press <<3>> and receive 27 points.
You press <<8>> and receive 75 points.
You press <<8>> and receive 76 points.
You press <<8>> and receive 74 points.
You press <<8>> and receive 76 points.
You press <<8>> and receive 78 points.
You press <<8>> and receive 76 points.
You press <<8>> and receive 78 points.
You press <<8>> and receive 79 points.
You press <<8>> and receive 78 points.

Environment number 9:
The value of option 23 is 33. You have 10 choices to make in this environment.
You press <<23>> and receive 34 points.
You press <<15>> and receive 14 points.
You press <<5>> and receive 15 points.
You press <<2>> and receive 0 points.
You press <<28>> and receive 33 points.
You press <<22>> and receive 61 points.
You press <<22>> and receive 62 points.
You press <<22>> and receive 59 points.
You press <<22>> and receive 60 points.
You press <<22>> and receive 59 points.

Environment number 10:
The value of option 22 is 55. You have 5 choices to make in this environment.
You press <<22>> and receive 54 points.
You press <<22>> and receive 55 points.
You press <<22>> and receive 53 points.
You press <<22>> and receive 55 points.
You press <<22>> and receive 54 points.

Environment number 11:
The value of option 29 is 50. You have 5 choices to make in this environment.
You press <<25>> and receive 28 points.
You press <<19>> and receive 15 points.
You press <<14>> and receive 17 points.
You press <<8>> and receive 20 points.
You press <<4>> and receive 21 points.

Environment number 12:
The value of option 18 is 52. You have 5 choices to make in this environment.
You press <<18>> and receive 51 points.
You press <<18>> and receive 49 points.
You press <<18>> and receive 51 points.
You press <<18>> and receive 48 points.
You press <<18>> and receive 52 points.

Environment number 13:
The value of option 1 is 20. You have 10 choices to make in this environment.
You press <<9>> and receive 39 points.
You press <<18>> and receive 53 points.
You press <<18>> and receive 53 points.
You press <<18>> and receive 52 points.
You press <<18>> and receive 53 points.
You press <<18>> and receive 52 points.
You press <<18>> and receive 52 points.
You press <<18>> and receive 51 points.
You press <<18>> and receive 52 points.
You press <<18>> and receive 54 points.

Environment number 14:
The value of option 19 is 33. You have 10 choices to make in this environment.
You press <<14>> and receive 0 points.
You press <<7>> and receive 27 points.
You press <<2>> and receive 23 points.
You press <<28>> and receive 36 points.
You press <<22>> and receive 8 points.
You press <<28>> and receive 35 points.
You press <<",68
14,21,8,28,1,rough,19,10,33,35,"You will be presented with a series of 16 different environments to explore.
In each trial, you can select an option between numbers 1 and 30 by pressing the corresponding key.
By selecting any of these options, you will earn points associated with each unique option.
Imagine these options 1 through 30 as lying next to each other in an ordered line; options closer to each other tend to have similar rewards as rewards tend to cluster together.
For each environment, you will be able to make either 5 or 10 choices.
When you made all your choices in a given environment, you will start making choices in the next unexplored environment.
The rewards underlying the different options are different in each environment so you will learn them anew for each environment.
Each environment starts with the value of a single option revealed.
When you choose the number corresponding to a different option, you will be told the value of that option and receive those points.
Previously revealed options, including the starting option, can also be reselected, although there may be small changes in the point value.
It is your task to to learn where the largest reward is in each of the 16 environments.

Environment number 1:
The value of option 17 is 38. You have 10 choices to make in this environment.
You press <<13>> and receive 45 points.
You press <<9>> and receive 53 points.
You press <<6>> and receive 55 points.
You press <<4>> and receive 47 points.
You press <<2>> and receive 46 points.
You press <<23>> and receive 43 points.
You press <<24>> and receive 30 points.
You press <<22>> and receive 67 points.
You press <<21>> and receive 61 points.
You press <<20>> and receive 74 points.

Environment number 2:
The value of option 27 is 18. You have 5 choices to make in this environment.
You press <<13>> and receive 61 points.
You press <<13>> and receive 62 points.
You press <<14>> and receive 60 points.
You press <<15>> and receive 33 points.
You press <<12>> and receive 50 points.

Environment number 3:
The value of option 14 is 58. You have 10 choices to make in this environment.
You press <<14>> and receive 57 points.
You press <<8>> and receive 34 points.
You press <<5>> and receive 6 points.
You press <<25>> and receive 35 points.
You press <<20>> and receive 12 points.
You press <<14>> and receive 59 points.
You press <<14>> and receive 58 points.
You press <<14>> and receive 58 points.
You press <<14>> and receive 58 points.
You press <<14>> and receive 57 points.

Environment number 4:
The value of option 15 is 1. You have 10 choices to make in this environment.
You press <<5>> and receive 59 points.
You press <<6>> and receive 46 points.
You press <<3>> and receive 47 points.
You press <<5>> and receive 56 points.
You press <<23>> and receive 45 points.
You press <<21>> and receive 44 points.
You press <<25>> and receive 25 points.
You press <<15>> and receive 0 points.
You press <<5>> and receive 57 points.
You press <<5>> and receive 57 points.

Environment number 5:
The value of option 18 is 81. You have 10 choices to make in this environment.
You press <<18>> and receive 79 points.
You press <<17>> and receive 58 points.
You press <<19>> and receive 67 points.
You press <<18>> and receive 79 points.
You press <<18>> and receive 78 points.
You press <<18>> and receive 79 points.
You press <<18>> and receive 79 points.
You press <<18>> and receive 78 points.
You press <<18>> and receive 78 points.
You press <<18>> and receive 78 points.

Environment number 6:
The value of option 13 is 67. You have 5 choices to make in this environment.
You press <<13>> and receive 67 points.
You press <<12>> and receive 56 points.
You press <<13>> and receive 66 points.
You press <<13>> and receive 66 points.
You press <<13>> and receive 66 points.

Environment number 7:
The value of option 17 is 14. You have 5 choices to make in this environment.
You press <<9>> and receive 59 points.
You press <<9>> and receive 57 points.
You press <<9>> and receive 60 points.
You press <<9>> and receive 58 points.
You press <<9>> and receive 59 points.

Environment number 8:
The value of option 5 is 38. You have 10 choices to make in this environment.
You press <<3>> and receive 27 points.
You press <<8>> and receive 75 points.
You press <<8>> and receive 76 points.
You press <<8>> and receive 74 points.
You press <<8>> and receive 76 points.
You press <<8>> and receive 78 points.
You press <<8>> and receive 76 points.
You press <<8>> and receive 78 points.
You press <<8>> and receive 79 points.
You press <<8>> and receive 78 points.

Environment number 9:
The value of option 23 is 33. You have 10 choices to make in this environment.
You press <<23>> and receive 34 points.
You press <<15>> and receive 14 points.
You press <<5>> and receive 15 points.
You press <<2>> and receive 0 points.
You press <<28>> and receive 33 points.
You press <<22>> and receive 61 points.
You press <<22>> and receive 62 points.
You press <<22>> and receive 59 points.
You press <<22>> and receive 60 points.
You press <<22>> and receive 59 points.

Environment number 10:
The value of option 22 is 55. You have 5 choices to make in this environment.
You press <<22>> and receive 54 points.
You press <<22>> and receive 55 points.
You press <<22>> and receive 53 points.
You press <<22>> and receive 55 points.
You press <<22>> and receive 54 points.

Environment number 11:
The value of option 29 is 50. You have 5 choices to make in this environment.
You press <<25>> and receive 28 points.
You press <<19>> and receive 15 points.
You press <<14>> and receive 17 points.
You press <<8>> and receive 20 points.
You press <<4>> and receive 21 points.

Environment number 12:
The value of option 18 is 52. You have 5 choices to make in this environment.
You press <<18>> and receive 51 points.
You press <<18>> and receive 49 points.
You press <<18>> and receive 51 points.
You press <<18>> and receive 48 points.
You press <<18>> and receive 52 points.

Environment number 13:
The value of option 1 is 20. You have 10 choices to make in this environment.
You press <<9>> and receive 39 points.
You press <<18>> and receive 53 points.
You press <<18>> and receive 53 points.
You press <<18>> and receive 52 points.
You press <<18>> and receive 53 points.
You press <<18>> and receive 52 points.
You press <<18>> and receive 52 points.
You press <<18>> and receive 51 points.
You press <<18>> and receive 52 points.
You press <<18>> and receive 54 points.

Environment number 14:
The value of option 19 is 33. You have 10 choices to make in this environment.
You press <<14>> and receive 0 points.
You press <<7>> and receive 27 points.
You press <<2>> and receive 23 points.
You press <<28>> and receive 36 points.
You press <<22>> and receive 8 points.
You press <<28>> and receive 35 points.
You press <<28>> and receive 34 points.
You press <<",68
14,21,9,28,1,rough,19,10,33,35,"You will be presented with a series of 16 different environments to explore.
In each trial, you can select an option between numbers 1 and 30 by pressing the corresponding key.
By selecting any of these options, you will earn points associated with each unique option.
Imagine these options 1 through 30 as lying next to each other in an ordered line; options closer to each other tend to have similar rewards as rewards tend to cluster together.
For each environment, you will be able to make either 5 or 10 choices.
When you made all your choices in a given environment, you will start making choices in the next unexplored environment.
The rewards underlying the different options are different in each environment so you will learn them anew for each environment.
Each environment starts with the value of a single option revealed.
When you choose the number corresponding to a different option, you will be told the value of that option and receive those points.
Previously revealed options, including the starting option, can also be reselected, although there may be small changes in the point value.
It is your task to to learn where the largest reward is in each of the 16 environments.

Environment number 1:
The value of option 17 is 38. You have 10 choices to make in this environment.
You press <<13>> and receive 45 points.
You press <<9>> and receive 53 points.
You press <<6>> and receive 55 points.
You press <<4>> and receive 47 points.
You press <<2>> and receive 46 points.
You press <<23>> and receive 43 points.
You press <<24>> and receive 30 points.
You press <<22>> and receive 67 points.
You press <<21>> and receive 61 points.
You press <<20>> and receive 74 points.

Environment number 2:
The value of option 27 is 18. You have 5 choices to make in this environment.
You press <<13>> and receive 61 points.
You press <<13>> and receive 62 points.
You press <<14>> and receive 60 points.
You press <<15>> and receive 33 points.
You press <<12>> and receive 50 points.

Environment number 3:
The value of option 14 is 58. You have 10 choices to make in this environment.
You press <<14>> and receive 57 points.
You press <<8>> and receive 34 points.
You press <<5>> and receive 6 points.
You press <<25>> and receive 35 points.
You press <<20>> and receive 12 points.
You press <<14>> and receive 59 points.
You press <<14>> and receive 58 points.
You press <<14>> and receive 58 points.
You press <<14>> and receive 58 points.
You press <<14>> and receive 57 points.

Environment number 4:
The value of option 15 is 1. You have 10 choices to make in this environment.
You press <<5>> and receive 59 points.
You press <<6>> and receive 46 points.
You press <<3>> and receive 47 points.
You press <<5>> and receive 56 points.
You press <<23>> and receive 45 points.
You press <<21>> and receive 44 points.
You press <<25>> and receive 25 points.
You press <<15>> and receive 0 points.
You press <<5>> and receive 57 points.
You press <<5>> and receive 57 points.

Environment number 5:
The value of option 18 is 81. You have 10 choices to make in this environment.
You press <<18>> and receive 79 points.
You press <<17>> and receive 58 points.
You press <<19>> and receive 67 points.
You press <<18>> and receive 79 points.
You press <<18>> and receive 78 points.
You press <<18>> and receive 79 points.
You press <<18>> and receive 79 points.
You press <<18>> and receive 78 points.
You press <<18>> and receive 78 points.
You press <<18>> and receive 78 points.

Environment number 6:
The value of option 13 is 67. You have 5 choices to make in this environment.
You press <<13>> and receive 67 points.
You press <<12>> and receive 56 points.
You press <<13>> and receive 66 points.
You press <<13>> and receive 66 points.
You press <<13>> and receive 66 points.

Environment number 7:
The value of option 17 is 14. You have 5 choices to make in this environment.
You press <<9>> and receive 59 points.
You press <<9>> and receive 57 points.
You press <<9>> and receive 60 points.
You press <<9>> and receive 58 points.
You press <<9>> and receive 59 points.

Environment number 8:
The value of option 5 is 38. You have 10 choices to make in this environment.
You press <<3>> and receive 27 points.
You press <<8>> and receive 75 points.
You press <<8>> and receive 76 points.
You press <<8>> and receive 74 points.
You press <<8>> and receive 76 points.
You press <<8>> and receive 78 points.
You press <<8>> and receive 76 points.
You press <<8>> and receive 78 points.
You press <<8>> and receive 79 points.
You press <<8>> and receive 78 points.

Environment number 9:
The value of option 23 is 33. You have 10 choices to make in this environment.
You press <<23>> and receive 34 points.
You press <<15>> and receive 14 points.
You press <<5>> and receive 15 points.
You press <<2>> and receive 0 points.
You press <<28>> and receive 33 points.
You press <<22>> and receive 61 points.
You press <<22>> and receive 62 points.
You press <<22>> and receive 59 points.
You press <<22>> and receive 60 points.
You press <<22>> and receive 59 points.

Environment number 10:
The value of option 22 is 55. You have 5 choices to make in this environment.
You press <<22>> and receive 54 points.
You press <<22>> and receive 55 points.
You press <<22>> and receive 53 points.
You press <<22>> and receive 55 points.
You press <<22>> and receive 54 points.

Environment number 11:
The value of option 29 is 50. You have 5 choices to make in this environment.
You press <<25>> and receive 28 points.
You press <<19>> and receive 15 points.
You press <<14>> and receive 17 points.
You press <<8>> and receive 20 points.
You press <<4>> and receive 21 points.

Environment number 12:
The value of option 18 is 52. You have 5 choices to make in this environment.
You press <<18>> and receive 51 points.
You press <<18>> and receive 49 points.
You press <<18>> and receive 51 points.
You press <<18>> and receive 48 points.
You press <<18>> and receive 52 points.

Environment number 13:
The value of option 1 is 20. You have 10 choices to make in this environment.
You press <<9>> and receive 39 points.
You press <<18>> and receive 53 points.
You press <<18>> and receive 53 points.
You press <<18>> and receive 52 points.
You press <<18>> and receive 53 points.
You press <<18>> and receive 52 points.
You press <<18>> and receive 52 points.
You press <<18>> and receive 51 points.
You press <<18>> and receive 52 points.
You press <<18>> and receive 54 points.

Environment number 14:
The value of option 19 is 33. You have 10 choices to make in this environment.
You press <<14>> and receive 0 points.
You press <<7>> and receive 27 points.
You press <<2>> and receive 23 points.
You press <<28>> and receive 36 points.
You press <<22>> and receive 8 points.
You press <<28>> and receive 35 points.
You press <<28>> and receive 34 points.
You press <<28>> and receive 35 points.
You press <<",68
14,21,10,28,1,rough,19,10,33,36,"You will be presented with a series of 16 different environments to explore.
In each trial, you can select an option between numbers 1 and 30 by pressing the corresponding key.
By selecting any of these options, you will earn points associated with each unique option.
Imagine these options 1 through 30 as lying next to each other in an ordered line; options closer to each other tend to have similar rewards as rewards tend to cluster together.
For each environment, you will be able to make either 5 or 10 choices.
When you made all your choices in a given environment, you will start making choices in the next unexplored environment.
The rewards underlying the different options are different in each environment so you will learn them anew for each environment.
Each environment starts with the value of a single option revealed.
When you choose the number corresponding to a different option, you will be told the value of that option and receive those points.
Previously revealed options, including the starting option, can also be reselected, although there may be small changes in the point value.
It is your task to to learn where the largest reward is in each of the 16 environments.

Environment number 1:
The value of option 17 is 38. You have 10 choices to make in this environment.
You press <<13>> and receive 45 points.
You press <<9>> and receive 53 points.
You press <<6>> and receive 55 points.
You press <<4>> and receive 47 points.
You press <<2>> and receive 46 points.
You press <<23>> and receive 43 points.
You press <<24>> and receive 30 points.
You press <<22>> and receive 67 points.
You press <<21>> and receive 61 points.
You press <<20>> and receive 74 points.

Environment number 2:
The value of option 27 is 18. You have 5 choices to make in this environment.
You press <<13>> and receive 61 points.
You press <<13>> and receive 62 points.
You press <<14>> and receive 60 points.
You press <<15>> and receive 33 points.
You press <<12>> and receive 50 points.

Environment number 3:
The value of option 14 is 58. You have 10 choices to make in this environment.
You press <<14>> and receive 57 points.
You press <<8>> and receive 34 points.
You press <<5>> and receive 6 points.
You press <<25>> and receive 35 points.
You press <<20>> and receive 12 points.
You press <<14>> and receive 59 points.
You press <<14>> and receive 58 points.
You press <<14>> and receive 58 points.
You press <<14>> and receive 58 points.
You press <<14>> and receive 57 points.

Environment number 4:
The value of option 15 is 1. You have 10 choices to make in this environment.
You press <<5>> and receive 59 points.
You press <<6>> and receive 46 points.
You press <<3>> and receive 47 points.
You press <<5>> and receive 56 points.
You press <<23>> and receive 45 points.
You press <<21>> and receive 44 points.
You press <<25>> and receive 25 points.
You press <<15>> and receive 0 points.
You press <<5>> and receive 57 points.
You press <<5>> and receive 57 points.

Environment number 5:
The value of option 18 is 81. You have 10 choices to make in this environment.
You press <<18>> and receive 79 points.
You press <<17>> and receive 58 points.
You press <<19>> and receive 67 points.
You press <<18>> and receive 79 points.
You press <<18>> and receive 78 points.
You press <<18>> and receive 79 points.
You press <<18>> and receive 79 points.
You press <<18>> and receive 78 points.
You press <<18>> and receive 78 points.
You press <<18>> and receive 78 points.

Environment number 6:
The value of option 13 is 67. You have 5 choices to make in this environment.
You press <<13>> and receive 67 points.
You press <<12>> and receive 56 points.
You press <<13>> and receive 66 points.
You press <<13>> and receive 66 points.
You press <<13>> and receive 66 points.

Environment number 7:
The value of option 17 is 14. You have 5 choices to make in this environment.
You press <<9>> and receive 59 points.
You press <<9>> and receive 57 points.
You press <<9>> and receive 60 points.
You press <<9>> and receive 58 points.
You press <<9>> and receive 59 points.

Environment number 8:
The value of option 5 is 38. You have 10 choices to make in this environment.
You press <<3>> and receive 27 points.
You press <<8>> and receive 75 points.
You press <<8>> and receive 76 points.
You press <<8>> and receive 74 points.
You press <<8>> and receive 76 points.
You press <<8>> and receive 78 points.
You press <<8>> and receive 76 points.
You press <<8>> and receive 78 points.
You press <<8>> and receive 79 points.
You press <<8>> and receive 78 points.

Environment number 9:
The value of option 23 is 33. You have 10 choices to make in this environment.
You press <<23>> and receive 34 points.
You press <<15>> and receive 14 points.
You press <<5>> and receive 15 points.
You press <<2>> and receive 0 points.
You press <<28>> and receive 33 points.
You press <<22>> and receive 61 points.
You press <<22>> and receive 62 points.
You press <<22>> and receive 59 points.
You press <<22>> and receive 60 points.
You press <<22>> and receive 59 points.

Environment number 10:
The value of option 22 is 55. You have 5 choices to make in this environment.
You press <<22>> and receive 54 points.
You press <<22>> and receive 55 points.
You press <<22>> and receive 53 points.
You press <<22>> and receive 55 points.
You press <<22>> and receive 54 points.

Environment number 11:
The value of option 29 is 50. You have 5 choices to make in this environment.
You press <<25>> and receive 28 points.
You press <<19>> and receive 15 points.
You press <<14>> and receive 17 points.
You press <<8>> and receive 20 points.
You press <<4>> and receive 21 points.

Environment number 12:
The value of option 18 is 52. You have 5 choices to make in this environment.
You press <<18>> and receive 51 points.
You press <<18>> and receive 49 points.
You press <<18>> and receive 51 points.
You press <<18>> and receive 48 points.
You press <<18>> and receive 52 points.

Environment number 13:
The value of option 1 is 20. You have 10 choices to make in this environment.
You press <<9>> and receive 39 points.
You press <<18>> and receive 53 points.
You press <<18>> and receive 53 points.
You press <<18>> and receive 52 points.
You press <<18>> and receive 53 points.
You press <<18>> and receive 52 points.
You press <<18>> and receive 52 points.
You press <<18>> and receive 51 points.
You press <<18>> and receive 52 points.
You press <<18>> and receive 54 points.

Environment number 14:
The value of option 19 is 33. You have 10 choices to make in this environment.
You press <<14>> and receive 0 points.
You press <<7>> and receive 27 points.
You press <<2>> and receive 23 points.
You press <<28>> and receive 36 points.
You press <<22>> and receive 8 points.
You press <<28>> and receive 35 points.
You press <<28>> and receive 34 points.
You press <<28>> and receive 35 points.
You press <<28>> and receive 35 points.
You press <<",68
15,25,1,21,1,rough,21,5,56,55,"You will be presented with a series of 16 different environments to explore.
In each trial, you can select an option between numbers 1 and 30 by pressing the corresponding key.
By selecting any of these options, you will earn points associated with each unique option.
Imagine these options 1 through 30 as lying next to each other in an ordered line; options closer to each other tend to have similar rewards as rewards tend to cluster together.
For each environment, you will be able to make either 5 or 10 choices.
When you made all your choices in a given environment, you will start making choices in the next unexplored environment.
The rewards underlying the different options are different in each environment so you will learn them anew for each environment.
Each environment starts with the value of a single option revealed.
When you choose the number corresponding to a different option, you will be told the value of that option and receive those points.
Previously revealed options, including the starting option, can also be reselected, although there may be small changes in the point value.
It is your task to to learn where the largest reward is in each of the 16 environments.

Environment number 1:
The value of option 17 is 38. You have 10 choices to make in this environment.
You press <<13>> and receive 45 points.
You press <<9>> and receive 53 points.
You press <<6>> and receive 55 points.
You press <<4>> and receive 47 points.
You press <<2>> and receive 46 points.
You press <<23>> and receive 43 points.
You press <<24>> and receive 30 points.
You press <<22>> and receive 67 points.
You press <<21>> and receive 61 points.
You press <<20>> and receive 74 points.

Environment number 2:
The value of option 27 is 18. You have 5 choices to make in this environment.
You press <<13>> and receive 61 points.
You press <<13>> and receive 62 points.
You press <<14>> and receive 60 points.
You press <<15>> and receive 33 points.
You press <<12>> and receive 50 points.

Environment number 3:
The value of option 14 is 58. You have 10 choices to make in this environment.
You press <<14>> and receive 57 points.
You press <<8>> and receive 34 points.
You press <<5>> and receive 6 points.
You press <<25>> and receive 35 points.
You press <<20>> and receive 12 points.
You press <<14>> and receive 59 points.
You press <<14>> and receive 58 points.
You press <<14>> and receive 58 points.
You press <<14>> and receive 58 points.
You press <<14>> and receive 57 points.

Environment number 4:
The value of option 15 is 1. You have 10 choices to make in this environment.
You press <<5>> and receive 59 points.
You press <<6>> and receive 46 points.
You press <<3>> and receive 47 points.
You press <<5>> and receive 56 points.
You press <<23>> and receive 45 points.
You press <<21>> and receive 44 points.
You press <<25>> and receive 25 points.
You press <<15>> and receive 0 points.
You press <<5>> and receive 57 points.
You press <<5>> and receive 57 points.

Environment number 5:
The value of option 18 is 81. You have 10 choices to make in this environment.
You press <<18>> and receive 79 points.
You press <<17>> and receive 58 points.
You press <<19>> and receive 67 points.
You press <<18>> and receive 79 points.
You press <<18>> and receive 78 points.
You press <<18>> and receive 79 points.
You press <<18>> and receive 79 points.
You press <<18>> and receive 78 points.
You press <<18>> and receive 78 points.
You press <<18>> and receive 78 points.

Environment number 6:
The value of option 13 is 67. You have 5 choices to make in this environment.
You press <<13>> and receive 67 points.
You press <<12>> and receive 56 points.
You press <<13>> and receive 66 points.
You press <<13>> and receive 66 points.
You press <<13>> and receive 66 points.

Environment number 7:
The value of option 17 is 14. You have 5 choices to make in this environment.
You press <<9>> and receive 59 points.
You press <<9>> and receive 57 points.
You press <<9>> and receive 60 points.
You press <<9>> and receive 58 points.
You press <<9>> and receive 59 points.

Environment number 8:
The value of option 5 is 38. You have 10 choices to make in this environment.
You press <<3>> and receive 27 points.
You press <<8>> and receive 75 points.
You press <<8>> and receive 76 points.
You press <<8>> and receive 74 points.
You press <<8>> and receive 76 points.
You press <<8>> and receive 78 points.
You press <<8>> and receive 76 points.
You press <<8>> and receive 78 points.
You press <<8>> and receive 79 points.
You press <<8>> and receive 78 points.

Environment number 9:
The value of option 23 is 33. You have 10 choices to make in this environment.
You press <<23>> and receive 34 points.
You press <<15>> and receive 14 points.
You press <<5>> and receive 15 points.
You press <<2>> and receive 0 points.
You press <<28>> and receive 33 points.
You press <<22>> and receive 61 points.
You press <<22>> and receive 62 points.
You press <<22>> and receive 59 points.
You press <<22>> and receive 60 points.
You press <<22>> and receive 59 points.

Environment number 10:
The value of option 22 is 55. You have 5 choices to make in this environment.
You press <<22>> and receive 54 points.
You press <<22>> and receive 55 points.
You press <<22>> and receive 53 points.
You press <<22>> and receive 55 points.
You press <<22>> and receive 54 points.

Environment number 11:
The value of option 29 is 50. You have 5 choices to make in this environment.
You press <<25>> and receive 28 points.
You press <<19>> and receive 15 points.
You press <<14>> and receive 17 points.
You press <<8>> and receive 20 points.
You press <<4>> and receive 21 points.

Environment number 12:
The value of option 18 is 52. You have 5 choices to make in this environment.
You press <<18>> and receive 51 points.
You press <<18>> and receive 49 points.
You press <<18>> and receive 51 points.
You press <<18>> and receive 48 points.
You press <<18>> and receive 52 points.

Environment number 13:
The value of option 1 is 20. You have 10 choices to make in this environment.
You press <<9>> and receive 39 points.
You press <<18>> and receive 53 points.
You press <<18>> and receive 53 points.
You press <<18>> and receive 52 points.
You press <<18>> and receive 53 points.
You press <<18>> and receive 52 points.
You press <<18>> and receive 52 points.
You press <<18>> and receive 51 points.
You press <<18>> and receive 52 points.
You press <<18>> and receive 54 points.

Environment number 14:
The value of option 19 is 33. You have 10 choices to make in this environment.
You press <<14>> and receive 0 points.
You press <<7>> and receive 27 points.
You press <<2>> and receive 23 points.
You press <<28>> and receive 36 points.
You press <<22>> and receive 8 points.
You press <<28>> and receive 35 points.
You press <<28>> and receive 34 points.
You press <<28>> and receive 35 points.
You press <<28>> and receive 35 points.
You press <<28>> and receive 36 points.

Environment number 15:
The value of option 21 is 56. You have 5 choices to make in this environment.
You press <<",68
15,25,2,21,1,rough,21,5,56,55,"You will be presented with a series of 16 different environments to explore.
In each trial, you can select an option between numbers 1 and 30 by pressing the corresponding key.
By selecting any of these options, you will earn points associated with each unique option.
Imagine these options 1 through 30 as lying next to each other in an ordered line; options closer to each other tend to have similar rewards as rewards tend to cluster together.
For each environment, you will be able to make either 5 or 10 choices.
When you made all your choices in a given environment, you will start making choices in the next unexplored environment.
The rewards underlying the different options are different in each environment so you will learn them anew for each environment.
Each environment starts with the value of a single option revealed.
When you choose the number corresponding to a different option, you will be told the value of that option and receive those points.
Previously revealed options, including the starting option, can also be reselected, although there may be small changes in the point value.
It is your task to to learn where the largest reward is in each of the 16 environments.

Environment number 1:
The value of option 17 is 38. You have 10 choices to make in this environment.
You press <<13>> and receive 45 points.
You press <<9>> and receive 53 points.
You press <<6>> and receive 55 points.
You press <<4>> and receive 47 points.
You press <<2>> and receive 46 points.
You press <<23>> and receive 43 points.
You press <<24>> and receive 30 points.
You press <<22>> and receive 67 points.
You press <<21>> and receive 61 points.
You press <<20>> and receive 74 points.

Environment number 2:
The value of option 27 is 18. You have 5 choices to make in this environment.
You press <<13>> and receive 61 points.
You press <<13>> and receive 62 points.
You press <<14>> and receive 60 points.
You press <<15>> and receive 33 points.
You press <<12>> and receive 50 points.

Environment number 3:
The value of option 14 is 58. You have 10 choices to make in this environment.
You press <<14>> and receive 57 points.
You press <<8>> and receive 34 points.
You press <<5>> and receive 6 points.
You press <<25>> and receive 35 points.
You press <<20>> and receive 12 points.
You press <<14>> and receive 59 points.
You press <<14>> and receive 58 points.
You press <<14>> and receive 58 points.
You press <<14>> and receive 58 points.
You press <<14>> and receive 57 points.

Environment number 4:
The value of option 15 is 1. You have 10 choices to make in this environment.
You press <<5>> and receive 59 points.
You press <<6>> and receive 46 points.
You press <<3>> and receive 47 points.
You press <<5>> and receive 56 points.
You press <<23>> and receive 45 points.
You press <<21>> and receive 44 points.
You press <<25>> and receive 25 points.
You press <<15>> and receive 0 points.
You press <<5>> and receive 57 points.
You press <<5>> and receive 57 points.

Environment number 5:
The value of option 18 is 81. You have 10 choices to make in this environment.
You press <<18>> and receive 79 points.
You press <<17>> and receive 58 points.
You press <<19>> and receive 67 points.
You press <<18>> and receive 79 points.
You press <<18>> and receive 78 points.
You press <<18>> and receive 79 points.
You press <<18>> and receive 79 points.
You press <<18>> and receive 78 points.
You press <<18>> and receive 78 points.
You press <<18>> and receive 78 points.

Environment number 6:
The value of option 13 is 67. You have 5 choices to make in this environment.
You press <<13>> and receive 67 points.
You press <<12>> and receive 56 points.
You press <<13>> and receive 66 points.
You press <<13>> and receive 66 points.
You press <<13>> and receive 66 points.

Environment number 7:
The value of option 17 is 14. You have 5 choices to make in this environment.
You press <<9>> and receive 59 points.
You press <<9>> and receive 57 points.
You press <<9>> and receive 60 points.
You press <<9>> and receive 58 points.
You press <<9>> and receive 59 points.

Environment number 8:
The value of option 5 is 38. You have 10 choices to make in this environment.
You press <<3>> and receive 27 points.
You press <<8>> and receive 75 points.
You press <<8>> and receive 76 points.
You press <<8>> and receive 74 points.
You press <<8>> and receive 76 points.
You press <<8>> and receive 78 points.
You press <<8>> and receive 76 points.
You press <<8>> and receive 78 points.
You press <<8>> and receive 79 points.
You press <<8>> and receive 78 points.

Environment number 9:
The value of option 23 is 33. You have 10 choices to make in this environment.
You press <<23>> and receive 34 points.
You press <<15>> and receive 14 points.
You press <<5>> and receive 15 points.
You press <<2>> and receive 0 points.
You press <<28>> and receive 33 points.
You press <<22>> and receive 61 points.
You press <<22>> and receive 62 points.
You press <<22>> and receive 59 points.
You press <<22>> and receive 60 points.
You press <<22>> and receive 59 points.

Environment number 10:
The value of option 22 is 55. You have 5 choices to make in this environment.
You press <<22>> and receive 54 points.
You press <<22>> and receive 55 points.
You press <<22>> and receive 53 points.
You press <<22>> and receive 55 points.
You press <<22>> and receive 54 points.

Environment number 11:
The value of option 29 is 50. You have 5 choices to make in this environment.
You press <<25>> and receive 28 points.
You press <<19>> and receive 15 points.
You press <<14>> and receive 17 points.
You press <<8>> and receive 20 points.
You press <<4>> and receive 21 points.

Environment number 12:
The value of option 18 is 52. You have 5 choices to make in this environment.
You press <<18>> and receive 51 points.
You press <<18>> and receive 49 points.
You press <<18>> and receive 51 points.
You press <<18>> and receive 48 points.
You press <<18>> and receive 52 points.

Environment number 13:
The value of option 1 is 20. You have 10 choices to make in this environment.
You press <<9>> and receive 39 points.
You press <<18>> and receive 53 points.
You press <<18>> and receive 53 points.
You press <<18>> and receive 52 points.
You press <<18>> and receive 53 points.
You press <<18>> and receive 52 points.
You press <<18>> and receive 52 points.
You press <<18>> and receive 51 points.
You press <<18>> and receive 52 points.
You press <<18>> and receive 54 points.

Environment number 14:
The value of option 19 is 33. You have 10 choices to make in this environment.
You press <<14>> and receive 0 points.
You press <<7>> and receive 27 points.
You press <<2>> and receive 23 points.
You press <<28>> and receive 36 points.
You press <<22>> and receive 8 points.
You press <<28>> and receive 35 points.
You press <<28>> and receive 34 points.
You press <<28>> and receive 35 points.
You press <<28>> and receive 35 points.
You press <<28>> and receive 36 points.

Environment number 15:
The value of option 21 is 56. You have 5 choices to make in this environment.
You press <<21>> and receive 55 points.
You press <<",68
15,25,3,21,1,rough,21,5,56,56,"You will be presented with a series of 16 different environments to explore.
In each trial, you can select an option between numbers 1 and 30 by pressing the corresponding key.
By selecting any of these options, you will earn points associated with each unique option.
Imagine these options 1 through 30 as lying next to each other in an ordered line; options closer to each other tend to have similar rewards as rewards tend to cluster together.
For each environment, you will be able to make either 5 or 10 choices.
When you made all your choices in a given environment, you will start making choices in the next unexplored environment.
The rewards underlying the different options are different in each environment so you will learn them anew for each environment.
Each environment starts with the value of a single option revealed.
When you choose the number corresponding to a different option, you will be told the value of that option and receive those points.
Previously revealed options, including the starting option, can also be reselected, although there may be small changes in the point value.
It is your task to to learn where the largest reward is in each of the 16 environments.

Environment number 1:
The value of option 17 is 38. You have 10 choices to make in this environment.
You press <<13>> and receive 45 points.
You press <<9>> and receive 53 points.
You press <<6>> and receive 55 points.
You press <<4>> and receive 47 points.
You press <<2>> and receive 46 points.
You press <<23>> and receive 43 points.
You press <<24>> and receive 30 points.
You press <<22>> and receive 67 points.
You press <<21>> and receive 61 points.
You press <<20>> and receive 74 points.

Environment number 2:
The value of option 27 is 18. You have 5 choices to make in this environment.
You press <<13>> and receive 61 points.
You press <<13>> and receive 62 points.
You press <<14>> and receive 60 points.
You press <<15>> and receive 33 points.
You press <<12>> and receive 50 points.

Environment number 3:
The value of option 14 is 58. You have 10 choices to make in this environment.
You press <<14>> and receive 57 points.
You press <<8>> and receive 34 points.
You press <<5>> and receive 6 points.
You press <<25>> and receive 35 points.
You press <<20>> and receive 12 points.
You press <<14>> and receive 59 points.
You press <<14>> and receive 58 points.
You press <<14>> and receive 58 points.
You press <<14>> and receive 58 points.
You press <<14>> and receive 57 points.

Environment number 4:
The value of option 15 is 1. You have 10 choices to make in this environment.
You press <<5>> and receive 59 points.
You press <<6>> and receive 46 points.
You press <<3>> and receive 47 points.
You press <<5>> and receive 56 points.
You press <<23>> and receive 45 points.
You press <<21>> and receive 44 points.
You press <<25>> and receive 25 points.
You press <<15>> and receive 0 points.
You press <<5>> and receive 57 points.
You press <<5>> and receive 57 points.

Environment number 5:
The value of option 18 is 81. You have 10 choices to make in this environment.
You press <<18>> and receive 79 points.
You press <<17>> and receive 58 points.
You press <<19>> and receive 67 points.
You press <<18>> and receive 79 points.
You press <<18>> and receive 78 points.
You press <<18>> and receive 79 points.
You press <<18>> and receive 79 points.
You press <<18>> and receive 78 points.
You press <<18>> and receive 78 points.
You press <<18>> and receive 78 points.

Environment number 6:
The value of option 13 is 67. You have 5 choices to make in this environment.
You press <<13>> and receive 67 points.
You press <<12>> and receive 56 points.
You press <<13>> and receive 66 points.
You press <<13>> and receive 66 points.
You press <<13>> and receive 66 points.

Environment number 7:
The value of option 17 is 14. You have 5 choices to make in this environment.
You press <<9>> and receive 59 points.
You press <<9>> and receive 57 points.
You press <<9>> and receive 60 points.
You press <<9>> and receive 58 points.
You press <<9>> and receive 59 points.

Environment number 8:
The value of option 5 is 38. You have 10 choices to make in this environment.
You press <<3>> and receive 27 points.
You press <<8>> and receive 75 points.
You press <<8>> and receive 76 points.
You press <<8>> and receive 74 points.
You press <<8>> and receive 76 points.
You press <<8>> and receive 78 points.
You press <<8>> and receive 76 points.
You press <<8>> and receive 78 points.
You press <<8>> and receive 79 points.
You press <<8>> and receive 78 points.

Environment number 9:
The value of option 23 is 33. You have 10 choices to make in this environment.
You press <<23>> and receive 34 points.
You press <<15>> and receive 14 points.
You press <<5>> and receive 15 points.
You press <<2>> and receive 0 points.
You press <<28>> and receive 33 points.
You press <<22>> and receive 61 points.
You press <<22>> and receive 62 points.
You press <<22>> and receive 59 points.
You press <<22>> and receive 60 points.
You press <<22>> and receive 59 points.

Environment number 10:
The value of option 22 is 55. You have 5 choices to make in this environment.
You press <<22>> and receive 54 points.
You press <<22>> and receive 55 points.
You press <<22>> and receive 53 points.
You press <<22>> and receive 55 points.
You press <<22>> and receive 54 points.

Environment number 11:
The value of option 29 is 50. You have 5 choices to make in this environment.
You press <<25>> and receive 28 points.
You press <<19>> and receive 15 points.
You press <<14>> and receive 17 points.
You press <<8>> and receive 20 points.
You press <<4>> and receive 21 points.

Environment number 12:
The value of option 18 is 52. You have 5 choices to make in this environment.
You press <<18>> and receive 51 points.
You press <<18>> and receive 49 points.
You press <<18>> and receive 51 points.
You press <<18>> and receive 48 points.
You press <<18>> and receive 52 points.

Environment number 13:
The value of option 1 is 20. You have 10 choices to make in this environment.
You press <<9>> and receive 39 points.
You press <<18>> and receive 53 points.
You press <<18>> and receive 53 points.
You press <<18>> and receive 52 points.
You press <<18>> and receive 53 points.
You press <<18>> and receive 52 points.
You press <<18>> and receive 52 points.
You press <<18>> and receive 51 points.
You press <<18>> and receive 52 points.
You press <<18>> and receive 54 points.

Environment number 14:
The value of option 19 is 33. You have 10 choices to make in this environment.
You press <<14>> and receive 0 points.
You press <<7>> and receive 27 points.
You press <<2>> and receive 23 points.
You press <<28>> and receive 36 points.
You press <<22>> and receive 8 points.
You press <<28>> and receive 35 points.
You press <<28>> and receive 34 points.
You press <<28>> and receive 35 points.
You press <<28>> and receive 35 points.
You press <<28>> and receive 36 points.

Environment number 15:
The value of option 21 is 56. You have 5 choices to make in this environment.
You press <<21>> and receive 55 points.
You press <<21>> and receive 55 points.
You press <<",68
15,25,4,21,1,rough,21,5,56,58,"You will be presented with a series of 16 different environments to explore.
In each trial, you can select an option between numbers 1 and 30 by pressing the corresponding key.
By selecting any of these options, you will earn points associated with each unique option.
Imagine these options 1 through 30 as lying next to each other in an ordered line; options closer to each other tend to have similar rewards as rewards tend to cluster together.
For each environment, you will be able to make either 5 or 10 choices.
When you made all your choices in a given environment, you will start making choices in the next unexplored environment.
The rewards underlying the different options are different in each environment so you will learn them anew for each environment.
Each environment starts with the value of a single option revealed.
When you choose the number corresponding to a different option, you will be told the value of that option and receive those points.
Previously revealed options, including the starting option, can also be reselected, although there may be small changes in the point value.
It is your task to to learn where the largest reward is in each of the 16 environments.

Environment number 1:
The value of option 17 is 38. You have 10 choices to make in this environment.
You press <<13>> and receive 45 points.
You press <<9>> and receive 53 points.
You press <<6>> and receive 55 points.
You press <<4>> and receive 47 points.
You press <<2>> and receive 46 points.
You press <<23>> and receive 43 points.
You press <<24>> and receive 30 points.
You press <<22>> and receive 67 points.
You press <<21>> and receive 61 points.
You press <<20>> and receive 74 points.

Environment number 2:
The value of option 27 is 18. You have 5 choices to make in this environment.
You press <<13>> and receive 61 points.
You press <<13>> and receive 62 points.
You press <<14>> and receive 60 points.
You press <<15>> and receive 33 points.
You press <<12>> and receive 50 points.

Environment number 3:
The value of option 14 is 58. You have 10 choices to make in this environment.
You press <<14>> and receive 57 points.
You press <<8>> and receive 34 points.
You press <<5>> and receive 6 points.
You press <<25>> and receive 35 points.
You press <<20>> and receive 12 points.
You press <<14>> and receive 59 points.
You press <<14>> and receive 58 points.
You press <<14>> and receive 58 points.
You press <<14>> and receive 58 points.
You press <<14>> and receive 57 points.

Environment number 4:
The value of option 15 is 1. You have 10 choices to make in this environment.
You press <<5>> and receive 59 points.
You press <<6>> and receive 46 points.
You press <<3>> and receive 47 points.
You press <<5>> and receive 56 points.
You press <<23>> and receive 45 points.
You press <<21>> and receive 44 points.
You press <<25>> and receive 25 points.
You press <<15>> and receive 0 points.
You press <<5>> and receive 57 points.
You press <<5>> and receive 57 points.

Environment number 5:
The value of option 18 is 81. You have 10 choices to make in this environment.
You press <<18>> and receive 79 points.
You press <<17>> and receive 58 points.
You press <<19>> and receive 67 points.
You press <<18>> and receive 79 points.
You press <<18>> and receive 78 points.
You press <<18>> and receive 79 points.
You press <<18>> and receive 79 points.
You press <<18>> and receive 78 points.
You press <<18>> and receive 78 points.
You press <<18>> and receive 78 points.

Environment number 6:
The value of option 13 is 67. You have 5 choices to make in this environment.
You press <<13>> and receive 67 points.
You press <<12>> and receive 56 points.
You press <<13>> and receive 66 points.
You press <<13>> and receive 66 points.
You press <<13>> and receive 66 points.

Environment number 7:
The value of option 17 is 14. You have 5 choices to make in this environment.
You press <<9>> and receive 59 points.
You press <<9>> and receive 57 points.
You press <<9>> and receive 60 points.
You press <<9>> and receive 58 points.
You press <<9>> and receive 59 points.

Environment number 8:
The value of option 5 is 38. You have 10 choices to make in this environment.
You press <<3>> and receive 27 points.
You press <<8>> and receive 75 points.
You press <<8>> and receive 76 points.
You press <<8>> and receive 74 points.
You press <<8>> and receive 76 points.
You press <<8>> and receive 78 points.
You press <<8>> and receive 76 points.
You press <<8>> and receive 78 points.
You press <<8>> and receive 79 points.
You press <<8>> and receive 78 points.

Environment number 9:
The value of option 23 is 33. You have 10 choices to make in this environment.
You press <<23>> and receive 34 points.
You press <<15>> and receive 14 points.
You press <<5>> and receive 15 points.
You press <<2>> and receive 0 points.
You press <<28>> and receive 33 points.
You press <<22>> and receive 61 points.
You press <<22>> and receive 62 points.
You press <<22>> and receive 59 points.
You press <<22>> and receive 60 points.
You press <<22>> and receive 59 points.

Environment number 10:
The value of option 22 is 55. You have 5 choices to make in this environment.
You press <<22>> and receive 54 points.
You press <<22>> and receive 55 points.
You press <<22>> and receive 53 points.
You press <<22>> and receive 55 points.
You press <<22>> and receive 54 points.

Environment number 11:
The value of option 29 is 50. You have 5 choices to make in this environment.
You press <<25>> and receive 28 points.
You press <<19>> and receive 15 points.
You press <<14>> and receive 17 points.
You press <<8>> and receive 20 points.
You press <<4>> and receive 21 points.

Environment number 12:
The value of option 18 is 52. You have 5 choices to make in this environment.
You press <<18>> and receive 51 points.
You press <<18>> and receive 49 points.
You press <<18>> and receive 51 points.
You press <<18>> and receive 48 points.
You press <<18>> and receive 52 points.

Environment number 13:
The value of option 1 is 20. You have 10 choices to make in this environment.
You press <<9>> and receive 39 points.
You press <<18>> and receive 53 points.
You press <<18>> and receive 53 points.
You press <<18>> and receive 52 points.
You press <<18>> and receive 53 points.
You press <<18>> and receive 52 points.
You press <<18>> and receive 52 points.
You press <<18>> and receive 51 points.
You press <<18>> and receive 52 points.
You press <<18>> and receive 54 points.

Environment number 14:
The value of option 19 is 33. You have 10 choices to make in this environment.
You press <<14>> and receive 0 points.
You press <<7>> and receive 27 points.
You press <<2>> and receive 23 points.
You press <<28>> and receive 36 points.
You press <<22>> and receive 8 points.
You press <<28>> and receive 35 points.
You press <<28>> and receive 34 points.
You press <<28>> and receive 35 points.
You press <<28>> and receive 35 points.
You press <<28>> and receive 36 points.

Environment number 15:
The value of option 21 is 56. You have 5 choices to make in this environment.
You press <<21>> and receive 55 points.
You press <<21>> and receive 55 points.
You press <<21>> and receive 56 points.
You press <<",68
15,25,5,21,1,rough,21,5,56,56,"You will be presented with a series of 16 different environments to explore.
In each trial, you can select an option between numbers 1 and 30 by pressing the corresponding key.
By selecting any of these options, you will earn points associated with each unique option.
Imagine these options 1 through 30 as lying next to each other in an ordered line; options closer to each other tend to have similar rewards as rewards tend to cluster together.
For each environment, you will be able to make either 5 or 10 choices.
When you made all your choices in a given environment, you will start making choices in the next unexplored environment.
The rewards underlying the different options are different in each environment so you will learn them anew for each environment.
Each environment starts with the value of a single option revealed.
When you choose the number corresponding to a different option, you will be told the value of that option and receive those points.
Previously revealed options, including the starting option, can also be reselected, although there may be small changes in the point value.
It is your task to to learn where the largest reward is in each of the 16 environments.

Environment number 1:
The value of option 17 is 38. You have 10 choices to make in this environment.
You press <<13>> and receive 45 points.
You press <<9>> and receive 53 points.
You press <<6>> and receive 55 points.
You press <<4>> and receive 47 points.
You press <<2>> and receive 46 points.
You press <<23>> and receive 43 points.
You press <<24>> and receive 30 points.
You press <<22>> and receive 67 points.
You press <<21>> and receive 61 points.
You press <<20>> and receive 74 points.

Environment number 2:
The value of option 27 is 18. You have 5 choices to make in this environment.
You press <<13>> and receive 61 points.
You press <<13>> and receive 62 points.
You press <<14>> and receive 60 points.
You press <<15>> and receive 33 points.
You press <<12>> and receive 50 points.

Environment number 3:
The value of option 14 is 58. You have 10 choices to make in this environment.
You press <<14>> and receive 57 points.
You press <<8>> and receive 34 points.
You press <<5>> and receive 6 points.
You press <<25>> and receive 35 points.
You press <<20>> and receive 12 points.
You press <<14>> and receive 59 points.
You press <<14>> and receive 58 points.
You press <<14>> and receive 58 points.
You press <<14>> and receive 58 points.
You press <<14>> and receive 57 points.

Environment number 4:
The value of option 15 is 1. You have 10 choices to make in this environment.
You press <<5>> and receive 59 points.
You press <<6>> and receive 46 points.
You press <<3>> and receive 47 points.
You press <<5>> and receive 56 points.
You press <<23>> and receive 45 points.
You press <<21>> and receive 44 points.
You press <<25>> and receive 25 points.
You press <<15>> and receive 0 points.
You press <<5>> and receive 57 points.
You press <<5>> and receive 57 points.

Environment number 5:
The value of option 18 is 81. You have 10 choices to make in this environment.
You press <<18>> and receive 79 points.
You press <<17>> and receive 58 points.
You press <<19>> and receive 67 points.
You press <<18>> and receive 79 points.
You press <<18>> and receive 78 points.
You press <<18>> and receive 79 points.
You press <<18>> and receive 79 points.
You press <<18>> and receive 78 points.
You press <<18>> and receive 78 points.
You press <<18>> and receive 78 points.

Environment number 6:
The value of option 13 is 67. You have 5 choices to make in this environment.
You press <<13>> and receive 67 points.
You press <<12>> and receive 56 points.
You press <<13>> and receive 66 points.
You press <<13>> and receive 66 points.
You press <<13>> and receive 66 points.

Environment number 7:
The value of option 17 is 14. You have 5 choices to make in this environment.
You press <<9>> and receive 59 points.
You press <<9>> and receive 57 points.
You press <<9>> and receive 60 points.
You press <<9>> and receive 58 points.
You press <<9>> and receive 59 points.

Environment number 8:
The value of option 5 is 38. You have 10 choices to make in this environment.
You press <<3>> and receive 27 points.
You press <<8>> and receive 75 points.
You press <<8>> and receive 76 points.
You press <<8>> and receive 74 points.
You press <<8>> and receive 76 points.
You press <<8>> and receive 78 points.
You press <<8>> and receive 76 points.
You press <<8>> and receive 78 points.
You press <<8>> and receive 79 points.
You press <<8>> and receive 78 points.

Environment number 9:
The value of option 23 is 33. You have 10 choices to make in this environment.
You press <<23>> and receive 34 points.
You press <<15>> and receive 14 points.
You press <<5>> and receive 15 points.
You press <<2>> and receive 0 points.
You press <<28>> and receive 33 points.
You press <<22>> and receive 61 points.
You press <<22>> and receive 62 points.
You press <<22>> and receive 59 points.
You press <<22>> and receive 60 points.
You press <<22>> and receive 59 points.

Environment number 10:
The value of option 22 is 55. You have 5 choices to make in this environment.
You press <<22>> and receive 54 points.
You press <<22>> and receive 55 points.
You press <<22>> and receive 53 points.
You press <<22>> and receive 55 points.
You press <<22>> and receive 54 points.

Environment number 11:
The value of option 29 is 50. You have 5 choices to make in this environment.
You press <<25>> and receive 28 points.
You press <<19>> and receive 15 points.
You press <<14>> and receive 17 points.
You press <<8>> and receive 20 points.
You press <<4>> and receive 21 points.

Environment number 12:
The value of option 18 is 52. You have 5 choices to make in this environment.
You press <<18>> and receive 51 points.
You press <<18>> and receive 49 points.
You press <<18>> and receive 51 points.
You press <<18>> and receive 48 points.
You press <<18>> and receive 52 points.

Environment number 13:
The value of option 1 is 20. You have 10 choices to make in this environment.
You press <<9>> and receive 39 points.
You press <<18>> and receive 53 points.
You press <<18>> and receive 53 points.
You press <<18>> and receive 52 points.
You press <<18>> and receive 53 points.
You press <<18>> and receive 52 points.
You press <<18>> and receive 52 points.
You press <<18>> and receive 51 points.
You press <<18>> and receive 52 points.
You press <<18>> and receive 54 points.

Environment number 14:
The value of option 19 is 33. You have 10 choices to make in this environment.
You press <<14>> and receive 0 points.
You press <<7>> and receive 27 points.
You press <<2>> and receive 23 points.
You press <<28>> and receive 36 points.
You press <<22>> and receive 8 points.
You press <<28>> and receive 35 points.
You press <<28>> and receive 34 points.
You press <<28>> and receive 35 points.
You press <<28>> and receive 35 points.
You press <<28>> and receive 36 points.

Environment number 15:
The value of option 21 is 56. You have 5 choices to make in this environment.
You press <<21>> and receive 55 points.
You press <<21>> and receive 55 points.
You press <<21>> and receive 56 points.
You press <<21>> and receive 58 points.
You press <<",68
16,26,1,14,1,rough,5,5,23,53,"You will be presented with a series of 16 different environments to explore.
In each trial, you can select an option between numbers 1 and 30 by pressing the corresponding key.
By selecting any of these options, you will earn points associated with each unique option.
Imagine these options 1 through 30 as lying next to each other in an ordered line; options closer to each other tend to have similar rewards as rewards tend to cluster together.
For each environment, you will be able to make either 5 or 10 choices.
When you made all your choices in a given environment, you will start making choices in the next unexplored environment.
The rewards underlying the different options are different in each environment so you will learn them anew for each environment.
Each environment starts with the value of a single option revealed.
When you choose the number corresponding to a different option, you will be told the value of that option and receive those points.
Previously revealed options, including the starting option, can also be reselected, although there may be small changes in the point value.
It is your task to to learn where the largest reward is in each of the 16 environments.

Environment number 1:
The value of option 17 is 38. You have 10 choices to make in this environment.
You press <<13>> and receive 45 points.
You press <<9>> and receive 53 points.
You press <<6>> and receive 55 points.
You press <<4>> and receive 47 points.
You press <<2>> and receive 46 points.
You press <<23>> and receive 43 points.
You press <<24>> and receive 30 points.
You press <<22>> and receive 67 points.
You press <<21>> and receive 61 points.
You press <<20>> and receive 74 points.

Environment number 2:
The value of option 27 is 18. You have 5 choices to make in this environment.
You press <<13>> and receive 61 points.
You press <<13>> and receive 62 points.
You press <<14>> and receive 60 points.
You press <<15>> and receive 33 points.
You press <<12>> and receive 50 points.

Environment number 3:
The value of option 14 is 58. You have 10 choices to make in this environment.
You press <<14>> and receive 57 points.
You press <<8>> and receive 34 points.
You press <<5>> and receive 6 points.
You press <<25>> and receive 35 points.
You press <<20>> and receive 12 points.
You press <<14>> and receive 59 points.
You press <<14>> and receive 58 points.
You press <<14>> and receive 58 points.
You press <<14>> and receive 58 points.
You press <<14>> and receive 57 points.

Environment number 4:
The value of option 15 is 1. You have 10 choices to make in this environment.
You press <<5>> and receive 59 points.
You press <<6>> and receive 46 points.
You press <<3>> and receive 47 points.
You press <<5>> and receive 56 points.
You press <<23>> and receive 45 points.
You press <<21>> and receive 44 points.
You press <<25>> and receive 25 points.
You press <<15>> and receive 0 points.
You press <<5>> and receive 57 points.
You press <<5>> and receive 57 points.

Environment number 5:
The value of option 18 is 81. You have 10 choices to make in this environment.
You press <<18>> and receive 79 points.
You press <<17>> and receive 58 points.
You press <<19>> and receive 67 points.
You press <<18>> and receive 79 points.
You press <<18>> and receive 78 points.
You press <<18>> and receive 79 points.
You press <<18>> and receive 79 points.
You press <<18>> and receive 78 points.
You press <<18>> and receive 78 points.
You press <<18>> and receive 78 points.

Environment number 6:
The value of option 13 is 67. You have 5 choices to make in this environment.
You press <<13>> and receive 67 points.
You press <<12>> and receive 56 points.
You press <<13>> and receive 66 points.
You press <<13>> and receive 66 points.
You press <<13>> and receive 66 points.

Environment number 7:
The value of option 17 is 14. You have 5 choices to make in this environment.
You press <<9>> and receive 59 points.
You press <<9>> and receive 57 points.
You press <<9>> and receive 60 points.
You press <<9>> and receive 58 points.
You press <<9>> and receive 59 points.

Environment number 8:
The value of option 5 is 38. You have 10 choices to make in this environment.
You press <<3>> and receive 27 points.
You press <<8>> and receive 75 points.
You press <<8>> and receive 76 points.
You press <<8>> and receive 74 points.
You press <<8>> and receive 76 points.
You press <<8>> and receive 78 points.
You press <<8>> and receive 76 points.
You press <<8>> and receive 78 points.
You press <<8>> and receive 79 points.
You press <<8>> and receive 78 points.

Environment number 9:
The value of option 23 is 33. You have 10 choices to make in this environment.
You press <<23>> and receive 34 points.
You press <<15>> and receive 14 points.
You press <<5>> and receive 15 points.
You press <<2>> and receive 0 points.
You press <<28>> and receive 33 points.
You press <<22>> and receive 61 points.
You press <<22>> and receive 62 points.
You press <<22>> and receive 59 points.
You press <<22>> and receive 60 points.
You press <<22>> and receive 59 points.

Environment number 10:
The value of option 22 is 55. You have 5 choices to make in this environment.
You press <<22>> and receive 54 points.
You press <<22>> and receive 55 points.
You press <<22>> and receive 53 points.
You press <<22>> and receive 55 points.
You press <<22>> and receive 54 points.

Environment number 11:
The value of option 29 is 50. You have 5 choices to make in this environment.
You press <<25>> and receive 28 points.
You press <<19>> and receive 15 points.
You press <<14>> and receive 17 points.
You press <<8>> and receive 20 points.
You press <<4>> and receive 21 points.

Environment number 12:
The value of option 18 is 52. You have 5 choices to make in this environment.
You press <<18>> and receive 51 points.
You press <<18>> and receive 49 points.
You press <<18>> and receive 51 points.
You press <<18>> and receive 48 points.
You press <<18>> and receive 52 points.

Environment number 13:
The value of option 1 is 20. You have 10 choices to make in this environment.
You press <<9>> and receive 39 points.
You press <<18>> and receive 53 points.
You press <<18>> and receive 53 points.
You press <<18>> and receive 52 points.
You press <<18>> and receive 53 points.
You press <<18>> and receive 52 points.
You press <<18>> and receive 52 points.
You press <<18>> and receive 51 points.
You press <<18>> and receive 52 points.
You press <<18>> and receive 54 points.

Environment number 14:
The value of option 19 is 33. You have 10 choices to make in this environment.
You press <<14>> and receive 0 points.
You press <<7>> and receive 27 points.
You press <<2>> and receive 23 points.
You press <<28>> and receive 36 points.
You press <<22>> and receive 8 points.
You press <<28>> and receive 35 points.
You press <<28>> and receive 34 points.
You press <<28>> and receive 35 points.
You press <<28>> and receive 35 points.
You press <<28>> and receive 36 points.

Environment number 15:
The value of option 21 is 56. You have 5 choices to make in this environment.
You press <<21>> and receive 55 points.
You press <<21>> and receive 55 points.
You press <<21>> and receive 56 points.
You press <<21>> and receive 58 points.
You press <<21>> and receive 56 points.

Environment number 16:
The value of option 5 is 23. You have 5 choices to make in this environment.
You press <<",68
16,26,2,14,1,rough,5,5,23,52,"You will be presented with a series of 16 different environments to explore.
In each trial, you can select an option between numbers 1 and 30 by pressing the corresponding key.
By selecting any of these options, you will earn points associated with each unique option.
Imagine these options 1 through 30 as lying next to each other in an ordered line; options closer to each other tend to have similar rewards as rewards tend to cluster together.
For each environment, you will be able to make either 5 or 10 choices.
When you made all your choices in a given environment, you will start making choices in the next unexplored environment.
The rewards underlying the different options are different in each environment so you will learn them anew for each environment.
Each environment starts with the value of a single option revealed.
When you choose the number corresponding to a different option, you will be told the value of that option and receive those points.
Previously revealed options, including the starting option, can also be reselected, although there may be small changes in the point value.
It is your task to to learn where the largest reward is in each of the 16 environments.

Environment number 1:
The value of option 17 is 38. You have 10 choices to make in this environment.
You press <<13>> and receive 45 points.
You press <<9>> and receive 53 points.
You press <<6>> and receive 55 points.
You press <<4>> and receive 47 points.
You press <<2>> and receive 46 points.
You press <<23>> and receive 43 points.
You press <<24>> and receive 30 points.
You press <<22>> and receive 67 points.
You press <<21>> and receive 61 points.
You press <<20>> and receive 74 points.

Environment number 2:
The value of option 27 is 18. You have 5 choices to make in this environment.
You press <<13>> and receive 61 points.
You press <<13>> and receive 62 points.
You press <<14>> and receive 60 points.
You press <<15>> and receive 33 points.
You press <<12>> and receive 50 points.

Environment number 3:
The value of option 14 is 58. You have 10 choices to make in this environment.
You press <<14>> and receive 57 points.
You press <<8>> and receive 34 points.
You press <<5>> and receive 6 points.
You press <<25>> and receive 35 points.
You press <<20>> and receive 12 points.
You press <<14>> and receive 59 points.
You press <<14>> and receive 58 points.
You press <<14>> and receive 58 points.
You press <<14>> and receive 58 points.
You press <<14>> and receive 57 points.

Environment number 4:
The value of option 15 is 1. You have 10 choices to make in this environment.
You press <<5>> and receive 59 points.
You press <<6>> and receive 46 points.
You press <<3>> and receive 47 points.
You press <<5>> and receive 56 points.
You press <<23>> and receive 45 points.
You press <<21>> and receive 44 points.
You press <<25>> and receive 25 points.
You press <<15>> and receive 0 points.
You press <<5>> and receive 57 points.
You press <<5>> and receive 57 points.

Environment number 5:
The value of option 18 is 81. You have 10 choices to make in this environment.
You press <<18>> and receive 79 points.
You press <<17>> and receive 58 points.
You press <<19>> and receive 67 points.
You press <<18>> and receive 79 points.
You press <<18>> and receive 78 points.
You press <<18>> and receive 79 points.
You press <<18>> and receive 79 points.
You press <<18>> and receive 78 points.
You press <<18>> and receive 78 points.
You press <<18>> and receive 78 points.

Environment number 6:
The value of option 13 is 67. You have 5 choices to make in this environment.
You press <<13>> and receive 67 points.
You press <<12>> and receive 56 points.
You press <<13>> and receive 66 points.
You press <<13>> and receive 66 points.
You press <<13>> and receive 66 points.

Environment number 7:
The value of option 17 is 14. You have 5 choices to make in this environment.
You press <<9>> and receive 59 points.
You press <<9>> and receive 57 points.
You press <<9>> and receive 60 points.
You press <<9>> and receive 58 points.
You press <<9>> and receive 59 points.

Environment number 8:
The value of option 5 is 38. You have 10 choices to make in this environment.
You press <<3>> and receive 27 points.
You press <<8>> and receive 75 points.
You press <<8>> and receive 76 points.
You press <<8>> and receive 74 points.
You press <<8>> and receive 76 points.
You press <<8>> and receive 78 points.
You press <<8>> and receive 76 points.
You press <<8>> and receive 78 points.
You press <<8>> and receive 79 points.
You press <<8>> and receive 78 points.

Environment number 9:
The value of option 23 is 33. You have 10 choices to make in this environment.
You press <<23>> and receive 34 points.
You press <<15>> and receive 14 points.
You press <<5>> and receive 15 points.
You press <<2>> and receive 0 points.
You press <<28>> and receive 33 points.
You press <<22>> and receive 61 points.
You press <<22>> and receive 62 points.
You press <<22>> and receive 59 points.
You press <<22>> and receive 60 points.
You press <<22>> and receive 59 points.

Environment number 10:
The value of option 22 is 55. You have 5 choices to make in this environment.
You press <<22>> and receive 54 points.
You press <<22>> and receive 55 points.
You press <<22>> and receive 53 points.
You press <<22>> and receive 55 points.
You press <<22>> and receive 54 points.

Environment number 11:
The value of option 29 is 50. You have 5 choices to make in this environment.
You press <<25>> and receive 28 points.
You press <<19>> and receive 15 points.
You press <<14>> and receive 17 points.
You press <<8>> and receive 20 points.
You press <<4>> and receive 21 points.

Environment number 12:
The value of option 18 is 52. You have 5 choices to make in this environment.
You press <<18>> and receive 51 points.
You press <<18>> and receive 49 points.
You press <<18>> and receive 51 points.
You press <<18>> and receive 48 points.
You press <<18>> and receive 52 points.

Environment number 13:
The value of option 1 is 20. You have 10 choices to make in this environment.
You press <<9>> and receive 39 points.
You press <<18>> and receive 53 points.
You press <<18>> and receive 53 points.
You press <<18>> and receive 52 points.
You press <<18>> and receive 53 points.
You press <<18>> and receive 52 points.
You press <<18>> and receive 52 points.
You press <<18>> and receive 51 points.
You press <<18>> and receive 52 points.
You press <<18>> and receive 54 points.

Environment number 14:
The value of option 19 is 33. You have 10 choices to make in this environment.
You press <<14>> and receive 0 points.
You press <<7>> and receive 27 points.
You press <<2>> and receive 23 points.
You press <<28>> and receive 36 points.
You press <<22>> and receive 8 points.
You press <<28>> and receive 35 points.
You press <<28>> and receive 34 points.
You press <<28>> and receive 35 points.
You press <<28>> and receive 35 points.
You press <<28>> and receive 36 points.

Environment number 15:
The value of option 21 is 56. You have 5 choices to make in this environment.
You press <<21>> and receive 55 points.
You press <<21>> and receive 55 points.
You press <<21>> and receive 56 points.
You press <<21>> and receive 58 points.
You press <<21>> and receive 56 points.

Environment number 16:
The value of option 5 is 23. You have 5 choices to make in this environment.
You press <<14>> and receive 53 points.
You press <<",68
16,26,3,14,1,rough,5,5,23,53,"You will be presented with a series of 16 different environments to explore.
In each trial, you can select an option between numbers 1 and 30 by pressing the corresponding key.
By selecting any of these options, you will earn points associated with each unique option.
Imagine these options 1 through 30 as lying next to each other in an ordered line; options closer to each other tend to have similar rewards as rewards tend to cluster together.
For each environment, you will be able to make either 5 or 10 choices.
When you made all your choices in a given environment, you will start making choices in the next unexplored environment.
The rewards underlying the different options are different in each environment so you will learn them anew for each environment.
Each environment starts with the value of a single option revealed.
When you choose the number corresponding to a different option, you will be told the value of that option and receive those points.
Previously revealed options, including the starting option, can also be reselected, although there may be small changes in the point value.
It is your task to to learn where the largest reward is in each of the 16 environments.

Environment number 1:
The value of option 17 is 38. You have 10 choices to make in this environment.
You press <<13>> and receive 45 points.
You press <<9>> and receive 53 points.
You press <<6>> and receive 55 points.
You press <<4>> and receive 47 points.
You press <<2>> and receive 46 points.
You press <<23>> and receive 43 points.
You press <<24>> and receive 30 points.
You press <<22>> and receive 67 points.
You press <<21>> and receive 61 points.
You press <<20>> and receive 74 points.

Environment number 2:
The value of option 27 is 18. You have 5 choices to make in this environment.
You press <<13>> and receive 61 points.
You press <<13>> and receive 62 points.
You press <<14>> and receive 60 points.
You press <<15>> and receive 33 points.
You press <<12>> and receive 50 points.

Environment number 3:
The value of option 14 is 58. You have 10 choices to make in this environment.
You press <<14>> and receive 57 points.
You press <<8>> and receive 34 points.
You press <<5>> and receive 6 points.
You press <<25>> and receive 35 points.
You press <<20>> and receive 12 points.
You press <<14>> and receive 59 points.
You press <<14>> and receive 58 points.
You press <<14>> and receive 58 points.
You press <<14>> and receive 58 points.
You press <<14>> and receive 57 points.

Environment number 4:
The value of option 15 is 1. You have 10 choices to make in this environment.
You press <<5>> and receive 59 points.
You press <<6>> and receive 46 points.
You press <<3>> and receive 47 points.
You press <<5>> and receive 56 points.
You press <<23>> and receive 45 points.
You press <<21>> and receive 44 points.
You press <<25>> and receive 25 points.
You press <<15>> and receive 0 points.
You press <<5>> and receive 57 points.
You press <<5>> and receive 57 points.

Environment number 5:
The value of option 18 is 81. You have 10 choices to make in this environment.
You press <<18>> and receive 79 points.
You press <<17>> and receive 58 points.
You press <<19>> and receive 67 points.
You press <<18>> and receive 79 points.
You press <<18>> and receive 78 points.
You press <<18>> and receive 79 points.
You press <<18>> and receive 79 points.
You press <<18>> and receive 78 points.
You press <<18>> and receive 78 points.
You press <<18>> and receive 78 points.

Environment number 6:
The value of option 13 is 67. You have 5 choices to make in this environment.
You press <<13>> and receive 67 points.
You press <<12>> and receive 56 points.
You press <<13>> and receive 66 points.
You press <<13>> and receive 66 points.
You press <<13>> and receive 66 points.

Environment number 7:
The value of option 17 is 14. You have 5 choices to make in this environment.
You press <<9>> and receive 59 points.
You press <<9>> and receive 57 points.
You press <<9>> and receive 60 points.
You press <<9>> and receive 58 points.
You press <<9>> and receive 59 points.

Environment number 8:
The value of option 5 is 38. You have 10 choices to make in this environment.
You press <<3>> and receive 27 points.
You press <<8>> and receive 75 points.
You press <<8>> and receive 76 points.
You press <<8>> and receive 74 points.
You press <<8>> and receive 76 points.
You press <<8>> and receive 78 points.
You press <<8>> and receive 76 points.
You press <<8>> and receive 78 points.
You press <<8>> and receive 79 points.
You press <<8>> and receive 78 points.

Environment number 9:
The value of option 23 is 33. You have 10 choices to make in this environment.
You press <<23>> and receive 34 points.
You press <<15>> and receive 14 points.
You press <<5>> and receive 15 points.
You press <<2>> and receive 0 points.
You press <<28>> and receive 33 points.
You press <<22>> and receive 61 points.
You press <<22>> and receive 62 points.
You press <<22>> and receive 59 points.
You press <<22>> and receive 60 points.
You press <<22>> and receive 59 points.

Environment number 10:
The value of option 22 is 55. You have 5 choices to make in this environment.
You press <<22>> and receive 54 points.
You press <<22>> and receive 55 points.
You press <<22>> and receive 53 points.
You press <<22>> and receive 55 points.
You press <<22>> and receive 54 points.

Environment number 11:
The value of option 29 is 50. You have 5 choices to make in this environment.
You press <<25>> and receive 28 points.
You press <<19>> and receive 15 points.
You press <<14>> and receive 17 points.
You press <<8>> and receive 20 points.
You press <<4>> and receive 21 points.

Environment number 12:
The value of option 18 is 52. You have 5 choices to make in this environment.
You press <<18>> and receive 51 points.
You press <<18>> and receive 49 points.
You press <<18>> and receive 51 points.
You press <<18>> and receive 48 points.
You press <<18>> and receive 52 points.

Environment number 13:
The value of option 1 is 20. You have 10 choices to make in this environment.
You press <<9>> and receive 39 points.
You press <<18>> and receive 53 points.
You press <<18>> and receive 53 points.
You press <<18>> and receive 52 points.
You press <<18>> and receive 53 points.
You press <<18>> and receive 52 points.
You press <<18>> and receive 52 points.
You press <<18>> and receive 51 points.
You press <<18>> and receive 52 points.
You press <<18>> and receive 54 points.

Environment number 14:
The value of option 19 is 33. You have 10 choices to make in this environment.
You press <<14>> and receive 0 points.
You press <<7>> and receive 27 points.
You press <<2>> and receive 23 points.
You press <<28>> and receive 36 points.
You press <<22>> and receive 8 points.
You press <<28>> and receive 35 points.
You press <<28>> and receive 34 points.
You press <<28>> and receive 35 points.
You press <<28>> and receive 35 points.
You press <<28>> and receive 36 points.

Environment number 15:
The value of option 21 is 56. You have 5 choices to make in this environment.
You press <<21>> and receive 55 points.
You press <<21>> and receive 55 points.
You press <<21>> and receive 56 points.
You press <<21>> and receive 58 points.
You press <<21>> and receive 56 points.

Environment number 16:
The value of option 5 is 23. You have 5 choices to make in this environment.
You press <<14>> and receive 53 points.
You press <<14>> and receive 52 points.
You press <<",68
16,26,4,14,1,rough,5,5,23,52,"You will be presented with a series of 16 different environments to explore.
In each trial, you can select an option between numbers 1 and 30 by pressing the corresponding key.
By selecting any of these options, you will earn points associated with each unique option.
Imagine these options 1 through 30 as lying next to each other in an ordered line; options closer to each other tend to have similar rewards as rewards tend to cluster together.
For each environment, you will be able to make either 5 or 10 choices.
When you made all your choices in a given environment, you will start making choices in the next unexplored environment.
The rewards underlying the different options are different in each environment so you will learn them anew for each environment.
Each environment starts with the value of a single option revealed.
When you choose the number corresponding to a different option, you will be told the value of that option and receive those points.
Previously revealed options, including the starting option, can also be reselected, although there may be small changes in the point value.
It is your task to to learn where the largest reward is in each of the 16 environments.

Environment number 1:
The value of option 17 is 38. You have 10 choices to make in this environment.
You press <<13>> and receive 45 points.
You press <<9>> and receive 53 points.
You press <<6>> and receive 55 points.
You press <<4>> and receive 47 points.
You press <<2>> and receive 46 points.
You press <<23>> and receive 43 points.
You press <<24>> and receive 30 points.
You press <<22>> and receive 67 points.
You press <<21>> and receive 61 points.
You press <<20>> and receive 74 points.

Environment number 2:
The value of option 27 is 18. You have 5 choices to make in this environment.
You press <<13>> and receive 61 points.
You press <<13>> and receive 62 points.
You press <<14>> and receive 60 points.
You press <<15>> and receive 33 points.
You press <<12>> and receive 50 points.

Environment number 3:
The value of option 14 is 58. You have 10 choices to make in this environment.
You press <<14>> and receive 57 points.
You press <<8>> and receive 34 points.
You press <<5>> and receive 6 points.
You press <<25>> and receive 35 points.
You press <<20>> and receive 12 points.
You press <<14>> and receive 59 points.
You press <<14>> and receive 58 points.
You press <<14>> and receive 58 points.
You press <<14>> and receive 58 points.
You press <<14>> and receive 57 points.

Environment number 4:
The value of option 15 is 1. You have 10 choices to make in this environment.
You press <<5>> and receive 59 points.
You press <<6>> and receive 46 points.
You press <<3>> and receive 47 points.
You press <<5>> and receive 56 points.
You press <<23>> and receive 45 points.
You press <<21>> and receive 44 points.
You press <<25>> and receive 25 points.
You press <<15>> and receive 0 points.
You press <<5>> and receive 57 points.
You press <<5>> and receive 57 points.

Environment number 5:
The value of option 18 is 81. You have 10 choices to make in this environment.
You press <<18>> and receive 79 points.
You press <<17>> and receive 58 points.
You press <<19>> and receive 67 points.
You press <<18>> and receive 79 points.
You press <<18>> and receive 78 points.
You press <<18>> and receive 79 points.
You press <<18>> and receive 79 points.
You press <<18>> and receive 78 points.
You press <<18>> and receive 78 points.
You press <<18>> and receive 78 points.

Environment number 6:
The value of option 13 is 67. You have 5 choices to make in this environment.
You press <<13>> and receive 67 points.
You press <<12>> and receive 56 points.
You press <<13>> and receive 66 points.
You press <<13>> and receive 66 points.
You press <<13>> and receive 66 points.

Environment number 7:
The value of option 17 is 14. You have 5 choices to make in this environment.
You press <<9>> and receive 59 points.
You press <<9>> and receive 57 points.
You press <<9>> and receive 60 points.
You press <<9>> and receive 58 points.
You press <<9>> and receive 59 points.

Environment number 8:
The value of option 5 is 38. You have 10 choices to make in this environment.
You press <<3>> and receive 27 points.
You press <<8>> and receive 75 points.
You press <<8>> and receive 76 points.
You press <<8>> and receive 74 points.
You press <<8>> and receive 76 points.
You press <<8>> and receive 78 points.
You press <<8>> and receive 76 points.
You press <<8>> and receive 78 points.
You press <<8>> and receive 79 points.
You press <<8>> and receive 78 points.

Environment number 9:
The value of option 23 is 33. You have 10 choices to make in this environment.
You press <<23>> and receive 34 points.
You press <<15>> and receive 14 points.
You press <<5>> and receive 15 points.
You press <<2>> and receive 0 points.
You press <<28>> and receive 33 points.
You press <<22>> and receive 61 points.
You press <<22>> and receive 62 points.
You press <<22>> and receive 59 points.
You press <<22>> and receive 60 points.
You press <<22>> and receive 59 points.

Environment number 10:
The value of option 22 is 55. You have 5 choices to make in this environment.
You press <<22>> and receive 54 points.
You press <<22>> and receive 55 points.
You press <<22>> and receive 53 points.
You press <<22>> and receive 55 points.
You press <<22>> and receive 54 points.

Environment number 11:
The value of option 29 is 50. You have 5 choices to make in this environment.
You press <<25>> and receive 28 points.
You press <<19>> and receive 15 points.
You press <<14>> and receive 17 points.
You press <<8>> and receive 20 points.
You press <<4>> and receive 21 points.

Environment number 12:
The value of option 18 is 52. You have 5 choices to make in this environment.
You press <<18>> and receive 51 points.
You press <<18>> and receive 49 points.
You press <<18>> and receive 51 points.
You press <<18>> and receive 48 points.
You press <<18>> and receive 52 points.

Environment number 13:
The value of option 1 is 20. You have 10 choices to make in this environment.
You press <<9>> and receive 39 points.
You press <<18>> and receive 53 points.
You press <<18>> and receive 53 points.
You press <<18>> and receive 52 points.
You press <<18>> and receive 53 points.
You press <<18>> and receive 52 points.
You press <<18>> and receive 52 points.
You press <<18>> and receive 51 points.
You press <<18>> and receive 52 points.
You press <<18>> and receive 54 points.

Environment number 14:
The value of option 19 is 33. You have 10 choices to make in this environment.
You press <<14>> and receive 0 points.
You press <<7>> and receive 27 points.
You press <<2>> and receive 23 points.
You press <<28>> and receive 36 points.
You press <<22>> and receive 8 points.
You press <<28>> and receive 35 points.
You press <<28>> and receive 34 points.
You press <<28>> and receive 35 points.
You press <<28>> and receive 35 points.
You press <<28>> and receive 36 points.

Environment number 15:
The value of option 21 is 56. You have 5 choices to make in this environment.
You press <<21>> and receive 55 points.
You press <<21>> and receive 55 points.
You press <<21>> and receive 56 points.
You press <<21>> and receive 58 points.
You press <<21>> and receive 56 points.

Environment number 16:
The value of option 5 is 23. You have 5 choices to make in this environment.
You press <<14>> and receive 53 points.
You press <<14>> and receive 52 points.
You press <<14>> and receive 53 points.
You press <<",68
16,26,5,14,1,rough,5,5,23,52,"You will be presented with a series of 16 different environments to explore.
In each trial, you can select an option between numbers 1 and 30 by pressing the corresponding key.
By selecting any of these options, you will earn points associated with each unique option.
Imagine these options 1 through 30 as lying next to each other in an ordered line; options closer to each other tend to have similar rewards as rewards tend to cluster together.
For each environment, you will be able to make either 5 or 10 choices.
When you made all your choices in a given environment, you will start making choices in the next unexplored environment.
The rewards underlying the different options are different in each environment so you will learn them anew for each environment.
Each environment starts with the value of a single option revealed.
When you choose the number corresponding to a different option, you will be told the value of that option and receive those points.
Previously revealed options, including the starting option, can also be reselected, although there may be small changes in the point value.
It is your task to to learn where the largest reward is in each of the 16 environments.

Environment number 1:
The value of option 17 is 38. You have 10 choices to make in this environment.
You press <<13>> and receive 45 points.
You press <<9>> and receive 53 points.
You press <<6>> and receive 55 points.
You press <<4>> and receive 47 points.
You press <<2>> and receive 46 points.
You press <<23>> and receive 43 points.
You press <<24>> and receive 30 points.
You press <<22>> and receive 67 points.
You press <<21>> and receive 61 points.
You press <<20>> and receive 74 points.

Environment number 2:
The value of option 27 is 18. You have 5 choices to make in this environment.
You press <<13>> and receive 61 points.
You press <<13>> and receive 62 points.
You press <<14>> and receive 60 points.
You press <<15>> and receive 33 points.
You press <<12>> and receive 50 points.

Environment number 3:
The value of option 14 is 58. You have 10 choices to make in this environment.
You press <<14>> and receive 57 points.
You press <<8>> and receive 34 points.
You press <<5>> and receive 6 points.
You press <<25>> and receive 35 points.
You press <<20>> and receive 12 points.
You press <<14>> and receive 59 points.
You press <<14>> and receive 58 points.
You press <<14>> and receive 58 points.
You press <<14>> and receive 58 points.
You press <<14>> and receive 57 points.

Environment number 4:
The value of option 15 is 1. You have 10 choices to make in this environment.
You press <<5>> and receive 59 points.
You press <<6>> and receive 46 points.
You press <<3>> and receive 47 points.
You press <<5>> and receive 56 points.
You press <<23>> and receive 45 points.
You press <<21>> and receive 44 points.
You press <<25>> and receive 25 points.
You press <<15>> and receive 0 points.
You press <<5>> and receive 57 points.
You press <<5>> and receive 57 points.

Environment number 5:
The value of option 18 is 81. You have 10 choices to make in this environment.
You press <<18>> and receive 79 points.
You press <<17>> and receive 58 points.
You press <<19>> and receive 67 points.
You press <<18>> and receive 79 points.
You press <<18>> and receive 78 points.
You press <<18>> and receive 79 points.
You press <<18>> and receive 79 points.
You press <<18>> and receive 78 points.
You press <<18>> and receive 78 points.
You press <<18>> and receive 78 points.

Environment number 6:
The value of option 13 is 67. You have 5 choices to make in this environment.
You press <<13>> and receive 67 points.
You press <<12>> and receive 56 points.
You press <<13>> and receive 66 points.
You press <<13>> and receive 66 points.
You press <<13>> and receive 66 points.

Environment number 7:
The value of option 17 is 14. You have 5 choices to make in this environment.
You press <<9>> and receive 59 points.
You press <<9>> and receive 57 points.
You press <<9>> and receive 60 points.
You press <<9>> and receive 58 points.
You press <<9>> and receive 59 points.

Environment number 8:
The value of option 5 is 38. You have 10 choices to make in this environment.
You press <<3>> and receive 27 points.
You press <<8>> and receive 75 points.
You press <<8>> and receive 76 points.
You press <<8>> and receive 74 points.
You press <<8>> and receive 76 points.
You press <<8>> and receive 78 points.
You press <<8>> and receive 76 points.
You press <<8>> and receive 78 points.
You press <<8>> and receive 79 points.
You press <<8>> and receive 78 points.

Environment number 9:
The value of option 23 is 33. You have 10 choices to make in this environment.
You press <<23>> and receive 34 points.
You press <<15>> and receive 14 points.
You press <<5>> and receive 15 points.
You press <<2>> and receive 0 points.
You press <<28>> and receive 33 points.
You press <<22>> and receive 61 points.
You press <<22>> and receive 62 points.
You press <<22>> and receive 59 points.
You press <<22>> and receive 60 points.
You press <<22>> and receive 59 points.

Environment number 10:
The value of option 22 is 55. You have 5 choices to make in this environment.
You press <<22>> and receive 54 points.
You press <<22>> and receive 55 points.
You press <<22>> and receive 53 points.
You press <<22>> and receive 55 points.
You press <<22>> and receive 54 points.

Environment number 11:
The value of option 29 is 50. You have 5 choices to make in this environment.
You press <<25>> and receive 28 points.
You press <<19>> and receive 15 points.
You press <<14>> and receive 17 points.
You press <<8>> and receive 20 points.
You press <<4>> and receive 21 points.

Environment number 12:
The value of option 18 is 52. You have 5 choices to make in this environment.
You press <<18>> and receive 51 points.
You press <<18>> and receive 49 points.
You press <<18>> and receive 51 points.
You press <<18>> and receive 48 points.
You press <<18>> and receive 52 points.

Environment number 13:
The value of option 1 is 20. You have 10 choices to make in this environment.
You press <<9>> and receive 39 points.
You press <<18>> and receive 53 points.
You press <<18>> and receive 53 points.
You press <<18>> and receive 52 points.
You press <<18>> and receive 53 points.
You press <<18>> and receive 52 points.
You press <<18>> and receive 52 points.
You press <<18>> and receive 51 points.
You press <<18>> and receive 52 points.
You press <<18>> and receive 54 points.

Environment number 14:
The value of option 19 is 33. You have 10 choices to make in this environment.
You press <<14>> and receive 0 points.
You press <<7>> and receive 27 points.
You press <<2>> and receive 23 points.
You press <<28>> and receive 36 points.
You press <<22>> and receive 8 points.
You press <<28>> and receive 35 points.
You press <<28>> and receive 34 points.
You press <<28>> and receive 35 points.
You press <<28>> and receive 35 points.
You press <<28>> and receive 36 points.

Environment number 15:
The value of option 21 is 56. You have 5 choices to make in this environment.
You press <<21>> and receive 55 points.
You press <<21>> and receive 55 points.
You press <<21>> and receive 56 points.
You press <<21>> and receive 58 points.
You press <<21>> and receive 56 points.

Environment number 16:
The value of option 5 is 23. You have 5 choices to make in this environment.
You press <<14>> and receive 53 points.
You press <<14>> and receive 52 points.
You press <<14>> and receive 53 points.
You press <<14>> and receive 52 points.
You press <<",68
