env_idx,env_id,trial,choice,scenario,kernel,init_option,horizon,init_reward,reward,prompt,random_seed
1,13,1,16,1,rough,15,5,72,66,"You will be presented with a series of 16 different environments to explore.
In each trial, you can select an option between numbers 1 and 30 by pressing the corresponding key.
By selecting any of these options, you will earn points associated with each unique option.
Imagine these options 1 through 30 as lying next to each other in an ordered line; options closer to each other tend to have similar rewards as rewards tend to cluster together.
For each environment, you will be able to make either 5 or 10 choices.
When you made all your choices in a given environment, you will start making choices in the next unexplored environment.
The rewards underlying the different options are different in each environment so you will learn them anew for each environment.
Each environment starts with the value of a single option revealed.
When you choose the number corresponding to a different option, you will be told the value of that option and receive those points.
Previously revealed options, including the starting option, can also be reselected, although there may be small changes in the point value.
It is your task to to learn where the largest reward is in each of the 16 environments.

Environment number 1:
The value of option 15 is 72. You have 5 choices to make in this environment.
You press <<",78
1,13,2,14,1,rough,15,5,72,36,"You will be presented with a series of 16 different environments to explore.
In each trial, you can select an option between numbers 1 and 30 by pressing the corresponding key.
By selecting any of these options, you will earn points associated with each unique option.
Imagine these options 1 through 30 as lying next to each other in an ordered line; options closer to each other tend to have similar rewards as rewards tend to cluster together.
For each environment, you will be able to make either 5 or 10 choices.
When you made all your choices in a given environment, you will start making choices in the next unexplored environment.
The rewards underlying the different options are different in each environment so you will learn them anew for each environment.
Each environment starts with the value of a single option revealed.
When you choose the number corresponding to a different option, you will be told the value of that option and receive those points.
Previously revealed options, including the starting option, can also be reselected, although there may be small changes in the point value.
It is your task to to learn where the largest reward is in each of the 16 environments.

Environment number 1:
The value of option 15 is 72. You have 5 choices to make in this environment.
You press <<16>> and receive 66 points.
You press <<",78
1,13,3,13,1,rough,15,5,72,23,"You will be presented with a series of 16 different environments to explore.
In each trial, you can select an option between numbers 1 and 30 by pressing the corresponding key.
By selecting any of these options, you will earn points associated with each unique option.
Imagine these options 1 through 30 as lying next to each other in an ordered line; options closer to each other tend to have similar rewards as rewards tend to cluster together.
For each environment, you will be able to make either 5 or 10 choices.
When you made all your choices in a given environment, you will start making choices in the next unexplored environment.
The rewards underlying the different options are different in each environment so you will learn them anew for each environment.
Each environment starts with the value of a single option revealed.
When you choose the number corresponding to a different option, you will be told the value of that option and receive those points.
Previously revealed options, including the starting option, can also be reselected, although there may be small changes in the point value.
It is your task to to learn where the largest reward is in each of the 16 environments.

Environment number 1:
The value of option 15 is 72. You have 5 choices to make in this environment.
You press <<16>> and receive 66 points.
You press <<14>> and receive 36 points.
You press <<",78
1,13,4,8,1,rough,15,5,72,3,"You will be presented with a series of 16 different environments to explore.
In each trial, you can select an option between numbers 1 and 30 by pressing the corresponding key.
By selecting any of these options, you will earn points associated with each unique option.
Imagine these options 1 through 30 as lying next to each other in an ordered line; options closer to each other tend to have similar rewards as rewards tend to cluster together.
For each environment, you will be able to make either 5 or 10 choices.
When you made all your choices in a given environment, you will start making choices in the next unexplored environment.
The rewards underlying the different options are different in each environment so you will learn them anew for each environment.
Each environment starts with the value of a single option revealed.
When you choose the number corresponding to a different option, you will be told the value of that option and receive those points.
Previously revealed options, including the starting option, can also be reselected, although there may be small changes in the point value.
It is your task to to learn where the largest reward is in each of the 16 environments.

Environment number 1:
The value of option 15 is 72. You have 5 choices to make in this environment.
You press <<16>> and receive 66 points.
You press <<14>> and receive 36 points.
You press <<13>> and receive 23 points.
You press <<",78
1,13,5,22,1,rough,15,5,72,23,"You will be presented with a series of 16 different environments to explore.
In each trial, you can select an option between numbers 1 and 30 by pressing the corresponding key.
By selecting any of these options, you will earn points associated with each unique option.
Imagine these options 1 through 30 as lying next to each other in an ordered line; options closer to each other tend to have similar rewards as rewards tend to cluster together.
For each environment, you will be able to make either 5 or 10 choices.
When you made all your choices in a given environment, you will start making choices in the next unexplored environment.
The rewards underlying the different options are different in each environment so you will learn them anew for each environment.
Each environment starts with the value of a single option revealed.
When you choose the number corresponding to a different option, you will be told the value of that option and receive those points.
Previously revealed options, including the starting option, can also be reselected, although there may be small changes in the point value.
It is your task to to learn where the largest reward is in each of the 16 environments.

Environment number 1:
The value of option 15 is 72. You have 5 choices to make in this environment.
You press <<16>> and receive 66 points.
You press <<14>> and receive 36 points.
You press <<13>> and receive 23 points.
You press <<8>> and receive 3 points.
You press <<",78
2,7,1,10,1,rough,10,10,48,49,"You will be presented with a series of 16 different environments to explore.
In each trial, you can select an option between numbers 1 and 30 by pressing the corresponding key.
By selecting any of these options, you will earn points associated with each unique option.
Imagine these options 1 through 30 as lying next to each other in an ordered line; options closer to each other tend to have similar rewards as rewards tend to cluster together.
For each environment, you will be able to make either 5 or 10 choices.
When you made all your choices in a given environment, you will start making choices in the next unexplored environment.
The rewards underlying the different options are different in each environment so you will learn them anew for each environment.
Each environment starts with the value of a single option revealed.
When you choose the number corresponding to a different option, you will be told the value of that option and receive those points.
Previously revealed options, including the starting option, can also be reselected, although there may be small changes in the point value.
It is your task to to learn where the largest reward is in each of the 16 environments.

Environment number 1:
The value of option 15 is 72. You have 5 choices to make in this environment.
You press <<16>> and receive 66 points.
You press <<14>> and receive 36 points.
You press <<13>> and receive 23 points.
You press <<8>> and receive 3 points.
You press <<22>> and receive 23 points.

Environment number 2:
The value of option 10 is 48. You have 10 choices to make in this environment.
You press <<",78
2,7,2,9,1,rough,10,10,48,11,"You will be presented with a series of 16 different environments to explore.
In each trial, you can select an option between numbers 1 and 30 by pressing the corresponding key.
By selecting any of these options, you will earn points associated with each unique option.
Imagine these options 1 through 30 as lying next to each other in an ordered line; options closer to each other tend to have similar rewards as rewards tend to cluster together.
For each environment, you will be able to make either 5 or 10 choices.
When you made all your choices in a given environment, you will start making choices in the next unexplored environment.
The rewards underlying the different options are different in each environment so you will learn them anew for each environment.
Each environment starts with the value of a single option revealed.
When you choose the number corresponding to a different option, you will be told the value of that option and receive those points.
Previously revealed options, including the starting option, can also be reselected, although there may be small changes in the point value.
It is your task to to learn where the largest reward is in each of the 16 environments.

Environment number 1:
The value of option 15 is 72. You have 5 choices to make in this environment.
You press <<16>> and receive 66 points.
You press <<14>> and receive 36 points.
You press <<13>> and receive 23 points.
You press <<8>> and receive 3 points.
You press <<22>> and receive 23 points.

Environment number 2:
The value of option 10 is 48. You have 10 choices to make in this environment.
You press <<10>> and receive 49 points.
You press <<",78
2,7,3,11,1,rough,10,10,48,63,"You will be presented with a series of 16 different environments to explore.
In each trial, you can select an option between numbers 1 and 30 by pressing the corresponding key.
By selecting any of these options, you will earn points associated with each unique option.
Imagine these options 1 through 30 as lying next to each other in an ordered line; options closer to each other tend to have similar rewards as rewards tend to cluster together.
For each environment, you will be able to make either 5 or 10 choices.
When you made all your choices in a given environment, you will start making choices in the next unexplored environment.
The rewards underlying the different options are different in each environment so you will learn them anew for each environment.
Each environment starts with the value of a single option revealed.
When you choose the number corresponding to a different option, you will be told the value of that option and receive those points.
Previously revealed options, including the starting option, can also be reselected, although there may be small changes in the point value.
It is your task to to learn where the largest reward is in each of the 16 environments.

Environment number 1:
The value of option 15 is 72. You have 5 choices to make in this environment.
You press <<16>> and receive 66 points.
You press <<14>> and receive 36 points.
You press <<13>> and receive 23 points.
You press <<8>> and receive 3 points.
You press <<22>> and receive 23 points.

Environment number 2:
The value of option 10 is 48. You have 10 choices to make in this environment.
You press <<10>> and receive 49 points.
You press <<9>> and receive 11 points.
You press <<",78
2,7,4,12,1,rough,10,10,48,54,"You will be presented with a series of 16 different environments to explore.
In each trial, you can select an option between numbers 1 and 30 by pressing the corresponding key.
By selecting any of these options, you will earn points associated with each unique option.
Imagine these options 1 through 30 as lying next to each other in an ordered line; options closer to each other tend to have similar rewards as rewards tend to cluster together.
For each environment, you will be able to make either 5 or 10 choices.
When you made all your choices in a given environment, you will start making choices in the next unexplored environment.
The rewards underlying the different options are different in each environment so you will learn them anew for each environment.
Each environment starts with the value of a single option revealed.
When you choose the number corresponding to a different option, you will be told the value of that option and receive those points.
Previously revealed options, including the starting option, can also be reselected, although there may be small changes in the point value.
It is your task to to learn where the largest reward is in each of the 16 environments.

Environment number 1:
The value of option 15 is 72. You have 5 choices to make in this environment.
You press <<16>> and receive 66 points.
You press <<14>> and receive 36 points.
You press <<13>> and receive 23 points.
You press <<8>> and receive 3 points.
You press <<22>> and receive 23 points.

Environment number 2:
The value of option 10 is 48. You have 10 choices to make in this environment.
You press <<10>> and receive 49 points.
You press <<9>> and receive 11 points.
You press <<11>> and receive 63 points.
You press <<",78
2,7,5,13,1,rough,10,10,48,54,"You will be presented with a series of 16 different environments to explore.
In each trial, you can select an option between numbers 1 and 30 by pressing the corresponding key.
By selecting any of these options, you will earn points associated with each unique option.
Imagine these options 1 through 30 as lying next to each other in an ordered line; options closer to each other tend to have similar rewards as rewards tend to cluster together.
For each environment, you will be able to make either 5 or 10 choices.
When you made all your choices in a given environment, you will start making choices in the next unexplored environment.
The rewards underlying the different options are different in each environment so you will learn them anew for each environment.
Each environment starts with the value of a single option revealed.
When you choose the number corresponding to a different option, you will be told the value of that option and receive those points.
Previously revealed options, including the starting option, can also be reselected, although there may be small changes in the point value.
It is your task to to learn where the largest reward is in each of the 16 environments.

Environment number 1:
The value of option 15 is 72. You have 5 choices to make in this environment.
You press <<16>> and receive 66 points.
You press <<14>> and receive 36 points.
You press <<13>> and receive 23 points.
You press <<8>> and receive 3 points.
You press <<22>> and receive 23 points.

Environment number 2:
The value of option 10 is 48. You have 10 choices to make in this environment.
You press <<10>> and receive 49 points.
You press <<9>> and receive 11 points.
You press <<11>> and receive 63 points.
You press <<12>> and receive 54 points.
You press <<",78
2,7,6,14,1,rough,10,10,48,43,"You will be presented with a series of 16 different environments to explore.
In each trial, you can select an option between numbers 1 and 30 by pressing the corresponding key.
By selecting any of these options, you will earn points associated with each unique option.
Imagine these options 1 through 30 as lying next to each other in an ordered line; options closer to each other tend to have similar rewards as rewards tend to cluster together.
For each environment, you will be able to make either 5 or 10 choices.
When you made all your choices in a given environment, you will start making choices in the next unexplored environment.
The rewards underlying the different options are different in each environment so you will learn them anew for each environment.
Each environment starts with the value of a single option revealed.
When you choose the number corresponding to a different option, you will be told the value of that option and receive those points.
Previously revealed options, including the starting option, can also be reselected, although there may be small changes in the point value.
It is your task to to learn where the largest reward is in each of the 16 environments.

Environment number 1:
The value of option 15 is 72. You have 5 choices to make in this environment.
You press <<16>> and receive 66 points.
You press <<14>> and receive 36 points.
You press <<13>> and receive 23 points.
You press <<8>> and receive 3 points.
You press <<22>> and receive 23 points.

Environment number 2:
The value of option 10 is 48. You have 10 choices to make in this environment.
You press <<10>> and receive 49 points.
You press <<9>> and receive 11 points.
You press <<11>> and receive 63 points.
You press <<12>> and receive 54 points.
You press <<13>> and receive 54 points.
You press <<",78
2,7,7,15,1,rough,10,10,48,56,"You will be presented with a series of 16 different environments to explore.
In each trial, you can select an option between numbers 1 and 30 by pressing the corresponding key.
By selecting any of these options, you will earn points associated with each unique option.
Imagine these options 1 through 30 as lying next to each other in an ordered line; options closer to each other tend to have similar rewards as rewards tend to cluster together.
For each environment, you will be able to make either 5 or 10 choices.
When you made all your choices in a given environment, you will start making choices in the next unexplored environment.
The rewards underlying the different options are different in each environment so you will learn them anew for each environment.
Each environment starts with the value of a single option revealed.
When you choose the number corresponding to a different option, you will be told the value of that option and receive those points.
Previously revealed options, including the starting option, can also be reselected, although there may be small changes in the point value.
It is your task to to learn where the largest reward is in each of the 16 environments.

Environment number 1:
The value of option 15 is 72. You have 5 choices to make in this environment.
You press <<16>> and receive 66 points.
You press <<14>> and receive 36 points.
You press <<13>> and receive 23 points.
You press <<8>> and receive 3 points.
You press <<22>> and receive 23 points.

Environment number 2:
The value of option 10 is 48. You have 10 choices to make in this environment.
You press <<10>> and receive 49 points.
You press <<9>> and receive 11 points.
You press <<11>> and receive 63 points.
You press <<12>> and receive 54 points.
You press <<13>> and receive 54 points.
You press <<14>> and receive 43 points.
You press <<",78
2,7,8,16,1,rough,10,10,48,31,"You will be presented with a series of 16 different environments to explore.
In each trial, you can select an option between numbers 1 and 30 by pressing the corresponding key.
By selecting any of these options, you will earn points associated with each unique option.
Imagine these options 1 through 30 as lying next to each other in an ordered line; options closer to each other tend to have similar rewards as rewards tend to cluster together.
For each environment, you will be able to make either 5 or 10 choices.
When you made all your choices in a given environment, you will start making choices in the next unexplored environment.
The rewards underlying the different options are different in each environment so you will learn them anew for each environment.
Each environment starts with the value of a single option revealed.
When you choose the number corresponding to a different option, you will be told the value of that option and receive those points.
Previously revealed options, including the starting option, can also be reselected, although there may be small changes in the point value.
It is your task to to learn where the largest reward is in each of the 16 environments.

Environment number 1:
The value of option 15 is 72. You have 5 choices to make in this environment.
You press <<16>> and receive 66 points.
You press <<14>> and receive 36 points.
You press <<13>> and receive 23 points.
You press <<8>> and receive 3 points.
You press <<22>> and receive 23 points.

Environment number 2:
The value of option 10 is 48. You have 10 choices to make in this environment.
You press <<10>> and receive 49 points.
You press <<9>> and receive 11 points.
You press <<11>> and receive 63 points.
You press <<12>> and receive 54 points.
You press <<13>> and receive 54 points.
You press <<14>> and receive 43 points.
You press <<15>> and receive 56 points.
You press <<",78
2,7,9,17,1,rough,10,10,48,47,"You will be presented with a series of 16 different environments to explore.
In each trial, you can select an option between numbers 1 and 30 by pressing the corresponding key.
By selecting any of these options, you will earn points associated with each unique option.
Imagine these options 1 through 30 as lying next to each other in an ordered line; options closer to each other tend to have similar rewards as rewards tend to cluster together.
For each environment, you will be able to make either 5 or 10 choices.
When you made all your choices in a given environment, you will start making choices in the next unexplored environment.
The rewards underlying the different options are different in each environment so you will learn them anew for each environment.
Each environment starts with the value of a single option revealed.
When you choose the number corresponding to a different option, you will be told the value of that option and receive those points.
Previously revealed options, including the starting option, can also be reselected, although there may be small changes in the point value.
It is your task to to learn where the largest reward is in each of the 16 environments.

Environment number 1:
The value of option 15 is 72. You have 5 choices to make in this environment.
You press <<16>> and receive 66 points.
You press <<14>> and receive 36 points.
You press <<13>> and receive 23 points.
You press <<8>> and receive 3 points.
You press <<22>> and receive 23 points.

Environment number 2:
The value of option 10 is 48. You have 10 choices to make in this environment.
You press <<10>> and receive 49 points.
You press <<9>> and receive 11 points.
You press <<11>> and receive 63 points.
You press <<12>> and receive 54 points.
You press <<13>> and receive 54 points.
You press <<14>> and receive 43 points.
You press <<15>> and receive 56 points.
You press <<16>> and receive 31 points.
You press <<",78
2,7,10,18,1,rough,10,10,48,70,"You will be presented with a series of 16 different environments to explore.
In each trial, you can select an option between numbers 1 and 30 by pressing the corresponding key.
By selecting any of these options, you will earn points associated with each unique option.
Imagine these options 1 through 30 as lying next to each other in an ordered line; options closer to each other tend to have similar rewards as rewards tend to cluster together.
For each environment, you will be able to make either 5 or 10 choices.
When you made all your choices in a given environment, you will start making choices in the next unexplored environment.
The rewards underlying the different options are different in each environment so you will learn them anew for each environment.
Each environment starts with the value of a single option revealed.
When you choose the number corresponding to a different option, you will be told the value of that option and receive those points.
Previously revealed options, including the starting option, can also be reselected, although there may be small changes in the point value.
It is your task to to learn where the largest reward is in each of the 16 environments.

Environment number 1:
The value of option 15 is 72. You have 5 choices to make in this environment.
You press <<16>> and receive 66 points.
You press <<14>> and receive 36 points.
You press <<13>> and receive 23 points.
You press <<8>> and receive 3 points.
You press <<22>> and receive 23 points.

Environment number 2:
The value of option 10 is 48. You have 10 choices to make in this environment.
You press <<10>> and receive 49 points.
You press <<9>> and receive 11 points.
You press <<11>> and receive 63 points.
You press <<12>> and receive 54 points.
You press <<13>> and receive 54 points.
You press <<14>> and receive 43 points.
You press <<15>> and receive 56 points.
You press <<16>> and receive 31 points.
You press <<17>> and receive 47 points.
You press <<",78
3,20,1,4,1,rough,5,5,40,32,"You will be presented with a series of 16 different environments to explore.
In each trial, you can select an option between numbers 1 and 30 by pressing the corresponding key.
By selecting any of these options, you will earn points associated with each unique option.
Imagine these options 1 through 30 as lying next to each other in an ordered line; options closer to each other tend to have similar rewards as rewards tend to cluster together.
For each environment, you will be able to make either 5 or 10 choices.
When you made all your choices in a given environment, you will start making choices in the next unexplored environment.
The rewards underlying the different options are different in each environment so you will learn them anew for each environment.
Each environment starts with the value of a single option revealed.
When you choose the number corresponding to a different option, you will be told the value of that option and receive those points.
Previously revealed options, including the starting option, can also be reselected, although there may be small changes in the point value.
It is your task to to learn where the largest reward is in each of the 16 environments.

Environment number 1:
The value of option 15 is 72. You have 5 choices to make in this environment.
You press <<16>> and receive 66 points.
You press <<14>> and receive 36 points.
You press <<13>> and receive 23 points.
You press <<8>> and receive 3 points.
You press <<22>> and receive 23 points.

Environment number 2:
The value of option 10 is 48. You have 10 choices to make in this environment.
You press <<10>> and receive 49 points.
You press <<9>> and receive 11 points.
You press <<11>> and receive 63 points.
You press <<12>> and receive 54 points.
You press <<13>> and receive 54 points.
You press <<14>> and receive 43 points.
You press <<15>> and receive 56 points.
You press <<16>> and receive 31 points.
You press <<17>> and receive 47 points.
You press <<18>> and receive 70 points.

Environment number 3:
The value of option 5 is 40. You have 5 choices to make in this environment.
You press <<",78
3,20,2,6,1,rough,5,5,40,33,"You will be presented with a series of 16 different environments to explore.
In each trial, you can select an option between numbers 1 and 30 by pressing the corresponding key.
By selecting any of these options, you will earn points associated with each unique option.
Imagine these options 1 through 30 as lying next to each other in an ordered line; options closer to each other tend to have similar rewards as rewards tend to cluster together.
For each environment, you will be able to make either 5 or 10 choices.
When you made all your choices in a given environment, you will start making choices in the next unexplored environment.
The rewards underlying the different options are different in each environment so you will learn them anew for each environment.
Each environment starts with the value of a single option revealed.
When you choose the number corresponding to a different option, you will be told the value of that option and receive those points.
Previously revealed options, including the starting option, can also be reselected, although there may be small changes in the point value.
It is your task to to learn where the largest reward is in each of the 16 environments.

Environment number 1:
The value of option 15 is 72. You have 5 choices to make in this environment.
You press <<16>> and receive 66 points.
You press <<14>> and receive 36 points.
You press <<13>> and receive 23 points.
You press <<8>> and receive 3 points.
You press <<22>> and receive 23 points.

Environment number 2:
The value of option 10 is 48. You have 10 choices to make in this environment.
You press <<10>> and receive 49 points.
You press <<9>> and receive 11 points.
You press <<11>> and receive 63 points.
You press <<12>> and receive 54 points.
You press <<13>> and receive 54 points.
You press <<14>> and receive 43 points.
You press <<15>> and receive 56 points.
You press <<16>> and receive 31 points.
You press <<17>> and receive 47 points.
You press <<18>> and receive 70 points.

Environment number 3:
The value of option 5 is 40. You have 5 choices to make in this environment.
You press <<4>> and receive 32 points.
You press <<",78
3,20,3,7,1,rough,5,5,40,21,"You will be presented with a series of 16 different environments to explore.
In each trial, you can select an option between numbers 1 and 30 by pressing the corresponding key.
By selecting any of these options, you will earn points associated with each unique option.
Imagine these options 1 through 30 as lying next to each other in an ordered line; options closer to each other tend to have similar rewards as rewards tend to cluster together.
For each environment, you will be able to make either 5 or 10 choices.
When you made all your choices in a given environment, you will start making choices in the next unexplored environment.
The rewards underlying the different options are different in each environment so you will learn them anew for each environment.
Each environment starts with the value of a single option revealed.
When you choose the number corresponding to a different option, you will be told the value of that option and receive those points.
Previously revealed options, including the starting option, can also be reselected, although there may be small changes in the point value.
It is your task to to learn where the largest reward is in each of the 16 environments.

Environment number 1:
The value of option 15 is 72. You have 5 choices to make in this environment.
You press <<16>> and receive 66 points.
You press <<14>> and receive 36 points.
You press <<13>> and receive 23 points.
You press <<8>> and receive 3 points.
You press <<22>> and receive 23 points.

Environment number 2:
The value of option 10 is 48. You have 10 choices to make in this environment.
You press <<10>> and receive 49 points.
You press <<9>> and receive 11 points.
You press <<11>> and receive 63 points.
You press <<12>> and receive 54 points.
You press <<13>> and receive 54 points.
You press <<14>> and receive 43 points.
You press <<15>> and receive 56 points.
You press <<16>> and receive 31 points.
You press <<17>> and receive 47 points.
You press <<18>> and receive 70 points.

Environment number 3:
The value of option 5 is 40. You have 5 choices to make in this environment.
You press <<4>> and receive 32 points.
You press <<6>> and receive 33 points.
You press <<",78
3,20,4,8,1,rough,5,5,40,41,"You will be presented with a series of 16 different environments to explore.
In each trial, you can select an option between numbers 1 and 30 by pressing the corresponding key.
By selecting any of these options, you will earn points associated with each unique option.
Imagine these options 1 through 30 as lying next to each other in an ordered line; options closer to each other tend to have similar rewards as rewards tend to cluster together.
For each environment, you will be able to make either 5 or 10 choices.
When you made all your choices in a given environment, you will start making choices in the next unexplored environment.
The rewards underlying the different options are different in each environment so you will learn them anew for each environment.
Each environment starts with the value of a single option revealed.
When you choose the number corresponding to a different option, you will be told the value of that option and receive those points.
Previously revealed options, including the starting option, can also be reselected, although there may be small changes in the point value.
It is your task to to learn where the largest reward is in each of the 16 environments.

Environment number 1:
The value of option 15 is 72. You have 5 choices to make in this environment.
You press <<16>> and receive 66 points.
You press <<14>> and receive 36 points.
You press <<13>> and receive 23 points.
You press <<8>> and receive 3 points.
You press <<22>> and receive 23 points.

Environment number 2:
The value of option 10 is 48. You have 10 choices to make in this environment.
You press <<10>> and receive 49 points.
You press <<9>> and receive 11 points.
You press <<11>> and receive 63 points.
You press <<12>> and receive 54 points.
You press <<13>> and receive 54 points.
You press <<14>> and receive 43 points.
You press <<15>> and receive 56 points.
You press <<16>> and receive 31 points.
You press <<17>> and receive 47 points.
You press <<18>> and receive 70 points.

Environment number 3:
The value of option 5 is 40. You have 5 choices to make in this environment.
You press <<4>> and receive 32 points.
You press <<6>> and receive 33 points.
You press <<7>> and receive 21 points.
You press <<",78
3,20,5,9,1,rough,5,5,40,42,"You will be presented with a series of 16 different environments to explore.
In each trial, you can select an option between numbers 1 and 30 by pressing the corresponding key.
By selecting any of these options, you will earn points associated with each unique option.
Imagine these options 1 through 30 as lying next to each other in an ordered line; options closer to each other tend to have similar rewards as rewards tend to cluster together.
For each environment, you will be able to make either 5 or 10 choices.
When you made all your choices in a given environment, you will start making choices in the next unexplored environment.
The rewards underlying the different options are different in each environment so you will learn them anew for each environment.
Each environment starts with the value of a single option revealed.
When you choose the number corresponding to a different option, you will be told the value of that option and receive those points.
Previously revealed options, including the starting option, can also be reselected, although there may be small changes in the point value.
It is your task to to learn where the largest reward is in each of the 16 environments.

Environment number 1:
The value of option 15 is 72. You have 5 choices to make in this environment.
You press <<16>> and receive 66 points.
You press <<14>> and receive 36 points.
You press <<13>> and receive 23 points.
You press <<8>> and receive 3 points.
You press <<22>> and receive 23 points.

Environment number 2:
The value of option 10 is 48. You have 10 choices to make in this environment.
You press <<10>> and receive 49 points.
You press <<9>> and receive 11 points.
You press <<11>> and receive 63 points.
You press <<12>> and receive 54 points.
You press <<13>> and receive 54 points.
You press <<14>> and receive 43 points.
You press <<15>> and receive 56 points.
You press <<16>> and receive 31 points.
You press <<17>> and receive 47 points.
You press <<18>> and receive 70 points.

Environment number 3:
The value of option 5 is 40. You have 5 choices to make in this environment.
You press <<4>> and receive 32 points.
You press <<6>> and receive 33 points.
You press <<7>> and receive 21 points.
You press <<8>> and receive 41 points.
You press <<",78
4,17,1,19,1,rough,20,5,35,34,"You will be presented with a series of 16 different environments to explore.
In each trial, you can select an option between numbers 1 and 30 by pressing the corresponding key.
By selecting any of these options, you will earn points associated with each unique option.
Imagine these options 1 through 30 as lying next to each other in an ordered line; options closer to each other tend to have similar rewards as rewards tend to cluster together.
For each environment, you will be able to make either 5 or 10 choices.
When you made all your choices in a given environment, you will start making choices in the next unexplored environment.
The rewards underlying the different options are different in each environment so you will learn them anew for each environment.
Each environment starts with the value of a single option revealed.
When you choose the number corresponding to a different option, you will be told the value of that option and receive those points.
Previously revealed options, including the starting option, can also be reselected, although there may be small changes in the point value.
It is your task to to learn where the largest reward is in each of the 16 environments.

Environment number 1:
The value of option 15 is 72. You have 5 choices to make in this environment.
You press <<16>> and receive 66 points.
You press <<14>> and receive 36 points.
You press <<13>> and receive 23 points.
You press <<8>> and receive 3 points.
You press <<22>> and receive 23 points.

Environment number 2:
The value of option 10 is 48. You have 10 choices to make in this environment.
You press <<10>> and receive 49 points.
You press <<9>> and receive 11 points.
You press <<11>> and receive 63 points.
You press <<12>> and receive 54 points.
You press <<13>> and receive 54 points.
You press <<14>> and receive 43 points.
You press <<15>> and receive 56 points.
You press <<16>> and receive 31 points.
You press <<17>> and receive 47 points.
You press <<18>> and receive 70 points.

Environment number 3:
The value of option 5 is 40. You have 5 choices to make in this environment.
You press <<4>> and receive 32 points.
You press <<6>> and receive 33 points.
You press <<7>> and receive 21 points.
You press <<8>> and receive 41 points.
You press <<9>> and receive 42 points.

Environment number 4:
The value of option 20 is 35. You have 5 choices to make in this environment.
You press <<",78
4,17,2,21,1,rough,20,5,35,54,"You will be presented with a series of 16 different environments to explore.
In each trial, you can select an option between numbers 1 and 30 by pressing the corresponding key.
By selecting any of these options, you will earn points associated with each unique option.
Imagine these options 1 through 30 as lying next to each other in an ordered line; options closer to each other tend to have similar rewards as rewards tend to cluster together.
For each environment, you will be able to make either 5 or 10 choices.
When you made all your choices in a given environment, you will start making choices in the next unexplored environment.
The rewards underlying the different options are different in each environment so you will learn them anew for each environment.
Each environment starts with the value of a single option revealed.
When you choose the number corresponding to a different option, you will be told the value of that option and receive those points.
Previously revealed options, including the starting option, can also be reselected, although there may be small changes in the point value.
It is your task to to learn where the largest reward is in each of the 16 environments.

Environment number 1:
The value of option 15 is 72. You have 5 choices to make in this environment.
You press <<16>> and receive 66 points.
You press <<14>> and receive 36 points.
You press <<13>> and receive 23 points.
You press <<8>> and receive 3 points.
You press <<22>> and receive 23 points.

Environment number 2:
The value of option 10 is 48. You have 10 choices to make in this environment.
You press <<10>> and receive 49 points.
You press <<9>> and receive 11 points.
You press <<11>> and receive 63 points.
You press <<12>> and receive 54 points.
You press <<13>> and receive 54 points.
You press <<14>> and receive 43 points.
You press <<15>> and receive 56 points.
You press <<16>> and receive 31 points.
You press <<17>> and receive 47 points.
You press <<18>> and receive 70 points.

Environment number 3:
The value of option 5 is 40. You have 5 choices to make in this environment.
You press <<4>> and receive 32 points.
You press <<6>> and receive 33 points.
You press <<7>> and receive 21 points.
You press <<8>> and receive 41 points.
You press <<9>> and receive 42 points.

Environment number 4:
The value of option 20 is 35. You have 5 choices to make in this environment.
You press <<19>> and receive 34 points.
You press <<",78
4,17,3,22,1,rough,20,5,35,74,"You will be presented with a series of 16 different environments to explore.
In each trial, you can select an option between numbers 1 and 30 by pressing the corresponding key.
By selecting any of these options, you will earn points associated with each unique option.
Imagine these options 1 through 30 as lying next to each other in an ordered line; options closer to each other tend to have similar rewards as rewards tend to cluster together.
For each environment, you will be able to make either 5 or 10 choices.
When you made all your choices in a given environment, you will start making choices in the next unexplored environment.
The rewards underlying the different options are different in each environment so you will learn them anew for each environment.
Each environment starts with the value of a single option revealed.
When you choose the number corresponding to a different option, you will be told the value of that option and receive those points.
Previously revealed options, including the starting option, can also be reselected, although there may be small changes in the point value.
It is your task to to learn where the largest reward is in each of the 16 environments.

Environment number 1:
The value of option 15 is 72. You have 5 choices to make in this environment.
You press <<16>> and receive 66 points.
You press <<14>> and receive 36 points.
You press <<13>> and receive 23 points.
You press <<8>> and receive 3 points.
You press <<22>> and receive 23 points.

Environment number 2:
The value of option 10 is 48. You have 10 choices to make in this environment.
You press <<10>> and receive 49 points.
You press <<9>> and receive 11 points.
You press <<11>> and receive 63 points.
You press <<12>> and receive 54 points.
You press <<13>> and receive 54 points.
You press <<14>> and receive 43 points.
You press <<15>> and receive 56 points.
You press <<16>> and receive 31 points.
You press <<17>> and receive 47 points.
You press <<18>> and receive 70 points.

Environment number 3:
The value of option 5 is 40. You have 5 choices to make in this environment.
You press <<4>> and receive 32 points.
You press <<6>> and receive 33 points.
You press <<7>> and receive 21 points.
You press <<8>> and receive 41 points.
You press <<9>> and receive 42 points.

Environment number 4:
The value of option 20 is 35. You have 5 choices to make in this environment.
You press <<19>> and receive 34 points.
You press <<21>> and receive 54 points.
You press <<",78
4,17,4,23,1,rough,20,5,35,72,"You will be presented with a series of 16 different environments to explore.
In each trial, you can select an option between numbers 1 and 30 by pressing the corresponding key.
By selecting any of these options, you will earn points associated with each unique option.
Imagine these options 1 through 30 as lying next to each other in an ordered line; options closer to each other tend to have similar rewards as rewards tend to cluster together.
For each environment, you will be able to make either 5 or 10 choices.
When you made all your choices in a given environment, you will start making choices in the next unexplored environment.
The rewards underlying the different options are different in each environment so you will learn them anew for each environment.
Each environment starts with the value of a single option revealed.
When you choose the number corresponding to a different option, you will be told the value of that option and receive those points.
Previously revealed options, including the starting option, can also be reselected, although there may be small changes in the point value.
It is your task to to learn where the largest reward is in each of the 16 environments.

Environment number 1:
The value of option 15 is 72. You have 5 choices to make in this environment.
You press <<16>> and receive 66 points.
You press <<14>> and receive 36 points.
You press <<13>> and receive 23 points.
You press <<8>> and receive 3 points.
You press <<22>> and receive 23 points.

Environment number 2:
The value of option 10 is 48. You have 10 choices to make in this environment.
You press <<10>> and receive 49 points.
You press <<9>> and receive 11 points.
You press <<11>> and receive 63 points.
You press <<12>> and receive 54 points.
You press <<13>> and receive 54 points.
You press <<14>> and receive 43 points.
You press <<15>> and receive 56 points.
You press <<16>> and receive 31 points.
You press <<17>> and receive 47 points.
You press <<18>> and receive 70 points.

Environment number 3:
The value of option 5 is 40. You have 5 choices to make in this environment.
You press <<4>> and receive 32 points.
You press <<6>> and receive 33 points.
You press <<7>> and receive 21 points.
You press <<8>> and receive 41 points.
You press <<9>> and receive 42 points.

Environment number 4:
The value of option 20 is 35. You have 5 choices to make in this environment.
You press <<19>> and receive 34 points.
You press <<21>> and receive 54 points.
You press <<22>> and receive 74 points.
You press <<",78
4,17,5,24,1,rough,20,5,35,75,"You will be presented with a series of 16 different environments to explore.
In each trial, you can select an option between numbers 1 and 30 by pressing the corresponding key.
By selecting any of these options, you will earn points associated with each unique option.
Imagine these options 1 through 30 as lying next to each other in an ordered line; options closer to each other tend to have similar rewards as rewards tend to cluster together.
For each environment, you will be able to make either 5 or 10 choices.
When you made all your choices in a given environment, you will start making choices in the next unexplored environment.
The rewards underlying the different options are different in each environment so you will learn them anew for each environment.
Each environment starts with the value of a single option revealed.
When you choose the number corresponding to a different option, you will be told the value of that option and receive those points.
Previously revealed options, including the starting option, can also be reselected, although there may be small changes in the point value.
It is your task to to learn where the largest reward is in each of the 16 environments.

Environment number 1:
The value of option 15 is 72. You have 5 choices to make in this environment.
You press <<16>> and receive 66 points.
You press <<14>> and receive 36 points.
You press <<13>> and receive 23 points.
You press <<8>> and receive 3 points.
You press <<22>> and receive 23 points.

Environment number 2:
The value of option 10 is 48. You have 10 choices to make in this environment.
You press <<10>> and receive 49 points.
You press <<9>> and receive 11 points.
You press <<11>> and receive 63 points.
You press <<12>> and receive 54 points.
You press <<13>> and receive 54 points.
You press <<14>> and receive 43 points.
You press <<15>> and receive 56 points.
You press <<16>> and receive 31 points.
You press <<17>> and receive 47 points.
You press <<18>> and receive 70 points.

Environment number 3:
The value of option 5 is 40. You have 5 choices to make in this environment.
You press <<4>> and receive 32 points.
You press <<6>> and receive 33 points.
You press <<7>> and receive 21 points.
You press <<8>> and receive 41 points.
You press <<9>> and receive 42 points.

Environment number 4:
The value of option 20 is 35. You have 5 choices to make in this environment.
You press <<19>> and receive 34 points.
You press <<21>> and receive 54 points.
You press <<22>> and receive 74 points.
You press <<23>> and receive 72 points.
You press <<",78
5,28,1,22,1,rough,21,5,23,13,"You will be presented with a series of 16 different environments to explore.
In each trial, you can select an option between numbers 1 and 30 by pressing the corresponding key.
By selecting any of these options, you will earn points associated with each unique option.
Imagine these options 1 through 30 as lying next to each other in an ordered line; options closer to each other tend to have similar rewards as rewards tend to cluster together.
For each environment, you will be able to make either 5 or 10 choices.
When you made all your choices in a given environment, you will start making choices in the next unexplored environment.
The rewards underlying the different options are different in each environment so you will learn them anew for each environment.
Each environment starts with the value of a single option revealed.
When you choose the number corresponding to a different option, you will be told the value of that option and receive those points.
Previously revealed options, including the starting option, can also be reselected, although there may be small changes in the point value.
It is your task to to learn where the largest reward is in each of the 16 environments.

Environment number 1:
The value of option 15 is 72. You have 5 choices to make in this environment.
You press <<16>> and receive 66 points.
You press <<14>> and receive 36 points.
You press <<13>> and receive 23 points.
You press <<8>> and receive 3 points.
You press <<22>> and receive 23 points.

Environment number 2:
The value of option 10 is 48. You have 10 choices to make in this environment.
You press <<10>> and receive 49 points.
You press <<9>> and receive 11 points.
You press <<11>> and receive 63 points.
You press <<12>> and receive 54 points.
You press <<13>> and receive 54 points.
You press <<14>> and receive 43 points.
You press <<15>> and receive 56 points.
You press <<16>> and receive 31 points.
You press <<17>> and receive 47 points.
You press <<18>> and receive 70 points.

Environment number 3:
The value of option 5 is 40. You have 5 choices to make in this environment.
You press <<4>> and receive 32 points.
You press <<6>> and receive 33 points.
You press <<7>> and receive 21 points.
You press <<8>> and receive 41 points.
You press <<9>> and receive 42 points.

Environment number 4:
The value of option 20 is 35. You have 5 choices to make in this environment.
You press <<19>> and receive 34 points.
You press <<21>> and receive 54 points.
You press <<22>> and receive 74 points.
You press <<23>> and receive 72 points.
You press <<24>> and receive 75 points.

Environment number 5:
The value of option 21 is 23. You have 5 choices to make in this environment.
You press <<",78
5,28,2,20,1,rough,21,5,23,63,"You will be presented with a series of 16 different environments to explore.
In each trial, you can select an option between numbers 1 and 30 by pressing the corresponding key.
By selecting any of these options, you will earn points associated with each unique option.
Imagine these options 1 through 30 as lying next to each other in an ordered line; options closer to each other tend to have similar rewards as rewards tend to cluster together.
For each environment, you will be able to make either 5 or 10 choices.
When you made all your choices in a given environment, you will start making choices in the next unexplored environment.
The rewards underlying the different options are different in each environment so you will learn them anew for each environment.
Each environment starts with the value of a single option revealed.
When you choose the number corresponding to a different option, you will be told the value of that option and receive those points.
Previously revealed options, including the starting option, can also be reselected, although there may be small changes in the point value.
It is your task to to learn where the largest reward is in each of the 16 environments.

Environment number 1:
The value of option 15 is 72. You have 5 choices to make in this environment.
You press <<16>> and receive 66 points.
You press <<14>> and receive 36 points.
You press <<13>> and receive 23 points.
You press <<8>> and receive 3 points.
You press <<22>> and receive 23 points.

Environment number 2:
The value of option 10 is 48. You have 10 choices to make in this environment.
You press <<10>> and receive 49 points.
You press <<9>> and receive 11 points.
You press <<11>> and receive 63 points.
You press <<12>> and receive 54 points.
You press <<13>> and receive 54 points.
You press <<14>> and receive 43 points.
You press <<15>> and receive 56 points.
You press <<16>> and receive 31 points.
You press <<17>> and receive 47 points.
You press <<18>> and receive 70 points.

Environment number 3:
The value of option 5 is 40. You have 5 choices to make in this environment.
You press <<4>> and receive 32 points.
You press <<6>> and receive 33 points.
You press <<7>> and receive 21 points.
You press <<8>> and receive 41 points.
You press <<9>> and receive 42 points.

Environment number 4:
The value of option 20 is 35. You have 5 choices to make in this environment.
You press <<19>> and receive 34 points.
You press <<21>> and receive 54 points.
You press <<22>> and receive 74 points.
You press <<23>> and receive 72 points.
You press <<24>> and receive 75 points.

Environment number 5:
The value of option 21 is 23. You have 5 choices to make in this environment.
You press <<22>> and receive 13 points.
You press <<",78
5,28,3,19,1,rough,21,5,23,64,"You will be presented with a series of 16 different environments to explore.
In each trial, you can select an option between numbers 1 and 30 by pressing the corresponding key.
By selecting any of these options, you will earn points associated with each unique option.
Imagine these options 1 through 30 as lying next to each other in an ordered line; options closer to each other tend to have similar rewards as rewards tend to cluster together.
For each environment, you will be able to make either 5 or 10 choices.
When you made all your choices in a given environment, you will start making choices in the next unexplored environment.
The rewards underlying the different options are different in each environment so you will learn them anew for each environment.
Each environment starts with the value of a single option revealed.
When you choose the number corresponding to a different option, you will be told the value of that option and receive those points.
Previously revealed options, including the starting option, can also be reselected, although there may be small changes in the point value.
It is your task to to learn where the largest reward is in each of the 16 environments.

Environment number 1:
The value of option 15 is 72. You have 5 choices to make in this environment.
You press <<16>> and receive 66 points.
You press <<14>> and receive 36 points.
You press <<13>> and receive 23 points.
You press <<8>> and receive 3 points.
You press <<22>> and receive 23 points.

Environment number 2:
The value of option 10 is 48. You have 10 choices to make in this environment.
You press <<10>> and receive 49 points.
You press <<9>> and receive 11 points.
You press <<11>> and receive 63 points.
You press <<12>> and receive 54 points.
You press <<13>> and receive 54 points.
You press <<14>> and receive 43 points.
You press <<15>> and receive 56 points.
You press <<16>> and receive 31 points.
You press <<17>> and receive 47 points.
You press <<18>> and receive 70 points.

Environment number 3:
The value of option 5 is 40. You have 5 choices to make in this environment.
You press <<4>> and receive 32 points.
You press <<6>> and receive 33 points.
You press <<7>> and receive 21 points.
You press <<8>> and receive 41 points.
You press <<9>> and receive 42 points.

Environment number 4:
The value of option 20 is 35. You have 5 choices to make in this environment.
You press <<19>> and receive 34 points.
You press <<21>> and receive 54 points.
You press <<22>> and receive 74 points.
You press <<23>> and receive 72 points.
You press <<24>> and receive 75 points.

Environment number 5:
The value of option 21 is 23. You have 5 choices to make in this environment.
You press <<22>> and receive 13 points.
You press <<20>> and receive 63 points.
You press <<",78
5,28,4,18,1,rough,21,5,23,77,"You will be presented with a series of 16 different environments to explore.
In each trial, you can select an option between numbers 1 and 30 by pressing the corresponding key.
By selecting any of these options, you will earn points associated with each unique option.
Imagine these options 1 through 30 as lying next to each other in an ordered line; options closer to each other tend to have similar rewards as rewards tend to cluster together.
For each environment, you will be able to make either 5 or 10 choices.
When you made all your choices in a given environment, you will start making choices in the next unexplored environment.
The rewards underlying the different options are different in each environment so you will learn them anew for each environment.
Each environment starts with the value of a single option revealed.
When you choose the number corresponding to a different option, you will be told the value of that option and receive those points.
Previously revealed options, including the starting option, can also be reselected, although there may be small changes in the point value.
It is your task to to learn where the largest reward is in each of the 16 environments.

Environment number 1:
The value of option 15 is 72. You have 5 choices to make in this environment.
You press <<16>> and receive 66 points.
You press <<14>> and receive 36 points.
You press <<13>> and receive 23 points.
You press <<8>> and receive 3 points.
You press <<22>> and receive 23 points.

Environment number 2:
The value of option 10 is 48. You have 10 choices to make in this environment.
You press <<10>> and receive 49 points.
You press <<9>> and receive 11 points.
You press <<11>> and receive 63 points.
You press <<12>> and receive 54 points.
You press <<13>> and receive 54 points.
You press <<14>> and receive 43 points.
You press <<15>> and receive 56 points.
You press <<16>> and receive 31 points.
You press <<17>> and receive 47 points.
You press <<18>> and receive 70 points.

Environment number 3:
The value of option 5 is 40. You have 5 choices to make in this environment.
You press <<4>> and receive 32 points.
You press <<6>> and receive 33 points.
You press <<7>> and receive 21 points.
You press <<8>> and receive 41 points.
You press <<9>> and receive 42 points.

Environment number 4:
The value of option 20 is 35. You have 5 choices to make in this environment.
You press <<19>> and receive 34 points.
You press <<21>> and receive 54 points.
You press <<22>> and receive 74 points.
You press <<23>> and receive 72 points.
You press <<24>> and receive 75 points.

Environment number 5:
The value of option 21 is 23. You have 5 choices to make in this environment.
You press <<22>> and receive 13 points.
You press <<20>> and receive 63 points.
You press <<19>> and receive 64 points.
You press <<",78
5,28,5,17,1,rough,21,5,23,59,"You will be presented with a series of 16 different environments to explore.
In each trial, you can select an option between numbers 1 and 30 by pressing the corresponding key.
By selecting any of these options, you will earn points associated with each unique option.
Imagine these options 1 through 30 as lying next to each other in an ordered line; options closer to each other tend to have similar rewards as rewards tend to cluster together.
For each environment, you will be able to make either 5 or 10 choices.
When you made all your choices in a given environment, you will start making choices in the next unexplored environment.
The rewards underlying the different options are different in each environment so you will learn them anew for each environment.
Each environment starts with the value of a single option revealed.
When you choose the number corresponding to a different option, you will be told the value of that option and receive those points.
Previously revealed options, including the starting option, can also be reselected, although there may be small changes in the point value.
It is your task to to learn where the largest reward is in each of the 16 environments.

Environment number 1:
The value of option 15 is 72. You have 5 choices to make in this environment.
You press <<16>> and receive 66 points.
You press <<14>> and receive 36 points.
You press <<13>> and receive 23 points.
You press <<8>> and receive 3 points.
You press <<22>> and receive 23 points.

Environment number 2:
The value of option 10 is 48. You have 10 choices to make in this environment.
You press <<10>> and receive 49 points.
You press <<9>> and receive 11 points.
You press <<11>> and receive 63 points.
You press <<12>> and receive 54 points.
You press <<13>> and receive 54 points.
You press <<14>> and receive 43 points.
You press <<15>> and receive 56 points.
You press <<16>> and receive 31 points.
You press <<17>> and receive 47 points.
You press <<18>> and receive 70 points.

Environment number 3:
The value of option 5 is 40. You have 5 choices to make in this environment.
You press <<4>> and receive 32 points.
You press <<6>> and receive 33 points.
You press <<7>> and receive 21 points.
You press <<8>> and receive 41 points.
You press <<9>> and receive 42 points.

Environment number 4:
The value of option 20 is 35. You have 5 choices to make in this environment.
You press <<19>> and receive 34 points.
You press <<21>> and receive 54 points.
You press <<22>> and receive 74 points.
You press <<23>> and receive 72 points.
You press <<24>> and receive 75 points.

Environment number 5:
The value of option 21 is 23. You have 5 choices to make in this environment.
You press <<22>> and receive 13 points.
You press <<20>> and receive 63 points.
You press <<19>> and receive 64 points.
You press <<18>> and receive 77 points.
You press <<",78
6,3,1,27,1,rough,28,5,39,35,"You will be presented with a series of 16 different environments to explore.
In each trial, you can select an option between numbers 1 and 30 by pressing the corresponding key.
By selecting any of these options, you will earn points associated with each unique option.
Imagine these options 1 through 30 as lying next to each other in an ordered line; options closer to each other tend to have similar rewards as rewards tend to cluster together.
For each environment, you will be able to make either 5 or 10 choices.
When you made all your choices in a given environment, you will start making choices in the next unexplored environment.
The rewards underlying the different options are different in each environment so you will learn them anew for each environment.
Each environment starts with the value of a single option revealed.
When you choose the number corresponding to a different option, you will be told the value of that option and receive those points.
Previously revealed options, including the starting option, can also be reselected, although there may be small changes in the point value.
It is your task to to learn where the largest reward is in each of the 16 environments.

Environment number 1:
The value of option 15 is 72. You have 5 choices to make in this environment.
You press <<16>> and receive 66 points.
You press <<14>> and receive 36 points.
You press <<13>> and receive 23 points.
You press <<8>> and receive 3 points.
You press <<22>> and receive 23 points.

Environment number 2:
The value of option 10 is 48. You have 10 choices to make in this environment.
You press <<10>> and receive 49 points.
You press <<9>> and receive 11 points.
You press <<11>> and receive 63 points.
You press <<12>> and receive 54 points.
You press <<13>> and receive 54 points.
You press <<14>> and receive 43 points.
You press <<15>> and receive 56 points.
You press <<16>> and receive 31 points.
You press <<17>> and receive 47 points.
You press <<18>> and receive 70 points.

Environment number 3:
The value of option 5 is 40. You have 5 choices to make in this environment.
You press <<4>> and receive 32 points.
You press <<6>> and receive 33 points.
You press <<7>> and receive 21 points.
You press <<8>> and receive 41 points.
You press <<9>> and receive 42 points.

Environment number 4:
The value of option 20 is 35. You have 5 choices to make in this environment.
You press <<19>> and receive 34 points.
You press <<21>> and receive 54 points.
You press <<22>> and receive 74 points.
You press <<23>> and receive 72 points.
You press <<24>> and receive 75 points.

Environment number 5:
The value of option 21 is 23. You have 5 choices to make in this environment.
You press <<22>> and receive 13 points.
You press <<20>> and receive 63 points.
You press <<19>> and receive 64 points.
You press <<18>> and receive 77 points.
You press <<17>> and receive 59 points.

Environment number 6:
The value of option 28 is 39. You have 5 choices to make in this environment.
You press <<",78
6,3,2,26,1,rough,28,5,39,49,"You will be presented with a series of 16 different environments to explore.
In each trial, you can select an option between numbers 1 and 30 by pressing the corresponding key.
By selecting any of these options, you will earn points associated with each unique option.
Imagine these options 1 through 30 as lying next to each other in an ordered line; options closer to each other tend to have similar rewards as rewards tend to cluster together.
For each environment, you will be able to make either 5 or 10 choices.
When you made all your choices in a given environment, you will start making choices in the next unexplored environment.
The rewards underlying the different options are different in each environment so you will learn them anew for each environment.
Each environment starts with the value of a single option revealed.
When you choose the number corresponding to a different option, you will be told the value of that option and receive those points.
Previously revealed options, including the starting option, can also be reselected, although there may be small changes in the point value.
It is your task to to learn where the largest reward is in each of the 16 environments.

Environment number 1:
The value of option 15 is 72. You have 5 choices to make in this environment.
You press <<16>> and receive 66 points.
You press <<14>> and receive 36 points.
You press <<13>> and receive 23 points.
You press <<8>> and receive 3 points.
You press <<22>> and receive 23 points.

Environment number 2:
The value of option 10 is 48. You have 10 choices to make in this environment.
You press <<10>> and receive 49 points.
You press <<9>> and receive 11 points.
You press <<11>> and receive 63 points.
You press <<12>> and receive 54 points.
You press <<13>> and receive 54 points.
You press <<14>> and receive 43 points.
You press <<15>> and receive 56 points.
You press <<16>> and receive 31 points.
You press <<17>> and receive 47 points.
You press <<18>> and receive 70 points.

Environment number 3:
The value of option 5 is 40. You have 5 choices to make in this environment.
You press <<4>> and receive 32 points.
You press <<6>> and receive 33 points.
You press <<7>> and receive 21 points.
You press <<8>> and receive 41 points.
You press <<9>> and receive 42 points.

Environment number 4:
The value of option 20 is 35. You have 5 choices to make in this environment.
You press <<19>> and receive 34 points.
You press <<21>> and receive 54 points.
You press <<22>> and receive 74 points.
You press <<23>> and receive 72 points.
You press <<24>> and receive 75 points.

Environment number 5:
The value of option 21 is 23. You have 5 choices to make in this environment.
You press <<22>> and receive 13 points.
You press <<20>> and receive 63 points.
You press <<19>> and receive 64 points.
You press <<18>> and receive 77 points.
You press <<17>> and receive 59 points.

Environment number 6:
The value of option 28 is 39. You have 5 choices to make in this environment.
You press <<27>> and receive 35 points.
You press <<",78
6,3,3,25,1,rough,28,5,39,49,"You will be presented with a series of 16 different environments to explore.
In each trial, you can select an option between numbers 1 and 30 by pressing the corresponding key.
By selecting any of these options, you will earn points associated with each unique option.
Imagine these options 1 through 30 as lying next to each other in an ordered line; options closer to each other tend to have similar rewards as rewards tend to cluster together.
For each environment, you will be able to make either 5 or 10 choices.
When you made all your choices in a given environment, you will start making choices in the next unexplored environment.
The rewards underlying the different options are different in each environment so you will learn them anew for each environment.
Each environment starts with the value of a single option revealed.
When you choose the number corresponding to a different option, you will be told the value of that option and receive those points.
Previously revealed options, including the starting option, can also be reselected, although there may be small changes in the point value.
It is your task to to learn where the largest reward is in each of the 16 environments.

Environment number 1:
The value of option 15 is 72. You have 5 choices to make in this environment.
You press <<16>> and receive 66 points.
You press <<14>> and receive 36 points.
You press <<13>> and receive 23 points.
You press <<8>> and receive 3 points.
You press <<22>> and receive 23 points.

Environment number 2:
The value of option 10 is 48. You have 10 choices to make in this environment.
You press <<10>> and receive 49 points.
You press <<9>> and receive 11 points.
You press <<11>> and receive 63 points.
You press <<12>> and receive 54 points.
You press <<13>> and receive 54 points.
You press <<14>> and receive 43 points.
You press <<15>> and receive 56 points.
You press <<16>> and receive 31 points.
You press <<17>> and receive 47 points.
You press <<18>> and receive 70 points.

Environment number 3:
The value of option 5 is 40. You have 5 choices to make in this environment.
You press <<4>> and receive 32 points.
You press <<6>> and receive 33 points.
You press <<7>> and receive 21 points.
You press <<8>> and receive 41 points.
You press <<9>> and receive 42 points.

Environment number 4:
The value of option 20 is 35. You have 5 choices to make in this environment.
You press <<19>> and receive 34 points.
You press <<21>> and receive 54 points.
You press <<22>> and receive 74 points.
You press <<23>> and receive 72 points.
You press <<24>> and receive 75 points.

Environment number 5:
The value of option 21 is 23. You have 5 choices to make in this environment.
You press <<22>> and receive 13 points.
You press <<20>> and receive 63 points.
You press <<19>> and receive 64 points.
You press <<18>> and receive 77 points.
You press <<17>> and receive 59 points.

Environment number 6:
The value of option 28 is 39. You have 5 choices to make in this environment.
You press <<27>> and receive 35 points.
You press <<26>> and receive 49 points.
You press <<",78
6,3,4,24,1,rough,28,5,39,29,"You will be presented with a series of 16 different environments to explore.
In each trial, you can select an option between numbers 1 and 30 by pressing the corresponding key.
By selecting any of these options, you will earn points associated with each unique option.
Imagine these options 1 through 30 as lying next to each other in an ordered line; options closer to each other tend to have similar rewards as rewards tend to cluster together.
For each environment, you will be able to make either 5 or 10 choices.
When you made all your choices in a given environment, you will start making choices in the next unexplored environment.
The rewards underlying the different options are different in each environment so you will learn them anew for each environment.
Each environment starts with the value of a single option revealed.
When you choose the number corresponding to a different option, you will be told the value of that option and receive those points.
Previously revealed options, including the starting option, can also be reselected, although there may be small changes in the point value.
It is your task to to learn where the largest reward is in each of the 16 environments.

Environment number 1:
The value of option 15 is 72. You have 5 choices to make in this environment.
You press <<16>> and receive 66 points.
You press <<14>> and receive 36 points.
You press <<13>> and receive 23 points.
You press <<8>> and receive 3 points.
You press <<22>> and receive 23 points.

Environment number 2:
The value of option 10 is 48. You have 10 choices to make in this environment.
You press <<10>> and receive 49 points.
You press <<9>> and receive 11 points.
You press <<11>> and receive 63 points.
You press <<12>> and receive 54 points.
You press <<13>> and receive 54 points.
You press <<14>> and receive 43 points.
You press <<15>> and receive 56 points.
You press <<16>> and receive 31 points.
You press <<17>> and receive 47 points.
You press <<18>> and receive 70 points.

Environment number 3:
The value of option 5 is 40. You have 5 choices to make in this environment.
You press <<4>> and receive 32 points.
You press <<6>> and receive 33 points.
You press <<7>> and receive 21 points.
You press <<8>> and receive 41 points.
You press <<9>> and receive 42 points.

Environment number 4:
The value of option 20 is 35. You have 5 choices to make in this environment.
You press <<19>> and receive 34 points.
You press <<21>> and receive 54 points.
You press <<22>> and receive 74 points.
You press <<23>> and receive 72 points.
You press <<24>> and receive 75 points.

Environment number 5:
The value of option 21 is 23. You have 5 choices to make in this environment.
You press <<22>> and receive 13 points.
You press <<20>> and receive 63 points.
You press <<19>> and receive 64 points.
You press <<18>> and receive 77 points.
You press <<17>> and receive 59 points.

Environment number 6:
The value of option 28 is 39. You have 5 choices to make in this environment.
You press <<27>> and receive 35 points.
You press <<26>> and receive 49 points.
You press <<25>> and receive 49 points.
You press <<",78
6,3,5,23,1,rough,28,5,39,37,"You will be presented with a series of 16 different environments to explore.
In each trial, you can select an option between numbers 1 and 30 by pressing the corresponding key.
By selecting any of these options, you will earn points associated with each unique option.
Imagine these options 1 through 30 as lying next to each other in an ordered line; options closer to each other tend to have similar rewards as rewards tend to cluster together.
For each environment, you will be able to make either 5 or 10 choices.
When you made all your choices in a given environment, you will start making choices in the next unexplored environment.
The rewards underlying the different options are different in each environment so you will learn them anew for each environment.
Each environment starts with the value of a single option revealed.
When you choose the number corresponding to a different option, you will be told the value of that option and receive those points.
Previously revealed options, including the starting option, can also be reselected, although there may be small changes in the point value.
It is your task to to learn where the largest reward is in each of the 16 environments.

Environment number 1:
The value of option 15 is 72. You have 5 choices to make in this environment.
You press <<16>> and receive 66 points.
You press <<14>> and receive 36 points.
You press <<13>> and receive 23 points.
You press <<8>> and receive 3 points.
You press <<22>> and receive 23 points.

Environment number 2:
The value of option 10 is 48. You have 10 choices to make in this environment.
You press <<10>> and receive 49 points.
You press <<9>> and receive 11 points.
You press <<11>> and receive 63 points.
You press <<12>> and receive 54 points.
You press <<13>> and receive 54 points.
You press <<14>> and receive 43 points.
You press <<15>> and receive 56 points.
You press <<16>> and receive 31 points.
You press <<17>> and receive 47 points.
You press <<18>> and receive 70 points.

Environment number 3:
The value of option 5 is 40. You have 5 choices to make in this environment.
You press <<4>> and receive 32 points.
You press <<6>> and receive 33 points.
You press <<7>> and receive 21 points.
You press <<8>> and receive 41 points.
You press <<9>> and receive 42 points.

Environment number 4:
The value of option 20 is 35. You have 5 choices to make in this environment.
You press <<19>> and receive 34 points.
You press <<21>> and receive 54 points.
You press <<22>> and receive 74 points.
You press <<23>> and receive 72 points.
You press <<24>> and receive 75 points.

Environment number 5:
The value of option 21 is 23. You have 5 choices to make in this environment.
You press <<22>> and receive 13 points.
You press <<20>> and receive 63 points.
You press <<19>> and receive 64 points.
You press <<18>> and receive 77 points.
You press <<17>> and receive 59 points.

Environment number 6:
The value of option 28 is 39. You have 5 choices to make in this environment.
You press <<27>> and receive 35 points.
You press <<26>> and receive 49 points.
You press <<25>> and receive 49 points.
You press <<24>> and receive 29 points.
You press <<",78
7,10,1,18,1,rough,17,10,30,20,"You will be presented with a series of 16 different environments to explore.
In each trial, you can select an option between numbers 1 and 30 by pressing the corresponding key.
By selecting any of these options, you will earn points associated with each unique option.
Imagine these options 1 through 30 as lying next to each other in an ordered line; options closer to each other tend to have similar rewards as rewards tend to cluster together.
For each environment, you will be able to make either 5 or 10 choices.
When you made all your choices in a given environment, you will start making choices in the next unexplored environment.
The rewards underlying the different options are different in each environment so you will learn them anew for each environment.
Each environment starts with the value of a single option revealed.
When you choose the number corresponding to a different option, you will be told the value of that option and receive those points.
Previously revealed options, including the starting option, can also be reselected, although there may be small changes in the point value.
It is your task to to learn where the largest reward is in each of the 16 environments.

Environment number 1:
The value of option 15 is 72. You have 5 choices to make in this environment.
You press <<16>> and receive 66 points.
You press <<14>> and receive 36 points.
You press <<13>> and receive 23 points.
You press <<8>> and receive 3 points.
You press <<22>> and receive 23 points.

Environment number 2:
The value of option 10 is 48. You have 10 choices to make in this environment.
You press <<10>> and receive 49 points.
You press <<9>> and receive 11 points.
You press <<11>> and receive 63 points.
You press <<12>> and receive 54 points.
You press <<13>> and receive 54 points.
You press <<14>> and receive 43 points.
You press <<15>> and receive 56 points.
You press <<16>> and receive 31 points.
You press <<17>> and receive 47 points.
You press <<18>> and receive 70 points.

Environment number 3:
The value of option 5 is 40. You have 5 choices to make in this environment.
You press <<4>> and receive 32 points.
You press <<6>> and receive 33 points.
You press <<7>> and receive 21 points.
You press <<8>> and receive 41 points.
You press <<9>> and receive 42 points.

Environment number 4:
The value of option 20 is 35. You have 5 choices to make in this environment.
You press <<19>> and receive 34 points.
You press <<21>> and receive 54 points.
You press <<22>> and receive 74 points.
You press <<23>> and receive 72 points.
You press <<24>> and receive 75 points.

Environment number 5:
The value of option 21 is 23. You have 5 choices to make in this environment.
You press <<22>> and receive 13 points.
You press <<20>> and receive 63 points.
You press <<19>> and receive 64 points.
You press <<18>> and receive 77 points.
You press <<17>> and receive 59 points.

Environment number 6:
The value of option 28 is 39. You have 5 choices to make in this environment.
You press <<27>> and receive 35 points.
You press <<26>> and receive 49 points.
You press <<25>> and receive 49 points.
You press <<24>> and receive 29 points.
You press <<23>> and receive 37 points.

Environment number 7:
The value of option 17 is 30. You have 10 choices to make in this environment.
You press <<",78
7,10,2,16,1,rough,17,10,30,41,"You will be presented with a series of 16 different environments to explore.
In each trial, you can select an option between numbers 1 and 30 by pressing the corresponding key.
By selecting any of these options, you will earn points associated with each unique option.
Imagine these options 1 through 30 as lying next to each other in an ordered line; options closer to each other tend to have similar rewards as rewards tend to cluster together.
For each environment, you will be able to make either 5 or 10 choices.
When you made all your choices in a given environment, you will start making choices in the next unexplored environment.
The rewards underlying the different options are different in each environment so you will learn them anew for each environment.
Each environment starts with the value of a single option revealed.
When you choose the number corresponding to a different option, you will be told the value of that option and receive those points.
Previously revealed options, including the starting option, can also be reselected, although there may be small changes in the point value.
It is your task to to learn where the largest reward is in each of the 16 environments.

Environment number 1:
The value of option 15 is 72. You have 5 choices to make in this environment.
You press <<16>> and receive 66 points.
You press <<14>> and receive 36 points.
You press <<13>> and receive 23 points.
You press <<8>> and receive 3 points.
You press <<22>> and receive 23 points.

Environment number 2:
The value of option 10 is 48. You have 10 choices to make in this environment.
You press <<10>> and receive 49 points.
You press <<9>> and receive 11 points.
You press <<11>> and receive 63 points.
You press <<12>> and receive 54 points.
You press <<13>> and receive 54 points.
You press <<14>> and receive 43 points.
You press <<15>> and receive 56 points.
You press <<16>> and receive 31 points.
You press <<17>> and receive 47 points.
You press <<18>> and receive 70 points.

Environment number 3:
The value of option 5 is 40. You have 5 choices to make in this environment.
You press <<4>> and receive 32 points.
You press <<6>> and receive 33 points.
You press <<7>> and receive 21 points.
You press <<8>> and receive 41 points.
You press <<9>> and receive 42 points.

Environment number 4:
The value of option 20 is 35. You have 5 choices to make in this environment.
You press <<19>> and receive 34 points.
You press <<21>> and receive 54 points.
You press <<22>> and receive 74 points.
You press <<23>> and receive 72 points.
You press <<24>> and receive 75 points.

Environment number 5:
The value of option 21 is 23. You have 5 choices to make in this environment.
You press <<22>> and receive 13 points.
You press <<20>> and receive 63 points.
You press <<19>> and receive 64 points.
You press <<18>> and receive 77 points.
You press <<17>> and receive 59 points.

Environment number 6:
The value of option 28 is 39. You have 5 choices to make in this environment.
You press <<27>> and receive 35 points.
You press <<26>> and receive 49 points.
You press <<25>> and receive 49 points.
You press <<24>> and receive 29 points.
You press <<23>> and receive 37 points.

Environment number 7:
The value of option 17 is 30. You have 10 choices to make in this environment.
You press <<18>> and receive 20 points.
You press <<",78
7,10,3,15,1,rough,17,10,30,47,"You will be presented with a series of 16 different environments to explore.
In each trial, you can select an option between numbers 1 and 30 by pressing the corresponding key.
By selecting any of these options, you will earn points associated with each unique option.
Imagine these options 1 through 30 as lying next to each other in an ordered line; options closer to each other tend to have similar rewards as rewards tend to cluster together.
For each environment, you will be able to make either 5 or 10 choices.
When you made all your choices in a given environment, you will start making choices in the next unexplored environment.
The rewards underlying the different options are different in each environment so you will learn them anew for each environment.
Each environment starts with the value of a single option revealed.
When you choose the number corresponding to a different option, you will be told the value of that option and receive those points.
Previously revealed options, including the starting option, can also be reselected, although there may be small changes in the point value.
It is your task to to learn where the largest reward is in each of the 16 environments.

Environment number 1:
The value of option 15 is 72. You have 5 choices to make in this environment.
You press <<16>> and receive 66 points.
You press <<14>> and receive 36 points.
You press <<13>> and receive 23 points.
You press <<8>> and receive 3 points.
You press <<22>> and receive 23 points.

Environment number 2:
The value of option 10 is 48. You have 10 choices to make in this environment.
You press <<10>> and receive 49 points.
You press <<9>> and receive 11 points.
You press <<11>> and receive 63 points.
You press <<12>> and receive 54 points.
You press <<13>> and receive 54 points.
You press <<14>> and receive 43 points.
You press <<15>> and receive 56 points.
You press <<16>> and receive 31 points.
You press <<17>> and receive 47 points.
You press <<18>> and receive 70 points.

Environment number 3:
The value of option 5 is 40. You have 5 choices to make in this environment.
You press <<4>> and receive 32 points.
You press <<6>> and receive 33 points.
You press <<7>> and receive 21 points.
You press <<8>> and receive 41 points.
You press <<9>> and receive 42 points.

Environment number 4:
The value of option 20 is 35. You have 5 choices to make in this environment.
You press <<19>> and receive 34 points.
You press <<21>> and receive 54 points.
You press <<22>> and receive 74 points.
You press <<23>> and receive 72 points.
You press <<24>> and receive 75 points.

Environment number 5:
The value of option 21 is 23. You have 5 choices to make in this environment.
You press <<22>> and receive 13 points.
You press <<20>> and receive 63 points.
You press <<19>> and receive 64 points.
You press <<18>> and receive 77 points.
You press <<17>> and receive 59 points.

Environment number 6:
The value of option 28 is 39. You have 5 choices to make in this environment.
You press <<27>> and receive 35 points.
You press <<26>> and receive 49 points.
You press <<25>> and receive 49 points.
You press <<24>> and receive 29 points.
You press <<23>> and receive 37 points.

Environment number 7:
The value of option 17 is 30. You have 10 choices to make in this environment.
You press <<18>> and receive 20 points.
You press <<16>> and receive 41 points.
You press <<",78
7,10,4,14,1,rough,17,10,30,32,"You will be presented with a series of 16 different environments to explore.
In each trial, you can select an option between numbers 1 and 30 by pressing the corresponding key.
By selecting any of these options, you will earn points associated with each unique option.
Imagine these options 1 through 30 as lying next to each other in an ordered line; options closer to each other tend to have similar rewards as rewards tend to cluster together.
For each environment, you will be able to make either 5 or 10 choices.
When you made all your choices in a given environment, you will start making choices in the next unexplored environment.
The rewards underlying the different options are different in each environment so you will learn them anew for each environment.
Each environment starts with the value of a single option revealed.
When you choose the number corresponding to a different option, you will be told the value of that option and receive those points.
Previously revealed options, including the starting option, can also be reselected, although there may be small changes in the point value.
It is your task to to learn where the largest reward is in each of the 16 environments.

Environment number 1:
The value of option 15 is 72. You have 5 choices to make in this environment.
You press <<16>> and receive 66 points.
You press <<14>> and receive 36 points.
You press <<13>> and receive 23 points.
You press <<8>> and receive 3 points.
You press <<22>> and receive 23 points.

Environment number 2:
The value of option 10 is 48. You have 10 choices to make in this environment.
You press <<10>> and receive 49 points.
You press <<9>> and receive 11 points.
You press <<11>> and receive 63 points.
You press <<12>> and receive 54 points.
You press <<13>> and receive 54 points.
You press <<14>> and receive 43 points.
You press <<15>> and receive 56 points.
You press <<16>> and receive 31 points.
You press <<17>> and receive 47 points.
You press <<18>> and receive 70 points.

Environment number 3:
The value of option 5 is 40. You have 5 choices to make in this environment.
You press <<4>> and receive 32 points.
You press <<6>> and receive 33 points.
You press <<7>> and receive 21 points.
You press <<8>> and receive 41 points.
You press <<9>> and receive 42 points.

Environment number 4:
The value of option 20 is 35. You have 5 choices to make in this environment.
You press <<19>> and receive 34 points.
You press <<21>> and receive 54 points.
You press <<22>> and receive 74 points.
You press <<23>> and receive 72 points.
You press <<24>> and receive 75 points.

Environment number 5:
The value of option 21 is 23. You have 5 choices to make in this environment.
You press <<22>> and receive 13 points.
You press <<20>> and receive 63 points.
You press <<19>> and receive 64 points.
You press <<18>> and receive 77 points.
You press <<17>> and receive 59 points.

Environment number 6:
The value of option 28 is 39. You have 5 choices to make in this environment.
You press <<27>> and receive 35 points.
You press <<26>> and receive 49 points.
You press <<25>> and receive 49 points.
You press <<24>> and receive 29 points.
You press <<23>> and receive 37 points.

Environment number 7:
The value of option 17 is 30. You have 10 choices to make in this environment.
You press <<18>> and receive 20 points.
You press <<16>> and receive 41 points.
You press <<15>> and receive 47 points.
You press <<",78
7,10,5,13,1,rough,17,10,30,0,"You will be presented with a series of 16 different environments to explore.
In each trial, you can select an option between numbers 1 and 30 by pressing the corresponding key.
By selecting any of these options, you will earn points associated with each unique option.
Imagine these options 1 through 30 as lying next to each other in an ordered line; options closer to each other tend to have similar rewards as rewards tend to cluster together.
For each environment, you will be able to make either 5 or 10 choices.
When you made all your choices in a given environment, you will start making choices in the next unexplored environment.
The rewards underlying the different options are different in each environment so you will learn them anew for each environment.
Each environment starts with the value of a single option revealed.
When you choose the number corresponding to a different option, you will be told the value of that option and receive those points.
Previously revealed options, including the starting option, can also be reselected, although there may be small changes in the point value.
It is your task to to learn where the largest reward is in each of the 16 environments.

Environment number 1:
The value of option 15 is 72. You have 5 choices to make in this environment.
You press <<16>> and receive 66 points.
You press <<14>> and receive 36 points.
You press <<13>> and receive 23 points.
You press <<8>> and receive 3 points.
You press <<22>> and receive 23 points.

Environment number 2:
The value of option 10 is 48. You have 10 choices to make in this environment.
You press <<10>> and receive 49 points.
You press <<9>> and receive 11 points.
You press <<11>> and receive 63 points.
You press <<12>> and receive 54 points.
You press <<13>> and receive 54 points.
You press <<14>> and receive 43 points.
You press <<15>> and receive 56 points.
You press <<16>> and receive 31 points.
You press <<17>> and receive 47 points.
You press <<18>> and receive 70 points.

Environment number 3:
The value of option 5 is 40. You have 5 choices to make in this environment.
You press <<4>> and receive 32 points.
You press <<6>> and receive 33 points.
You press <<7>> and receive 21 points.
You press <<8>> and receive 41 points.
You press <<9>> and receive 42 points.

Environment number 4:
The value of option 20 is 35. You have 5 choices to make in this environment.
You press <<19>> and receive 34 points.
You press <<21>> and receive 54 points.
You press <<22>> and receive 74 points.
You press <<23>> and receive 72 points.
You press <<24>> and receive 75 points.

Environment number 5:
The value of option 21 is 23. You have 5 choices to make in this environment.
You press <<22>> and receive 13 points.
You press <<20>> and receive 63 points.
You press <<19>> and receive 64 points.
You press <<18>> and receive 77 points.
You press <<17>> and receive 59 points.

Environment number 6:
The value of option 28 is 39. You have 5 choices to make in this environment.
You press <<27>> and receive 35 points.
You press <<26>> and receive 49 points.
You press <<25>> and receive 49 points.
You press <<24>> and receive 29 points.
You press <<23>> and receive 37 points.

Environment number 7:
The value of option 17 is 30. You have 10 choices to make in this environment.
You press <<18>> and receive 20 points.
You press <<16>> and receive 41 points.
You press <<15>> and receive 47 points.
You press <<14>> and receive 32 points.
You press <<",78
7,10,6,21,1,rough,17,10,30,73,"You will be presented with a series of 16 different environments to explore.
In each trial, you can select an option between numbers 1 and 30 by pressing the corresponding key.
By selecting any of these options, you will earn points associated with each unique option.
Imagine these options 1 through 30 as lying next to each other in an ordered line; options closer to each other tend to have similar rewards as rewards tend to cluster together.
For each environment, you will be able to make either 5 or 10 choices.
When you made all your choices in a given environment, you will start making choices in the next unexplored environment.
The rewards underlying the different options are different in each environment so you will learn them anew for each environment.
Each environment starts with the value of a single option revealed.
When you choose the number corresponding to a different option, you will be told the value of that option and receive those points.
Previously revealed options, including the starting option, can also be reselected, although there may be small changes in the point value.
It is your task to to learn where the largest reward is in each of the 16 environments.

Environment number 1:
The value of option 15 is 72. You have 5 choices to make in this environment.
You press <<16>> and receive 66 points.
You press <<14>> and receive 36 points.
You press <<13>> and receive 23 points.
You press <<8>> and receive 3 points.
You press <<22>> and receive 23 points.

Environment number 2:
The value of option 10 is 48. You have 10 choices to make in this environment.
You press <<10>> and receive 49 points.
You press <<9>> and receive 11 points.
You press <<11>> and receive 63 points.
You press <<12>> and receive 54 points.
You press <<13>> and receive 54 points.
You press <<14>> and receive 43 points.
You press <<15>> and receive 56 points.
You press <<16>> and receive 31 points.
You press <<17>> and receive 47 points.
You press <<18>> and receive 70 points.

Environment number 3:
The value of option 5 is 40. You have 5 choices to make in this environment.
You press <<4>> and receive 32 points.
You press <<6>> and receive 33 points.
You press <<7>> and receive 21 points.
You press <<8>> and receive 41 points.
You press <<9>> and receive 42 points.

Environment number 4:
The value of option 20 is 35. You have 5 choices to make in this environment.
You press <<19>> and receive 34 points.
You press <<21>> and receive 54 points.
You press <<22>> and receive 74 points.
You press <<23>> and receive 72 points.
You press <<24>> and receive 75 points.

Environment number 5:
The value of option 21 is 23. You have 5 choices to make in this environment.
You press <<22>> and receive 13 points.
You press <<20>> and receive 63 points.
You press <<19>> and receive 64 points.
You press <<18>> and receive 77 points.
You press <<17>> and receive 59 points.

Environment number 6:
The value of option 28 is 39. You have 5 choices to make in this environment.
You press <<27>> and receive 35 points.
You press <<26>> and receive 49 points.
You press <<25>> and receive 49 points.
You press <<24>> and receive 29 points.
You press <<23>> and receive 37 points.

Environment number 7:
The value of option 17 is 30. You have 10 choices to make in this environment.
You press <<18>> and receive 20 points.
You press <<16>> and receive 41 points.
You press <<15>> and receive 47 points.
You press <<14>> and receive 32 points.
You press <<13>> and receive 0 points.
You press <<",78
7,10,7,22,1,rough,17,10,30,62,"You will be presented with a series of 16 different environments to explore.
In each trial, you can select an option between numbers 1 and 30 by pressing the corresponding key.
By selecting any of these options, you will earn points associated with each unique option.
Imagine these options 1 through 30 as lying next to each other in an ordered line; options closer to each other tend to have similar rewards as rewards tend to cluster together.
For each environment, you will be able to make either 5 or 10 choices.
When you made all your choices in a given environment, you will start making choices in the next unexplored environment.
The rewards underlying the different options are different in each environment so you will learn them anew for each environment.
Each environment starts with the value of a single option revealed.
When you choose the number corresponding to a different option, you will be told the value of that option and receive those points.
Previously revealed options, including the starting option, can also be reselected, although there may be small changes in the point value.
It is your task to to learn where the largest reward is in each of the 16 environments.

Environment number 1:
The value of option 15 is 72. You have 5 choices to make in this environment.
You press <<16>> and receive 66 points.
You press <<14>> and receive 36 points.
You press <<13>> and receive 23 points.
You press <<8>> and receive 3 points.
You press <<22>> and receive 23 points.

Environment number 2:
The value of option 10 is 48. You have 10 choices to make in this environment.
You press <<10>> and receive 49 points.
You press <<9>> and receive 11 points.
You press <<11>> and receive 63 points.
You press <<12>> and receive 54 points.
You press <<13>> and receive 54 points.
You press <<14>> and receive 43 points.
You press <<15>> and receive 56 points.
You press <<16>> and receive 31 points.
You press <<17>> and receive 47 points.
You press <<18>> and receive 70 points.

Environment number 3:
The value of option 5 is 40. You have 5 choices to make in this environment.
You press <<4>> and receive 32 points.
You press <<6>> and receive 33 points.
You press <<7>> and receive 21 points.
You press <<8>> and receive 41 points.
You press <<9>> and receive 42 points.

Environment number 4:
The value of option 20 is 35. You have 5 choices to make in this environment.
You press <<19>> and receive 34 points.
You press <<21>> and receive 54 points.
You press <<22>> and receive 74 points.
You press <<23>> and receive 72 points.
You press <<24>> and receive 75 points.

Environment number 5:
The value of option 21 is 23. You have 5 choices to make in this environment.
You press <<22>> and receive 13 points.
You press <<20>> and receive 63 points.
You press <<19>> and receive 64 points.
You press <<18>> and receive 77 points.
You press <<17>> and receive 59 points.

Environment number 6:
The value of option 28 is 39. You have 5 choices to make in this environment.
You press <<27>> and receive 35 points.
You press <<26>> and receive 49 points.
You press <<25>> and receive 49 points.
You press <<24>> and receive 29 points.
You press <<23>> and receive 37 points.

Environment number 7:
The value of option 17 is 30. You have 10 choices to make in this environment.
You press <<18>> and receive 20 points.
You press <<16>> and receive 41 points.
You press <<15>> and receive 47 points.
You press <<14>> and receive 32 points.
You press <<13>> and receive 0 points.
You press <<21>> and receive 73 points.
You press <<",78
7,10,8,23,1,rough,17,10,30,49,"You will be presented with a series of 16 different environments to explore.
In each trial, you can select an option between numbers 1 and 30 by pressing the corresponding key.
By selecting any of these options, you will earn points associated with each unique option.
Imagine these options 1 through 30 as lying next to each other in an ordered line; options closer to each other tend to have similar rewards as rewards tend to cluster together.
For each environment, you will be able to make either 5 or 10 choices.
When you made all your choices in a given environment, you will start making choices in the next unexplored environment.
The rewards underlying the different options are different in each environment so you will learn them anew for each environment.
Each environment starts with the value of a single option revealed.
When you choose the number corresponding to a different option, you will be told the value of that option and receive those points.
Previously revealed options, including the starting option, can also be reselected, although there may be small changes in the point value.
It is your task to to learn where the largest reward is in each of the 16 environments.

Environment number 1:
The value of option 15 is 72. You have 5 choices to make in this environment.
You press <<16>> and receive 66 points.
You press <<14>> and receive 36 points.
You press <<13>> and receive 23 points.
You press <<8>> and receive 3 points.
You press <<22>> and receive 23 points.

Environment number 2:
The value of option 10 is 48. You have 10 choices to make in this environment.
You press <<10>> and receive 49 points.
You press <<9>> and receive 11 points.
You press <<11>> and receive 63 points.
You press <<12>> and receive 54 points.
You press <<13>> and receive 54 points.
You press <<14>> and receive 43 points.
You press <<15>> and receive 56 points.
You press <<16>> and receive 31 points.
You press <<17>> and receive 47 points.
You press <<18>> and receive 70 points.

Environment number 3:
The value of option 5 is 40. You have 5 choices to make in this environment.
You press <<4>> and receive 32 points.
You press <<6>> and receive 33 points.
You press <<7>> and receive 21 points.
You press <<8>> and receive 41 points.
You press <<9>> and receive 42 points.

Environment number 4:
The value of option 20 is 35. You have 5 choices to make in this environment.
You press <<19>> and receive 34 points.
You press <<21>> and receive 54 points.
You press <<22>> and receive 74 points.
You press <<23>> and receive 72 points.
You press <<24>> and receive 75 points.

Environment number 5:
The value of option 21 is 23. You have 5 choices to make in this environment.
You press <<22>> and receive 13 points.
You press <<20>> and receive 63 points.
You press <<19>> and receive 64 points.
You press <<18>> and receive 77 points.
You press <<17>> and receive 59 points.

Environment number 6:
The value of option 28 is 39. You have 5 choices to make in this environment.
You press <<27>> and receive 35 points.
You press <<26>> and receive 49 points.
You press <<25>> and receive 49 points.
You press <<24>> and receive 29 points.
You press <<23>> and receive 37 points.

Environment number 7:
The value of option 17 is 30. You have 10 choices to make in this environment.
You press <<18>> and receive 20 points.
You press <<16>> and receive 41 points.
You press <<15>> and receive 47 points.
You press <<14>> and receive 32 points.
You press <<13>> and receive 0 points.
You press <<21>> and receive 73 points.
You press <<22>> and receive 62 points.
You press <<",78
7,10,9,24,1,rough,17,10,30,43,"You will be presented with a series of 16 different environments to explore.
In each trial, you can select an option between numbers 1 and 30 by pressing the corresponding key.
By selecting any of these options, you will earn points associated with each unique option.
Imagine these options 1 through 30 as lying next to each other in an ordered line; options closer to each other tend to have similar rewards as rewards tend to cluster together.
For each environment, you will be able to make either 5 or 10 choices.
When you made all your choices in a given environment, you will start making choices in the next unexplored environment.
The rewards underlying the different options are different in each environment so you will learn them anew for each environment.
Each environment starts with the value of a single option revealed.
When you choose the number corresponding to a different option, you will be told the value of that option and receive those points.
Previously revealed options, including the starting option, can also be reselected, although there may be small changes in the point value.
It is your task to to learn where the largest reward is in each of the 16 environments.

Environment number 1:
The value of option 15 is 72. You have 5 choices to make in this environment.
You press <<16>> and receive 66 points.
You press <<14>> and receive 36 points.
You press <<13>> and receive 23 points.
You press <<8>> and receive 3 points.
You press <<22>> and receive 23 points.

Environment number 2:
The value of option 10 is 48. You have 10 choices to make in this environment.
You press <<10>> and receive 49 points.
You press <<9>> and receive 11 points.
You press <<11>> and receive 63 points.
You press <<12>> and receive 54 points.
You press <<13>> and receive 54 points.
You press <<14>> and receive 43 points.
You press <<15>> and receive 56 points.
You press <<16>> and receive 31 points.
You press <<17>> and receive 47 points.
You press <<18>> and receive 70 points.

Environment number 3:
The value of option 5 is 40. You have 5 choices to make in this environment.
You press <<4>> and receive 32 points.
You press <<6>> and receive 33 points.
You press <<7>> and receive 21 points.
You press <<8>> and receive 41 points.
You press <<9>> and receive 42 points.

Environment number 4:
The value of option 20 is 35. You have 5 choices to make in this environment.
You press <<19>> and receive 34 points.
You press <<21>> and receive 54 points.
You press <<22>> and receive 74 points.
You press <<23>> and receive 72 points.
You press <<24>> and receive 75 points.

Environment number 5:
The value of option 21 is 23. You have 5 choices to make in this environment.
You press <<22>> and receive 13 points.
You press <<20>> and receive 63 points.
You press <<19>> and receive 64 points.
You press <<18>> and receive 77 points.
You press <<17>> and receive 59 points.

Environment number 6:
The value of option 28 is 39. You have 5 choices to make in this environment.
You press <<27>> and receive 35 points.
You press <<26>> and receive 49 points.
You press <<25>> and receive 49 points.
You press <<24>> and receive 29 points.
You press <<23>> and receive 37 points.

Environment number 7:
The value of option 17 is 30. You have 10 choices to make in this environment.
You press <<18>> and receive 20 points.
You press <<16>> and receive 41 points.
You press <<15>> and receive 47 points.
You press <<14>> and receive 32 points.
You press <<13>> and receive 0 points.
You press <<21>> and receive 73 points.
You press <<22>> and receive 62 points.
You press <<23>> and receive 49 points.
You press <<",78
7,10,10,20,1,rough,17,10,30,51,"You will be presented with a series of 16 different environments to explore.
In each trial, you can select an option between numbers 1 and 30 by pressing the corresponding key.
By selecting any of these options, you will earn points associated with each unique option.
Imagine these options 1 through 30 as lying next to each other in an ordered line; options closer to each other tend to have similar rewards as rewards tend to cluster together.
For each environment, you will be able to make either 5 or 10 choices.
When you made all your choices in a given environment, you will start making choices in the next unexplored environment.
The rewards underlying the different options are different in each environment so you will learn them anew for each environment.
Each environment starts with the value of a single option revealed.
When you choose the number corresponding to a different option, you will be told the value of that option and receive those points.
Previously revealed options, including the starting option, can also be reselected, although there may be small changes in the point value.
It is your task to to learn where the largest reward is in each of the 16 environments.

Environment number 1:
The value of option 15 is 72. You have 5 choices to make in this environment.
You press <<16>> and receive 66 points.
You press <<14>> and receive 36 points.
You press <<13>> and receive 23 points.
You press <<8>> and receive 3 points.
You press <<22>> and receive 23 points.

Environment number 2:
The value of option 10 is 48. You have 10 choices to make in this environment.
You press <<10>> and receive 49 points.
You press <<9>> and receive 11 points.
You press <<11>> and receive 63 points.
You press <<12>> and receive 54 points.
You press <<13>> and receive 54 points.
You press <<14>> and receive 43 points.
You press <<15>> and receive 56 points.
You press <<16>> and receive 31 points.
You press <<17>> and receive 47 points.
You press <<18>> and receive 70 points.

Environment number 3:
The value of option 5 is 40. You have 5 choices to make in this environment.
You press <<4>> and receive 32 points.
You press <<6>> and receive 33 points.
You press <<7>> and receive 21 points.
You press <<8>> and receive 41 points.
You press <<9>> and receive 42 points.

Environment number 4:
The value of option 20 is 35. You have 5 choices to make in this environment.
You press <<19>> and receive 34 points.
You press <<21>> and receive 54 points.
You press <<22>> and receive 74 points.
You press <<23>> and receive 72 points.
You press <<24>> and receive 75 points.

Environment number 5:
The value of option 21 is 23. You have 5 choices to make in this environment.
You press <<22>> and receive 13 points.
You press <<20>> and receive 63 points.
You press <<19>> and receive 64 points.
You press <<18>> and receive 77 points.
You press <<17>> and receive 59 points.

Environment number 6:
The value of option 28 is 39. You have 5 choices to make in this environment.
You press <<27>> and receive 35 points.
You press <<26>> and receive 49 points.
You press <<25>> and receive 49 points.
You press <<24>> and receive 29 points.
You press <<23>> and receive 37 points.

Environment number 7:
The value of option 17 is 30. You have 10 choices to make in this environment.
You press <<18>> and receive 20 points.
You press <<16>> and receive 41 points.
You press <<15>> and receive 47 points.
You press <<14>> and receive 32 points.
You press <<13>> and receive 0 points.
You press <<21>> and receive 73 points.
You press <<22>> and receive 62 points.
You press <<23>> and receive 49 points.
You press <<24>> and receive 43 points.
You press <<",78
8,26,1,10,1,rough,9,10,46,51,"You will be presented with a series of 16 different environments to explore.
In each trial, you can select an option between numbers 1 and 30 by pressing the corresponding key.
By selecting any of these options, you will earn points associated with each unique option.
Imagine these options 1 through 30 as lying next to each other in an ordered line; options closer to each other tend to have similar rewards as rewards tend to cluster together.
For each environment, you will be able to make either 5 or 10 choices.
When you made all your choices in a given environment, you will start making choices in the next unexplored environment.
The rewards underlying the different options are different in each environment so you will learn them anew for each environment.
Each environment starts with the value of a single option revealed.
When you choose the number corresponding to a different option, you will be told the value of that option and receive those points.
Previously revealed options, including the starting option, can also be reselected, although there may be small changes in the point value.
It is your task to to learn where the largest reward is in each of the 16 environments.

Environment number 1:
The value of option 15 is 72. You have 5 choices to make in this environment.
You press <<16>> and receive 66 points.
You press <<14>> and receive 36 points.
You press <<13>> and receive 23 points.
You press <<8>> and receive 3 points.
You press <<22>> and receive 23 points.

Environment number 2:
The value of option 10 is 48. You have 10 choices to make in this environment.
You press <<10>> and receive 49 points.
You press <<9>> and receive 11 points.
You press <<11>> and receive 63 points.
You press <<12>> and receive 54 points.
You press <<13>> and receive 54 points.
You press <<14>> and receive 43 points.
You press <<15>> and receive 56 points.
You press <<16>> and receive 31 points.
You press <<17>> and receive 47 points.
You press <<18>> and receive 70 points.

Environment number 3:
The value of option 5 is 40. You have 5 choices to make in this environment.
You press <<4>> and receive 32 points.
You press <<6>> and receive 33 points.
You press <<7>> and receive 21 points.
You press <<8>> and receive 41 points.
You press <<9>> and receive 42 points.

Environment number 4:
The value of option 20 is 35. You have 5 choices to make in this environment.
You press <<19>> and receive 34 points.
You press <<21>> and receive 54 points.
You press <<22>> and receive 74 points.
You press <<23>> and receive 72 points.
You press <<24>> and receive 75 points.

Environment number 5:
The value of option 21 is 23. You have 5 choices to make in this environment.
You press <<22>> and receive 13 points.
You press <<20>> and receive 63 points.
You press <<19>> and receive 64 points.
You press <<18>> and receive 77 points.
You press <<17>> and receive 59 points.

Environment number 6:
The value of option 28 is 39. You have 5 choices to make in this environment.
You press <<27>> and receive 35 points.
You press <<26>> and receive 49 points.
You press <<25>> and receive 49 points.
You press <<24>> and receive 29 points.
You press <<23>> and receive 37 points.

Environment number 7:
The value of option 17 is 30. You have 10 choices to make in this environment.
You press <<18>> and receive 20 points.
You press <<16>> and receive 41 points.
You press <<15>> and receive 47 points.
You press <<14>> and receive 32 points.
You press <<13>> and receive 0 points.
You press <<21>> and receive 73 points.
You press <<22>> and receive 62 points.
You press <<23>> and receive 49 points.
You press <<24>> and receive 43 points.
You press <<20>> and receive 51 points.

Environment number 8:
The value of option 9 is 46. You have 10 choices to make in this environment.
You press <<",78
8,26,2,11,1,rough,9,10,46,28,"You will be presented with a series of 16 different environments to explore.
In each trial, you can select an option between numbers 1 and 30 by pressing the corresponding key.
By selecting any of these options, you will earn points associated with each unique option.
Imagine these options 1 through 30 as lying next to each other in an ordered line; options closer to each other tend to have similar rewards as rewards tend to cluster together.
For each environment, you will be able to make either 5 or 10 choices.
When you made all your choices in a given environment, you will start making choices in the next unexplored environment.
The rewards underlying the different options are different in each environment so you will learn them anew for each environment.
Each environment starts with the value of a single option revealed.
When you choose the number corresponding to a different option, you will be told the value of that option and receive those points.
Previously revealed options, including the starting option, can also be reselected, although there may be small changes in the point value.
It is your task to to learn where the largest reward is in each of the 16 environments.

Environment number 1:
The value of option 15 is 72. You have 5 choices to make in this environment.
You press <<16>> and receive 66 points.
You press <<14>> and receive 36 points.
You press <<13>> and receive 23 points.
You press <<8>> and receive 3 points.
You press <<22>> and receive 23 points.

Environment number 2:
The value of option 10 is 48. You have 10 choices to make in this environment.
You press <<10>> and receive 49 points.
You press <<9>> and receive 11 points.
You press <<11>> and receive 63 points.
You press <<12>> and receive 54 points.
You press <<13>> and receive 54 points.
You press <<14>> and receive 43 points.
You press <<15>> and receive 56 points.
You press <<16>> and receive 31 points.
You press <<17>> and receive 47 points.
You press <<18>> and receive 70 points.

Environment number 3:
The value of option 5 is 40. You have 5 choices to make in this environment.
You press <<4>> and receive 32 points.
You press <<6>> and receive 33 points.
You press <<7>> and receive 21 points.
You press <<8>> and receive 41 points.
You press <<9>> and receive 42 points.

Environment number 4:
The value of option 20 is 35. You have 5 choices to make in this environment.
You press <<19>> and receive 34 points.
You press <<21>> and receive 54 points.
You press <<22>> and receive 74 points.
You press <<23>> and receive 72 points.
You press <<24>> and receive 75 points.

Environment number 5:
The value of option 21 is 23. You have 5 choices to make in this environment.
You press <<22>> and receive 13 points.
You press <<20>> and receive 63 points.
You press <<19>> and receive 64 points.
You press <<18>> and receive 77 points.
You press <<17>> and receive 59 points.

Environment number 6:
The value of option 28 is 39. You have 5 choices to make in this environment.
You press <<27>> and receive 35 points.
You press <<26>> and receive 49 points.
You press <<25>> and receive 49 points.
You press <<24>> and receive 29 points.
You press <<23>> and receive 37 points.

Environment number 7:
The value of option 17 is 30. You have 10 choices to make in this environment.
You press <<18>> and receive 20 points.
You press <<16>> and receive 41 points.
You press <<15>> and receive 47 points.
You press <<14>> and receive 32 points.
You press <<13>> and receive 0 points.
You press <<21>> and receive 73 points.
You press <<22>> and receive 62 points.
You press <<23>> and receive 49 points.
You press <<24>> and receive 43 points.
You press <<20>> and receive 51 points.

Environment number 8:
The value of option 9 is 46. You have 10 choices to make in this environment.
You press <<10>> and receive 51 points.
You press <<",78
8,26,3,8,1,rough,9,10,46,62,"You will be presented with a series of 16 different environments to explore.
In each trial, you can select an option between numbers 1 and 30 by pressing the corresponding key.
By selecting any of these options, you will earn points associated with each unique option.
Imagine these options 1 through 30 as lying next to each other in an ordered line; options closer to each other tend to have similar rewards as rewards tend to cluster together.
For each environment, you will be able to make either 5 or 10 choices.
When you made all your choices in a given environment, you will start making choices in the next unexplored environment.
The rewards underlying the different options are different in each environment so you will learn them anew for each environment.
Each environment starts with the value of a single option revealed.
When you choose the number corresponding to a different option, you will be told the value of that option and receive those points.
Previously revealed options, including the starting option, can also be reselected, although there may be small changes in the point value.
It is your task to to learn where the largest reward is in each of the 16 environments.

Environment number 1:
The value of option 15 is 72. You have 5 choices to make in this environment.
You press <<16>> and receive 66 points.
You press <<14>> and receive 36 points.
You press <<13>> and receive 23 points.
You press <<8>> and receive 3 points.
You press <<22>> and receive 23 points.

Environment number 2:
The value of option 10 is 48. You have 10 choices to make in this environment.
You press <<10>> and receive 49 points.
You press <<9>> and receive 11 points.
You press <<11>> and receive 63 points.
You press <<12>> and receive 54 points.
You press <<13>> and receive 54 points.
You press <<14>> and receive 43 points.
You press <<15>> and receive 56 points.
You press <<16>> and receive 31 points.
You press <<17>> and receive 47 points.
You press <<18>> and receive 70 points.

Environment number 3:
The value of option 5 is 40. You have 5 choices to make in this environment.
You press <<4>> and receive 32 points.
You press <<6>> and receive 33 points.
You press <<7>> and receive 21 points.
You press <<8>> and receive 41 points.
You press <<9>> and receive 42 points.

Environment number 4:
The value of option 20 is 35. You have 5 choices to make in this environment.
You press <<19>> and receive 34 points.
You press <<21>> and receive 54 points.
You press <<22>> and receive 74 points.
You press <<23>> and receive 72 points.
You press <<24>> and receive 75 points.

Environment number 5:
The value of option 21 is 23. You have 5 choices to make in this environment.
You press <<22>> and receive 13 points.
You press <<20>> and receive 63 points.
You press <<19>> and receive 64 points.
You press <<18>> and receive 77 points.
You press <<17>> and receive 59 points.

Environment number 6:
The value of option 28 is 39. You have 5 choices to make in this environment.
You press <<27>> and receive 35 points.
You press <<26>> and receive 49 points.
You press <<25>> and receive 49 points.
You press <<24>> and receive 29 points.
You press <<23>> and receive 37 points.

Environment number 7:
The value of option 17 is 30. You have 10 choices to make in this environment.
You press <<18>> and receive 20 points.
You press <<16>> and receive 41 points.
You press <<15>> and receive 47 points.
You press <<14>> and receive 32 points.
You press <<13>> and receive 0 points.
You press <<21>> and receive 73 points.
You press <<22>> and receive 62 points.
You press <<23>> and receive 49 points.
You press <<24>> and receive 43 points.
You press <<20>> and receive 51 points.

Environment number 8:
The value of option 9 is 46. You have 10 choices to make in this environment.
You press <<10>> and receive 51 points.
You press <<11>> and receive 28 points.
You press <<",78
8,26,4,7,1,rough,9,10,46,55,"You will be presented with a series of 16 different environments to explore.
In each trial, you can select an option between numbers 1 and 30 by pressing the corresponding key.
By selecting any of these options, you will earn points associated with each unique option.
Imagine these options 1 through 30 as lying next to each other in an ordered line; options closer to each other tend to have similar rewards as rewards tend to cluster together.
For each environment, you will be able to make either 5 or 10 choices.
When you made all your choices in a given environment, you will start making choices in the next unexplored environment.
The rewards underlying the different options are different in each environment so you will learn them anew for each environment.
Each environment starts with the value of a single option revealed.
When you choose the number corresponding to a different option, you will be told the value of that option and receive those points.
Previously revealed options, including the starting option, can also be reselected, although there may be small changes in the point value.
It is your task to to learn where the largest reward is in each of the 16 environments.

Environment number 1:
The value of option 15 is 72. You have 5 choices to make in this environment.
You press <<16>> and receive 66 points.
You press <<14>> and receive 36 points.
You press <<13>> and receive 23 points.
You press <<8>> and receive 3 points.
You press <<22>> and receive 23 points.

Environment number 2:
The value of option 10 is 48. You have 10 choices to make in this environment.
You press <<10>> and receive 49 points.
You press <<9>> and receive 11 points.
You press <<11>> and receive 63 points.
You press <<12>> and receive 54 points.
You press <<13>> and receive 54 points.
You press <<14>> and receive 43 points.
You press <<15>> and receive 56 points.
You press <<16>> and receive 31 points.
You press <<17>> and receive 47 points.
You press <<18>> and receive 70 points.

Environment number 3:
The value of option 5 is 40. You have 5 choices to make in this environment.
You press <<4>> and receive 32 points.
You press <<6>> and receive 33 points.
You press <<7>> and receive 21 points.
You press <<8>> and receive 41 points.
You press <<9>> and receive 42 points.

Environment number 4:
The value of option 20 is 35. You have 5 choices to make in this environment.
You press <<19>> and receive 34 points.
You press <<21>> and receive 54 points.
You press <<22>> and receive 74 points.
You press <<23>> and receive 72 points.
You press <<24>> and receive 75 points.

Environment number 5:
The value of option 21 is 23. You have 5 choices to make in this environment.
You press <<22>> and receive 13 points.
You press <<20>> and receive 63 points.
You press <<19>> and receive 64 points.
You press <<18>> and receive 77 points.
You press <<17>> and receive 59 points.

Environment number 6:
The value of option 28 is 39. You have 5 choices to make in this environment.
You press <<27>> and receive 35 points.
You press <<26>> and receive 49 points.
You press <<25>> and receive 49 points.
You press <<24>> and receive 29 points.
You press <<23>> and receive 37 points.

Environment number 7:
The value of option 17 is 30. You have 10 choices to make in this environment.
You press <<18>> and receive 20 points.
You press <<16>> and receive 41 points.
You press <<15>> and receive 47 points.
You press <<14>> and receive 32 points.
You press <<13>> and receive 0 points.
You press <<21>> and receive 73 points.
You press <<22>> and receive 62 points.
You press <<23>> and receive 49 points.
You press <<24>> and receive 43 points.
You press <<20>> and receive 51 points.

Environment number 8:
The value of option 9 is 46. You have 10 choices to make in this environment.
You press <<10>> and receive 51 points.
You press <<11>> and receive 28 points.
You press <<8>> and receive 62 points.
You press <<",78
8,26,5,6,1,rough,9,10,46,23,"You will be presented with a series of 16 different environments to explore.
In each trial, you can select an option between numbers 1 and 30 by pressing the corresponding key.
By selecting any of these options, you will earn points associated with each unique option.
Imagine these options 1 through 30 as lying next to each other in an ordered line; options closer to each other tend to have similar rewards as rewards tend to cluster together.
For each environment, you will be able to make either 5 or 10 choices.
When you made all your choices in a given environment, you will start making choices in the next unexplored environment.
The rewards underlying the different options are different in each environment so you will learn them anew for each environment.
Each environment starts with the value of a single option revealed.
When you choose the number corresponding to a different option, you will be told the value of that option and receive those points.
Previously revealed options, including the starting option, can also be reselected, although there may be small changes in the point value.
It is your task to to learn where the largest reward is in each of the 16 environments.

Environment number 1:
The value of option 15 is 72. You have 5 choices to make in this environment.
You press <<16>> and receive 66 points.
You press <<14>> and receive 36 points.
You press <<13>> and receive 23 points.
You press <<8>> and receive 3 points.
You press <<22>> and receive 23 points.

Environment number 2:
The value of option 10 is 48. You have 10 choices to make in this environment.
You press <<10>> and receive 49 points.
You press <<9>> and receive 11 points.
You press <<11>> and receive 63 points.
You press <<12>> and receive 54 points.
You press <<13>> and receive 54 points.
You press <<14>> and receive 43 points.
You press <<15>> and receive 56 points.
You press <<16>> and receive 31 points.
You press <<17>> and receive 47 points.
You press <<18>> and receive 70 points.

Environment number 3:
The value of option 5 is 40. You have 5 choices to make in this environment.
You press <<4>> and receive 32 points.
You press <<6>> and receive 33 points.
You press <<7>> and receive 21 points.
You press <<8>> and receive 41 points.
You press <<9>> and receive 42 points.

Environment number 4:
The value of option 20 is 35. You have 5 choices to make in this environment.
You press <<19>> and receive 34 points.
You press <<21>> and receive 54 points.
You press <<22>> and receive 74 points.
You press <<23>> and receive 72 points.
You press <<24>> and receive 75 points.

Environment number 5:
The value of option 21 is 23. You have 5 choices to make in this environment.
You press <<22>> and receive 13 points.
You press <<20>> and receive 63 points.
You press <<19>> and receive 64 points.
You press <<18>> and receive 77 points.
You press <<17>> and receive 59 points.

Environment number 6:
The value of option 28 is 39. You have 5 choices to make in this environment.
You press <<27>> and receive 35 points.
You press <<26>> and receive 49 points.
You press <<25>> and receive 49 points.
You press <<24>> and receive 29 points.
You press <<23>> and receive 37 points.

Environment number 7:
The value of option 17 is 30. You have 10 choices to make in this environment.
You press <<18>> and receive 20 points.
You press <<16>> and receive 41 points.
You press <<15>> and receive 47 points.
You press <<14>> and receive 32 points.
You press <<13>> and receive 0 points.
You press <<21>> and receive 73 points.
You press <<22>> and receive 62 points.
You press <<23>> and receive 49 points.
You press <<24>> and receive 43 points.
You press <<20>> and receive 51 points.

Environment number 8:
The value of option 9 is 46. You have 10 choices to make in this environment.
You press <<10>> and receive 51 points.
You press <<11>> and receive 28 points.
You press <<8>> and receive 62 points.
You press <<7>> and receive 55 points.
You press <<",78
8,26,6,12,1,rough,9,10,46,-1,"You will be presented with a series of 16 different environments to explore.
In each trial, you can select an option between numbers 1 and 30 by pressing the corresponding key.
By selecting any of these options, you will earn points associated with each unique option.
Imagine these options 1 through 30 as lying next to each other in an ordered line; options closer to each other tend to have similar rewards as rewards tend to cluster together.
For each environment, you will be able to make either 5 or 10 choices.
When you made all your choices in a given environment, you will start making choices in the next unexplored environment.
The rewards underlying the different options are different in each environment so you will learn them anew for each environment.
Each environment starts with the value of a single option revealed.
When you choose the number corresponding to a different option, you will be told the value of that option and receive those points.
Previously revealed options, including the starting option, can also be reselected, although there may be small changes in the point value.
It is your task to to learn where the largest reward is in each of the 16 environments.

Environment number 1:
The value of option 15 is 72. You have 5 choices to make in this environment.
You press <<16>> and receive 66 points.
You press <<14>> and receive 36 points.
You press <<13>> and receive 23 points.
You press <<8>> and receive 3 points.
You press <<22>> and receive 23 points.

Environment number 2:
The value of option 10 is 48. You have 10 choices to make in this environment.
You press <<10>> and receive 49 points.
You press <<9>> and receive 11 points.
You press <<11>> and receive 63 points.
You press <<12>> and receive 54 points.
You press <<13>> and receive 54 points.
You press <<14>> and receive 43 points.
You press <<15>> and receive 56 points.
You press <<16>> and receive 31 points.
You press <<17>> and receive 47 points.
You press <<18>> and receive 70 points.

Environment number 3:
The value of option 5 is 40. You have 5 choices to make in this environment.
You press <<4>> and receive 32 points.
You press <<6>> and receive 33 points.
You press <<7>> and receive 21 points.
You press <<8>> and receive 41 points.
You press <<9>> and receive 42 points.

Environment number 4:
The value of option 20 is 35. You have 5 choices to make in this environment.
You press <<19>> and receive 34 points.
You press <<21>> and receive 54 points.
You press <<22>> and receive 74 points.
You press <<23>> and receive 72 points.
You press <<24>> and receive 75 points.

Environment number 5:
The value of option 21 is 23. You have 5 choices to make in this environment.
You press <<22>> and receive 13 points.
You press <<20>> and receive 63 points.
You press <<19>> and receive 64 points.
You press <<18>> and receive 77 points.
You press <<17>> and receive 59 points.

Environment number 6:
The value of option 28 is 39. You have 5 choices to make in this environment.
You press <<27>> and receive 35 points.
You press <<26>> and receive 49 points.
You press <<25>> and receive 49 points.
You press <<24>> and receive 29 points.
You press <<23>> and receive 37 points.

Environment number 7:
The value of option 17 is 30. You have 10 choices to make in this environment.
You press <<18>> and receive 20 points.
You press <<16>> and receive 41 points.
You press <<15>> and receive 47 points.
You press <<14>> and receive 32 points.
You press <<13>> and receive 0 points.
You press <<21>> and receive 73 points.
You press <<22>> and receive 62 points.
You press <<23>> and receive 49 points.
You press <<24>> and receive 43 points.
You press <<20>> and receive 51 points.

Environment number 8:
The value of option 9 is 46. You have 10 choices to make in this environment.
You press <<10>> and receive 51 points.
You press <<11>> and receive 28 points.
You press <<8>> and receive 62 points.
You press <<7>> and receive 55 points.
You press <<6>> and receive 23 points.
You press <<",78
8,26,7,19,1,rough,9,10,46,28,"You will be presented with a series of 16 different environments to explore.
In each trial, you can select an option between numbers 1 and 30 by pressing the corresponding key.
By selecting any of these options, you will earn points associated with each unique option.
Imagine these options 1 through 30 as lying next to each other in an ordered line; options closer to each other tend to have similar rewards as rewards tend to cluster together.
For each environment, you will be able to make either 5 or 10 choices.
When you made all your choices in a given environment, you will start making choices in the next unexplored environment.
The rewards underlying the different options are different in each environment so you will learn them anew for each environment.
Each environment starts with the value of a single option revealed.
When you choose the number corresponding to a different option, you will be told the value of that option and receive those points.
Previously revealed options, including the starting option, can also be reselected, although there may be small changes in the point value.
It is your task to to learn where the largest reward is in each of the 16 environments.

Environment number 1:
The value of option 15 is 72. You have 5 choices to make in this environment.
You press <<16>> and receive 66 points.
You press <<14>> and receive 36 points.
You press <<13>> and receive 23 points.
You press <<8>> and receive 3 points.
You press <<22>> and receive 23 points.

Environment number 2:
The value of option 10 is 48. You have 10 choices to make in this environment.
You press <<10>> and receive 49 points.
You press <<9>> and receive 11 points.
You press <<11>> and receive 63 points.
You press <<12>> and receive 54 points.
You press <<13>> and receive 54 points.
You press <<14>> and receive 43 points.
You press <<15>> and receive 56 points.
You press <<16>> and receive 31 points.
You press <<17>> and receive 47 points.
You press <<18>> and receive 70 points.

Environment number 3:
The value of option 5 is 40. You have 5 choices to make in this environment.
You press <<4>> and receive 32 points.
You press <<6>> and receive 33 points.
You press <<7>> and receive 21 points.
You press <<8>> and receive 41 points.
You press <<9>> and receive 42 points.

Environment number 4:
The value of option 20 is 35. You have 5 choices to make in this environment.
You press <<19>> and receive 34 points.
You press <<21>> and receive 54 points.
You press <<22>> and receive 74 points.
You press <<23>> and receive 72 points.
You press <<24>> and receive 75 points.

Environment number 5:
The value of option 21 is 23. You have 5 choices to make in this environment.
You press <<22>> and receive 13 points.
You press <<20>> and receive 63 points.
You press <<19>> and receive 64 points.
You press <<18>> and receive 77 points.
You press <<17>> and receive 59 points.

Environment number 6:
The value of option 28 is 39. You have 5 choices to make in this environment.
You press <<27>> and receive 35 points.
You press <<26>> and receive 49 points.
You press <<25>> and receive 49 points.
You press <<24>> and receive 29 points.
You press <<23>> and receive 37 points.

Environment number 7:
The value of option 17 is 30. You have 10 choices to make in this environment.
You press <<18>> and receive 20 points.
You press <<16>> and receive 41 points.
You press <<15>> and receive 47 points.
You press <<14>> and receive 32 points.
You press <<13>> and receive 0 points.
You press <<21>> and receive 73 points.
You press <<22>> and receive 62 points.
You press <<23>> and receive 49 points.
You press <<24>> and receive 43 points.
You press <<20>> and receive 51 points.

Environment number 8:
The value of option 9 is 46. You have 10 choices to make in this environment.
You press <<10>> and receive 51 points.
You press <<11>> and receive 28 points.
You press <<8>> and receive 62 points.
You press <<7>> and receive 55 points.
You press <<6>> and receive 23 points.
You press <<12>> and receive -1 points.
You press <<",78
8,26,8,18,1,rough,9,10,46,63,"You will be presented with a series of 16 different environments to explore.
In each trial, you can select an option between numbers 1 and 30 by pressing the corresponding key.
By selecting any of these options, you will earn points associated with each unique option.
Imagine these options 1 through 30 as lying next to each other in an ordered line; options closer to each other tend to have similar rewards as rewards tend to cluster together.
For each environment, you will be able to make either 5 or 10 choices.
When you made all your choices in a given environment, you will start making choices in the next unexplored environment.
The rewards underlying the different options are different in each environment so you will learn them anew for each environment.
Each environment starts with the value of a single option revealed.
When you choose the number corresponding to a different option, you will be told the value of that option and receive those points.
Previously revealed options, including the starting option, can also be reselected, although there may be small changes in the point value.
It is your task to to learn where the largest reward is in each of the 16 environments.

Environment number 1:
The value of option 15 is 72. You have 5 choices to make in this environment.
You press <<16>> and receive 66 points.
You press <<14>> and receive 36 points.
You press <<13>> and receive 23 points.
You press <<8>> and receive 3 points.
You press <<22>> and receive 23 points.

Environment number 2:
The value of option 10 is 48. You have 10 choices to make in this environment.
You press <<10>> and receive 49 points.
You press <<9>> and receive 11 points.
You press <<11>> and receive 63 points.
You press <<12>> and receive 54 points.
You press <<13>> and receive 54 points.
You press <<14>> and receive 43 points.
You press <<15>> and receive 56 points.
You press <<16>> and receive 31 points.
You press <<17>> and receive 47 points.
You press <<18>> and receive 70 points.

Environment number 3:
The value of option 5 is 40. You have 5 choices to make in this environment.
You press <<4>> and receive 32 points.
You press <<6>> and receive 33 points.
You press <<7>> and receive 21 points.
You press <<8>> and receive 41 points.
You press <<9>> and receive 42 points.

Environment number 4:
The value of option 20 is 35. You have 5 choices to make in this environment.
You press <<19>> and receive 34 points.
You press <<21>> and receive 54 points.
You press <<22>> and receive 74 points.
You press <<23>> and receive 72 points.
You press <<24>> and receive 75 points.

Environment number 5:
The value of option 21 is 23. You have 5 choices to make in this environment.
You press <<22>> and receive 13 points.
You press <<20>> and receive 63 points.
You press <<19>> and receive 64 points.
You press <<18>> and receive 77 points.
You press <<17>> and receive 59 points.

Environment number 6:
The value of option 28 is 39. You have 5 choices to make in this environment.
You press <<27>> and receive 35 points.
You press <<26>> and receive 49 points.
You press <<25>> and receive 49 points.
You press <<24>> and receive 29 points.
You press <<23>> and receive 37 points.

Environment number 7:
The value of option 17 is 30. You have 10 choices to make in this environment.
You press <<18>> and receive 20 points.
You press <<16>> and receive 41 points.
You press <<15>> and receive 47 points.
You press <<14>> and receive 32 points.
You press <<13>> and receive 0 points.
You press <<21>> and receive 73 points.
You press <<22>> and receive 62 points.
You press <<23>> and receive 49 points.
You press <<24>> and receive 43 points.
You press <<20>> and receive 51 points.

Environment number 8:
The value of option 9 is 46. You have 10 choices to make in this environment.
You press <<10>> and receive 51 points.
You press <<11>> and receive 28 points.
You press <<8>> and receive 62 points.
You press <<7>> and receive 55 points.
You press <<6>> and receive 23 points.
You press <<12>> and receive -1 points.
You press <<19>> and receive 28 points.
You press <<",78
8,26,9,17,1,rough,9,10,46,79,"You will be presented with a series of 16 different environments to explore.
In each trial, you can select an option between numbers 1 and 30 by pressing the corresponding key.
By selecting any of these options, you will earn points associated with each unique option.
Imagine these options 1 through 30 as lying next to each other in an ordered line; options closer to each other tend to have similar rewards as rewards tend to cluster together.
For each environment, you will be able to make either 5 or 10 choices.
When you made all your choices in a given environment, you will start making choices in the next unexplored environment.
The rewards underlying the different options are different in each environment so you will learn them anew for each environment.
Each environment starts with the value of a single option revealed.
When you choose the number corresponding to a different option, you will be told the value of that option and receive those points.
Previously revealed options, including the starting option, can also be reselected, although there may be small changes in the point value.
It is your task to to learn where the largest reward is in each of the 16 environments.

Environment number 1:
The value of option 15 is 72. You have 5 choices to make in this environment.
You press <<16>> and receive 66 points.
You press <<14>> and receive 36 points.
You press <<13>> and receive 23 points.
You press <<8>> and receive 3 points.
You press <<22>> and receive 23 points.

Environment number 2:
The value of option 10 is 48. You have 10 choices to make in this environment.
You press <<10>> and receive 49 points.
You press <<9>> and receive 11 points.
You press <<11>> and receive 63 points.
You press <<12>> and receive 54 points.
You press <<13>> and receive 54 points.
You press <<14>> and receive 43 points.
You press <<15>> and receive 56 points.
You press <<16>> and receive 31 points.
You press <<17>> and receive 47 points.
You press <<18>> and receive 70 points.

Environment number 3:
The value of option 5 is 40. You have 5 choices to make in this environment.
You press <<4>> and receive 32 points.
You press <<6>> and receive 33 points.
You press <<7>> and receive 21 points.
You press <<8>> and receive 41 points.
You press <<9>> and receive 42 points.

Environment number 4:
The value of option 20 is 35. You have 5 choices to make in this environment.
You press <<19>> and receive 34 points.
You press <<21>> and receive 54 points.
You press <<22>> and receive 74 points.
You press <<23>> and receive 72 points.
You press <<24>> and receive 75 points.

Environment number 5:
The value of option 21 is 23. You have 5 choices to make in this environment.
You press <<22>> and receive 13 points.
You press <<20>> and receive 63 points.
You press <<19>> and receive 64 points.
You press <<18>> and receive 77 points.
You press <<17>> and receive 59 points.

Environment number 6:
The value of option 28 is 39. You have 5 choices to make in this environment.
You press <<27>> and receive 35 points.
You press <<26>> and receive 49 points.
You press <<25>> and receive 49 points.
You press <<24>> and receive 29 points.
You press <<23>> and receive 37 points.

Environment number 7:
The value of option 17 is 30. You have 10 choices to make in this environment.
You press <<18>> and receive 20 points.
You press <<16>> and receive 41 points.
You press <<15>> and receive 47 points.
You press <<14>> and receive 32 points.
You press <<13>> and receive 0 points.
You press <<21>> and receive 73 points.
You press <<22>> and receive 62 points.
You press <<23>> and receive 49 points.
You press <<24>> and receive 43 points.
You press <<20>> and receive 51 points.

Environment number 8:
The value of option 9 is 46. You have 10 choices to make in this environment.
You press <<10>> and receive 51 points.
You press <<11>> and receive 28 points.
You press <<8>> and receive 62 points.
You press <<7>> and receive 55 points.
You press <<6>> and receive 23 points.
You press <<12>> and receive -1 points.
You press <<19>> and receive 28 points.
You press <<18>> and receive 63 points.
You press <<",78
8,26,10,16,1,rough,9,10,46,52,"You will be presented with a series of 16 different environments to explore.
In each trial, you can select an option between numbers 1 and 30 by pressing the corresponding key.
By selecting any of these options, you will earn points associated with each unique option.
Imagine these options 1 through 30 as lying next to each other in an ordered line; options closer to each other tend to have similar rewards as rewards tend to cluster together.
For each environment, you will be able to make either 5 or 10 choices.
When you made all your choices in a given environment, you will start making choices in the next unexplored environment.
The rewards underlying the different options are different in each environment so you will learn them anew for each environment.
Each environment starts with the value of a single option revealed.
When you choose the number corresponding to a different option, you will be told the value of that option and receive those points.
Previously revealed options, including the starting option, can also be reselected, although there may be small changes in the point value.
It is your task to to learn where the largest reward is in each of the 16 environments.

Environment number 1:
The value of option 15 is 72. You have 5 choices to make in this environment.
You press <<16>> and receive 66 points.
You press <<14>> and receive 36 points.
You press <<13>> and receive 23 points.
You press <<8>> and receive 3 points.
You press <<22>> and receive 23 points.

Environment number 2:
The value of option 10 is 48. You have 10 choices to make in this environment.
You press <<10>> and receive 49 points.
You press <<9>> and receive 11 points.
You press <<11>> and receive 63 points.
You press <<12>> and receive 54 points.
You press <<13>> and receive 54 points.
You press <<14>> and receive 43 points.
You press <<15>> and receive 56 points.
You press <<16>> and receive 31 points.
You press <<17>> and receive 47 points.
You press <<18>> and receive 70 points.

Environment number 3:
The value of option 5 is 40. You have 5 choices to make in this environment.
You press <<4>> and receive 32 points.
You press <<6>> and receive 33 points.
You press <<7>> and receive 21 points.
You press <<8>> and receive 41 points.
You press <<9>> and receive 42 points.

Environment number 4:
The value of option 20 is 35. You have 5 choices to make in this environment.
You press <<19>> and receive 34 points.
You press <<21>> and receive 54 points.
You press <<22>> and receive 74 points.
You press <<23>> and receive 72 points.
You press <<24>> and receive 75 points.

Environment number 5:
The value of option 21 is 23. You have 5 choices to make in this environment.
You press <<22>> and receive 13 points.
You press <<20>> and receive 63 points.
You press <<19>> and receive 64 points.
You press <<18>> and receive 77 points.
You press <<17>> and receive 59 points.

Environment number 6:
The value of option 28 is 39. You have 5 choices to make in this environment.
You press <<27>> and receive 35 points.
You press <<26>> and receive 49 points.
You press <<25>> and receive 49 points.
You press <<24>> and receive 29 points.
You press <<23>> and receive 37 points.

Environment number 7:
The value of option 17 is 30. You have 10 choices to make in this environment.
You press <<18>> and receive 20 points.
You press <<16>> and receive 41 points.
You press <<15>> and receive 47 points.
You press <<14>> and receive 32 points.
You press <<13>> and receive 0 points.
You press <<21>> and receive 73 points.
You press <<22>> and receive 62 points.
You press <<23>> and receive 49 points.
You press <<24>> and receive 43 points.
You press <<20>> and receive 51 points.

Environment number 8:
The value of option 9 is 46. You have 10 choices to make in this environment.
You press <<10>> and receive 51 points.
You press <<11>> and receive 28 points.
You press <<8>> and receive 62 points.
You press <<7>> and receive 55 points.
You press <<6>> and receive 23 points.
You press <<12>> and receive -1 points.
You press <<19>> and receive 28 points.
You press <<18>> and receive 63 points.
You press <<17>> and receive 79 points.
You press <<",78
9,40,1,22,1,rough,23,10,38,35,"You will be presented with a series of 16 different environments to explore.
In each trial, you can select an option between numbers 1 and 30 by pressing the corresponding key.
By selecting any of these options, you will earn points associated with each unique option.
Imagine these options 1 through 30 as lying next to each other in an ordered line; options closer to each other tend to have similar rewards as rewards tend to cluster together.
For each environment, you will be able to make either 5 or 10 choices.
When you made all your choices in a given environment, you will start making choices in the next unexplored environment.
The rewards underlying the different options are different in each environment so you will learn them anew for each environment.
Each environment starts with the value of a single option revealed.
When you choose the number corresponding to a different option, you will be told the value of that option and receive those points.
Previously revealed options, including the starting option, can also be reselected, although there may be small changes in the point value.
It is your task to to learn where the largest reward is in each of the 16 environments.

Environment number 1:
The value of option 15 is 72. You have 5 choices to make in this environment.
You press <<16>> and receive 66 points.
You press <<14>> and receive 36 points.
You press <<13>> and receive 23 points.
You press <<8>> and receive 3 points.
You press <<22>> and receive 23 points.

Environment number 2:
The value of option 10 is 48. You have 10 choices to make in this environment.
You press <<10>> and receive 49 points.
You press <<9>> and receive 11 points.
You press <<11>> and receive 63 points.
You press <<12>> and receive 54 points.
You press <<13>> and receive 54 points.
You press <<14>> and receive 43 points.
You press <<15>> and receive 56 points.
You press <<16>> and receive 31 points.
You press <<17>> and receive 47 points.
You press <<18>> and receive 70 points.

Environment number 3:
The value of option 5 is 40. You have 5 choices to make in this environment.
You press <<4>> and receive 32 points.
You press <<6>> and receive 33 points.
You press <<7>> and receive 21 points.
You press <<8>> and receive 41 points.
You press <<9>> and receive 42 points.

Environment number 4:
The value of option 20 is 35. You have 5 choices to make in this environment.
You press <<19>> and receive 34 points.
You press <<21>> and receive 54 points.
You press <<22>> and receive 74 points.
You press <<23>> and receive 72 points.
You press <<24>> and receive 75 points.

Environment number 5:
The value of option 21 is 23. You have 5 choices to make in this environment.
You press <<22>> and receive 13 points.
You press <<20>> and receive 63 points.
You press <<19>> and receive 64 points.
You press <<18>> and receive 77 points.
You press <<17>> and receive 59 points.

Environment number 6:
The value of option 28 is 39. You have 5 choices to make in this environment.
You press <<27>> and receive 35 points.
You press <<26>> and receive 49 points.
You press <<25>> and receive 49 points.
You press <<24>> and receive 29 points.
You press <<23>> and receive 37 points.

Environment number 7:
The value of option 17 is 30. You have 10 choices to make in this environment.
You press <<18>> and receive 20 points.
You press <<16>> and receive 41 points.
You press <<15>> and receive 47 points.
You press <<14>> and receive 32 points.
You press <<13>> and receive 0 points.
You press <<21>> and receive 73 points.
You press <<22>> and receive 62 points.
You press <<23>> and receive 49 points.
You press <<24>> and receive 43 points.
You press <<20>> and receive 51 points.

Environment number 8:
The value of option 9 is 46. You have 10 choices to make in this environment.
You press <<10>> and receive 51 points.
You press <<11>> and receive 28 points.
You press <<8>> and receive 62 points.
You press <<7>> and receive 55 points.
You press <<6>> and receive 23 points.
You press <<12>> and receive -1 points.
You press <<19>> and receive 28 points.
You press <<18>> and receive 63 points.
You press <<17>> and receive 79 points.
You press <<16>> and receive 52 points.

Environment number 9:
The value of option 23 is 38. You have 10 choices to make in this environment.
You press <<",78
9,40,2,24,1,rough,23,10,38,26,"You will be presented with a series of 16 different environments to explore.
In each trial, you can select an option between numbers 1 and 30 by pressing the corresponding key.
By selecting any of these options, you will earn points associated with each unique option.
Imagine these options 1 through 30 as lying next to each other in an ordered line; options closer to each other tend to have similar rewards as rewards tend to cluster together.
For each environment, you will be able to make either 5 or 10 choices.
When you made all your choices in a given environment, you will start making choices in the next unexplored environment.
The rewards underlying the different options are different in each environment so you will learn them anew for each environment.
Each environment starts with the value of a single option revealed.
When you choose the number corresponding to a different option, you will be told the value of that option and receive those points.
Previously revealed options, including the starting option, can also be reselected, although there may be small changes in the point value.
It is your task to to learn where the largest reward is in each of the 16 environments.

Environment number 1:
The value of option 15 is 72. You have 5 choices to make in this environment.
You press <<16>> and receive 66 points.
You press <<14>> and receive 36 points.
You press <<13>> and receive 23 points.
You press <<8>> and receive 3 points.
You press <<22>> and receive 23 points.

Environment number 2:
The value of option 10 is 48. You have 10 choices to make in this environment.
You press <<10>> and receive 49 points.
You press <<9>> and receive 11 points.
You press <<11>> and receive 63 points.
You press <<12>> and receive 54 points.
You press <<13>> and receive 54 points.
You press <<14>> and receive 43 points.
You press <<15>> and receive 56 points.
You press <<16>> and receive 31 points.
You press <<17>> and receive 47 points.
You press <<18>> and receive 70 points.

Environment number 3:
The value of option 5 is 40. You have 5 choices to make in this environment.
You press <<4>> and receive 32 points.
You press <<6>> and receive 33 points.
You press <<7>> and receive 21 points.
You press <<8>> and receive 41 points.
You press <<9>> and receive 42 points.

Environment number 4:
The value of option 20 is 35. You have 5 choices to make in this environment.
You press <<19>> and receive 34 points.
You press <<21>> and receive 54 points.
You press <<22>> and receive 74 points.
You press <<23>> and receive 72 points.
You press <<24>> and receive 75 points.

Environment number 5:
The value of option 21 is 23. You have 5 choices to make in this environment.
You press <<22>> and receive 13 points.
You press <<20>> and receive 63 points.
You press <<19>> and receive 64 points.
You press <<18>> and receive 77 points.
You press <<17>> and receive 59 points.

Environment number 6:
The value of option 28 is 39. You have 5 choices to make in this environment.
You press <<27>> and receive 35 points.
You press <<26>> and receive 49 points.
You press <<25>> and receive 49 points.
You press <<24>> and receive 29 points.
You press <<23>> and receive 37 points.

Environment number 7:
The value of option 17 is 30. You have 10 choices to make in this environment.
You press <<18>> and receive 20 points.
You press <<16>> and receive 41 points.
You press <<15>> and receive 47 points.
You press <<14>> and receive 32 points.
You press <<13>> and receive 0 points.
You press <<21>> and receive 73 points.
You press <<22>> and receive 62 points.
You press <<23>> and receive 49 points.
You press <<24>> and receive 43 points.
You press <<20>> and receive 51 points.

Environment number 8:
The value of option 9 is 46. You have 10 choices to make in this environment.
You press <<10>> and receive 51 points.
You press <<11>> and receive 28 points.
You press <<8>> and receive 62 points.
You press <<7>> and receive 55 points.
You press <<6>> and receive 23 points.
You press <<12>> and receive -1 points.
You press <<19>> and receive 28 points.
You press <<18>> and receive 63 points.
You press <<17>> and receive 79 points.
You press <<16>> and receive 52 points.

Environment number 9:
The value of option 23 is 38. You have 10 choices to make in this environment.
You press <<22>> and receive 35 points.
You press <<",78
9,40,3,17,1,rough,23,10,38,68,"You will be presented with a series of 16 different environments to explore.
In each trial, you can select an option between numbers 1 and 30 by pressing the corresponding key.
By selecting any of these options, you will earn points associated with each unique option.
Imagine these options 1 through 30 as lying next to each other in an ordered line; options closer to each other tend to have similar rewards as rewards tend to cluster together.
For each environment, you will be able to make either 5 or 10 choices.
When you made all your choices in a given environment, you will start making choices in the next unexplored environment.
The rewards underlying the different options are different in each environment so you will learn them anew for each environment.
Each environment starts with the value of a single option revealed.
When you choose the number corresponding to a different option, you will be told the value of that option and receive those points.
Previously revealed options, including the starting option, can also be reselected, although there may be small changes in the point value.
It is your task to to learn where the largest reward is in each of the 16 environments.

Environment number 1:
The value of option 15 is 72. You have 5 choices to make in this environment.
You press <<16>> and receive 66 points.
You press <<14>> and receive 36 points.
You press <<13>> and receive 23 points.
You press <<8>> and receive 3 points.
You press <<22>> and receive 23 points.

Environment number 2:
The value of option 10 is 48. You have 10 choices to make in this environment.
You press <<10>> and receive 49 points.
You press <<9>> and receive 11 points.
You press <<11>> and receive 63 points.
You press <<12>> and receive 54 points.
You press <<13>> and receive 54 points.
You press <<14>> and receive 43 points.
You press <<15>> and receive 56 points.
You press <<16>> and receive 31 points.
You press <<17>> and receive 47 points.
You press <<18>> and receive 70 points.

Environment number 3:
The value of option 5 is 40. You have 5 choices to make in this environment.
You press <<4>> and receive 32 points.
You press <<6>> and receive 33 points.
You press <<7>> and receive 21 points.
You press <<8>> and receive 41 points.
You press <<9>> and receive 42 points.

Environment number 4:
The value of option 20 is 35. You have 5 choices to make in this environment.
You press <<19>> and receive 34 points.
You press <<21>> and receive 54 points.
You press <<22>> and receive 74 points.
You press <<23>> and receive 72 points.
You press <<24>> and receive 75 points.

Environment number 5:
The value of option 21 is 23. You have 5 choices to make in this environment.
You press <<22>> and receive 13 points.
You press <<20>> and receive 63 points.
You press <<19>> and receive 64 points.
You press <<18>> and receive 77 points.
You press <<17>> and receive 59 points.

Environment number 6:
The value of option 28 is 39. You have 5 choices to make in this environment.
You press <<27>> and receive 35 points.
You press <<26>> and receive 49 points.
You press <<25>> and receive 49 points.
You press <<24>> and receive 29 points.
You press <<23>> and receive 37 points.

Environment number 7:
The value of option 17 is 30. You have 10 choices to make in this environment.
You press <<18>> and receive 20 points.
You press <<16>> and receive 41 points.
You press <<15>> and receive 47 points.
You press <<14>> and receive 32 points.
You press <<13>> and receive 0 points.
You press <<21>> and receive 73 points.
You press <<22>> and receive 62 points.
You press <<23>> and receive 49 points.
You press <<24>> and receive 43 points.
You press <<20>> and receive 51 points.

Environment number 8:
The value of option 9 is 46. You have 10 choices to make in this environment.
You press <<10>> and receive 51 points.
You press <<11>> and receive 28 points.
You press <<8>> and receive 62 points.
You press <<7>> and receive 55 points.
You press <<6>> and receive 23 points.
You press <<12>> and receive -1 points.
You press <<19>> and receive 28 points.
You press <<18>> and receive 63 points.
You press <<17>> and receive 79 points.
You press <<16>> and receive 52 points.

Environment number 9:
The value of option 23 is 38. You have 10 choices to make in this environment.
You press <<22>> and receive 35 points.
You press <<24>> and receive 26 points.
You press <<",78
9,40,4,18,1,rough,23,10,38,44,"You will be presented with a series of 16 different environments to explore.
In each trial, you can select an option between numbers 1 and 30 by pressing the corresponding key.
By selecting any of these options, you will earn points associated with each unique option.
Imagine these options 1 through 30 as lying next to each other in an ordered line; options closer to each other tend to have similar rewards as rewards tend to cluster together.
For each environment, you will be able to make either 5 or 10 choices.
When you made all your choices in a given environment, you will start making choices in the next unexplored environment.
The rewards underlying the different options are different in each environment so you will learn them anew for each environment.
Each environment starts with the value of a single option revealed.
When you choose the number corresponding to a different option, you will be told the value of that option and receive those points.
Previously revealed options, including the starting option, can also be reselected, although there may be small changes in the point value.
It is your task to to learn where the largest reward is in each of the 16 environments.

Environment number 1:
The value of option 15 is 72. You have 5 choices to make in this environment.
You press <<16>> and receive 66 points.
You press <<14>> and receive 36 points.
You press <<13>> and receive 23 points.
You press <<8>> and receive 3 points.
You press <<22>> and receive 23 points.

Environment number 2:
The value of option 10 is 48. You have 10 choices to make in this environment.
You press <<10>> and receive 49 points.
You press <<9>> and receive 11 points.
You press <<11>> and receive 63 points.
You press <<12>> and receive 54 points.
You press <<13>> and receive 54 points.
You press <<14>> and receive 43 points.
You press <<15>> and receive 56 points.
You press <<16>> and receive 31 points.
You press <<17>> and receive 47 points.
You press <<18>> and receive 70 points.

Environment number 3:
The value of option 5 is 40. You have 5 choices to make in this environment.
You press <<4>> and receive 32 points.
You press <<6>> and receive 33 points.
You press <<7>> and receive 21 points.
You press <<8>> and receive 41 points.
You press <<9>> and receive 42 points.

Environment number 4:
The value of option 20 is 35. You have 5 choices to make in this environment.
You press <<19>> and receive 34 points.
You press <<21>> and receive 54 points.
You press <<22>> and receive 74 points.
You press <<23>> and receive 72 points.
You press <<24>> and receive 75 points.

Environment number 5:
The value of option 21 is 23. You have 5 choices to make in this environment.
You press <<22>> and receive 13 points.
You press <<20>> and receive 63 points.
You press <<19>> and receive 64 points.
You press <<18>> and receive 77 points.
You press <<17>> and receive 59 points.

Environment number 6:
The value of option 28 is 39. You have 5 choices to make in this environment.
You press <<27>> and receive 35 points.
You press <<26>> and receive 49 points.
You press <<25>> and receive 49 points.
You press <<24>> and receive 29 points.
You press <<23>> and receive 37 points.

Environment number 7:
The value of option 17 is 30. You have 10 choices to make in this environment.
You press <<18>> and receive 20 points.
You press <<16>> and receive 41 points.
You press <<15>> and receive 47 points.
You press <<14>> and receive 32 points.
You press <<13>> and receive 0 points.
You press <<21>> and receive 73 points.
You press <<22>> and receive 62 points.
You press <<23>> and receive 49 points.
You press <<24>> and receive 43 points.
You press <<20>> and receive 51 points.

Environment number 8:
The value of option 9 is 46. You have 10 choices to make in this environment.
You press <<10>> and receive 51 points.
You press <<11>> and receive 28 points.
You press <<8>> and receive 62 points.
You press <<7>> and receive 55 points.
You press <<6>> and receive 23 points.
You press <<12>> and receive -1 points.
You press <<19>> and receive 28 points.
You press <<18>> and receive 63 points.
You press <<17>> and receive 79 points.
You press <<16>> and receive 52 points.

Environment number 9:
The value of option 23 is 38. You have 10 choices to make in this environment.
You press <<22>> and receive 35 points.
You press <<24>> and receive 26 points.
You press <<17>> and receive 68 points.
You press <<",78
9,40,5,16,1,rough,23,10,38,46,"You will be presented with a series of 16 different environments to explore.
In each trial, you can select an option between numbers 1 and 30 by pressing the corresponding key.
By selecting any of these options, you will earn points associated with each unique option.
Imagine these options 1 through 30 as lying next to each other in an ordered line; options closer to each other tend to have similar rewards as rewards tend to cluster together.
For each environment, you will be able to make either 5 or 10 choices.
When you made all your choices in a given environment, you will start making choices in the next unexplored environment.
The rewards underlying the different options are different in each environment so you will learn them anew for each environment.
Each environment starts with the value of a single option revealed.
When you choose the number corresponding to a different option, you will be told the value of that option and receive those points.
Previously revealed options, including the starting option, can also be reselected, although there may be small changes in the point value.
It is your task to to learn where the largest reward is in each of the 16 environments.

Environment number 1:
The value of option 15 is 72. You have 5 choices to make in this environment.
You press <<16>> and receive 66 points.
You press <<14>> and receive 36 points.
You press <<13>> and receive 23 points.
You press <<8>> and receive 3 points.
You press <<22>> and receive 23 points.

Environment number 2:
The value of option 10 is 48. You have 10 choices to make in this environment.
You press <<10>> and receive 49 points.
You press <<9>> and receive 11 points.
You press <<11>> and receive 63 points.
You press <<12>> and receive 54 points.
You press <<13>> and receive 54 points.
You press <<14>> and receive 43 points.
You press <<15>> and receive 56 points.
You press <<16>> and receive 31 points.
You press <<17>> and receive 47 points.
You press <<18>> and receive 70 points.

Environment number 3:
The value of option 5 is 40. You have 5 choices to make in this environment.
You press <<4>> and receive 32 points.
You press <<6>> and receive 33 points.
You press <<7>> and receive 21 points.
You press <<8>> and receive 41 points.
You press <<9>> and receive 42 points.

Environment number 4:
The value of option 20 is 35. You have 5 choices to make in this environment.
You press <<19>> and receive 34 points.
You press <<21>> and receive 54 points.
You press <<22>> and receive 74 points.
You press <<23>> and receive 72 points.
You press <<24>> and receive 75 points.

Environment number 5:
The value of option 21 is 23. You have 5 choices to make in this environment.
You press <<22>> and receive 13 points.
You press <<20>> and receive 63 points.
You press <<19>> and receive 64 points.
You press <<18>> and receive 77 points.
You press <<17>> and receive 59 points.

Environment number 6:
The value of option 28 is 39. You have 5 choices to make in this environment.
You press <<27>> and receive 35 points.
You press <<26>> and receive 49 points.
You press <<25>> and receive 49 points.
You press <<24>> and receive 29 points.
You press <<23>> and receive 37 points.

Environment number 7:
The value of option 17 is 30. You have 10 choices to make in this environment.
You press <<18>> and receive 20 points.
You press <<16>> and receive 41 points.
You press <<15>> and receive 47 points.
You press <<14>> and receive 32 points.
You press <<13>> and receive 0 points.
You press <<21>> and receive 73 points.
You press <<22>> and receive 62 points.
You press <<23>> and receive 49 points.
You press <<24>> and receive 43 points.
You press <<20>> and receive 51 points.

Environment number 8:
The value of option 9 is 46. You have 10 choices to make in this environment.
You press <<10>> and receive 51 points.
You press <<11>> and receive 28 points.
You press <<8>> and receive 62 points.
You press <<7>> and receive 55 points.
You press <<6>> and receive 23 points.
You press <<12>> and receive -1 points.
You press <<19>> and receive 28 points.
You press <<18>> and receive 63 points.
You press <<17>> and receive 79 points.
You press <<16>> and receive 52 points.

Environment number 9:
The value of option 23 is 38. You have 10 choices to make in this environment.
You press <<22>> and receive 35 points.
You press <<24>> and receive 26 points.
You press <<17>> and receive 68 points.
You press <<18>> and receive 44 points.
You press <<",78
9,40,6,15,1,rough,23,10,38,16,"You will be presented with a series of 16 different environments to explore.
In each trial, you can select an option between numbers 1 and 30 by pressing the corresponding key.
By selecting any of these options, you will earn points associated with each unique option.
Imagine these options 1 through 30 as lying next to each other in an ordered line; options closer to each other tend to have similar rewards as rewards tend to cluster together.
For each environment, you will be able to make either 5 or 10 choices.
When you made all your choices in a given environment, you will start making choices in the next unexplored environment.
The rewards underlying the different options are different in each environment so you will learn them anew for each environment.
Each environment starts with the value of a single option revealed.
When you choose the number corresponding to a different option, you will be told the value of that option and receive those points.
Previously revealed options, including the starting option, can also be reselected, although there may be small changes in the point value.
It is your task to to learn where the largest reward is in each of the 16 environments.

Environment number 1:
The value of option 15 is 72. You have 5 choices to make in this environment.
You press <<16>> and receive 66 points.
You press <<14>> and receive 36 points.
You press <<13>> and receive 23 points.
You press <<8>> and receive 3 points.
You press <<22>> and receive 23 points.

Environment number 2:
The value of option 10 is 48. You have 10 choices to make in this environment.
You press <<10>> and receive 49 points.
You press <<9>> and receive 11 points.
You press <<11>> and receive 63 points.
You press <<12>> and receive 54 points.
You press <<13>> and receive 54 points.
You press <<14>> and receive 43 points.
You press <<15>> and receive 56 points.
You press <<16>> and receive 31 points.
You press <<17>> and receive 47 points.
You press <<18>> and receive 70 points.

Environment number 3:
The value of option 5 is 40. You have 5 choices to make in this environment.
You press <<4>> and receive 32 points.
You press <<6>> and receive 33 points.
You press <<7>> and receive 21 points.
You press <<8>> and receive 41 points.
You press <<9>> and receive 42 points.

Environment number 4:
The value of option 20 is 35. You have 5 choices to make in this environment.
You press <<19>> and receive 34 points.
You press <<21>> and receive 54 points.
You press <<22>> and receive 74 points.
You press <<23>> and receive 72 points.
You press <<24>> and receive 75 points.

Environment number 5:
The value of option 21 is 23. You have 5 choices to make in this environment.
You press <<22>> and receive 13 points.
You press <<20>> and receive 63 points.
You press <<19>> and receive 64 points.
You press <<18>> and receive 77 points.
You press <<17>> and receive 59 points.

Environment number 6:
The value of option 28 is 39. You have 5 choices to make in this environment.
You press <<27>> and receive 35 points.
You press <<26>> and receive 49 points.
You press <<25>> and receive 49 points.
You press <<24>> and receive 29 points.
You press <<23>> and receive 37 points.

Environment number 7:
The value of option 17 is 30. You have 10 choices to make in this environment.
You press <<18>> and receive 20 points.
You press <<16>> and receive 41 points.
You press <<15>> and receive 47 points.
You press <<14>> and receive 32 points.
You press <<13>> and receive 0 points.
You press <<21>> and receive 73 points.
You press <<22>> and receive 62 points.
You press <<23>> and receive 49 points.
You press <<24>> and receive 43 points.
You press <<20>> and receive 51 points.

Environment number 8:
The value of option 9 is 46. You have 10 choices to make in this environment.
You press <<10>> and receive 51 points.
You press <<11>> and receive 28 points.
You press <<8>> and receive 62 points.
You press <<7>> and receive 55 points.
You press <<6>> and receive 23 points.
You press <<12>> and receive -1 points.
You press <<19>> and receive 28 points.
You press <<18>> and receive 63 points.
You press <<17>> and receive 79 points.
You press <<16>> and receive 52 points.

Environment number 9:
The value of option 23 is 38. You have 10 choices to make in this environment.
You press <<22>> and receive 35 points.
You press <<24>> and receive 26 points.
You press <<17>> and receive 68 points.
You press <<18>> and receive 44 points.
You press <<16>> and receive 46 points.
You press <<",78
9,40,7,19,1,rough,23,10,38,16,"You will be presented with a series of 16 different environments to explore.
In each trial, you can select an option between numbers 1 and 30 by pressing the corresponding key.
By selecting any of these options, you will earn points associated with each unique option.
Imagine these options 1 through 30 as lying next to each other in an ordered line; options closer to each other tend to have similar rewards as rewards tend to cluster together.
For each environment, you will be able to make either 5 or 10 choices.
When you made all your choices in a given environment, you will start making choices in the next unexplored environment.
The rewards underlying the different options are different in each environment so you will learn them anew for each environment.
Each environment starts with the value of a single option revealed.
When you choose the number corresponding to a different option, you will be told the value of that option and receive those points.
Previously revealed options, including the starting option, can also be reselected, although there may be small changes in the point value.
It is your task to to learn where the largest reward is in each of the 16 environments.

Environment number 1:
The value of option 15 is 72. You have 5 choices to make in this environment.
You press <<16>> and receive 66 points.
You press <<14>> and receive 36 points.
You press <<13>> and receive 23 points.
You press <<8>> and receive 3 points.
You press <<22>> and receive 23 points.

Environment number 2:
The value of option 10 is 48. You have 10 choices to make in this environment.
You press <<10>> and receive 49 points.
You press <<9>> and receive 11 points.
You press <<11>> and receive 63 points.
You press <<12>> and receive 54 points.
You press <<13>> and receive 54 points.
You press <<14>> and receive 43 points.
You press <<15>> and receive 56 points.
You press <<16>> and receive 31 points.
You press <<17>> and receive 47 points.
You press <<18>> and receive 70 points.

Environment number 3:
The value of option 5 is 40. You have 5 choices to make in this environment.
You press <<4>> and receive 32 points.
You press <<6>> and receive 33 points.
You press <<7>> and receive 21 points.
You press <<8>> and receive 41 points.
You press <<9>> and receive 42 points.

Environment number 4:
The value of option 20 is 35. You have 5 choices to make in this environment.
You press <<19>> and receive 34 points.
You press <<21>> and receive 54 points.
You press <<22>> and receive 74 points.
You press <<23>> and receive 72 points.
You press <<24>> and receive 75 points.

Environment number 5:
The value of option 21 is 23. You have 5 choices to make in this environment.
You press <<22>> and receive 13 points.
You press <<20>> and receive 63 points.
You press <<19>> and receive 64 points.
You press <<18>> and receive 77 points.
You press <<17>> and receive 59 points.

Environment number 6:
The value of option 28 is 39. You have 5 choices to make in this environment.
You press <<27>> and receive 35 points.
You press <<26>> and receive 49 points.
You press <<25>> and receive 49 points.
You press <<24>> and receive 29 points.
You press <<23>> and receive 37 points.

Environment number 7:
The value of option 17 is 30. You have 10 choices to make in this environment.
You press <<18>> and receive 20 points.
You press <<16>> and receive 41 points.
You press <<15>> and receive 47 points.
You press <<14>> and receive 32 points.
You press <<13>> and receive 0 points.
You press <<21>> and receive 73 points.
You press <<22>> and receive 62 points.
You press <<23>> and receive 49 points.
You press <<24>> and receive 43 points.
You press <<20>> and receive 51 points.

Environment number 8:
The value of option 9 is 46. You have 10 choices to make in this environment.
You press <<10>> and receive 51 points.
You press <<11>> and receive 28 points.
You press <<8>> and receive 62 points.
You press <<7>> and receive 55 points.
You press <<6>> and receive 23 points.
You press <<12>> and receive -1 points.
You press <<19>> and receive 28 points.
You press <<18>> and receive 63 points.
You press <<17>> and receive 79 points.
You press <<16>> and receive 52 points.

Environment number 9:
The value of option 23 is 38. You have 10 choices to make in this environment.
You press <<22>> and receive 35 points.
You press <<24>> and receive 26 points.
You press <<17>> and receive 68 points.
You press <<18>> and receive 44 points.
You press <<16>> and receive 46 points.
You press <<15>> and receive 16 points.
You press <<",78
9,40,8,20,1,rough,23,10,38,0,"You will be presented with a series of 16 different environments to explore.
In each trial, you can select an option between numbers 1 and 30 by pressing the corresponding key.
By selecting any of these options, you will earn points associated with each unique option.
Imagine these options 1 through 30 as lying next to each other in an ordered line; options closer to each other tend to have similar rewards as rewards tend to cluster together.
For each environment, you will be able to make either 5 or 10 choices.
When you made all your choices in a given environment, you will start making choices in the next unexplored environment.
The rewards underlying the different options are different in each environment so you will learn them anew for each environment.
Each environment starts with the value of a single option revealed.
When you choose the number corresponding to a different option, you will be told the value of that option and receive those points.
Previously revealed options, including the starting option, can also be reselected, although there may be small changes in the point value.
It is your task to to learn where the largest reward is in each of the 16 environments.

Environment number 1:
The value of option 15 is 72. You have 5 choices to make in this environment.
You press <<16>> and receive 66 points.
You press <<14>> and receive 36 points.
You press <<13>> and receive 23 points.
You press <<8>> and receive 3 points.
You press <<22>> and receive 23 points.

Environment number 2:
The value of option 10 is 48. You have 10 choices to make in this environment.
You press <<10>> and receive 49 points.
You press <<9>> and receive 11 points.
You press <<11>> and receive 63 points.
You press <<12>> and receive 54 points.
You press <<13>> and receive 54 points.
You press <<14>> and receive 43 points.
You press <<15>> and receive 56 points.
You press <<16>> and receive 31 points.
You press <<17>> and receive 47 points.
You press <<18>> and receive 70 points.

Environment number 3:
The value of option 5 is 40. You have 5 choices to make in this environment.
You press <<4>> and receive 32 points.
You press <<6>> and receive 33 points.
You press <<7>> and receive 21 points.
You press <<8>> and receive 41 points.
You press <<9>> and receive 42 points.

Environment number 4:
The value of option 20 is 35. You have 5 choices to make in this environment.
You press <<19>> and receive 34 points.
You press <<21>> and receive 54 points.
You press <<22>> and receive 74 points.
You press <<23>> and receive 72 points.
You press <<24>> and receive 75 points.

Environment number 5:
The value of option 21 is 23. You have 5 choices to make in this environment.
You press <<22>> and receive 13 points.
You press <<20>> and receive 63 points.
You press <<19>> and receive 64 points.
You press <<18>> and receive 77 points.
You press <<17>> and receive 59 points.

Environment number 6:
The value of option 28 is 39. You have 5 choices to make in this environment.
You press <<27>> and receive 35 points.
You press <<26>> and receive 49 points.
You press <<25>> and receive 49 points.
You press <<24>> and receive 29 points.
You press <<23>> and receive 37 points.

Environment number 7:
The value of option 17 is 30. You have 10 choices to make in this environment.
You press <<18>> and receive 20 points.
You press <<16>> and receive 41 points.
You press <<15>> and receive 47 points.
You press <<14>> and receive 32 points.
You press <<13>> and receive 0 points.
You press <<21>> and receive 73 points.
You press <<22>> and receive 62 points.
You press <<23>> and receive 49 points.
You press <<24>> and receive 43 points.
You press <<20>> and receive 51 points.

Environment number 8:
The value of option 9 is 46. You have 10 choices to make in this environment.
You press <<10>> and receive 51 points.
You press <<11>> and receive 28 points.
You press <<8>> and receive 62 points.
You press <<7>> and receive 55 points.
You press <<6>> and receive 23 points.
You press <<12>> and receive -1 points.
You press <<19>> and receive 28 points.
You press <<18>> and receive 63 points.
You press <<17>> and receive 79 points.
You press <<16>> and receive 52 points.

Environment number 9:
The value of option 23 is 38. You have 10 choices to make in this environment.
You press <<22>> and receive 35 points.
You press <<24>> and receive 26 points.
You press <<17>> and receive 68 points.
You press <<18>> and receive 44 points.
You press <<16>> and receive 46 points.
You press <<15>> and receive 16 points.
You press <<19>> and receive 16 points.
You press <<",78
9,40,9,25,1,rough,23,10,38,19,"You will be presented with a series of 16 different environments to explore.
In each trial, you can select an option between numbers 1 and 30 by pressing the corresponding key.
By selecting any of these options, you will earn points associated with each unique option.
Imagine these options 1 through 30 as lying next to each other in an ordered line; options closer to each other tend to have similar rewards as rewards tend to cluster together.
For each environment, you will be able to make either 5 or 10 choices.
When you made all your choices in a given environment, you will start making choices in the next unexplored environment.
The rewards underlying the different options are different in each environment so you will learn them anew for each environment.
Each environment starts with the value of a single option revealed.
When you choose the number corresponding to a different option, you will be told the value of that option and receive those points.
Previously revealed options, including the starting option, can also be reselected, although there may be small changes in the point value.
It is your task to to learn where the largest reward is in each of the 16 environments.

Environment number 1:
The value of option 15 is 72. You have 5 choices to make in this environment.
You press <<16>> and receive 66 points.
You press <<14>> and receive 36 points.
You press <<13>> and receive 23 points.
You press <<8>> and receive 3 points.
You press <<22>> and receive 23 points.

Environment number 2:
The value of option 10 is 48. You have 10 choices to make in this environment.
You press <<10>> and receive 49 points.
You press <<9>> and receive 11 points.
You press <<11>> and receive 63 points.
You press <<12>> and receive 54 points.
You press <<13>> and receive 54 points.
You press <<14>> and receive 43 points.
You press <<15>> and receive 56 points.
You press <<16>> and receive 31 points.
You press <<17>> and receive 47 points.
You press <<18>> and receive 70 points.

Environment number 3:
The value of option 5 is 40. You have 5 choices to make in this environment.
You press <<4>> and receive 32 points.
You press <<6>> and receive 33 points.
You press <<7>> and receive 21 points.
You press <<8>> and receive 41 points.
You press <<9>> and receive 42 points.

Environment number 4:
The value of option 20 is 35. You have 5 choices to make in this environment.
You press <<19>> and receive 34 points.
You press <<21>> and receive 54 points.
You press <<22>> and receive 74 points.
You press <<23>> and receive 72 points.
You press <<24>> and receive 75 points.

Environment number 5:
The value of option 21 is 23. You have 5 choices to make in this environment.
You press <<22>> and receive 13 points.
You press <<20>> and receive 63 points.
You press <<19>> and receive 64 points.
You press <<18>> and receive 77 points.
You press <<17>> and receive 59 points.

Environment number 6:
The value of option 28 is 39. You have 5 choices to make in this environment.
You press <<27>> and receive 35 points.
You press <<26>> and receive 49 points.
You press <<25>> and receive 49 points.
You press <<24>> and receive 29 points.
You press <<23>> and receive 37 points.

Environment number 7:
The value of option 17 is 30. You have 10 choices to make in this environment.
You press <<18>> and receive 20 points.
You press <<16>> and receive 41 points.
You press <<15>> and receive 47 points.
You press <<14>> and receive 32 points.
You press <<13>> and receive 0 points.
You press <<21>> and receive 73 points.
You press <<22>> and receive 62 points.
You press <<23>> and receive 49 points.
You press <<24>> and receive 43 points.
You press <<20>> and receive 51 points.

Environment number 8:
The value of option 9 is 46. You have 10 choices to make in this environment.
You press <<10>> and receive 51 points.
You press <<11>> and receive 28 points.
You press <<8>> and receive 62 points.
You press <<7>> and receive 55 points.
You press <<6>> and receive 23 points.
You press <<12>> and receive -1 points.
You press <<19>> and receive 28 points.
You press <<18>> and receive 63 points.
You press <<17>> and receive 79 points.
You press <<16>> and receive 52 points.

Environment number 9:
The value of option 23 is 38. You have 10 choices to make in this environment.
You press <<22>> and receive 35 points.
You press <<24>> and receive 26 points.
You press <<17>> and receive 68 points.
You press <<18>> and receive 44 points.
You press <<16>> and receive 46 points.
You press <<15>> and receive 16 points.
You press <<19>> and receive 16 points.
You press <<20>> and receive 0 points.
You press <<",78
9,40,10,13,1,rough,23,10,38,33,"You will be presented with a series of 16 different environments to explore.
In each trial, you can select an option between numbers 1 and 30 by pressing the corresponding key.
By selecting any of these options, you will earn points associated with each unique option.
Imagine these options 1 through 30 as lying next to each other in an ordered line; options closer to each other tend to have similar rewards as rewards tend to cluster together.
For each environment, you will be able to make either 5 or 10 choices.
When you made all your choices in a given environment, you will start making choices in the next unexplored environment.
The rewards underlying the different options are different in each environment so you will learn them anew for each environment.
Each environment starts with the value of a single option revealed.
When you choose the number corresponding to a different option, you will be told the value of that option and receive those points.
Previously revealed options, including the starting option, can also be reselected, although there may be small changes in the point value.
It is your task to to learn where the largest reward is in each of the 16 environments.

Environment number 1:
The value of option 15 is 72. You have 5 choices to make in this environment.
You press <<16>> and receive 66 points.
You press <<14>> and receive 36 points.
You press <<13>> and receive 23 points.
You press <<8>> and receive 3 points.
You press <<22>> and receive 23 points.

Environment number 2:
The value of option 10 is 48. You have 10 choices to make in this environment.
You press <<10>> and receive 49 points.
You press <<9>> and receive 11 points.
You press <<11>> and receive 63 points.
You press <<12>> and receive 54 points.
You press <<13>> and receive 54 points.
You press <<14>> and receive 43 points.
You press <<15>> and receive 56 points.
You press <<16>> and receive 31 points.
You press <<17>> and receive 47 points.
You press <<18>> and receive 70 points.

Environment number 3:
The value of option 5 is 40. You have 5 choices to make in this environment.
You press <<4>> and receive 32 points.
You press <<6>> and receive 33 points.
You press <<7>> and receive 21 points.
You press <<8>> and receive 41 points.
You press <<9>> and receive 42 points.

Environment number 4:
The value of option 20 is 35. You have 5 choices to make in this environment.
You press <<19>> and receive 34 points.
You press <<21>> and receive 54 points.
You press <<22>> and receive 74 points.
You press <<23>> and receive 72 points.
You press <<24>> and receive 75 points.

Environment number 5:
The value of option 21 is 23. You have 5 choices to make in this environment.
You press <<22>> and receive 13 points.
You press <<20>> and receive 63 points.
You press <<19>> and receive 64 points.
You press <<18>> and receive 77 points.
You press <<17>> and receive 59 points.

Environment number 6:
The value of option 28 is 39. You have 5 choices to make in this environment.
You press <<27>> and receive 35 points.
You press <<26>> and receive 49 points.
You press <<25>> and receive 49 points.
You press <<24>> and receive 29 points.
You press <<23>> and receive 37 points.

Environment number 7:
The value of option 17 is 30. You have 10 choices to make in this environment.
You press <<18>> and receive 20 points.
You press <<16>> and receive 41 points.
You press <<15>> and receive 47 points.
You press <<14>> and receive 32 points.
You press <<13>> and receive 0 points.
You press <<21>> and receive 73 points.
You press <<22>> and receive 62 points.
You press <<23>> and receive 49 points.
You press <<24>> and receive 43 points.
You press <<20>> and receive 51 points.

Environment number 8:
The value of option 9 is 46. You have 10 choices to make in this environment.
You press <<10>> and receive 51 points.
You press <<11>> and receive 28 points.
You press <<8>> and receive 62 points.
You press <<7>> and receive 55 points.
You press <<6>> and receive 23 points.
You press <<12>> and receive -1 points.
You press <<19>> and receive 28 points.
You press <<18>> and receive 63 points.
You press <<17>> and receive 79 points.
You press <<16>> and receive 52 points.

Environment number 9:
The value of option 23 is 38. You have 10 choices to make in this environment.
You press <<22>> and receive 35 points.
You press <<24>> and receive 26 points.
You press <<17>> and receive 68 points.
You press <<18>> and receive 44 points.
You press <<16>> and receive 46 points.
You press <<15>> and receive 16 points.
You press <<19>> and receive 16 points.
You press <<20>> and receive 0 points.
You press <<25>> and receive 19 points.
You press <<",78
10,30,1,29,1,rough,30,5,4,13,"You will be presented with a series of 16 different environments to explore.
In each trial, you can select an option between numbers 1 and 30 by pressing the corresponding key.
By selecting any of these options, you will earn points associated with each unique option.
Imagine these options 1 through 30 as lying next to each other in an ordered line; options closer to each other tend to have similar rewards as rewards tend to cluster together.
For each environment, you will be able to make either 5 or 10 choices.
When you made all your choices in a given environment, you will start making choices in the next unexplored environment.
The rewards underlying the different options are different in each environment so you will learn them anew for each environment.
Each environment starts with the value of a single option revealed.
When you choose the number corresponding to a different option, you will be told the value of that option and receive those points.
Previously revealed options, including the starting option, can also be reselected, although there may be small changes in the point value.
It is your task to to learn where the largest reward is in each of the 16 environments.

Environment number 1:
The value of option 15 is 72. You have 5 choices to make in this environment.
You press <<16>> and receive 66 points.
You press <<14>> and receive 36 points.
You press <<13>> and receive 23 points.
You press <<8>> and receive 3 points.
You press <<22>> and receive 23 points.

Environment number 2:
The value of option 10 is 48. You have 10 choices to make in this environment.
You press <<10>> and receive 49 points.
You press <<9>> and receive 11 points.
You press <<11>> and receive 63 points.
You press <<12>> and receive 54 points.
You press <<13>> and receive 54 points.
You press <<14>> and receive 43 points.
You press <<15>> and receive 56 points.
You press <<16>> and receive 31 points.
You press <<17>> and receive 47 points.
You press <<18>> and receive 70 points.

Environment number 3:
The value of option 5 is 40. You have 5 choices to make in this environment.
You press <<4>> and receive 32 points.
You press <<6>> and receive 33 points.
You press <<7>> and receive 21 points.
You press <<8>> and receive 41 points.
You press <<9>> and receive 42 points.

Environment number 4:
The value of option 20 is 35. You have 5 choices to make in this environment.
You press <<19>> and receive 34 points.
You press <<21>> and receive 54 points.
You press <<22>> and receive 74 points.
You press <<23>> and receive 72 points.
You press <<24>> and receive 75 points.

Environment number 5:
The value of option 21 is 23. You have 5 choices to make in this environment.
You press <<22>> and receive 13 points.
You press <<20>> and receive 63 points.
You press <<19>> and receive 64 points.
You press <<18>> and receive 77 points.
You press <<17>> and receive 59 points.

Environment number 6:
The value of option 28 is 39. You have 5 choices to make in this environment.
You press <<27>> and receive 35 points.
You press <<26>> and receive 49 points.
You press <<25>> and receive 49 points.
You press <<24>> and receive 29 points.
You press <<23>> and receive 37 points.

Environment number 7:
The value of option 17 is 30. You have 10 choices to make in this environment.
You press <<18>> and receive 20 points.
You press <<16>> and receive 41 points.
You press <<15>> and receive 47 points.
You press <<14>> and receive 32 points.
You press <<13>> and receive 0 points.
You press <<21>> and receive 73 points.
You press <<22>> and receive 62 points.
You press <<23>> and receive 49 points.
You press <<24>> and receive 43 points.
You press <<20>> and receive 51 points.

Environment number 8:
The value of option 9 is 46. You have 10 choices to make in this environment.
You press <<10>> and receive 51 points.
You press <<11>> and receive 28 points.
You press <<8>> and receive 62 points.
You press <<7>> and receive 55 points.
You press <<6>> and receive 23 points.
You press <<12>> and receive -1 points.
You press <<19>> and receive 28 points.
You press <<18>> and receive 63 points.
You press <<17>> and receive 79 points.
You press <<16>> and receive 52 points.

Environment number 9:
The value of option 23 is 38. You have 10 choices to make in this environment.
You press <<22>> and receive 35 points.
You press <<24>> and receive 26 points.
You press <<17>> and receive 68 points.
You press <<18>> and receive 44 points.
You press <<16>> and receive 46 points.
You press <<15>> and receive 16 points.
You press <<19>> and receive 16 points.
You press <<20>> and receive 0 points.
You press <<25>> and receive 19 points.
You press <<13>> and receive 33 points.

Environment number 10:
The value of option 30 is 4. You have 5 choices to make in this environment.
You press <<",78
10,30,2,28,1,rough,30,5,4,25,"You will be presented with a series of 16 different environments to explore.
In each trial, you can select an option between numbers 1 and 30 by pressing the corresponding key.
By selecting any of these options, you will earn points associated with each unique option.
Imagine these options 1 through 30 as lying next to each other in an ordered line; options closer to each other tend to have similar rewards as rewards tend to cluster together.
For each environment, you will be able to make either 5 or 10 choices.
When you made all your choices in a given environment, you will start making choices in the next unexplored environment.
The rewards underlying the different options are different in each environment so you will learn them anew for each environment.
Each environment starts with the value of a single option revealed.
When you choose the number corresponding to a different option, you will be told the value of that option and receive those points.
Previously revealed options, including the starting option, can also be reselected, although there may be small changes in the point value.
It is your task to to learn where the largest reward is in each of the 16 environments.

Environment number 1:
The value of option 15 is 72. You have 5 choices to make in this environment.
You press <<16>> and receive 66 points.
You press <<14>> and receive 36 points.
You press <<13>> and receive 23 points.
You press <<8>> and receive 3 points.
You press <<22>> and receive 23 points.

Environment number 2:
The value of option 10 is 48. You have 10 choices to make in this environment.
You press <<10>> and receive 49 points.
You press <<9>> and receive 11 points.
You press <<11>> and receive 63 points.
You press <<12>> and receive 54 points.
You press <<13>> and receive 54 points.
You press <<14>> and receive 43 points.
You press <<15>> and receive 56 points.
You press <<16>> and receive 31 points.
You press <<17>> and receive 47 points.
You press <<18>> and receive 70 points.

Environment number 3:
The value of option 5 is 40. You have 5 choices to make in this environment.
You press <<4>> and receive 32 points.
You press <<6>> and receive 33 points.
You press <<7>> and receive 21 points.
You press <<8>> and receive 41 points.
You press <<9>> and receive 42 points.

Environment number 4:
The value of option 20 is 35. You have 5 choices to make in this environment.
You press <<19>> and receive 34 points.
You press <<21>> and receive 54 points.
You press <<22>> and receive 74 points.
You press <<23>> and receive 72 points.
You press <<24>> and receive 75 points.

Environment number 5:
The value of option 21 is 23. You have 5 choices to make in this environment.
You press <<22>> and receive 13 points.
You press <<20>> and receive 63 points.
You press <<19>> and receive 64 points.
You press <<18>> and receive 77 points.
You press <<17>> and receive 59 points.

Environment number 6:
The value of option 28 is 39. You have 5 choices to make in this environment.
You press <<27>> and receive 35 points.
You press <<26>> and receive 49 points.
You press <<25>> and receive 49 points.
You press <<24>> and receive 29 points.
You press <<23>> and receive 37 points.

Environment number 7:
The value of option 17 is 30. You have 10 choices to make in this environment.
You press <<18>> and receive 20 points.
You press <<16>> and receive 41 points.
You press <<15>> and receive 47 points.
You press <<14>> and receive 32 points.
You press <<13>> and receive 0 points.
You press <<21>> and receive 73 points.
You press <<22>> and receive 62 points.
You press <<23>> and receive 49 points.
You press <<24>> and receive 43 points.
You press <<20>> and receive 51 points.

Environment number 8:
The value of option 9 is 46. You have 10 choices to make in this environment.
You press <<10>> and receive 51 points.
You press <<11>> and receive 28 points.
You press <<8>> and receive 62 points.
You press <<7>> and receive 55 points.
You press <<6>> and receive 23 points.
You press <<12>> and receive -1 points.
You press <<19>> and receive 28 points.
You press <<18>> and receive 63 points.
You press <<17>> and receive 79 points.
You press <<16>> and receive 52 points.

Environment number 9:
The value of option 23 is 38. You have 10 choices to make in this environment.
You press <<22>> and receive 35 points.
You press <<24>> and receive 26 points.
You press <<17>> and receive 68 points.
You press <<18>> and receive 44 points.
You press <<16>> and receive 46 points.
You press <<15>> and receive 16 points.
You press <<19>> and receive 16 points.
You press <<20>> and receive 0 points.
You press <<25>> and receive 19 points.
You press <<13>> and receive 33 points.

Environment number 10:
The value of option 30 is 4. You have 5 choices to make in this environment.
You press <<29>> and receive 13 points.
You press <<",78
10,30,3,27,1,rough,30,5,4,58,"You will be presented with a series of 16 different environments to explore.
In each trial, you can select an option between numbers 1 and 30 by pressing the corresponding key.
By selecting any of these options, you will earn points associated with each unique option.
Imagine these options 1 through 30 as lying next to each other in an ordered line; options closer to each other tend to have similar rewards as rewards tend to cluster together.
For each environment, you will be able to make either 5 or 10 choices.
When you made all your choices in a given environment, you will start making choices in the next unexplored environment.
The rewards underlying the different options are different in each environment so you will learn them anew for each environment.
Each environment starts with the value of a single option revealed.
When you choose the number corresponding to a different option, you will be told the value of that option and receive those points.
Previously revealed options, including the starting option, can also be reselected, although there may be small changes in the point value.
It is your task to to learn where the largest reward is in each of the 16 environments.

Environment number 1:
The value of option 15 is 72. You have 5 choices to make in this environment.
You press <<16>> and receive 66 points.
You press <<14>> and receive 36 points.
You press <<13>> and receive 23 points.
You press <<8>> and receive 3 points.
You press <<22>> and receive 23 points.

Environment number 2:
The value of option 10 is 48. You have 10 choices to make in this environment.
You press <<10>> and receive 49 points.
You press <<9>> and receive 11 points.
You press <<11>> and receive 63 points.
You press <<12>> and receive 54 points.
You press <<13>> and receive 54 points.
You press <<14>> and receive 43 points.
You press <<15>> and receive 56 points.
You press <<16>> and receive 31 points.
You press <<17>> and receive 47 points.
You press <<18>> and receive 70 points.

Environment number 3:
The value of option 5 is 40. You have 5 choices to make in this environment.
You press <<4>> and receive 32 points.
You press <<6>> and receive 33 points.
You press <<7>> and receive 21 points.
You press <<8>> and receive 41 points.
You press <<9>> and receive 42 points.

Environment number 4:
The value of option 20 is 35. You have 5 choices to make in this environment.
You press <<19>> and receive 34 points.
You press <<21>> and receive 54 points.
You press <<22>> and receive 74 points.
You press <<23>> and receive 72 points.
You press <<24>> and receive 75 points.

Environment number 5:
The value of option 21 is 23. You have 5 choices to make in this environment.
You press <<22>> and receive 13 points.
You press <<20>> and receive 63 points.
You press <<19>> and receive 64 points.
You press <<18>> and receive 77 points.
You press <<17>> and receive 59 points.

Environment number 6:
The value of option 28 is 39. You have 5 choices to make in this environment.
You press <<27>> and receive 35 points.
You press <<26>> and receive 49 points.
You press <<25>> and receive 49 points.
You press <<24>> and receive 29 points.
You press <<23>> and receive 37 points.

Environment number 7:
The value of option 17 is 30. You have 10 choices to make in this environment.
You press <<18>> and receive 20 points.
You press <<16>> and receive 41 points.
You press <<15>> and receive 47 points.
You press <<14>> and receive 32 points.
You press <<13>> and receive 0 points.
You press <<21>> and receive 73 points.
You press <<22>> and receive 62 points.
You press <<23>> and receive 49 points.
You press <<24>> and receive 43 points.
You press <<20>> and receive 51 points.

Environment number 8:
The value of option 9 is 46. You have 10 choices to make in this environment.
You press <<10>> and receive 51 points.
You press <<11>> and receive 28 points.
You press <<8>> and receive 62 points.
You press <<7>> and receive 55 points.
You press <<6>> and receive 23 points.
You press <<12>> and receive -1 points.
You press <<19>> and receive 28 points.
You press <<18>> and receive 63 points.
You press <<17>> and receive 79 points.
You press <<16>> and receive 52 points.

Environment number 9:
The value of option 23 is 38. You have 10 choices to make in this environment.
You press <<22>> and receive 35 points.
You press <<24>> and receive 26 points.
You press <<17>> and receive 68 points.
You press <<18>> and receive 44 points.
You press <<16>> and receive 46 points.
You press <<15>> and receive 16 points.
You press <<19>> and receive 16 points.
You press <<20>> and receive 0 points.
You press <<25>> and receive 19 points.
You press <<13>> and receive 33 points.

Environment number 10:
The value of option 30 is 4. You have 5 choices to make in this environment.
You press <<29>> and receive 13 points.
You press <<28>> and receive 25 points.
You press <<",78
10,30,4,26,1,rough,30,5,4,76,"You will be presented with a series of 16 different environments to explore.
In each trial, you can select an option between numbers 1 and 30 by pressing the corresponding key.
By selecting any of these options, you will earn points associated with each unique option.
Imagine these options 1 through 30 as lying next to each other in an ordered line; options closer to each other tend to have similar rewards as rewards tend to cluster together.
For each environment, you will be able to make either 5 or 10 choices.
When you made all your choices in a given environment, you will start making choices in the next unexplored environment.
The rewards underlying the different options are different in each environment so you will learn them anew for each environment.
Each environment starts with the value of a single option revealed.
When you choose the number corresponding to a different option, you will be told the value of that option and receive those points.
Previously revealed options, including the starting option, can also be reselected, although there may be small changes in the point value.
It is your task to to learn where the largest reward is in each of the 16 environments.

Environment number 1:
The value of option 15 is 72. You have 5 choices to make in this environment.
You press <<16>> and receive 66 points.
You press <<14>> and receive 36 points.
You press <<13>> and receive 23 points.
You press <<8>> and receive 3 points.
You press <<22>> and receive 23 points.

Environment number 2:
The value of option 10 is 48. You have 10 choices to make in this environment.
You press <<10>> and receive 49 points.
You press <<9>> and receive 11 points.
You press <<11>> and receive 63 points.
You press <<12>> and receive 54 points.
You press <<13>> and receive 54 points.
You press <<14>> and receive 43 points.
You press <<15>> and receive 56 points.
You press <<16>> and receive 31 points.
You press <<17>> and receive 47 points.
You press <<18>> and receive 70 points.

Environment number 3:
The value of option 5 is 40. You have 5 choices to make in this environment.
You press <<4>> and receive 32 points.
You press <<6>> and receive 33 points.
You press <<7>> and receive 21 points.
You press <<8>> and receive 41 points.
You press <<9>> and receive 42 points.

Environment number 4:
The value of option 20 is 35. You have 5 choices to make in this environment.
You press <<19>> and receive 34 points.
You press <<21>> and receive 54 points.
You press <<22>> and receive 74 points.
You press <<23>> and receive 72 points.
You press <<24>> and receive 75 points.

Environment number 5:
The value of option 21 is 23. You have 5 choices to make in this environment.
You press <<22>> and receive 13 points.
You press <<20>> and receive 63 points.
You press <<19>> and receive 64 points.
You press <<18>> and receive 77 points.
You press <<17>> and receive 59 points.

Environment number 6:
The value of option 28 is 39. You have 5 choices to make in this environment.
You press <<27>> and receive 35 points.
You press <<26>> and receive 49 points.
You press <<25>> and receive 49 points.
You press <<24>> and receive 29 points.
You press <<23>> and receive 37 points.

Environment number 7:
The value of option 17 is 30. You have 10 choices to make in this environment.
You press <<18>> and receive 20 points.
You press <<16>> and receive 41 points.
You press <<15>> and receive 47 points.
You press <<14>> and receive 32 points.
You press <<13>> and receive 0 points.
You press <<21>> and receive 73 points.
You press <<22>> and receive 62 points.
You press <<23>> and receive 49 points.
You press <<24>> and receive 43 points.
You press <<20>> and receive 51 points.

Environment number 8:
The value of option 9 is 46. You have 10 choices to make in this environment.
You press <<10>> and receive 51 points.
You press <<11>> and receive 28 points.
You press <<8>> and receive 62 points.
You press <<7>> and receive 55 points.
You press <<6>> and receive 23 points.
You press <<12>> and receive -1 points.
You press <<19>> and receive 28 points.
You press <<18>> and receive 63 points.
You press <<17>> and receive 79 points.
You press <<16>> and receive 52 points.

Environment number 9:
The value of option 23 is 38. You have 10 choices to make in this environment.
You press <<22>> and receive 35 points.
You press <<24>> and receive 26 points.
You press <<17>> and receive 68 points.
You press <<18>> and receive 44 points.
You press <<16>> and receive 46 points.
You press <<15>> and receive 16 points.
You press <<19>> and receive 16 points.
You press <<20>> and receive 0 points.
You press <<25>> and receive 19 points.
You press <<13>> and receive 33 points.

Environment number 10:
The value of option 30 is 4. You have 5 choices to make in this environment.
You press <<29>> and receive 13 points.
You press <<28>> and receive 25 points.
You press <<27>> and receive 58 points.
You press <<",78
10,30,5,25,1,rough,30,5,4,39,"You will be presented with a series of 16 different environments to explore.
In each trial, you can select an option between numbers 1 and 30 by pressing the corresponding key.
By selecting any of these options, you will earn points associated with each unique option.
Imagine these options 1 through 30 as lying next to each other in an ordered line; options closer to each other tend to have similar rewards as rewards tend to cluster together.
For each environment, you will be able to make either 5 or 10 choices.
When you made all your choices in a given environment, you will start making choices in the next unexplored environment.
The rewards underlying the different options are different in each environment so you will learn them anew for each environment.
Each environment starts with the value of a single option revealed.
When you choose the number corresponding to a different option, you will be told the value of that option and receive those points.
Previously revealed options, including the starting option, can also be reselected, although there may be small changes in the point value.
It is your task to to learn where the largest reward is in each of the 16 environments.

Environment number 1:
The value of option 15 is 72. You have 5 choices to make in this environment.
You press <<16>> and receive 66 points.
You press <<14>> and receive 36 points.
You press <<13>> and receive 23 points.
You press <<8>> and receive 3 points.
You press <<22>> and receive 23 points.

Environment number 2:
The value of option 10 is 48. You have 10 choices to make in this environment.
You press <<10>> and receive 49 points.
You press <<9>> and receive 11 points.
You press <<11>> and receive 63 points.
You press <<12>> and receive 54 points.
You press <<13>> and receive 54 points.
You press <<14>> and receive 43 points.
You press <<15>> and receive 56 points.
You press <<16>> and receive 31 points.
You press <<17>> and receive 47 points.
You press <<18>> and receive 70 points.

Environment number 3:
The value of option 5 is 40. You have 5 choices to make in this environment.
You press <<4>> and receive 32 points.
You press <<6>> and receive 33 points.
You press <<7>> and receive 21 points.
You press <<8>> and receive 41 points.
You press <<9>> and receive 42 points.

Environment number 4:
The value of option 20 is 35. You have 5 choices to make in this environment.
You press <<19>> and receive 34 points.
You press <<21>> and receive 54 points.
You press <<22>> and receive 74 points.
You press <<23>> and receive 72 points.
You press <<24>> and receive 75 points.

Environment number 5:
The value of option 21 is 23. You have 5 choices to make in this environment.
You press <<22>> and receive 13 points.
You press <<20>> and receive 63 points.
You press <<19>> and receive 64 points.
You press <<18>> and receive 77 points.
You press <<17>> and receive 59 points.

Environment number 6:
The value of option 28 is 39. You have 5 choices to make in this environment.
You press <<27>> and receive 35 points.
You press <<26>> and receive 49 points.
You press <<25>> and receive 49 points.
You press <<24>> and receive 29 points.
You press <<23>> and receive 37 points.

Environment number 7:
The value of option 17 is 30. You have 10 choices to make in this environment.
You press <<18>> and receive 20 points.
You press <<16>> and receive 41 points.
You press <<15>> and receive 47 points.
You press <<14>> and receive 32 points.
You press <<13>> and receive 0 points.
You press <<21>> and receive 73 points.
You press <<22>> and receive 62 points.
You press <<23>> and receive 49 points.
You press <<24>> and receive 43 points.
You press <<20>> and receive 51 points.

Environment number 8:
The value of option 9 is 46. You have 10 choices to make in this environment.
You press <<10>> and receive 51 points.
You press <<11>> and receive 28 points.
You press <<8>> and receive 62 points.
You press <<7>> and receive 55 points.
You press <<6>> and receive 23 points.
You press <<12>> and receive -1 points.
You press <<19>> and receive 28 points.
You press <<18>> and receive 63 points.
You press <<17>> and receive 79 points.
You press <<16>> and receive 52 points.

Environment number 9:
The value of option 23 is 38. You have 10 choices to make in this environment.
You press <<22>> and receive 35 points.
You press <<24>> and receive 26 points.
You press <<17>> and receive 68 points.
You press <<18>> and receive 44 points.
You press <<16>> and receive 46 points.
You press <<15>> and receive 16 points.
You press <<19>> and receive 16 points.
You press <<20>> and receive 0 points.
You press <<25>> and receive 19 points.
You press <<13>> and receive 33 points.

Environment number 10:
The value of option 30 is 4. You have 5 choices to make in this environment.
You press <<29>> and receive 13 points.
You press <<28>> and receive 25 points.
You press <<27>> and receive 58 points.
You press <<26>> and receive 76 points.
You press <<",78
11,23,1,26,1,rough,27,10,72,47,"You will be presented with a series of 16 different environments to explore.
In each trial, you can select an option between numbers 1 and 30 by pressing the corresponding key.
By selecting any of these options, you will earn points associated with each unique option.
Imagine these options 1 through 30 as lying next to each other in an ordered line; options closer to each other tend to have similar rewards as rewards tend to cluster together.
For each environment, you will be able to make either 5 or 10 choices.
When you made all your choices in a given environment, you will start making choices in the next unexplored environment.
The rewards underlying the different options are different in each environment so you will learn them anew for each environment.
Each environment starts with the value of a single option revealed.
When you choose the number corresponding to a different option, you will be told the value of that option and receive those points.
Previously revealed options, including the starting option, can also be reselected, although there may be small changes in the point value.
It is your task to to learn where the largest reward is in each of the 16 environments.

Environment number 1:
The value of option 15 is 72. You have 5 choices to make in this environment.
You press <<16>> and receive 66 points.
You press <<14>> and receive 36 points.
You press <<13>> and receive 23 points.
You press <<8>> and receive 3 points.
You press <<22>> and receive 23 points.

Environment number 2:
The value of option 10 is 48. You have 10 choices to make in this environment.
You press <<10>> and receive 49 points.
You press <<9>> and receive 11 points.
You press <<11>> and receive 63 points.
You press <<12>> and receive 54 points.
You press <<13>> and receive 54 points.
You press <<14>> and receive 43 points.
You press <<15>> and receive 56 points.
You press <<16>> and receive 31 points.
You press <<17>> and receive 47 points.
You press <<18>> and receive 70 points.

Environment number 3:
The value of option 5 is 40. You have 5 choices to make in this environment.
You press <<4>> and receive 32 points.
You press <<6>> and receive 33 points.
You press <<7>> and receive 21 points.
You press <<8>> and receive 41 points.
You press <<9>> and receive 42 points.

Environment number 4:
The value of option 20 is 35. You have 5 choices to make in this environment.
You press <<19>> and receive 34 points.
You press <<21>> and receive 54 points.
You press <<22>> and receive 74 points.
You press <<23>> and receive 72 points.
You press <<24>> and receive 75 points.

Environment number 5:
The value of option 21 is 23. You have 5 choices to make in this environment.
You press <<22>> and receive 13 points.
You press <<20>> and receive 63 points.
You press <<19>> and receive 64 points.
You press <<18>> and receive 77 points.
You press <<17>> and receive 59 points.

Environment number 6:
The value of option 28 is 39. You have 5 choices to make in this environment.
You press <<27>> and receive 35 points.
You press <<26>> and receive 49 points.
You press <<25>> and receive 49 points.
You press <<24>> and receive 29 points.
You press <<23>> and receive 37 points.

Environment number 7:
The value of option 17 is 30. You have 10 choices to make in this environment.
You press <<18>> and receive 20 points.
You press <<16>> and receive 41 points.
You press <<15>> and receive 47 points.
You press <<14>> and receive 32 points.
You press <<13>> and receive 0 points.
You press <<21>> and receive 73 points.
You press <<22>> and receive 62 points.
You press <<23>> and receive 49 points.
You press <<24>> and receive 43 points.
You press <<20>> and receive 51 points.

Environment number 8:
The value of option 9 is 46. You have 10 choices to make in this environment.
You press <<10>> and receive 51 points.
You press <<11>> and receive 28 points.
You press <<8>> and receive 62 points.
You press <<7>> and receive 55 points.
You press <<6>> and receive 23 points.
You press <<12>> and receive -1 points.
You press <<19>> and receive 28 points.
You press <<18>> and receive 63 points.
You press <<17>> and receive 79 points.
You press <<16>> and receive 52 points.

Environment number 9:
The value of option 23 is 38. You have 10 choices to make in this environment.
You press <<22>> and receive 35 points.
You press <<24>> and receive 26 points.
You press <<17>> and receive 68 points.
You press <<18>> and receive 44 points.
You press <<16>> and receive 46 points.
You press <<15>> and receive 16 points.
You press <<19>> and receive 16 points.
You press <<20>> and receive 0 points.
You press <<25>> and receive 19 points.
You press <<13>> and receive 33 points.

Environment number 10:
The value of option 30 is 4. You have 5 choices to make in this environment.
You press <<29>> and receive 13 points.
You press <<28>> and receive 25 points.
You press <<27>> and receive 58 points.
You press <<26>> and receive 76 points.
You press <<25>> and receive 39 points.

Environment number 11:
The value of option 27 is 72. You have 10 choices to make in this environment.
You press <<",78
11,23,2,28,1,rough,27,10,72,77,"You will be presented with a series of 16 different environments to explore.
In each trial, you can select an option between numbers 1 and 30 by pressing the corresponding key.
By selecting any of these options, you will earn points associated with each unique option.
Imagine these options 1 through 30 as lying next to each other in an ordered line; options closer to each other tend to have similar rewards as rewards tend to cluster together.
For each environment, you will be able to make either 5 or 10 choices.
When you made all your choices in a given environment, you will start making choices in the next unexplored environment.
The rewards underlying the different options are different in each environment so you will learn them anew for each environment.
Each environment starts with the value of a single option revealed.
When you choose the number corresponding to a different option, you will be told the value of that option and receive those points.
Previously revealed options, including the starting option, can also be reselected, although there may be small changes in the point value.
It is your task to to learn where the largest reward is in each of the 16 environments.

Environment number 1:
The value of option 15 is 72. You have 5 choices to make in this environment.
You press <<16>> and receive 66 points.
You press <<14>> and receive 36 points.
You press <<13>> and receive 23 points.
You press <<8>> and receive 3 points.
You press <<22>> and receive 23 points.

Environment number 2:
The value of option 10 is 48. You have 10 choices to make in this environment.
You press <<10>> and receive 49 points.
You press <<9>> and receive 11 points.
You press <<11>> and receive 63 points.
You press <<12>> and receive 54 points.
You press <<13>> and receive 54 points.
You press <<14>> and receive 43 points.
You press <<15>> and receive 56 points.
You press <<16>> and receive 31 points.
You press <<17>> and receive 47 points.
You press <<18>> and receive 70 points.

Environment number 3:
The value of option 5 is 40. You have 5 choices to make in this environment.
You press <<4>> and receive 32 points.
You press <<6>> and receive 33 points.
You press <<7>> and receive 21 points.
You press <<8>> and receive 41 points.
You press <<9>> and receive 42 points.

Environment number 4:
The value of option 20 is 35. You have 5 choices to make in this environment.
You press <<19>> and receive 34 points.
You press <<21>> and receive 54 points.
You press <<22>> and receive 74 points.
You press <<23>> and receive 72 points.
You press <<24>> and receive 75 points.

Environment number 5:
The value of option 21 is 23. You have 5 choices to make in this environment.
You press <<22>> and receive 13 points.
You press <<20>> and receive 63 points.
You press <<19>> and receive 64 points.
You press <<18>> and receive 77 points.
You press <<17>> and receive 59 points.

Environment number 6:
The value of option 28 is 39. You have 5 choices to make in this environment.
You press <<27>> and receive 35 points.
You press <<26>> and receive 49 points.
You press <<25>> and receive 49 points.
You press <<24>> and receive 29 points.
You press <<23>> and receive 37 points.

Environment number 7:
The value of option 17 is 30. You have 10 choices to make in this environment.
You press <<18>> and receive 20 points.
You press <<16>> and receive 41 points.
You press <<15>> and receive 47 points.
You press <<14>> and receive 32 points.
You press <<13>> and receive 0 points.
You press <<21>> and receive 73 points.
You press <<22>> and receive 62 points.
You press <<23>> and receive 49 points.
You press <<24>> and receive 43 points.
You press <<20>> and receive 51 points.

Environment number 8:
The value of option 9 is 46. You have 10 choices to make in this environment.
You press <<10>> and receive 51 points.
You press <<11>> and receive 28 points.
You press <<8>> and receive 62 points.
You press <<7>> and receive 55 points.
You press <<6>> and receive 23 points.
You press <<12>> and receive -1 points.
You press <<19>> and receive 28 points.
You press <<18>> and receive 63 points.
You press <<17>> and receive 79 points.
You press <<16>> and receive 52 points.

Environment number 9:
The value of option 23 is 38. You have 10 choices to make in this environment.
You press <<22>> and receive 35 points.
You press <<24>> and receive 26 points.
You press <<17>> and receive 68 points.
You press <<18>> and receive 44 points.
You press <<16>> and receive 46 points.
You press <<15>> and receive 16 points.
You press <<19>> and receive 16 points.
You press <<20>> and receive 0 points.
You press <<25>> and receive 19 points.
You press <<13>> and receive 33 points.

Environment number 10:
The value of option 30 is 4. You have 5 choices to make in this environment.
You press <<29>> and receive 13 points.
You press <<28>> and receive 25 points.
You press <<27>> and receive 58 points.
You press <<26>> and receive 76 points.
You press <<25>> and receive 39 points.

Environment number 11:
The value of option 27 is 72. You have 10 choices to make in this environment.
You press <<26>> and receive 47 points.
You press <<",78
11,23,3,29,1,rough,27,10,72,39,"You will be presented with a series of 16 different environments to explore.
In each trial, you can select an option between numbers 1 and 30 by pressing the corresponding key.
By selecting any of these options, you will earn points associated with each unique option.
Imagine these options 1 through 30 as lying next to each other in an ordered line; options closer to each other tend to have similar rewards as rewards tend to cluster together.
For each environment, you will be able to make either 5 or 10 choices.
When you made all your choices in a given environment, you will start making choices in the next unexplored environment.
The rewards underlying the different options are different in each environment so you will learn them anew for each environment.
Each environment starts with the value of a single option revealed.
When you choose the number corresponding to a different option, you will be told the value of that option and receive those points.
Previously revealed options, including the starting option, can also be reselected, although there may be small changes in the point value.
It is your task to to learn where the largest reward is in each of the 16 environments.

Environment number 1:
The value of option 15 is 72. You have 5 choices to make in this environment.
You press <<16>> and receive 66 points.
You press <<14>> and receive 36 points.
You press <<13>> and receive 23 points.
You press <<8>> and receive 3 points.
You press <<22>> and receive 23 points.

Environment number 2:
The value of option 10 is 48. You have 10 choices to make in this environment.
You press <<10>> and receive 49 points.
You press <<9>> and receive 11 points.
You press <<11>> and receive 63 points.
You press <<12>> and receive 54 points.
You press <<13>> and receive 54 points.
You press <<14>> and receive 43 points.
You press <<15>> and receive 56 points.
You press <<16>> and receive 31 points.
You press <<17>> and receive 47 points.
You press <<18>> and receive 70 points.

Environment number 3:
The value of option 5 is 40. You have 5 choices to make in this environment.
You press <<4>> and receive 32 points.
You press <<6>> and receive 33 points.
You press <<7>> and receive 21 points.
You press <<8>> and receive 41 points.
You press <<9>> and receive 42 points.

Environment number 4:
The value of option 20 is 35. You have 5 choices to make in this environment.
You press <<19>> and receive 34 points.
You press <<21>> and receive 54 points.
You press <<22>> and receive 74 points.
You press <<23>> and receive 72 points.
You press <<24>> and receive 75 points.

Environment number 5:
The value of option 21 is 23. You have 5 choices to make in this environment.
You press <<22>> and receive 13 points.
You press <<20>> and receive 63 points.
You press <<19>> and receive 64 points.
You press <<18>> and receive 77 points.
You press <<17>> and receive 59 points.

Environment number 6:
The value of option 28 is 39. You have 5 choices to make in this environment.
You press <<27>> and receive 35 points.
You press <<26>> and receive 49 points.
You press <<25>> and receive 49 points.
You press <<24>> and receive 29 points.
You press <<23>> and receive 37 points.

Environment number 7:
The value of option 17 is 30. You have 10 choices to make in this environment.
You press <<18>> and receive 20 points.
You press <<16>> and receive 41 points.
You press <<15>> and receive 47 points.
You press <<14>> and receive 32 points.
You press <<13>> and receive 0 points.
You press <<21>> and receive 73 points.
You press <<22>> and receive 62 points.
You press <<23>> and receive 49 points.
You press <<24>> and receive 43 points.
You press <<20>> and receive 51 points.

Environment number 8:
The value of option 9 is 46. You have 10 choices to make in this environment.
You press <<10>> and receive 51 points.
You press <<11>> and receive 28 points.
You press <<8>> and receive 62 points.
You press <<7>> and receive 55 points.
You press <<6>> and receive 23 points.
You press <<12>> and receive -1 points.
You press <<19>> and receive 28 points.
You press <<18>> and receive 63 points.
You press <<17>> and receive 79 points.
You press <<16>> and receive 52 points.

Environment number 9:
The value of option 23 is 38. You have 10 choices to make in this environment.
You press <<22>> and receive 35 points.
You press <<24>> and receive 26 points.
You press <<17>> and receive 68 points.
You press <<18>> and receive 44 points.
You press <<16>> and receive 46 points.
You press <<15>> and receive 16 points.
You press <<19>> and receive 16 points.
You press <<20>> and receive 0 points.
You press <<25>> and receive 19 points.
You press <<13>> and receive 33 points.

Environment number 10:
The value of option 30 is 4. You have 5 choices to make in this environment.
You press <<29>> and receive 13 points.
You press <<28>> and receive 25 points.
You press <<27>> and receive 58 points.
You press <<26>> and receive 76 points.
You press <<25>> and receive 39 points.

Environment number 11:
The value of option 27 is 72. You have 10 choices to make in this environment.
You press <<26>> and receive 47 points.
You press <<28>> and receive 77 points.
You press <<",78
11,23,4,18,1,rough,27,10,72,50,"You will be presented with a series of 16 different environments to explore.
In each trial, you can select an option between numbers 1 and 30 by pressing the corresponding key.
By selecting any of these options, you will earn points associated with each unique option.
Imagine these options 1 through 30 as lying next to each other in an ordered line; options closer to each other tend to have similar rewards as rewards tend to cluster together.
For each environment, you will be able to make either 5 or 10 choices.
When you made all your choices in a given environment, you will start making choices in the next unexplored environment.
The rewards underlying the different options are different in each environment so you will learn them anew for each environment.
Each environment starts with the value of a single option revealed.
When you choose the number corresponding to a different option, you will be told the value of that option and receive those points.
Previously revealed options, including the starting option, can also be reselected, although there may be small changes in the point value.
It is your task to to learn where the largest reward is in each of the 16 environments.

Environment number 1:
The value of option 15 is 72. You have 5 choices to make in this environment.
You press <<16>> and receive 66 points.
You press <<14>> and receive 36 points.
You press <<13>> and receive 23 points.
You press <<8>> and receive 3 points.
You press <<22>> and receive 23 points.

Environment number 2:
The value of option 10 is 48. You have 10 choices to make in this environment.
You press <<10>> and receive 49 points.
You press <<9>> and receive 11 points.
You press <<11>> and receive 63 points.
You press <<12>> and receive 54 points.
You press <<13>> and receive 54 points.
You press <<14>> and receive 43 points.
You press <<15>> and receive 56 points.
You press <<16>> and receive 31 points.
You press <<17>> and receive 47 points.
You press <<18>> and receive 70 points.

Environment number 3:
The value of option 5 is 40. You have 5 choices to make in this environment.
You press <<4>> and receive 32 points.
You press <<6>> and receive 33 points.
You press <<7>> and receive 21 points.
You press <<8>> and receive 41 points.
You press <<9>> and receive 42 points.

Environment number 4:
The value of option 20 is 35. You have 5 choices to make in this environment.
You press <<19>> and receive 34 points.
You press <<21>> and receive 54 points.
You press <<22>> and receive 74 points.
You press <<23>> and receive 72 points.
You press <<24>> and receive 75 points.

Environment number 5:
The value of option 21 is 23. You have 5 choices to make in this environment.
You press <<22>> and receive 13 points.
You press <<20>> and receive 63 points.
You press <<19>> and receive 64 points.
You press <<18>> and receive 77 points.
You press <<17>> and receive 59 points.

Environment number 6:
The value of option 28 is 39. You have 5 choices to make in this environment.
You press <<27>> and receive 35 points.
You press <<26>> and receive 49 points.
You press <<25>> and receive 49 points.
You press <<24>> and receive 29 points.
You press <<23>> and receive 37 points.

Environment number 7:
The value of option 17 is 30. You have 10 choices to make in this environment.
You press <<18>> and receive 20 points.
You press <<16>> and receive 41 points.
You press <<15>> and receive 47 points.
You press <<14>> and receive 32 points.
You press <<13>> and receive 0 points.
You press <<21>> and receive 73 points.
You press <<22>> and receive 62 points.
You press <<23>> and receive 49 points.
You press <<24>> and receive 43 points.
You press <<20>> and receive 51 points.

Environment number 8:
The value of option 9 is 46. You have 10 choices to make in this environment.
You press <<10>> and receive 51 points.
You press <<11>> and receive 28 points.
You press <<8>> and receive 62 points.
You press <<7>> and receive 55 points.
You press <<6>> and receive 23 points.
You press <<12>> and receive -1 points.
You press <<19>> and receive 28 points.
You press <<18>> and receive 63 points.
You press <<17>> and receive 79 points.
You press <<16>> and receive 52 points.

Environment number 9:
The value of option 23 is 38. You have 10 choices to make in this environment.
You press <<22>> and receive 35 points.
You press <<24>> and receive 26 points.
You press <<17>> and receive 68 points.
You press <<18>> and receive 44 points.
You press <<16>> and receive 46 points.
You press <<15>> and receive 16 points.
You press <<19>> and receive 16 points.
You press <<20>> and receive 0 points.
You press <<25>> and receive 19 points.
You press <<13>> and receive 33 points.

Environment number 10:
The value of option 30 is 4. You have 5 choices to make in this environment.
You press <<29>> and receive 13 points.
You press <<28>> and receive 25 points.
You press <<27>> and receive 58 points.
You press <<26>> and receive 76 points.
You press <<25>> and receive 39 points.

Environment number 11:
The value of option 27 is 72. You have 10 choices to make in this environment.
You press <<26>> and receive 47 points.
You press <<28>> and receive 77 points.
You press <<29>> and receive 39 points.
You press <<",78
11,23,5,19,1,rough,27,10,72,24,"You will be presented with a series of 16 different environments to explore.
In each trial, you can select an option between numbers 1 and 30 by pressing the corresponding key.
By selecting any of these options, you will earn points associated with each unique option.
Imagine these options 1 through 30 as lying next to each other in an ordered line; options closer to each other tend to have similar rewards as rewards tend to cluster together.
For each environment, you will be able to make either 5 or 10 choices.
When you made all your choices in a given environment, you will start making choices in the next unexplored environment.
The rewards underlying the different options are different in each environment so you will learn them anew for each environment.
Each environment starts with the value of a single option revealed.
When you choose the number corresponding to a different option, you will be told the value of that option and receive those points.
Previously revealed options, including the starting option, can also be reselected, although there may be small changes in the point value.
It is your task to to learn where the largest reward is in each of the 16 environments.

Environment number 1:
The value of option 15 is 72. You have 5 choices to make in this environment.
You press <<16>> and receive 66 points.
You press <<14>> and receive 36 points.
You press <<13>> and receive 23 points.
You press <<8>> and receive 3 points.
You press <<22>> and receive 23 points.

Environment number 2:
The value of option 10 is 48. You have 10 choices to make in this environment.
You press <<10>> and receive 49 points.
You press <<9>> and receive 11 points.
You press <<11>> and receive 63 points.
You press <<12>> and receive 54 points.
You press <<13>> and receive 54 points.
You press <<14>> and receive 43 points.
You press <<15>> and receive 56 points.
You press <<16>> and receive 31 points.
You press <<17>> and receive 47 points.
You press <<18>> and receive 70 points.

Environment number 3:
The value of option 5 is 40. You have 5 choices to make in this environment.
You press <<4>> and receive 32 points.
You press <<6>> and receive 33 points.
You press <<7>> and receive 21 points.
You press <<8>> and receive 41 points.
You press <<9>> and receive 42 points.

Environment number 4:
The value of option 20 is 35. You have 5 choices to make in this environment.
You press <<19>> and receive 34 points.
You press <<21>> and receive 54 points.
You press <<22>> and receive 74 points.
You press <<23>> and receive 72 points.
You press <<24>> and receive 75 points.

Environment number 5:
The value of option 21 is 23. You have 5 choices to make in this environment.
You press <<22>> and receive 13 points.
You press <<20>> and receive 63 points.
You press <<19>> and receive 64 points.
You press <<18>> and receive 77 points.
You press <<17>> and receive 59 points.

Environment number 6:
The value of option 28 is 39. You have 5 choices to make in this environment.
You press <<27>> and receive 35 points.
You press <<26>> and receive 49 points.
You press <<25>> and receive 49 points.
You press <<24>> and receive 29 points.
You press <<23>> and receive 37 points.

Environment number 7:
The value of option 17 is 30. You have 10 choices to make in this environment.
You press <<18>> and receive 20 points.
You press <<16>> and receive 41 points.
You press <<15>> and receive 47 points.
You press <<14>> and receive 32 points.
You press <<13>> and receive 0 points.
You press <<21>> and receive 73 points.
You press <<22>> and receive 62 points.
You press <<23>> and receive 49 points.
You press <<24>> and receive 43 points.
You press <<20>> and receive 51 points.

Environment number 8:
The value of option 9 is 46. You have 10 choices to make in this environment.
You press <<10>> and receive 51 points.
You press <<11>> and receive 28 points.
You press <<8>> and receive 62 points.
You press <<7>> and receive 55 points.
You press <<6>> and receive 23 points.
You press <<12>> and receive -1 points.
You press <<19>> and receive 28 points.
You press <<18>> and receive 63 points.
You press <<17>> and receive 79 points.
You press <<16>> and receive 52 points.

Environment number 9:
The value of option 23 is 38. You have 10 choices to make in this environment.
You press <<22>> and receive 35 points.
You press <<24>> and receive 26 points.
You press <<17>> and receive 68 points.
You press <<18>> and receive 44 points.
You press <<16>> and receive 46 points.
You press <<15>> and receive 16 points.
You press <<19>> and receive 16 points.
You press <<20>> and receive 0 points.
You press <<25>> and receive 19 points.
You press <<13>> and receive 33 points.

Environment number 10:
The value of option 30 is 4. You have 5 choices to make in this environment.
You press <<29>> and receive 13 points.
You press <<28>> and receive 25 points.
You press <<27>> and receive 58 points.
You press <<26>> and receive 76 points.
You press <<25>> and receive 39 points.

Environment number 11:
The value of option 27 is 72. You have 10 choices to make in this environment.
You press <<26>> and receive 47 points.
You press <<28>> and receive 77 points.
You press <<29>> and receive 39 points.
You press <<18>> and receive 50 points.
You press <<",78
11,23,6,17,1,rough,27,10,72,69,"You will be presented with a series of 16 different environments to explore.
In each trial, you can select an option between numbers 1 and 30 by pressing the corresponding key.
By selecting any of these options, you will earn points associated with each unique option.
Imagine these options 1 through 30 as lying next to each other in an ordered line; options closer to each other tend to have similar rewards as rewards tend to cluster together.
For each environment, you will be able to make either 5 or 10 choices.
When you made all your choices in a given environment, you will start making choices in the next unexplored environment.
The rewards underlying the different options are different in each environment so you will learn them anew for each environment.
Each environment starts with the value of a single option revealed.
When you choose the number corresponding to a different option, you will be told the value of that option and receive those points.
Previously revealed options, including the starting option, can also be reselected, although there may be small changes in the point value.
It is your task to to learn where the largest reward is in each of the 16 environments.

Environment number 1:
The value of option 15 is 72. You have 5 choices to make in this environment.
You press <<16>> and receive 66 points.
You press <<14>> and receive 36 points.
You press <<13>> and receive 23 points.
You press <<8>> and receive 3 points.
You press <<22>> and receive 23 points.

Environment number 2:
The value of option 10 is 48. You have 10 choices to make in this environment.
You press <<10>> and receive 49 points.
You press <<9>> and receive 11 points.
You press <<11>> and receive 63 points.
You press <<12>> and receive 54 points.
You press <<13>> and receive 54 points.
You press <<14>> and receive 43 points.
You press <<15>> and receive 56 points.
You press <<16>> and receive 31 points.
You press <<17>> and receive 47 points.
You press <<18>> and receive 70 points.

Environment number 3:
The value of option 5 is 40. You have 5 choices to make in this environment.
You press <<4>> and receive 32 points.
You press <<6>> and receive 33 points.
You press <<7>> and receive 21 points.
You press <<8>> and receive 41 points.
You press <<9>> and receive 42 points.

Environment number 4:
The value of option 20 is 35. You have 5 choices to make in this environment.
You press <<19>> and receive 34 points.
You press <<21>> and receive 54 points.
You press <<22>> and receive 74 points.
You press <<23>> and receive 72 points.
You press <<24>> and receive 75 points.

Environment number 5:
The value of option 21 is 23. You have 5 choices to make in this environment.
You press <<22>> and receive 13 points.
You press <<20>> and receive 63 points.
You press <<19>> and receive 64 points.
You press <<18>> and receive 77 points.
You press <<17>> and receive 59 points.

Environment number 6:
The value of option 28 is 39. You have 5 choices to make in this environment.
You press <<27>> and receive 35 points.
You press <<26>> and receive 49 points.
You press <<25>> and receive 49 points.
You press <<24>> and receive 29 points.
You press <<23>> and receive 37 points.

Environment number 7:
The value of option 17 is 30. You have 10 choices to make in this environment.
You press <<18>> and receive 20 points.
You press <<16>> and receive 41 points.
You press <<15>> and receive 47 points.
You press <<14>> and receive 32 points.
You press <<13>> and receive 0 points.
You press <<21>> and receive 73 points.
You press <<22>> and receive 62 points.
You press <<23>> and receive 49 points.
You press <<24>> and receive 43 points.
You press <<20>> and receive 51 points.

Environment number 8:
The value of option 9 is 46. You have 10 choices to make in this environment.
You press <<10>> and receive 51 points.
You press <<11>> and receive 28 points.
You press <<8>> and receive 62 points.
You press <<7>> and receive 55 points.
You press <<6>> and receive 23 points.
You press <<12>> and receive -1 points.
You press <<19>> and receive 28 points.
You press <<18>> and receive 63 points.
You press <<17>> and receive 79 points.
You press <<16>> and receive 52 points.

Environment number 9:
The value of option 23 is 38. You have 10 choices to make in this environment.
You press <<22>> and receive 35 points.
You press <<24>> and receive 26 points.
You press <<17>> and receive 68 points.
You press <<18>> and receive 44 points.
You press <<16>> and receive 46 points.
You press <<15>> and receive 16 points.
You press <<19>> and receive 16 points.
You press <<20>> and receive 0 points.
You press <<25>> and receive 19 points.
You press <<13>> and receive 33 points.

Environment number 10:
The value of option 30 is 4. You have 5 choices to make in this environment.
You press <<29>> and receive 13 points.
You press <<28>> and receive 25 points.
You press <<27>> and receive 58 points.
You press <<26>> and receive 76 points.
You press <<25>> and receive 39 points.

Environment number 11:
The value of option 27 is 72. You have 10 choices to make in this environment.
You press <<26>> and receive 47 points.
You press <<28>> and receive 77 points.
You press <<29>> and receive 39 points.
You press <<18>> and receive 50 points.
You press <<19>> and receive 24 points.
You press <<",78
11,23,7,16,1,rough,27,10,72,44,"You will be presented with a series of 16 different environments to explore.
In each trial, you can select an option between numbers 1 and 30 by pressing the corresponding key.
By selecting any of these options, you will earn points associated with each unique option.
Imagine these options 1 through 30 as lying next to each other in an ordered line; options closer to each other tend to have similar rewards as rewards tend to cluster together.
For each environment, you will be able to make either 5 or 10 choices.
When you made all your choices in a given environment, you will start making choices in the next unexplored environment.
The rewards underlying the different options are different in each environment so you will learn them anew for each environment.
Each environment starts with the value of a single option revealed.
When you choose the number corresponding to a different option, you will be told the value of that option and receive those points.
Previously revealed options, including the starting option, can also be reselected, although there may be small changes in the point value.
It is your task to to learn where the largest reward is in each of the 16 environments.

Environment number 1:
The value of option 15 is 72. You have 5 choices to make in this environment.
You press <<16>> and receive 66 points.
You press <<14>> and receive 36 points.
You press <<13>> and receive 23 points.
You press <<8>> and receive 3 points.
You press <<22>> and receive 23 points.

Environment number 2:
The value of option 10 is 48. You have 10 choices to make in this environment.
You press <<10>> and receive 49 points.
You press <<9>> and receive 11 points.
You press <<11>> and receive 63 points.
You press <<12>> and receive 54 points.
You press <<13>> and receive 54 points.
You press <<14>> and receive 43 points.
You press <<15>> and receive 56 points.
You press <<16>> and receive 31 points.
You press <<17>> and receive 47 points.
You press <<18>> and receive 70 points.

Environment number 3:
The value of option 5 is 40. You have 5 choices to make in this environment.
You press <<4>> and receive 32 points.
You press <<6>> and receive 33 points.
You press <<7>> and receive 21 points.
You press <<8>> and receive 41 points.
You press <<9>> and receive 42 points.

Environment number 4:
The value of option 20 is 35. You have 5 choices to make in this environment.
You press <<19>> and receive 34 points.
You press <<21>> and receive 54 points.
You press <<22>> and receive 74 points.
You press <<23>> and receive 72 points.
You press <<24>> and receive 75 points.

Environment number 5:
The value of option 21 is 23. You have 5 choices to make in this environment.
You press <<22>> and receive 13 points.
You press <<20>> and receive 63 points.
You press <<19>> and receive 64 points.
You press <<18>> and receive 77 points.
You press <<17>> and receive 59 points.

Environment number 6:
The value of option 28 is 39. You have 5 choices to make in this environment.
You press <<27>> and receive 35 points.
You press <<26>> and receive 49 points.
You press <<25>> and receive 49 points.
You press <<24>> and receive 29 points.
You press <<23>> and receive 37 points.

Environment number 7:
The value of option 17 is 30. You have 10 choices to make in this environment.
You press <<18>> and receive 20 points.
You press <<16>> and receive 41 points.
You press <<15>> and receive 47 points.
You press <<14>> and receive 32 points.
You press <<13>> and receive 0 points.
You press <<21>> and receive 73 points.
You press <<22>> and receive 62 points.
You press <<23>> and receive 49 points.
You press <<24>> and receive 43 points.
You press <<20>> and receive 51 points.

Environment number 8:
The value of option 9 is 46. You have 10 choices to make in this environment.
You press <<10>> and receive 51 points.
You press <<11>> and receive 28 points.
You press <<8>> and receive 62 points.
You press <<7>> and receive 55 points.
You press <<6>> and receive 23 points.
You press <<12>> and receive -1 points.
You press <<19>> and receive 28 points.
You press <<18>> and receive 63 points.
You press <<17>> and receive 79 points.
You press <<16>> and receive 52 points.

Environment number 9:
The value of option 23 is 38. You have 10 choices to make in this environment.
You press <<22>> and receive 35 points.
You press <<24>> and receive 26 points.
You press <<17>> and receive 68 points.
You press <<18>> and receive 44 points.
You press <<16>> and receive 46 points.
You press <<15>> and receive 16 points.
You press <<19>> and receive 16 points.
You press <<20>> and receive 0 points.
You press <<25>> and receive 19 points.
You press <<13>> and receive 33 points.

Environment number 10:
The value of option 30 is 4. You have 5 choices to make in this environment.
You press <<29>> and receive 13 points.
You press <<28>> and receive 25 points.
You press <<27>> and receive 58 points.
You press <<26>> and receive 76 points.
You press <<25>> and receive 39 points.

Environment number 11:
The value of option 27 is 72. You have 10 choices to make in this environment.
You press <<26>> and receive 47 points.
You press <<28>> and receive 77 points.
You press <<29>> and receive 39 points.
You press <<18>> and receive 50 points.
You press <<19>> and receive 24 points.
You press <<17>> and receive 69 points.
You press <<",78
11,23,8,15,1,rough,27,10,72,23,"You will be presented with a series of 16 different environments to explore.
In each trial, you can select an option between numbers 1 and 30 by pressing the corresponding key.
By selecting any of these options, you will earn points associated with each unique option.
Imagine these options 1 through 30 as lying next to each other in an ordered line; options closer to each other tend to have similar rewards as rewards tend to cluster together.
For each environment, you will be able to make either 5 or 10 choices.
When you made all your choices in a given environment, you will start making choices in the next unexplored environment.
The rewards underlying the different options are different in each environment so you will learn them anew for each environment.
Each environment starts with the value of a single option revealed.
When you choose the number corresponding to a different option, you will be told the value of that option and receive those points.
Previously revealed options, including the starting option, can also be reselected, although there may be small changes in the point value.
It is your task to to learn where the largest reward is in each of the 16 environments.

Environment number 1:
The value of option 15 is 72. You have 5 choices to make in this environment.
You press <<16>> and receive 66 points.
You press <<14>> and receive 36 points.
You press <<13>> and receive 23 points.
You press <<8>> and receive 3 points.
You press <<22>> and receive 23 points.

Environment number 2:
The value of option 10 is 48. You have 10 choices to make in this environment.
You press <<10>> and receive 49 points.
You press <<9>> and receive 11 points.
You press <<11>> and receive 63 points.
You press <<12>> and receive 54 points.
You press <<13>> and receive 54 points.
You press <<14>> and receive 43 points.
You press <<15>> and receive 56 points.
You press <<16>> and receive 31 points.
You press <<17>> and receive 47 points.
You press <<18>> and receive 70 points.

Environment number 3:
The value of option 5 is 40. You have 5 choices to make in this environment.
You press <<4>> and receive 32 points.
You press <<6>> and receive 33 points.
You press <<7>> and receive 21 points.
You press <<8>> and receive 41 points.
You press <<9>> and receive 42 points.

Environment number 4:
The value of option 20 is 35. You have 5 choices to make in this environment.
You press <<19>> and receive 34 points.
You press <<21>> and receive 54 points.
You press <<22>> and receive 74 points.
You press <<23>> and receive 72 points.
You press <<24>> and receive 75 points.

Environment number 5:
The value of option 21 is 23. You have 5 choices to make in this environment.
You press <<22>> and receive 13 points.
You press <<20>> and receive 63 points.
You press <<19>> and receive 64 points.
You press <<18>> and receive 77 points.
You press <<17>> and receive 59 points.

Environment number 6:
The value of option 28 is 39. You have 5 choices to make in this environment.
You press <<27>> and receive 35 points.
You press <<26>> and receive 49 points.
You press <<25>> and receive 49 points.
You press <<24>> and receive 29 points.
You press <<23>> and receive 37 points.

Environment number 7:
The value of option 17 is 30. You have 10 choices to make in this environment.
You press <<18>> and receive 20 points.
You press <<16>> and receive 41 points.
You press <<15>> and receive 47 points.
You press <<14>> and receive 32 points.
You press <<13>> and receive 0 points.
You press <<21>> and receive 73 points.
You press <<22>> and receive 62 points.
You press <<23>> and receive 49 points.
You press <<24>> and receive 43 points.
You press <<20>> and receive 51 points.

Environment number 8:
The value of option 9 is 46. You have 10 choices to make in this environment.
You press <<10>> and receive 51 points.
You press <<11>> and receive 28 points.
You press <<8>> and receive 62 points.
You press <<7>> and receive 55 points.
You press <<6>> and receive 23 points.
You press <<12>> and receive -1 points.
You press <<19>> and receive 28 points.
You press <<18>> and receive 63 points.
You press <<17>> and receive 79 points.
You press <<16>> and receive 52 points.

Environment number 9:
The value of option 23 is 38. You have 10 choices to make in this environment.
You press <<22>> and receive 35 points.
You press <<24>> and receive 26 points.
You press <<17>> and receive 68 points.
You press <<18>> and receive 44 points.
You press <<16>> and receive 46 points.
You press <<15>> and receive 16 points.
You press <<19>> and receive 16 points.
You press <<20>> and receive 0 points.
You press <<25>> and receive 19 points.
You press <<13>> and receive 33 points.

Environment number 10:
The value of option 30 is 4. You have 5 choices to make in this environment.
You press <<29>> and receive 13 points.
You press <<28>> and receive 25 points.
You press <<27>> and receive 58 points.
You press <<26>> and receive 76 points.
You press <<25>> and receive 39 points.

Environment number 11:
The value of option 27 is 72. You have 10 choices to make in this environment.
You press <<26>> and receive 47 points.
You press <<28>> and receive 77 points.
You press <<29>> and receive 39 points.
You press <<18>> and receive 50 points.
You press <<19>> and receive 24 points.
You press <<17>> and receive 69 points.
You press <<16>> and receive 44 points.
You press <<",78
11,23,9,10,1,rough,27,10,72,33,"You will be presented with a series of 16 different environments to explore.
In each trial, you can select an option between numbers 1 and 30 by pressing the corresponding key.
By selecting any of these options, you will earn points associated with each unique option.
Imagine these options 1 through 30 as lying next to each other in an ordered line; options closer to each other tend to have similar rewards as rewards tend to cluster together.
For each environment, you will be able to make either 5 or 10 choices.
When you made all your choices in a given environment, you will start making choices in the next unexplored environment.
The rewards underlying the different options are different in each environment so you will learn them anew for each environment.
Each environment starts with the value of a single option revealed.
When you choose the number corresponding to a different option, you will be told the value of that option and receive those points.
Previously revealed options, including the starting option, can also be reselected, although there may be small changes in the point value.
It is your task to to learn where the largest reward is in each of the 16 environments.

Environment number 1:
The value of option 15 is 72. You have 5 choices to make in this environment.
You press <<16>> and receive 66 points.
You press <<14>> and receive 36 points.
You press <<13>> and receive 23 points.
You press <<8>> and receive 3 points.
You press <<22>> and receive 23 points.

Environment number 2:
The value of option 10 is 48. You have 10 choices to make in this environment.
You press <<10>> and receive 49 points.
You press <<9>> and receive 11 points.
You press <<11>> and receive 63 points.
You press <<12>> and receive 54 points.
You press <<13>> and receive 54 points.
You press <<14>> and receive 43 points.
You press <<15>> and receive 56 points.
You press <<16>> and receive 31 points.
You press <<17>> and receive 47 points.
You press <<18>> and receive 70 points.

Environment number 3:
The value of option 5 is 40. You have 5 choices to make in this environment.
You press <<4>> and receive 32 points.
You press <<6>> and receive 33 points.
You press <<7>> and receive 21 points.
You press <<8>> and receive 41 points.
You press <<9>> and receive 42 points.

Environment number 4:
The value of option 20 is 35. You have 5 choices to make in this environment.
You press <<19>> and receive 34 points.
You press <<21>> and receive 54 points.
You press <<22>> and receive 74 points.
You press <<23>> and receive 72 points.
You press <<24>> and receive 75 points.

Environment number 5:
The value of option 21 is 23. You have 5 choices to make in this environment.
You press <<22>> and receive 13 points.
You press <<20>> and receive 63 points.
You press <<19>> and receive 64 points.
You press <<18>> and receive 77 points.
You press <<17>> and receive 59 points.

Environment number 6:
The value of option 28 is 39. You have 5 choices to make in this environment.
You press <<27>> and receive 35 points.
You press <<26>> and receive 49 points.
You press <<25>> and receive 49 points.
You press <<24>> and receive 29 points.
You press <<23>> and receive 37 points.

Environment number 7:
The value of option 17 is 30. You have 10 choices to make in this environment.
You press <<18>> and receive 20 points.
You press <<16>> and receive 41 points.
You press <<15>> and receive 47 points.
You press <<14>> and receive 32 points.
You press <<13>> and receive 0 points.
You press <<21>> and receive 73 points.
You press <<22>> and receive 62 points.
You press <<23>> and receive 49 points.
You press <<24>> and receive 43 points.
You press <<20>> and receive 51 points.

Environment number 8:
The value of option 9 is 46. You have 10 choices to make in this environment.
You press <<10>> and receive 51 points.
You press <<11>> and receive 28 points.
You press <<8>> and receive 62 points.
You press <<7>> and receive 55 points.
You press <<6>> and receive 23 points.
You press <<12>> and receive -1 points.
You press <<19>> and receive 28 points.
You press <<18>> and receive 63 points.
You press <<17>> and receive 79 points.
You press <<16>> and receive 52 points.

Environment number 9:
The value of option 23 is 38. You have 10 choices to make in this environment.
You press <<22>> and receive 35 points.
You press <<24>> and receive 26 points.
You press <<17>> and receive 68 points.
You press <<18>> and receive 44 points.
You press <<16>> and receive 46 points.
You press <<15>> and receive 16 points.
You press <<19>> and receive 16 points.
You press <<20>> and receive 0 points.
You press <<25>> and receive 19 points.
You press <<13>> and receive 33 points.

Environment number 10:
The value of option 30 is 4. You have 5 choices to make in this environment.
You press <<29>> and receive 13 points.
You press <<28>> and receive 25 points.
You press <<27>> and receive 58 points.
You press <<26>> and receive 76 points.
You press <<25>> and receive 39 points.

Environment number 11:
The value of option 27 is 72. You have 10 choices to make in this environment.
You press <<26>> and receive 47 points.
You press <<28>> and receive 77 points.
You press <<29>> and receive 39 points.
You press <<18>> and receive 50 points.
You press <<19>> and receive 24 points.
You press <<17>> and receive 69 points.
You press <<16>> and receive 44 points.
You press <<15>> and receive 23 points.
You press <<",78
11,23,10,11,1,rough,27,10,72,35,"You will be presented with a series of 16 different environments to explore.
In each trial, you can select an option between numbers 1 and 30 by pressing the corresponding key.
By selecting any of these options, you will earn points associated with each unique option.
Imagine these options 1 through 30 as lying next to each other in an ordered line; options closer to each other tend to have similar rewards as rewards tend to cluster together.
For each environment, you will be able to make either 5 or 10 choices.
When you made all your choices in a given environment, you will start making choices in the next unexplored environment.
The rewards underlying the different options are different in each environment so you will learn them anew for each environment.
Each environment starts with the value of a single option revealed.
When you choose the number corresponding to a different option, you will be told the value of that option and receive those points.
Previously revealed options, including the starting option, can also be reselected, although there may be small changes in the point value.
It is your task to to learn where the largest reward is in each of the 16 environments.

Environment number 1:
The value of option 15 is 72. You have 5 choices to make in this environment.
You press <<16>> and receive 66 points.
You press <<14>> and receive 36 points.
You press <<13>> and receive 23 points.
You press <<8>> and receive 3 points.
You press <<22>> and receive 23 points.

Environment number 2:
The value of option 10 is 48. You have 10 choices to make in this environment.
You press <<10>> and receive 49 points.
You press <<9>> and receive 11 points.
You press <<11>> and receive 63 points.
You press <<12>> and receive 54 points.
You press <<13>> and receive 54 points.
You press <<14>> and receive 43 points.
You press <<15>> and receive 56 points.
You press <<16>> and receive 31 points.
You press <<17>> and receive 47 points.
You press <<18>> and receive 70 points.

Environment number 3:
The value of option 5 is 40. You have 5 choices to make in this environment.
You press <<4>> and receive 32 points.
You press <<6>> and receive 33 points.
You press <<7>> and receive 21 points.
You press <<8>> and receive 41 points.
You press <<9>> and receive 42 points.

Environment number 4:
The value of option 20 is 35. You have 5 choices to make in this environment.
You press <<19>> and receive 34 points.
You press <<21>> and receive 54 points.
You press <<22>> and receive 74 points.
You press <<23>> and receive 72 points.
You press <<24>> and receive 75 points.

Environment number 5:
The value of option 21 is 23. You have 5 choices to make in this environment.
You press <<22>> and receive 13 points.
You press <<20>> and receive 63 points.
You press <<19>> and receive 64 points.
You press <<18>> and receive 77 points.
You press <<17>> and receive 59 points.

Environment number 6:
The value of option 28 is 39. You have 5 choices to make in this environment.
You press <<27>> and receive 35 points.
You press <<26>> and receive 49 points.
You press <<25>> and receive 49 points.
You press <<24>> and receive 29 points.
You press <<23>> and receive 37 points.

Environment number 7:
The value of option 17 is 30. You have 10 choices to make in this environment.
You press <<18>> and receive 20 points.
You press <<16>> and receive 41 points.
You press <<15>> and receive 47 points.
You press <<14>> and receive 32 points.
You press <<13>> and receive 0 points.
You press <<21>> and receive 73 points.
You press <<22>> and receive 62 points.
You press <<23>> and receive 49 points.
You press <<24>> and receive 43 points.
You press <<20>> and receive 51 points.

Environment number 8:
The value of option 9 is 46. You have 10 choices to make in this environment.
You press <<10>> and receive 51 points.
You press <<11>> and receive 28 points.
You press <<8>> and receive 62 points.
You press <<7>> and receive 55 points.
You press <<6>> and receive 23 points.
You press <<12>> and receive -1 points.
You press <<19>> and receive 28 points.
You press <<18>> and receive 63 points.
You press <<17>> and receive 79 points.
You press <<16>> and receive 52 points.

Environment number 9:
The value of option 23 is 38. You have 10 choices to make in this environment.
You press <<22>> and receive 35 points.
You press <<24>> and receive 26 points.
You press <<17>> and receive 68 points.
You press <<18>> and receive 44 points.
You press <<16>> and receive 46 points.
You press <<15>> and receive 16 points.
You press <<19>> and receive 16 points.
You press <<20>> and receive 0 points.
You press <<25>> and receive 19 points.
You press <<13>> and receive 33 points.

Environment number 10:
The value of option 30 is 4. You have 5 choices to make in this environment.
You press <<29>> and receive 13 points.
You press <<28>> and receive 25 points.
You press <<27>> and receive 58 points.
You press <<26>> and receive 76 points.
You press <<25>> and receive 39 points.

Environment number 11:
The value of option 27 is 72. You have 10 choices to make in this environment.
You press <<26>> and receive 47 points.
You press <<28>> and receive 77 points.
You press <<29>> and receive 39 points.
You press <<18>> and receive 50 points.
You press <<19>> and receive 24 points.
You press <<17>> and receive 69 points.
You press <<16>> and receive 44 points.
You press <<15>> and receive 23 points.
You press <<10>> and receive 33 points.
You press <<",78
12,16,1,7,1,rough,6,10,46,49,"You will be presented with a series of 16 different environments to explore.
In each trial, you can select an option between numbers 1 and 30 by pressing the corresponding key.
By selecting any of these options, you will earn points associated with each unique option.
Imagine these options 1 through 30 as lying next to each other in an ordered line; options closer to each other tend to have similar rewards as rewards tend to cluster together.
For each environment, you will be able to make either 5 or 10 choices.
When you made all your choices in a given environment, you will start making choices in the next unexplored environment.
The rewards underlying the different options are different in each environment so you will learn them anew for each environment.
Each environment starts with the value of a single option revealed.
When you choose the number corresponding to a different option, you will be told the value of that option and receive those points.
Previously revealed options, including the starting option, can also be reselected, although there may be small changes in the point value.
It is your task to to learn where the largest reward is in each of the 16 environments.

Environment number 1:
The value of option 15 is 72. You have 5 choices to make in this environment.
You press <<16>> and receive 66 points.
You press <<14>> and receive 36 points.
You press <<13>> and receive 23 points.
You press <<8>> and receive 3 points.
You press <<22>> and receive 23 points.

Environment number 2:
The value of option 10 is 48. You have 10 choices to make in this environment.
You press <<10>> and receive 49 points.
You press <<9>> and receive 11 points.
You press <<11>> and receive 63 points.
You press <<12>> and receive 54 points.
You press <<13>> and receive 54 points.
You press <<14>> and receive 43 points.
You press <<15>> and receive 56 points.
You press <<16>> and receive 31 points.
You press <<17>> and receive 47 points.
You press <<18>> and receive 70 points.

Environment number 3:
The value of option 5 is 40. You have 5 choices to make in this environment.
You press <<4>> and receive 32 points.
You press <<6>> and receive 33 points.
You press <<7>> and receive 21 points.
You press <<8>> and receive 41 points.
You press <<9>> and receive 42 points.

Environment number 4:
The value of option 20 is 35. You have 5 choices to make in this environment.
You press <<19>> and receive 34 points.
You press <<21>> and receive 54 points.
You press <<22>> and receive 74 points.
You press <<23>> and receive 72 points.
You press <<24>> and receive 75 points.

Environment number 5:
The value of option 21 is 23. You have 5 choices to make in this environment.
You press <<22>> and receive 13 points.
You press <<20>> and receive 63 points.
You press <<19>> and receive 64 points.
You press <<18>> and receive 77 points.
You press <<17>> and receive 59 points.

Environment number 6:
The value of option 28 is 39. You have 5 choices to make in this environment.
You press <<27>> and receive 35 points.
You press <<26>> and receive 49 points.
You press <<25>> and receive 49 points.
You press <<24>> and receive 29 points.
You press <<23>> and receive 37 points.

Environment number 7:
The value of option 17 is 30. You have 10 choices to make in this environment.
You press <<18>> and receive 20 points.
You press <<16>> and receive 41 points.
You press <<15>> and receive 47 points.
You press <<14>> and receive 32 points.
You press <<13>> and receive 0 points.
You press <<21>> and receive 73 points.
You press <<22>> and receive 62 points.
You press <<23>> and receive 49 points.
You press <<24>> and receive 43 points.
You press <<20>> and receive 51 points.

Environment number 8:
The value of option 9 is 46. You have 10 choices to make in this environment.
You press <<10>> and receive 51 points.
You press <<11>> and receive 28 points.
You press <<8>> and receive 62 points.
You press <<7>> and receive 55 points.
You press <<6>> and receive 23 points.
You press <<12>> and receive -1 points.
You press <<19>> and receive 28 points.
You press <<18>> and receive 63 points.
You press <<17>> and receive 79 points.
You press <<16>> and receive 52 points.

Environment number 9:
The value of option 23 is 38. You have 10 choices to make in this environment.
You press <<22>> and receive 35 points.
You press <<24>> and receive 26 points.
You press <<17>> and receive 68 points.
You press <<18>> and receive 44 points.
You press <<16>> and receive 46 points.
You press <<15>> and receive 16 points.
You press <<19>> and receive 16 points.
You press <<20>> and receive 0 points.
You press <<25>> and receive 19 points.
You press <<13>> and receive 33 points.

Environment number 10:
The value of option 30 is 4. You have 5 choices to make in this environment.
You press <<29>> and receive 13 points.
You press <<28>> and receive 25 points.
You press <<27>> and receive 58 points.
You press <<26>> and receive 76 points.
You press <<25>> and receive 39 points.

Environment number 11:
The value of option 27 is 72. You have 10 choices to make in this environment.
You press <<26>> and receive 47 points.
You press <<28>> and receive 77 points.
You press <<29>> and receive 39 points.
You press <<18>> and receive 50 points.
You press <<19>> and receive 24 points.
You press <<17>> and receive 69 points.
You press <<16>> and receive 44 points.
You press <<15>> and receive 23 points.
You press <<10>> and receive 33 points.
You press <<11>> and receive 35 points.

Environment number 12:
The value of option 6 is 46. You have 10 choices to make in this environment.
You press <<",78
12,16,2,8,1,rough,6,10,46,40,"You will be presented with a series of 16 different environments to explore.
In each trial, you can select an option between numbers 1 and 30 by pressing the corresponding key.
By selecting any of these options, you will earn points associated with each unique option.
Imagine these options 1 through 30 as lying next to each other in an ordered line; options closer to each other tend to have similar rewards as rewards tend to cluster together.
For each environment, you will be able to make either 5 or 10 choices.
When you made all your choices in a given environment, you will start making choices in the next unexplored environment.
The rewards underlying the different options are different in each environment so you will learn them anew for each environment.
Each environment starts with the value of a single option revealed.
When you choose the number corresponding to a different option, you will be told the value of that option and receive those points.
Previously revealed options, including the starting option, can also be reselected, although there may be small changes in the point value.
It is your task to to learn where the largest reward is in each of the 16 environments.

Environment number 1:
The value of option 15 is 72. You have 5 choices to make in this environment.
You press <<16>> and receive 66 points.
You press <<14>> and receive 36 points.
You press <<13>> and receive 23 points.
You press <<8>> and receive 3 points.
You press <<22>> and receive 23 points.

Environment number 2:
The value of option 10 is 48. You have 10 choices to make in this environment.
You press <<10>> and receive 49 points.
You press <<9>> and receive 11 points.
You press <<11>> and receive 63 points.
You press <<12>> and receive 54 points.
You press <<13>> and receive 54 points.
You press <<14>> and receive 43 points.
You press <<15>> and receive 56 points.
You press <<16>> and receive 31 points.
You press <<17>> and receive 47 points.
You press <<18>> and receive 70 points.

Environment number 3:
The value of option 5 is 40. You have 5 choices to make in this environment.
You press <<4>> and receive 32 points.
You press <<6>> and receive 33 points.
You press <<7>> and receive 21 points.
You press <<8>> and receive 41 points.
You press <<9>> and receive 42 points.

Environment number 4:
The value of option 20 is 35. You have 5 choices to make in this environment.
You press <<19>> and receive 34 points.
You press <<21>> and receive 54 points.
You press <<22>> and receive 74 points.
You press <<23>> and receive 72 points.
You press <<24>> and receive 75 points.

Environment number 5:
The value of option 21 is 23. You have 5 choices to make in this environment.
You press <<22>> and receive 13 points.
You press <<20>> and receive 63 points.
You press <<19>> and receive 64 points.
You press <<18>> and receive 77 points.
You press <<17>> and receive 59 points.

Environment number 6:
The value of option 28 is 39. You have 5 choices to make in this environment.
You press <<27>> and receive 35 points.
You press <<26>> and receive 49 points.
You press <<25>> and receive 49 points.
You press <<24>> and receive 29 points.
You press <<23>> and receive 37 points.

Environment number 7:
The value of option 17 is 30. You have 10 choices to make in this environment.
You press <<18>> and receive 20 points.
You press <<16>> and receive 41 points.
You press <<15>> and receive 47 points.
You press <<14>> and receive 32 points.
You press <<13>> and receive 0 points.
You press <<21>> and receive 73 points.
You press <<22>> and receive 62 points.
You press <<23>> and receive 49 points.
You press <<24>> and receive 43 points.
You press <<20>> and receive 51 points.

Environment number 8:
The value of option 9 is 46. You have 10 choices to make in this environment.
You press <<10>> and receive 51 points.
You press <<11>> and receive 28 points.
You press <<8>> and receive 62 points.
You press <<7>> and receive 55 points.
You press <<6>> and receive 23 points.
You press <<12>> and receive -1 points.
You press <<19>> and receive 28 points.
You press <<18>> and receive 63 points.
You press <<17>> and receive 79 points.
You press <<16>> and receive 52 points.

Environment number 9:
The value of option 23 is 38. You have 10 choices to make in this environment.
You press <<22>> and receive 35 points.
You press <<24>> and receive 26 points.
You press <<17>> and receive 68 points.
You press <<18>> and receive 44 points.
You press <<16>> and receive 46 points.
You press <<15>> and receive 16 points.
You press <<19>> and receive 16 points.
You press <<20>> and receive 0 points.
You press <<25>> and receive 19 points.
You press <<13>> and receive 33 points.

Environment number 10:
The value of option 30 is 4. You have 5 choices to make in this environment.
You press <<29>> and receive 13 points.
You press <<28>> and receive 25 points.
You press <<27>> and receive 58 points.
You press <<26>> and receive 76 points.
You press <<25>> and receive 39 points.

Environment number 11:
The value of option 27 is 72. You have 10 choices to make in this environment.
You press <<26>> and receive 47 points.
You press <<28>> and receive 77 points.
You press <<29>> and receive 39 points.
You press <<18>> and receive 50 points.
You press <<19>> and receive 24 points.
You press <<17>> and receive 69 points.
You press <<16>> and receive 44 points.
You press <<15>> and receive 23 points.
You press <<10>> and receive 33 points.
You press <<11>> and receive 35 points.

Environment number 12:
The value of option 6 is 46. You have 10 choices to make in this environment.
You press <<7>> and receive 49 points.
You press <<",78
12,16,3,9,1,rough,6,10,46,38,"You will be presented with a series of 16 different environments to explore.
In each trial, you can select an option between numbers 1 and 30 by pressing the corresponding key.
By selecting any of these options, you will earn points associated with each unique option.
Imagine these options 1 through 30 as lying next to each other in an ordered line; options closer to each other tend to have similar rewards as rewards tend to cluster together.
For each environment, you will be able to make either 5 or 10 choices.
When you made all your choices in a given environment, you will start making choices in the next unexplored environment.
The rewards underlying the different options are different in each environment so you will learn them anew for each environment.
Each environment starts with the value of a single option revealed.
When you choose the number corresponding to a different option, you will be told the value of that option and receive those points.
Previously revealed options, including the starting option, can also be reselected, although there may be small changes in the point value.
It is your task to to learn where the largest reward is in each of the 16 environments.

Environment number 1:
The value of option 15 is 72. You have 5 choices to make in this environment.
You press <<16>> and receive 66 points.
You press <<14>> and receive 36 points.
You press <<13>> and receive 23 points.
You press <<8>> and receive 3 points.
You press <<22>> and receive 23 points.

Environment number 2:
The value of option 10 is 48. You have 10 choices to make in this environment.
You press <<10>> and receive 49 points.
You press <<9>> and receive 11 points.
You press <<11>> and receive 63 points.
You press <<12>> and receive 54 points.
You press <<13>> and receive 54 points.
You press <<14>> and receive 43 points.
You press <<15>> and receive 56 points.
You press <<16>> and receive 31 points.
You press <<17>> and receive 47 points.
You press <<18>> and receive 70 points.

Environment number 3:
The value of option 5 is 40. You have 5 choices to make in this environment.
You press <<4>> and receive 32 points.
You press <<6>> and receive 33 points.
You press <<7>> and receive 21 points.
You press <<8>> and receive 41 points.
You press <<9>> and receive 42 points.

Environment number 4:
The value of option 20 is 35. You have 5 choices to make in this environment.
You press <<19>> and receive 34 points.
You press <<21>> and receive 54 points.
You press <<22>> and receive 74 points.
You press <<23>> and receive 72 points.
You press <<24>> and receive 75 points.

Environment number 5:
The value of option 21 is 23. You have 5 choices to make in this environment.
You press <<22>> and receive 13 points.
You press <<20>> and receive 63 points.
You press <<19>> and receive 64 points.
You press <<18>> and receive 77 points.
You press <<17>> and receive 59 points.

Environment number 6:
The value of option 28 is 39. You have 5 choices to make in this environment.
You press <<27>> and receive 35 points.
You press <<26>> and receive 49 points.
You press <<25>> and receive 49 points.
You press <<24>> and receive 29 points.
You press <<23>> and receive 37 points.

Environment number 7:
The value of option 17 is 30. You have 10 choices to make in this environment.
You press <<18>> and receive 20 points.
You press <<16>> and receive 41 points.
You press <<15>> and receive 47 points.
You press <<14>> and receive 32 points.
You press <<13>> and receive 0 points.
You press <<21>> and receive 73 points.
You press <<22>> and receive 62 points.
You press <<23>> and receive 49 points.
You press <<24>> and receive 43 points.
You press <<20>> and receive 51 points.

Environment number 8:
The value of option 9 is 46. You have 10 choices to make in this environment.
You press <<10>> and receive 51 points.
You press <<11>> and receive 28 points.
You press <<8>> and receive 62 points.
You press <<7>> and receive 55 points.
You press <<6>> and receive 23 points.
You press <<12>> and receive -1 points.
You press <<19>> and receive 28 points.
You press <<18>> and receive 63 points.
You press <<17>> and receive 79 points.
You press <<16>> and receive 52 points.

Environment number 9:
The value of option 23 is 38. You have 10 choices to make in this environment.
You press <<22>> and receive 35 points.
You press <<24>> and receive 26 points.
You press <<17>> and receive 68 points.
You press <<18>> and receive 44 points.
You press <<16>> and receive 46 points.
You press <<15>> and receive 16 points.
You press <<19>> and receive 16 points.
You press <<20>> and receive 0 points.
You press <<25>> and receive 19 points.
You press <<13>> and receive 33 points.

Environment number 10:
The value of option 30 is 4. You have 5 choices to make in this environment.
You press <<29>> and receive 13 points.
You press <<28>> and receive 25 points.
You press <<27>> and receive 58 points.
You press <<26>> and receive 76 points.
You press <<25>> and receive 39 points.

Environment number 11:
The value of option 27 is 72. You have 10 choices to make in this environment.
You press <<26>> and receive 47 points.
You press <<28>> and receive 77 points.
You press <<29>> and receive 39 points.
You press <<18>> and receive 50 points.
You press <<19>> and receive 24 points.
You press <<17>> and receive 69 points.
You press <<16>> and receive 44 points.
You press <<15>> and receive 23 points.
You press <<10>> and receive 33 points.
You press <<11>> and receive 35 points.

Environment number 12:
The value of option 6 is 46. You have 10 choices to make in this environment.
You press <<7>> and receive 49 points.
You press <<8>> and receive 40 points.
You press <<",78
12,16,4,10,1,rough,6,10,46,50,"You will be presented with a series of 16 different environments to explore.
In each trial, you can select an option between numbers 1 and 30 by pressing the corresponding key.
By selecting any of these options, you will earn points associated with each unique option.
Imagine these options 1 through 30 as lying next to each other in an ordered line; options closer to each other tend to have similar rewards as rewards tend to cluster together.
For each environment, you will be able to make either 5 or 10 choices.
When you made all your choices in a given environment, you will start making choices in the next unexplored environment.
The rewards underlying the different options are different in each environment so you will learn them anew for each environment.
Each environment starts with the value of a single option revealed.
When you choose the number corresponding to a different option, you will be told the value of that option and receive those points.
Previously revealed options, including the starting option, can also be reselected, although there may be small changes in the point value.
It is your task to to learn where the largest reward is in each of the 16 environments.

Environment number 1:
The value of option 15 is 72. You have 5 choices to make in this environment.
You press <<16>> and receive 66 points.
You press <<14>> and receive 36 points.
You press <<13>> and receive 23 points.
You press <<8>> and receive 3 points.
You press <<22>> and receive 23 points.

Environment number 2:
The value of option 10 is 48. You have 10 choices to make in this environment.
You press <<10>> and receive 49 points.
You press <<9>> and receive 11 points.
You press <<11>> and receive 63 points.
You press <<12>> and receive 54 points.
You press <<13>> and receive 54 points.
You press <<14>> and receive 43 points.
You press <<15>> and receive 56 points.
You press <<16>> and receive 31 points.
You press <<17>> and receive 47 points.
You press <<18>> and receive 70 points.

Environment number 3:
The value of option 5 is 40. You have 5 choices to make in this environment.
You press <<4>> and receive 32 points.
You press <<6>> and receive 33 points.
You press <<7>> and receive 21 points.
You press <<8>> and receive 41 points.
You press <<9>> and receive 42 points.

Environment number 4:
The value of option 20 is 35. You have 5 choices to make in this environment.
You press <<19>> and receive 34 points.
You press <<21>> and receive 54 points.
You press <<22>> and receive 74 points.
You press <<23>> and receive 72 points.
You press <<24>> and receive 75 points.

Environment number 5:
The value of option 21 is 23. You have 5 choices to make in this environment.
You press <<22>> and receive 13 points.
You press <<20>> and receive 63 points.
You press <<19>> and receive 64 points.
You press <<18>> and receive 77 points.
You press <<17>> and receive 59 points.

Environment number 6:
The value of option 28 is 39. You have 5 choices to make in this environment.
You press <<27>> and receive 35 points.
You press <<26>> and receive 49 points.
You press <<25>> and receive 49 points.
You press <<24>> and receive 29 points.
You press <<23>> and receive 37 points.

Environment number 7:
The value of option 17 is 30. You have 10 choices to make in this environment.
You press <<18>> and receive 20 points.
You press <<16>> and receive 41 points.
You press <<15>> and receive 47 points.
You press <<14>> and receive 32 points.
You press <<13>> and receive 0 points.
You press <<21>> and receive 73 points.
You press <<22>> and receive 62 points.
You press <<23>> and receive 49 points.
You press <<24>> and receive 43 points.
You press <<20>> and receive 51 points.

Environment number 8:
The value of option 9 is 46. You have 10 choices to make in this environment.
You press <<10>> and receive 51 points.
You press <<11>> and receive 28 points.
You press <<8>> and receive 62 points.
You press <<7>> and receive 55 points.
You press <<6>> and receive 23 points.
You press <<12>> and receive -1 points.
You press <<19>> and receive 28 points.
You press <<18>> and receive 63 points.
You press <<17>> and receive 79 points.
You press <<16>> and receive 52 points.

Environment number 9:
The value of option 23 is 38. You have 10 choices to make in this environment.
You press <<22>> and receive 35 points.
You press <<24>> and receive 26 points.
You press <<17>> and receive 68 points.
You press <<18>> and receive 44 points.
You press <<16>> and receive 46 points.
You press <<15>> and receive 16 points.
You press <<19>> and receive 16 points.
You press <<20>> and receive 0 points.
You press <<25>> and receive 19 points.
You press <<13>> and receive 33 points.

Environment number 10:
The value of option 30 is 4. You have 5 choices to make in this environment.
You press <<29>> and receive 13 points.
You press <<28>> and receive 25 points.
You press <<27>> and receive 58 points.
You press <<26>> and receive 76 points.
You press <<25>> and receive 39 points.

Environment number 11:
The value of option 27 is 72. You have 10 choices to make in this environment.
You press <<26>> and receive 47 points.
You press <<28>> and receive 77 points.
You press <<29>> and receive 39 points.
You press <<18>> and receive 50 points.
You press <<19>> and receive 24 points.
You press <<17>> and receive 69 points.
You press <<16>> and receive 44 points.
You press <<15>> and receive 23 points.
You press <<10>> and receive 33 points.
You press <<11>> and receive 35 points.

Environment number 12:
The value of option 6 is 46. You have 10 choices to make in this environment.
You press <<7>> and receive 49 points.
You press <<8>> and receive 40 points.
You press <<9>> and receive 38 points.
You press <<",78
12,16,5,11,1,rough,6,10,46,64,"You will be presented with a series of 16 different environments to explore.
In each trial, you can select an option between numbers 1 and 30 by pressing the corresponding key.
By selecting any of these options, you will earn points associated with each unique option.
Imagine these options 1 through 30 as lying next to each other in an ordered line; options closer to each other tend to have similar rewards as rewards tend to cluster together.
For each environment, you will be able to make either 5 or 10 choices.
When you made all your choices in a given environment, you will start making choices in the next unexplored environment.
The rewards underlying the different options are different in each environment so you will learn them anew for each environment.
Each environment starts with the value of a single option revealed.
When you choose the number corresponding to a different option, you will be told the value of that option and receive those points.
Previously revealed options, including the starting option, can also be reselected, although there may be small changes in the point value.
It is your task to to learn where the largest reward is in each of the 16 environments.

Environment number 1:
The value of option 15 is 72. You have 5 choices to make in this environment.
You press <<16>> and receive 66 points.
You press <<14>> and receive 36 points.
You press <<13>> and receive 23 points.
You press <<8>> and receive 3 points.
You press <<22>> and receive 23 points.

Environment number 2:
The value of option 10 is 48. You have 10 choices to make in this environment.
You press <<10>> and receive 49 points.
You press <<9>> and receive 11 points.
You press <<11>> and receive 63 points.
You press <<12>> and receive 54 points.
You press <<13>> and receive 54 points.
You press <<14>> and receive 43 points.
You press <<15>> and receive 56 points.
You press <<16>> and receive 31 points.
You press <<17>> and receive 47 points.
You press <<18>> and receive 70 points.

Environment number 3:
The value of option 5 is 40. You have 5 choices to make in this environment.
You press <<4>> and receive 32 points.
You press <<6>> and receive 33 points.
You press <<7>> and receive 21 points.
You press <<8>> and receive 41 points.
You press <<9>> and receive 42 points.

Environment number 4:
The value of option 20 is 35. You have 5 choices to make in this environment.
You press <<19>> and receive 34 points.
You press <<21>> and receive 54 points.
You press <<22>> and receive 74 points.
You press <<23>> and receive 72 points.
You press <<24>> and receive 75 points.

Environment number 5:
The value of option 21 is 23. You have 5 choices to make in this environment.
You press <<22>> and receive 13 points.
You press <<20>> and receive 63 points.
You press <<19>> and receive 64 points.
You press <<18>> and receive 77 points.
You press <<17>> and receive 59 points.

Environment number 6:
The value of option 28 is 39. You have 5 choices to make in this environment.
You press <<27>> and receive 35 points.
You press <<26>> and receive 49 points.
You press <<25>> and receive 49 points.
You press <<24>> and receive 29 points.
You press <<23>> and receive 37 points.

Environment number 7:
The value of option 17 is 30. You have 10 choices to make in this environment.
You press <<18>> and receive 20 points.
You press <<16>> and receive 41 points.
You press <<15>> and receive 47 points.
You press <<14>> and receive 32 points.
You press <<13>> and receive 0 points.
You press <<21>> and receive 73 points.
You press <<22>> and receive 62 points.
You press <<23>> and receive 49 points.
You press <<24>> and receive 43 points.
You press <<20>> and receive 51 points.

Environment number 8:
The value of option 9 is 46. You have 10 choices to make in this environment.
You press <<10>> and receive 51 points.
You press <<11>> and receive 28 points.
You press <<8>> and receive 62 points.
You press <<7>> and receive 55 points.
You press <<6>> and receive 23 points.
You press <<12>> and receive -1 points.
You press <<19>> and receive 28 points.
You press <<18>> and receive 63 points.
You press <<17>> and receive 79 points.
You press <<16>> and receive 52 points.

Environment number 9:
The value of option 23 is 38. You have 10 choices to make in this environment.
You press <<22>> and receive 35 points.
You press <<24>> and receive 26 points.
You press <<17>> and receive 68 points.
You press <<18>> and receive 44 points.
You press <<16>> and receive 46 points.
You press <<15>> and receive 16 points.
You press <<19>> and receive 16 points.
You press <<20>> and receive 0 points.
You press <<25>> and receive 19 points.
You press <<13>> and receive 33 points.

Environment number 10:
The value of option 30 is 4. You have 5 choices to make in this environment.
You press <<29>> and receive 13 points.
You press <<28>> and receive 25 points.
You press <<27>> and receive 58 points.
You press <<26>> and receive 76 points.
You press <<25>> and receive 39 points.

Environment number 11:
The value of option 27 is 72. You have 10 choices to make in this environment.
You press <<26>> and receive 47 points.
You press <<28>> and receive 77 points.
You press <<29>> and receive 39 points.
You press <<18>> and receive 50 points.
You press <<19>> and receive 24 points.
You press <<17>> and receive 69 points.
You press <<16>> and receive 44 points.
You press <<15>> and receive 23 points.
You press <<10>> and receive 33 points.
You press <<11>> and receive 35 points.

Environment number 12:
The value of option 6 is 46. You have 10 choices to make in this environment.
You press <<7>> and receive 49 points.
You press <<8>> and receive 40 points.
You press <<9>> and receive 38 points.
You press <<10>> and receive 50 points.
You press <<",78
12,16,6,12,1,rough,6,10,46,57,"You will be presented with a series of 16 different environments to explore.
In each trial, you can select an option between numbers 1 and 30 by pressing the corresponding key.
By selecting any of these options, you will earn points associated with each unique option.
Imagine these options 1 through 30 as lying next to each other in an ordered line; options closer to each other tend to have similar rewards as rewards tend to cluster together.
For each environment, you will be able to make either 5 or 10 choices.
When you made all your choices in a given environment, you will start making choices in the next unexplored environment.
The rewards underlying the different options are different in each environment so you will learn them anew for each environment.
Each environment starts with the value of a single option revealed.
When you choose the number corresponding to a different option, you will be told the value of that option and receive those points.
Previously revealed options, including the starting option, can also be reselected, although there may be small changes in the point value.
It is your task to to learn where the largest reward is in each of the 16 environments.

Environment number 1:
The value of option 15 is 72. You have 5 choices to make in this environment.
You press <<16>> and receive 66 points.
You press <<14>> and receive 36 points.
You press <<13>> and receive 23 points.
You press <<8>> and receive 3 points.
You press <<22>> and receive 23 points.

Environment number 2:
The value of option 10 is 48. You have 10 choices to make in this environment.
You press <<10>> and receive 49 points.
You press <<9>> and receive 11 points.
You press <<11>> and receive 63 points.
You press <<12>> and receive 54 points.
You press <<13>> and receive 54 points.
You press <<14>> and receive 43 points.
You press <<15>> and receive 56 points.
You press <<16>> and receive 31 points.
You press <<17>> and receive 47 points.
You press <<18>> and receive 70 points.

Environment number 3:
The value of option 5 is 40. You have 5 choices to make in this environment.
You press <<4>> and receive 32 points.
You press <<6>> and receive 33 points.
You press <<7>> and receive 21 points.
You press <<8>> and receive 41 points.
You press <<9>> and receive 42 points.

Environment number 4:
The value of option 20 is 35. You have 5 choices to make in this environment.
You press <<19>> and receive 34 points.
You press <<21>> and receive 54 points.
You press <<22>> and receive 74 points.
You press <<23>> and receive 72 points.
You press <<24>> and receive 75 points.

Environment number 5:
The value of option 21 is 23. You have 5 choices to make in this environment.
You press <<22>> and receive 13 points.
You press <<20>> and receive 63 points.
You press <<19>> and receive 64 points.
You press <<18>> and receive 77 points.
You press <<17>> and receive 59 points.

Environment number 6:
The value of option 28 is 39. You have 5 choices to make in this environment.
You press <<27>> and receive 35 points.
You press <<26>> and receive 49 points.
You press <<25>> and receive 49 points.
You press <<24>> and receive 29 points.
You press <<23>> and receive 37 points.

Environment number 7:
The value of option 17 is 30. You have 10 choices to make in this environment.
You press <<18>> and receive 20 points.
You press <<16>> and receive 41 points.
You press <<15>> and receive 47 points.
You press <<14>> and receive 32 points.
You press <<13>> and receive 0 points.
You press <<21>> and receive 73 points.
You press <<22>> and receive 62 points.
You press <<23>> and receive 49 points.
You press <<24>> and receive 43 points.
You press <<20>> and receive 51 points.

Environment number 8:
The value of option 9 is 46. You have 10 choices to make in this environment.
You press <<10>> and receive 51 points.
You press <<11>> and receive 28 points.
You press <<8>> and receive 62 points.
You press <<7>> and receive 55 points.
You press <<6>> and receive 23 points.
You press <<12>> and receive -1 points.
You press <<19>> and receive 28 points.
You press <<18>> and receive 63 points.
You press <<17>> and receive 79 points.
You press <<16>> and receive 52 points.

Environment number 9:
The value of option 23 is 38. You have 10 choices to make in this environment.
You press <<22>> and receive 35 points.
You press <<24>> and receive 26 points.
You press <<17>> and receive 68 points.
You press <<18>> and receive 44 points.
You press <<16>> and receive 46 points.
You press <<15>> and receive 16 points.
You press <<19>> and receive 16 points.
You press <<20>> and receive 0 points.
You press <<25>> and receive 19 points.
You press <<13>> and receive 33 points.

Environment number 10:
The value of option 30 is 4. You have 5 choices to make in this environment.
You press <<29>> and receive 13 points.
You press <<28>> and receive 25 points.
You press <<27>> and receive 58 points.
You press <<26>> and receive 76 points.
You press <<25>> and receive 39 points.

Environment number 11:
The value of option 27 is 72. You have 10 choices to make in this environment.
You press <<26>> and receive 47 points.
You press <<28>> and receive 77 points.
You press <<29>> and receive 39 points.
You press <<18>> and receive 50 points.
You press <<19>> and receive 24 points.
You press <<17>> and receive 69 points.
You press <<16>> and receive 44 points.
You press <<15>> and receive 23 points.
You press <<10>> and receive 33 points.
You press <<11>> and receive 35 points.

Environment number 12:
The value of option 6 is 46. You have 10 choices to make in this environment.
You press <<7>> and receive 49 points.
You press <<8>> and receive 40 points.
You press <<9>> and receive 38 points.
You press <<10>> and receive 50 points.
You press <<11>> and receive 64 points.
You press <<",78
12,16,7,13,1,rough,6,10,46,28,"You will be presented with a series of 16 different environments to explore.
In each trial, you can select an option between numbers 1 and 30 by pressing the corresponding key.
By selecting any of these options, you will earn points associated with each unique option.
Imagine these options 1 through 30 as lying next to each other in an ordered line; options closer to each other tend to have similar rewards as rewards tend to cluster together.
For each environment, you will be able to make either 5 or 10 choices.
When you made all your choices in a given environment, you will start making choices in the next unexplored environment.
The rewards underlying the different options are different in each environment so you will learn them anew for each environment.
Each environment starts with the value of a single option revealed.
When you choose the number corresponding to a different option, you will be told the value of that option and receive those points.
Previously revealed options, including the starting option, can also be reselected, although there may be small changes in the point value.
It is your task to to learn where the largest reward is in each of the 16 environments.

Environment number 1:
The value of option 15 is 72. You have 5 choices to make in this environment.
You press <<16>> and receive 66 points.
You press <<14>> and receive 36 points.
You press <<13>> and receive 23 points.
You press <<8>> and receive 3 points.
You press <<22>> and receive 23 points.

Environment number 2:
The value of option 10 is 48. You have 10 choices to make in this environment.
You press <<10>> and receive 49 points.
You press <<9>> and receive 11 points.
You press <<11>> and receive 63 points.
You press <<12>> and receive 54 points.
You press <<13>> and receive 54 points.
You press <<14>> and receive 43 points.
You press <<15>> and receive 56 points.
You press <<16>> and receive 31 points.
You press <<17>> and receive 47 points.
You press <<18>> and receive 70 points.

Environment number 3:
The value of option 5 is 40. You have 5 choices to make in this environment.
You press <<4>> and receive 32 points.
You press <<6>> and receive 33 points.
You press <<7>> and receive 21 points.
You press <<8>> and receive 41 points.
You press <<9>> and receive 42 points.

Environment number 4:
The value of option 20 is 35. You have 5 choices to make in this environment.
You press <<19>> and receive 34 points.
You press <<21>> and receive 54 points.
You press <<22>> and receive 74 points.
You press <<23>> and receive 72 points.
You press <<24>> and receive 75 points.

Environment number 5:
The value of option 21 is 23. You have 5 choices to make in this environment.
You press <<22>> and receive 13 points.
You press <<20>> and receive 63 points.
You press <<19>> and receive 64 points.
You press <<18>> and receive 77 points.
You press <<17>> and receive 59 points.

Environment number 6:
The value of option 28 is 39. You have 5 choices to make in this environment.
You press <<27>> and receive 35 points.
You press <<26>> and receive 49 points.
You press <<25>> and receive 49 points.
You press <<24>> and receive 29 points.
You press <<23>> and receive 37 points.

Environment number 7:
The value of option 17 is 30. You have 10 choices to make in this environment.
You press <<18>> and receive 20 points.
You press <<16>> and receive 41 points.
You press <<15>> and receive 47 points.
You press <<14>> and receive 32 points.
You press <<13>> and receive 0 points.
You press <<21>> and receive 73 points.
You press <<22>> and receive 62 points.
You press <<23>> and receive 49 points.
You press <<24>> and receive 43 points.
You press <<20>> and receive 51 points.

Environment number 8:
The value of option 9 is 46. You have 10 choices to make in this environment.
You press <<10>> and receive 51 points.
You press <<11>> and receive 28 points.
You press <<8>> and receive 62 points.
You press <<7>> and receive 55 points.
You press <<6>> and receive 23 points.
You press <<12>> and receive -1 points.
You press <<19>> and receive 28 points.
You press <<18>> and receive 63 points.
You press <<17>> and receive 79 points.
You press <<16>> and receive 52 points.

Environment number 9:
The value of option 23 is 38. You have 10 choices to make in this environment.
You press <<22>> and receive 35 points.
You press <<24>> and receive 26 points.
You press <<17>> and receive 68 points.
You press <<18>> and receive 44 points.
You press <<16>> and receive 46 points.
You press <<15>> and receive 16 points.
You press <<19>> and receive 16 points.
You press <<20>> and receive 0 points.
You press <<25>> and receive 19 points.
You press <<13>> and receive 33 points.

Environment number 10:
The value of option 30 is 4. You have 5 choices to make in this environment.
You press <<29>> and receive 13 points.
You press <<28>> and receive 25 points.
You press <<27>> and receive 58 points.
You press <<26>> and receive 76 points.
You press <<25>> and receive 39 points.

Environment number 11:
The value of option 27 is 72. You have 10 choices to make in this environment.
You press <<26>> and receive 47 points.
You press <<28>> and receive 77 points.
You press <<29>> and receive 39 points.
You press <<18>> and receive 50 points.
You press <<19>> and receive 24 points.
You press <<17>> and receive 69 points.
You press <<16>> and receive 44 points.
You press <<15>> and receive 23 points.
You press <<10>> and receive 33 points.
You press <<11>> and receive 35 points.

Environment number 12:
The value of option 6 is 46. You have 10 choices to make in this environment.
You press <<7>> and receive 49 points.
You press <<8>> and receive 40 points.
You press <<9>> and receive 38 points.
You press <<10>> and receive 50 points.
You press <<11>> and receive 64 points.
You press <<12>> and receive 57 points.
You press <<",78
12,16,8,14,1,rough,6,10,46,2,"You will be presented with a series of 16 different environments to explore.
In each trial, you can select an option between numbers 1 and 30 by pressing the corresponding key.
By selecting any of these options, you will earn points associated with each unique option.
Imagine these options 1 through 30 as lying next to each other in an ordered line; options closer to each other tend to have similar rewards as rewards tend to cluster together.
For each environment, you will be able to make either 5 or 10 choices.
When you made all your choices in a given environment, you will start making choices in the next unexplored environment.
The rewards underlying the different options are different in each environment so you will learn them anew for each environment.
Each environment starts with the value of a single option revealed.
When you choose the number corresponding to a different option, you will be told the value of that option and receive those points.
Previously revealed options, including the starting option, can also be reselected, although there may be small changes in the point value.
It is your task to to learn where the largest reward is in each of the 16 environments.

Environment number 1:
The value of option 15 is 72. You have 5 choices to make in this environment.
You press <<16>> and receive 66 points.
You press <<14>> and receive 36 points.
You press <<13>> and receive 23 points.
You press <<8>> and receive 3 points.
You press <<22>> and receive 23 points.

Environment number 2:
The value of option 10 is 48. You have 10 choices to make in this environment.
You press <<10>> and receive 49 points.
You press <<9>> and receive 11 points.
You press <<11>> and receive 63 points.
You press <<12>> and receive 54 points.
You press <<13>> and receive 54 points.
You press <<14>> and receive 43 points.
You press <<15>> and receive 56 points.
You press <<16>> and receive 31 points.
You press <<17>> and receive 47 points.
You press <<18>> and receive 70 points.

Environment number 3:
The value of option 5 is 40. You have 5 choices to make in this environment.
You press <<4>> and receive 32 points.
You press <<6>> and receive 33 points.
You press <<7>> and receive 21 points.
You press <<8>> and receive 41 points.
You press <<9>> and receive 42 points.

Environment number 4:
The value of option 20 is 35. You have 5 choices to make in this environment.
You press <<19>> and receive 34 points.
You press <<21>> and receive 54 points.
You press <<22>> and receive 74 points.
You press <<23>> and receive 72 points.
You press <<24>> and receive 75 points.

Environment number 5:
The value of option 21 is 23. You have 5 choices to make in this environment.
You press <<22>> and receive 13 points.
You press <<20>> and receive 63 points.
You press <<19>> and receive 64 points.
You press <<18>> and receive 77 points.
You press <<17>> and receive 59 points.

Environment number 6:
The value of option 28 is 39. You have 5 choices to make in this environment.
You press <<27>> and receive 35 points.
You press <<26>> and receive 49 points.
You press <<25>> and receive 49 points.
You press <<24>> and receive 29 points.
You press <<23>> and receive 37 points.

Environment number 7:
The value of option 17 is 30. You have 10 choices to make in this environment.
You press <<18>> and receive 20 points.
You press <<16>> and receive 41 points.
You press <<15>> and receive 47 points.
You press <<14>> and receive 32 points.
You press <<13>> and receive 0 points.
You press <<21>> and receive 73 points.
You press <<22>> and receive 62 points.
You press <<23>> and receive 49 points.
You press <<24>> and receive 43 points.
You press <<20>> and receive 51 points.

Environment number 8:
The value of option 9 is 46. You have 10 choices to make in this environment.
You press <<10>> and receive 51 points.
You press <<11>> and receive 28 points.
You press <<8>> and receive 62 points.
You press <<7>> and receive 55 points.
You press <<6>> and receive 23 points.
You press <<12>> and receive -1 points.
You press <<19>> and receive 28 points.
You press <<18>> and receive 63 points.
You press <<17>> and receive 79 points.
You press <<16>> and receive 52 points.

Environment number 9:
The value of option 23 is 38. You have 10 choices to make in this environment.
You press <<22>> and receive 35 points.
You press <<24>> and receive 26 points.
You press <<17>> and receive 68 points.
You press <<18>> and receive 44 points.
You press <<16>> and receive 46 points.
You press <<15>> and receive 16 points.
You press <<19>> and receive 16 points.
You press <<20>> and receive 0 points.
You press <<25>> and receive 19 points.
You press <<13>> and receive 33 points.

Environment number 10:
The value of option 30 is 4. You have 5 choices to make in this environment.
You press <<29>> and receive 13 points.
You press <<28>> and receive 25 points.
You press <<27>> and receive 58 points.
You press <<26>> and receive 76 points.
You press <<25>> and receive 39 points.

Environment number 11:
The value of option 27 is 72. You have 10 choices to make in this environment.
You press <<26>> and receive 47 points.
You press <<28>> and receive 77 points.
You press <<29>> and receive 39 points.
You press <<18>> and receive 50 points.
You press <<19>> and receive 24 points.
You press <<17>> and receive 69 points.
You press <<16>> and receive 44 points.
You press <<15>> and receive 23 points.
You press <<10>> and receive 33 points.
You press <<11>> and receive 35 points.

Environment number 12:
The value of option 6 is 46. You have 10 choices to make in this environment.
You press <<7>> and receive 49 points.
You press <<8>> and receive 40 points.
You press <<9>> and receive 38 points.
You press <<10>> and receive 50 points.
You press <<11>> and receive 64 points.
You press <<12>> and receive 57 points.
You press <<13>> and receive 28 points.
You press <<",78
12,16,9,5,1,rough,6,10,46,59,"You will be presented with a series of 16 different environments to explore.
In each trial, you can select an option between numbers 1 and 30 by pressing the corresponding key.
By selecting any of these options, you will earn points associated with each unique option.
Imagine these options 1 through 30 as lying next to each other in an ordered line; options closer to each other tend to have similar rewards as rewards tend to cluster together.
For each environment, you will be able to make either 5 or 10 choices.
When you made all your choices in a given environment, you will start making choices in the next unexplored environment.
The rewards underlying the different options are different in each environment so you will learn them anew for each environment.
Each environment starts with the value of a single option revealed.
When you choose the number corresponding to a different option, you will be told the value of that option and receive those points.
Previously revealed options, including the starting option, can also be reselected, although there may be small changes in the point value.
It is your task to to learn where the largest reward is in each of the 16 environments.

Environment number 1:
The value of option 15 is 72. You have 5 choices to make in this environment.
You press <<16>> and receive 66 points.
You press <<14>> and receive 36 points.
You press <<13>> and receive 23 points.
You press <<8>> and receive 3 points.
You press <<22>> and receive 23 points.

Environment number 2:
The value of option 10 is 48. You have 10 choices to make in this environment.
You press <<10>> and receive 49 points.
You press <<9>> and receive 11 points.
You press <<11>> and receive 63 points.
You press <<12>> and receive 54 points.
You press <<13>> and receive 54 points.
You press <<14>> and receive 43 points.
You press <<15>> and receive 56 points.
You press <<16>> and receive 31 points.
You press <<17>> and receive 47 points.
You press <<18>> and receive 70 points.

Environment number 3:
The value of option 5 is 40. You have 5 choices to make in this environment.
You press <<4>> and receive 32 points.
You press <<6>> and receive 33 points.
You press <<7>> and receive 21 points.
You press <<8>> and receive 41 points.
You press <<9>> and receive 42 points.

Environment number 4:
The value of option 20 is 35. You have 5 choices to make in this environment.
You press <<19>> and receive 34 points.
You press <<21>> and receive 54 points.
You press <<22>> and receive 74 points.
You press <<23>> and receive 72 points.
You press <<24>> and receive 75 points.

Environment number 5:
The value of option 21 is 23. You have 5 choices to make in this environment.
You press <<22>> and receive 13 points.
You press <<20>> and receive 63 points.
You press <<19>> and receive 64 points.
You press <<18>> and receive 77 points.
You press <<17>> and receive 59 points.

Environment number 6:
The value of option 28 is 39. You have 5 choices to make in this environment.
You press <<27>> and receive 35 points.
You press <<26>> and receive 49 points.
You press <<25>> and receive 49 points.
You press <<24>> and receive 29 points.
You press <<23>> and receive 37 points.

Environment number 7:
The value of option 17 is 30. You have 10 choices to make in this environment.
You press <<18>> and receive 20 points.
You press <<16>> and receive 41 points.
You press <<15>> and receive 47 points.
You press <<14>> and receive 32 points.
You press <<13>> and receive 0 points.
You press <<21>> and receive 73 points.
You press <<22>> and receive 62 points.
You press <<23>> and receive 49 points.
You press <<24>> and receive 43 points.
You press <<20>> and receive 51 points.

Environment number 8:
The value of option 9 is 46. You have 10 choices to make in this environment.
You press <<10>> and receive 51 points.
You press <<11>> and receive 28 points.
You press <<8>> and receive 62 points.
You press <<7>> and receive 55 points.
You press <<6>> and receive 23 points.
You press <<12>> and receive -1 points.
You press <<19>> and receive 28 points.
You press <<18>> and receive 63 points.
You press <<17>> and receive 79 points.
You press <<16>> and receive 52 points.

Environment number 9:
The value of option 23 is 38. You have 10 choices to make in this environment.
You press <<22>> and receive 35 points.
You press <<24>> and receive 26 points.
You press <<17>> and receive 68 points.
You press <<18>> and receive 44 points.
You press <<16>> and receive 46 points.
You press <<15>> and receive 16 points.
You press <<19>> and receive 16 points.
You press <<20>> and receive 0 points.
You press <<25>> and receive 19 points.
You press <<13>> and receive 33 points.

Environment number 10:
The value of option 30 is 4. You have 5 choices to make in this environment.
You press <<29>> and receive 13 points.
You press <<28>> and receive 25 points.
You press <<27>> and receive 58 points.
You press <<26>> and receive 76 points.
You press <<25>> and receive 39 points.

Environment number 11:
The value of option 27 is 72. You have 10 choices to make in this environment.
You press <<26>> and receive 47 points.
You press <<28>> and receive 77 points.
You press <<29>> and receive 39 points.
You press <<18>> and receive 50 points.
You press <<19>> and receive 24 points.
You press <<17>> and receive 69 points.
You press <<16>> and receive 44 points.
You press <<15>> and receive 23 points.
You press <<10>> and receive 33 points.
You press <<11>> and receive 35 points.

Environment number 12:
The value of option 6 is 46. You have 10 choices to make in this environment.
You press <<7>> and receive 49 points.
You press <<8>> and receive 40 points.
You press <<9>> and receive 38 points.
You press <<10>> and receive 50 points.
You press <<11>> and receive 64 points.
You press <<12>> and receive 57 points.
You press <<13>> and receive 28 points.
You press <<14>> and receive 2 points.
You press <<",78
12,16,10,4,1,rough,6,10,46,66,"You will be presented with a series of 16 different environments to explore.
In each trial, you can select an option between numbers 1 and 30 by pressing the corresponding key.
By selecting any of these options, you will earn points associated with each unique option.
Imagine these options 1 through 30 as lying next to each other in an ordered line; options closer to each other tend to have similar rewards as rewards tend to cluster together.
For each environment, you will be able to make either 5 or 10 choices.
When you made all your choices in a given environment, you will start making choices in the next unexplored environment.
The rewards underlying the different options are different in each environment so you will learn them anew for each environment.
Each environment starts with the value of a single option revealed.
When you choose the number corresponding to a different option, you will be told the value of that option and receive those points.
Previously revealed options, including the starting option, can also be reselected, although there may be small changes in the point value.
It is your task to to learn where the largest reward is in each of the 16 environments.

Environment number 1:
The value of option 15 is 72. You have 5 choices to make in this environment.
You press <<16>> and receive 66 points.
You press <<14>> and receive 36 points.
You press <<13>> and receive 23 points.
You press <<8>> and receive 3 points.
You press <<22>> and receive 23 points.

Environment number 2:
The value of option 10 is 48. You have 10 choices to make in this environment.
You press <<10>> and receive 49 points.
You press <<9>> and receive 11 points.
You press <<11>> and receive 63 points.
You press <<12>> and receive 54 points.
You press <<13>> and receive 54 points.
You press <<14>> and receive 43 points.
You press <<15>> and receive 56 points.
You press <<16>> and receive 31 points.
You press <<17>> and receive 47 points.
You press <<18>> and receive 70 points.

Environment number 3:
The value of option 5 is 40. You have 5 choices to make in this environment.
You press <<4>> and receive 32 points.
You press <<6>> and receive 33 points.
You press <<7>> and receive 21 points.
You press <<8>> and receive 41 points.
You press <<9>> and receive 42 points.

Environment number 4:
The value of option 20 is 35. You have 5 choices to make in this environment.
You press <<19>> and receive 34 points.
You press <<21>> and receive 54 points.
You press <<22>> and receive 74 points.
You press <<23>> and receive 72 points.
You press <<24>> and receive 75 points.

Environment number 5:
The value of option 21 is 23. You have 5 choices to make in this environment.
You press <<22>> and receive 13 points.
You press <<20>> and receive 63 points.
You press <<19>> and receive 64 points.
You press <<18>> and receive 77 points.
You press <<17>> and receive 59 points.

Environment number 6:
The value of option 28 is 39. You have 5 choices to make in this environment.
You press <<27>> and receive 35 points.
You press <<26>> and receive 49 points.
You press <<25>> and receive 49 points.
You press <<24>> and receive 29 points.
You press <<23>> and receive 37 points.

Environment number 7:
The value of option 17 is 30. You have 10 choices to make in this environment.
You press <<18>> and receive 20 points.
You press <<16>> and receive 41 points.
You press <<15>> and receive 47 points.
You press <<14>> and receive 32 points.
You press <<13>> and receive 0 points.
You press <<21>> and receive 73 points.
You press <<22>> and receive 62 points.
You press <<23>> and receive 49 points.
You press <<24>> and receive 43 points.
You press <<20>> and receive 51 points.

Environment number 8:
The value of option 9 is 46. You have 10 choices to make in this environment.
You press <<10>> and receive 51 points.
You press <<11>> and receive 28 points.
You press <<8>> and receive 62 points.
You press <<7>> and receive 55 points.
You press <<6>> and receive 23 points.
You press <<12>> and receive -1 points.
You press <<19>> and receive 28 points.
You press <<18>> and receive 63 points.
You press <<17>> and receive 79 points.
You press <<16>> and receive 52 points.

Environment number 9:
The value of option 23 is 38. You have 10 choices to make in this environment.
You press <<22>> and receive 35 points.
You press <<24>> and receive 26 points.
You press <<17>> and receive 68 points.
You press <<18>> and receive 44 points.
You press <<16>> and receive 46 points.
You press <<15>> and receive 16 points.
You press <<19>> and receive 16 points.
You press <<20>> and receive 0 points.
You press <<25>> and receive 19 points.
You press <<13>> and receive 33 points.

Environment number 10:
The value of option 30 is 4. You have 5 choices to make in this environment.
You press <<29>> and receive 13 points.
You press <<28>> and receive 25 points.
You press <<27>> and receive 58 points.
You press <<26>> and receive 76 points.
You press <<25>> and receive 39 points.

Environment number 11:
The value of option 27 is 72. You have 10 choices to make in this environment.
You press <<26>> and receive 47 points.
You press <<28>> and receive 77 points.
You press <<29>> and receive 39 points.
You press <<18>> and receive 50 points.
You press <<19>> and receive 24 points.
You press <<17>> and receive 69 points.
You press <<16>> and receive 44 points.
You press <<15>> and receive 23 points.
You press <<10>> and receive 33 points.
You press <<11>> and receive 35 points.

Environment number 12:
The value of option 6 is 46. You have 10 choices to make in this environment.
You press <<7>> and receive 49 points.
You press <<8>> and receive 40 points.
You press <<9>> and receive 38 points.
You press <<10>> and receive 50 points.
You press <<11>> and receive 64 points.
You press <<12>> and receive 57 points.
You press <<13>> and receive 28 points.
You press <<14>> and receive 2 points.
You press <<5>> and receive 59 points.
You press <<",78
13,32,1,20,1,rough,21,10,43,45,"You will be presented with a series of 16 different environments to explore.
In each trial, you can select an option between numbers 1 and 30 by pressing the corresponding key.
By selecting any of these options, you will earn points associated with each unique option.
Imagine these options 1 through 30 as lying next to each other in an ordered line; options closer to each other tend to have similar rewards as rewards tend to cluster together.
For each environment, you will be able to make either 5 or 10 choices.
When you made all your choices in a given environment, you will start making choices in the next unexplored environment.
The rewards underlying the different options are different in each environment so you will learn them anew for each environment.
Each environment starts with the value of a single option revealed.
When you choose the number corresponding to a different option, you will be told the value of that option and receive those points.
Previously revealed options, including the starting option, can also be reselected, although there may be small changes in the point value.
It is your task to to learn where the largest reward is in each of the 16 environments.

Environment number 1:
The value of option 15 is 72. You have 5 choices to make in this environment.
You press <<16>> and receive 66 points.
You press <<14>> and receive 36 points.
You press <<13>> and receive 23 points.
You press <<8>> and receive 3 points.
You press <<22>> and receive 23 points.

Environment number 2:
The value of option 10 is 48. You have 10 choices to make in this environment.
You press <<10>> and receive 49 points.
You press <<9>> and receive 11 points.
You press <<11>> and receive 63 points.
You press <<12>> and receive 54 points.
You press <<13>> and receive 54 points.
You press <<14>> and receive 43 points.
You press <<15>> and receive 56 points.
You press <<16>> and receive 31 points.
You press <<17>> and receive 47 points.
You press <<18>> and receive 70 points.

Environment number 3:
The value of option 5 is 40. You have 5 choices to make in this environment.
You press <<4>> and receive 32 points.
You press <<6>> and receive 33 points.
You press <<7>> and receive 21 points.
You press <<8>> and receive 41 points.
You press <<9>> and receive 42 points.

Environment number 4:
The value of option 20 is 35. You have 5 choices to make in this environment.
You press <<19>> and receive 34 points.
You press <<21>> and receive 54 points.
You press <<22>> and receive 74 points.
You press <<23>> and receive 72 points.
You press <<24>> and receive 75 points.

Environment number 5:
The value of option 21 is 23. You have 5 choices to make in this environment.
You press <<22>> and receive 13 points.
You press <<20>> and receive 63 points.
You press <<19>> and receive 64 points.
You press <<18>> and receive 77 points.
You press <<17>> and receive 59 points.

Environment number 6:
The value of option 28 is 39. You have 5 choices to make in this environment.
You press <<27>> and receive 35 points.
You press <<26>> and receive 49 points.
You press <<25>> and receive 49 points.
You press <<24>> and receive 29 points.
You press <<23>> and receive 37 points.

Environment number 7:
The value of option 17 is 30. You have 10 choices to make in this environment.
You press <<18>> and receive 20 points.
You press <<16>> and receive 41 points.
You press <<15>> and receive 47 points.
You press <<14>> and receive 32 points.
You press <<13>> and receive 0 points.
You press <<21>> and receive 73 points.
You press <<22>> and receive 62 points.
You press <<23>> and receive 49 points.
You press <<24>> and receive 43 points.
You press <<20>> and receive 51 points.

Environment number 8:
The value of option 9 is 46. You have 10 choices to make in this environment.
You press <<10>> and receive 51 points.
You press <<11>> and receive 28 points.
You press <<8>> and receive 62 points.
You press <<7>> and receive 55 points.
You press <<6>> and receive 23 points.
You press <<12>> and receive -1 points.
You press <<19>> and receive 28 points.
You press <<18>> and receive 63 points.
You press <<17>> and receive 79 points.
You press <<16>> and receive 52 points.

Environment number 9:
The value of option 23 is 38. You have 10 choices to make in this environment.
You press <<22>> and receive 35 points.
You press <<24>> and receive 26 points.
You press <<17>> and receive 68 points.
You press <<18>> and receive 44 points.
You press <<16>> and receive 46 points.
You press <<15>> and receive 16 points.
You press <<19>> and receive 16 points.
You press <<20>> and receive 0 points.
You press <<25>> and receive 19 points.
You press <<13>> and receive 33 points.

Environment number 10:
The value of option 30 is 4. You have 5 choices to make in this environment.
You press <<29>> and receive 13 points.
You press <<28>> and receive 25 points.
You press <<27>> and receive 58 points.
You press <<26>> and receive 76 points.
You press <<25>> and receive 39 points.

Environment number 11:
The value of option 27 is 72. You have 10 choices to make in this environment.
You press <<26>> and receive 47 points.
You press <<28>> and receive 77 points.
You press <<29>> and receive 39 points.
You press <<18>> and receive 50 points.
You press <<19>> and receive 24 points.
You press <<17>> and receive 69 points.
You press <<16>> and receive 44 points.
You press <<15>> and receive 23 points.
You press <<10>> and receive 33 points.
You press <<11>> and receive 35 points.

Environment number 12:
The value of option 6 is 46. You have 10 choices to make in this environment.
You press <<7>> and receive 49 points.
You press <<8>> and receive 40 points.
You press <<9>> and receive 38 points.
You press <<10>> and receive 50 points.
You press <<11>> and receive 64 points.
You press <<12>> and receive 57 points.
You press <<13>> and receive 28 points.
You press <<14>> and receive 2 points.
You press <<5>> and receive 59 points.
You press <<4>> and receive 66 points.

Environment number 13:
The value of option 21 is 43. You have 10 choices to make in this environment.
You press <<",78
13,32,2,22,1,rough,21,10,43,15,"You will be presented with a series of 16 different environments to explore.
In each trial, you can select an option between numbers 1 and 30 by pressing the corresponding key.
By selecting any of these options, you will earn points associated with each unique option.
Imagine these options 1 through 30 as lying next to each other in an ordered line; options closer to each other tend to have similar rewards as rewards tend to cluster together.
For each environment, you will be able to make either 5 or 10 choices.
When you made all your choices in a given environment, you will start making choices in the next unexplored environment.
The rewards underlying the different options are different in each environment so you will learn them anew for each environment.
Each environment starts with the value of a single option revealed.
When you choose the number corresponding to a different option, you will be told the value of that option and receive those points.
Previously revealed options, including the starting option, can also be reselected, although there may be small changes in the point value.
It is your task to to learn where the largest reward is in each of the 16 environments.

Environment number 1:
The value of option 15 is 72. You have 5 choices to make in this environment.
You press <<16>> and receive 66 points.
You press <<14>> and receive 36 points.
You press <<13>> and receive 23 points.
You press <<8>> and receive 3 points.
You press <<22>> and receive 23 points.

Environment number 2:
The value of option 10 is 48. You have 10 choices to make in this environment.
You press <<10>> and receive 49 points.
You press <<9>> and receive 11 points.
You press <<11>> and receive 63 points.
You press <<12>> and receive 54 points.
You press <<13>> and receive 54 points.
You press <<14>> and receive 43 points.
You press <<15>> and receive 56 points.
You press <<16>> and receive 31 points.
You press <<17>> and receive 47 points.
You press <<18>> and receive 70 points.

Environment number 3:
The value of option 5 is 40. You have 5 choices to make in this environment.
You press <<4>> and receive 32 points.
You press <<6>> and receive 33 points.
You press <<7>> and receive 21 points.
You press <<8>> and receive 41 points.
You press <<9>> and receive 42 points.

Environment number 4:
The value of option 20 is 35. You have 5 choices to make in this environment.
You press <<19>> and receive 34 points.
You press <<21>> and receive 54 points.
You press <<22>> and receive 74 points.
You press <<23>> and receive 72 points.
You press <<24>> and receive 75 points.

Environment number 5:
The value of option 21 is 23. You have 5 choices to make in this environment.
You press <<22>> and receive 13 points.
You press <<20>> and receive 63 points.
You press <<19>> and receive 64 points.
You press <<18>> and receive 77 points.
You press <<17>> and receive 59 points.

Environment number 6:
The value of option 28 is 39. You have 5 choices to make in this environment.
You press <<27>> and receive 35 points.
You press <<26>> and receive 49 points.
You press <<25>> and receive 49 points.
You press <<24>> and receive 29 points.
You press <<23>> and receive 37 points.

Environment number 7:
The value of option 17 is 30. You have 10 choices to make in this environment.
You press <<18>> and receive 20 points.
You press <<16>> and receive 41 points.
You press <<15>> and receive 47 points.
You press <<14>> and receive 32 points.
You press <<13>> and receive 0 points.
You press <<21>> and receive 73 points.
You press <<22>> and receive 62 points.
You press <<23>> and receive 49 points.
You press <<24>> and receive 43 points.
You press <<20>> and receive 51 points.

Environment number 8:
The value of option 9 is 46. You have 10 choices to make in this environment.
You press <<10>> and receive 51 points.
You press <<11>> and receive 28 points.
You press <<8>> and receive 62 points.
You press <<7>> and receive 55 points.
You press <<6>> and receive 23 points.
You press <<12>> and receive -1 points.
You press <<19>> and receive 28 points.
You press <<18>> and receive 63 points.
You press <<17>> and receive 79 points.
You press <<16>> and receive 52 points.

Environment number 9:
The value of option 23 is 38. You have 10 choices to make in this environment.
You press <<22>> and receive 35 points.
You press <<24>> and receive 26 points.
You press <<17>> and receive 68 points.
You press <<18>> and receive 44 points.
You press <<16>> and receive 46 points.
You press <<15>> and receive 16 points.
You press <<19>> and receive 16 points.
You press <<20>> and receive 0 points.
You press <<25>> and receive 19 points.
You press <<13>> and receive 33 points.

Environment number 10:
The value of option 30 is 4. You have 5 choices to make in this environment.
You press <<29>> and receive 13 points.
You press <<28>> and receive 25 points.
You press <<27>> and receive 58 points.
You press <<26>> and receive 76 points.
You press <<25>> and receive 39 points.

Environment number 11:
The value of option 27 is 72. You have 10 choices to make in this environment.
You press <<26>> and receive 47 points.
You press <<28>> and receive 77 points.
You press <<29>> and receive 39 points.
You press <<18>> and receive 50 points.
You press <<19>> and receive 24 points.
You press <<17>> and receive 69 points.
You press <<16>> and receive 44 points.
You press <<15>> and receive 23 points.
You press <<10>> and receive 33 points.
You press <<11>> and receive 35 points.

Environment number 12:
The value of option 6 is 46. You have 10 choices to make in this environment.
You press <<7>> and receive 49 points.
You press <<8>> and receive 40 points.
You press <<9>> and receive 38 points.
You press <<10>> and receive 50 points.
You press <<11>> and receive 64 points.
You press <<12>> and receive 57 points.
You press <<13>> and receive 28 points.
You press <<14>> and receive 2 points.
You press <<5>> and receive 59 points.
You press <<4>> and receive 66 points.

Environment number 13:
The value of option 21 is 43. You have 10 choices to make in this environment.
You press <<20>> and receive 45 points.
You press <<",78
13,32,3,19,1,rough,21,10,43,46,"You will be presented with a series of 16 different environments to explore.
In each trial, you can select an option between numbers 1 and 30 by pressing the corresponding key.
By selecting any of these options, you will earn points associated with each unique option.
Imagine these options 1 through 30 as lying next to each other in an ordered line; options closer to each other tend to have similar rewards as rewards tend to cluster together.
For each environment, you will be able to make either 5 or 10 choices.
When you made all your choices in a given environment, you will start making choices in the next unexplored environment.
The rewards underlying the different options are different in each environment so you will learn them anew for each environment.
Each environment starts with the value of a single option revealed.
When you choose the number corresponding to a different option, you will be told the value of that option and receive those points.
Previously revealed options, including the starting option, can also be reselected, although there may be small changes in the point value.
It is your task to to learn where the largest reward is in each of the 16 environments.

Environment number 1:
The value of option 15 is 72. You have 5 choices to make in this environment.
You press <<16>> and receive 66 points.
You press <<14>> and receive 36 points.
You press <<13>> and receive 23 points.
You press <<8>> and receive 3 points.
You press <<22>> and receive 23 points.

Environment number 2:
The value of option 10 is 48. You have 10 choices to make in this environment.
You press <<10>> and receive 49 points.
You press <<9>> and receive 11 points.
You press <<11>> and receive 63 points.
You press <<12>> and receive 54 points.
You press <<13>> and receive 54 points.
You press <<14>> and receive 43 points.
You press <<15>> and receive 56 points.
You press <<16>> and receive 31 points.
You press <<17>> and receive 47 points.
You press <<18>> and receive 70 points.

Environment number 3:
The value of option 5 is 40. You have 5 choices to make in this environment.
You press <<4>> and receive 32 points.
You press <<6>> and receive 33 points.
You press <<7>> and receive 21 points.
You press <<8>> and receive 41 points.
You press <<9>> and receive 42 points.

Environment number 4:
The value of option 20 is 35. You have 5 choices to make in this environment.
You press <<19>> and receive 34 points.
You press <<21>> and receive 54 points.
You press <<22>> and receive 74 points.
You press <<23>> and receive 72 points.
You press <<24>> and receive 75 points.

Environment number 5:
The value of option 21 is 23. You have 5 choices to make in this environment.
You press <<22>> and receive 13 points.
You press <<20>> and receive 63 points.
You press <<19>> and receive 64 points.
You press <<18>> and receive 77 points.
You press <<17>> and receive 59 points.

Environment number 6:
The value of option 28 is 39. You have 5 choices to make in this environment.
You press <<27>> and receive 35 points.
You press <<26>> and receive 49 points.
You press <<25>> and receive 49 points.
You press <<24>> and receive 29 points.
You press <<23>> and receive 37 points.

Environment number 7:
The value of option 17 is 30. You have 10 choices to make in this environment.
You press <<18>> and receive 20 points.
You press <<16>> and receive 41 points.
You press <<15>> and receive 47 points.
You press <<14>> and receive 32 points.
You press <<13>> and receive 0 points.
You press <<21>> and receive 73 points.
You press <<22>> and receive 62 points.
You press <<23>> and receive 49 points.
You press <<24>> and receive 43 points.
You press <<20>> and receive 51 points.

Environment number 8:
The value of option 9 is 46. You have 10 choices to make in this environment.
You press <<10>> and receive 51 points.
You press <<11>> and receive 28 points.
You press <<8>> and receive 62 points.
You press <<7>> and receive 55 points.
You press <<6>> and receive 23 points.
You press <<12>> and receive -1 points.
You press <<19>> and receive 28 points.
You press <<18>> and receive 63 points.
You press <<17>> and receive 79 points.
You press <<16>> and receive 52 points.

Environment number 9:
The value of option 23 is 38. You have 10 choices to make in this environment.
You press <<22>> and receive 35 points.
You press <<24>> and receive 26 points.
You press <<17>> and receive 68 points.
You press <<18>> and receive 44 points.
You press <<16>> and receive 46 points.
You press <<15>> and receive 16 points.
You press <<19>> and receive 16 points.
You press <<20>> and receive 0 points.
You press <<25>> and receive 19 points.
You press <<13>> and receive 33 points.

Environment number 10:
The value of option 30 is 4. You have 5 choices to make in this environment.
You press <<29>> and receive 13 points.
You press <<28>> and receive 25 points.
You press <<27>> and receive 58 points.
You press <<26>> and receive 76 points.
You press <<25>> and receive 39 points.

Environment number 11:
The value of option 27 is 72. You have 10 choices to make in this environment.
You press <<26>> and receive 47 points.
You press <<28>> and receive 77 points.
You press <<29>> and receive 39 points.
You press <<18>> and receive 50 points.
You press <<19>> and receive 24 points.
You press <<17>> and receive 69 points.
You press <<16>> and receive 44 points.
You press <<15>> and receive 23 points.
You press <<10>> and receive 33 points.
You press <<11>> and receive 35 points.

Environment number 12:
The value of option 6 is 46. You have 10 choices to make in this environment.
You press <<7>> and receive 49 points.
You press <<8>> and receive 40 points.
You press <<9>> and receive 38 points.
You press <<10>> and receive 50 points.
You press <<11>> and receive 64 points.
You press <<12>> and receive 57 points.
You press <<13>> and receive 28 points.
You press <<14>> and receive 2 points.
You press <<5>> and receive 59 points.
You press <<4>> and receive 66 points.

Environment number 13:
The value of option 21 is 43. You have 10 choices to make in this environment.
You press <<20>> and receive 45 points.
You press <<22>> and receive 15 points.
You press <<",78
13,32,4,18,1,rough,21,10,43,44,"You will be presented with a series of 16 different environments to explore.
In each trial, you can select an option between numbers 1 and 30 by pressing the corresponding key.
By selecting any of these options, you will earn points associated with each unique option.
Imagine these options 1 through 30 as lying next to each other in an ordered line; options closer to each other tend to have similar rewards as rewards tend to cluster together.
For each environment, you will be able to make either 5 or 10 choices.
When you made all your choices in a given environment, you will start making choices in the next unexplored environment.
The rewards underlying the different options are different in each environment so you will learn them anew for each environment.
Each environment starts with the value of a single option revealed.
When you choose the number corresponding to a different option, you will be told the value of that option and receive those points.
Previously revealed options, including the starting option, can also be reselected, although there may be small changes in the point value.
It is your task to to learn where the largest reward is in each of the 16 environments.

Environment number 1:
The value of option 15 is 72. You have 5 choices to make in this environment.
You press <<16>> and receive 66 points.
You press <<14>> and receive 36 points.
You press <<13>> and receive 23 points.
You press <<8>> and receive 3 points.
You press <<22>> and receive 23 points.

Environment number 2:
The value of option 10 is 48. You have 10 choices to make in this environment.
You press <<10>> and receive 49 points.
You press <<9>> and receive 11 points.
You press <<11>> and receive 63 points.
You press <<12>> and receive 54 points.
You press <<13>> and receive 54 points.
You press <<14>> and receive 43 points.
You press <<15>> and receive 56 points.
You press <<16>> and receive 31 points.
You press <<17>> and receive 47 points.
You press <<18>> and receive 70 points.

Environment number 3:
The value of option 5 is 40. You have 5 choices to make in this environment.
You press <<4>> and receive 32 points.
You press <<6>> and receive 33 points.
You press <<7>> and receive 21 points.
You press <<8>> and receive 41 points.
You press <<9>> and receive 42 points.

Environment number 4:
The value of option 20 is 35. You have 5 choices to make in this environment.
You press <<19>> and receive 34 points.
You press <<21>> and receive 54 points.
You press <<22>> and receive 74 points.
You press <<23>> and receive 72 points.
You press <<24>> and receive 75 points.

Environment number 5:
The value of option 21 is 23. You have 5 choices to make in this environment.
You press <<22>> and receive 13 points.
You press <<20>> and receive 63 points.
You press <<19>> and receive 64 points.
You press <<18>> and receive 77 points.
You press <<17>> and receive 59 points.

Environment number 6:
The value of option 28 is 39. You have 5 choices to make in this environment.
You press <<27>> and receive 35 points.
You press <<26>> and receive 49 points.
You press <<25>> and receive 49 points.
You press <<24>> and receive 29 points.
You press <<23>> and receive 37 points.

Environment number 7:
The value of option 17 is 30. You have 10 choices to make in this environment.
You press <<18>> and receive 20 points.
You press <<16>> and receive 41 points.
You press <<15>> and receive 47 points.
You press <<14>> and receive 32 points.
You press <<13>> and receive 0 points.
You press <<21>> and receive 73 points.
You press <<22>> and receive 62 points.
You press <<23>> and receive 49 points.
You press <<24>> and receive 43 points.
You press <<20>> and receive 51 points.

Environment number 8:
The value of option 9 is 46. You have 10 choices to make in this environment.
You press <<10>> and receive 51 points.
You press <<11>> and receive 28 points.
You press <<8>> and receive 62 points.
You press <<7>> and receive 55 points.
You press <<6>> and receive 23 points.
You press <<12>> and receive -1 points.
You press <<19>> and receive 28 points.
You press <<18>> and receive 63 points.
You press <<17>> and receive 79 points.
You press <<16>> and receive 52 points.

Environment number 9:
The value of option 23 is 38. You have 10 choices to make in this environment.
You press <<22>> and receive 35 points.
You press <<24>> and receive 26 points.
You press <<17>> and receive 68 points.
You press <<18>> and receive 44 points.
You press <<16>> and receive 46 points.
You press <<15>> and receive 16 points.
You press <<19>> and receive 16 points.
You press <<20>> and receive 0 points.
You press <<25>> and receive 19 points.
You press <<13>> and receive 33 points.

Environment number 10:
The value of option 30 is 4. You have 5 choices to make in this environment.
You press <<29>> and receive 13 points.
You press <<28>> and receive 25 points.
You press <<27>> and receive 58 points.
You press <<26>> and receive 76 points.
You press <<25>> and receive 39 points.

Environment number 11:
The value of option 27 is 72. You have 10 choices to make in this environment.
You press <<26>> and receive 47 points.
You press <<28>> and receive 77 points.
You press <<29>> and receive 39 points.
You press <<18>> and receive 50 points.
You press <<19>> and receive 24 points.
You press <<17>> and receive 69 points.
You press <<16>> and receive 44 points.
You press <<15>> and receive 23 points.
You press <<10>> and receive 33 points.
You press <<11>> and receive 35 points.

Environment number 12:
The value of option 6 is 46. You have 10 choices to make in this environment.
You press <<7>> and receive 49 points.
You press <<8>> and receive 40 points.
You press <<9>> and receive 38 points.
You press <<10>> and receive 50 points.
You press <<11>> and receive 64 points.
You press <<12>> and receive 57 points.
You press <<13>> and receive 28 points.
You press <<14>> and receive 2 points.
You press <<5>> and receive 59 points.
You press <<4>> and receive 66 points.

Environment number 13:
The value of option 21 is 43. You have 10 choices to make in this environment.
You press <<20>> and receive 45 points.
You press <<22>> and receive 15 points.
You press <<19>> and receive 46 points.
You press <<",78
13,32,5,17,1,rough,21,10,43,25,"You will be presented with a series of 16 different environments to explore.
In each trial, you can select an option between numbers 1 and 30 by pressing the corresponding key.
By selecting any of these options, you will earn points associated with each unique option.
Imagine these options 1 through 30 as lying next to each other in an ordered line; options closer to each other tend to have similar rewards as rewards tend to cluster together.
For each environment, you will be able to make either 5 or 10 choices.
When you made all your choices in a given environment, you will start making choices in the next unexplored environment.
The rewards underlying the different options are different in each environment so you will learn them anew for each environment.
Each environment starts with the value of a single option revealed.
When you choose the number corresponding to a different option, you will be told the value of that option and receive those points.
Previously revealed options, including the starting option, can also be reselected, although there may be small changes in the point value.
It is your task to to learn where the largest reward is in each of the 16 environments.

Environment number 1:
The value of option 15 is 72. You have 5 choices to make in this environment.
You press <<16>> and receive 66 points.
You press <<14>> and receive 36 points.
You press <<13>> and receive 23 points.
You press <<8>> and receive 3 points.
You press <<22>> and receive 23 points.

Environment number 2:
The value of option 10 is 48. You have 10 choices to make in this environment.
You press <<10>> and receive 49 points.
You press <<9>> and receive 11 points.
You press <<11>> and receive 63 points.
You press <<12>> and receive 54 points.
You press <<13>> and receive 54 points.
You press <<14>> and receive 43 points.
You press <<15>> and receive 56 points.
You press <<16>> and receive 31 points.
You press <<17>> and receive 47 points.
You press <<18>> and receive 70 points.

Environment number 3:
The value of option 5 is 40. You have 5 choices to make in this environment.
You press <<4>> and receive 32 points.
You press <<6>> and receive 33 points.
You press <<7>> and receive 21 points.
You press <<8>> and receive 41 points.
You press <<9>> and receive 42 points.

Environment number 4:
The value of option 20 is 35. You have 5 choices to make in this environment.
You press <<19>> and receive 34 points.
You press <<21>> and receive 54 points.
You press <<22>> and receive 74 points.
You press <<23>> and receive 72 points.
You press <<24>> and receive 75 points.

Environment number 5:
The value of option 21 is 23. You have 5 choices to make in this environment.
You press <<22>> and receive 13 points.
You press <<20>> and receive 63 points.
You press <<19>> and receive 64 points.
You press <<18>> and receive 77 points.
You press <<17>> and receive 59 points.

Environment number 6:
The value of option 28 is 39. You have 5 choices to make in this environment.
You press <<27>> and receive 35 points.
You press <<26>> and receive 49 points.
You press <<25>> and receive 49 points.
You press <<24>> and receive 29 points.
You press <<23>> and receive 37 points.

Environment number 7:
The value of option 17 is 30. You have 10 choices to make in this environment.
You press <<18>> and receive 20 points.
You press <<16>> and receive 41 points.
You press <<15>> and receive 47 points.
You press <<14>> and receive 32 points.
You press <<13>> and receive 0 points.
You press <<21>> and receive 73 points.
You press <<22>> and receive 62 points.
You press <<23>> and receive 49 points.
You press <<24>> and receive 43 points.
You press <<20>> and receive 51 points.

Environment number 8:
The value of option 9 is 46. You have 10 choices to make in this environment.
You press <<10>> and receive 51 points.
You press <<11>> and receive 28 points.
You press <<8>> and receive 62 points.
You press <<7>> and receive 55 points.
You press <<6>> and receive 23 points.
You press <<12>> and receive -1 points.
You press <<19>> and receive 28 points.
You press <<18>> and receive 63 points.
You press <<17>> and receive 79 points.
You press <<16>> and receive 52 points.

Environment number 9:
The value of option 23 is 38. You have 10 choices to make in this environment.
You press <<22>> and receive 35 points.
You press <<24>> and receive 26 points.
You press <<17>> and receive 68 points.
You press <<18>> and receive 44 points.
You press <<16>> and receive 46 points.
You press <<15>> and receive 16 points.
You press <<19>> and receive 16 points.
You press <<20>> and receive 0 points.
You press <<25>> and receive 19 points.
You press <<13>> and receive 33 points.

Environment number 10:
The value of option 30 is 4. You have 5 choices to make in this environment.
You press <<29>> and receive 13 points.
You press <<28>> and receive 25 points.
You press <<27>> and receive 58 points.
You press <<26>> and receive 76 points.
You press <<25>> and receive 39 points.

Environment number 11:
The value of option 27 is 72. You have 10 choices to make in this environment.
You press <<26>> and receive 47 points.
You press <<28>> and receive 77 points.
You press <<29>> and receive 39 points.
You press <<18>> and receive 50 points.
You press <<19>> and receive 24 points.
You press <<17>> and receive 69 points.
You press <<16>> and receive 44 points.
You press <<15>> and receive 23 points.
You press <<10>> and receive 33 points.
You press <<11>> and receive 35 points.

Environment number 12:
The value of option 6 is 46. You have 10 choices to make in this environment.
You press <<7>> and receive 49 points.
You press <<8>> and receive 40 points.
You press <<9>> and receive 38 points.
You press <<10>> and receive 50 points.
You press <<11>> and receive 64 points.
You press <<12>> and receive 57 points.
You press <<13>> and receive 28 points.
You press <<14>> and receive 2 points.
You press <<5>> and receive 59 points.
You press <<4>> and receive 66 points.

Environment number 13:
The value of option 21 is 43. You have 10 choices to make in this environment.
You press <<20>> and receive 45 points.
You press <<22>> and receive 15 points.
You press <<19>> and receive 46 points.
You press <<18>> and receive 44 points.
You press <<",78
13,32,6,9,1,rough,21,10,43,18,"You will be presented with a series of 16 different environments to explore.
In each trial, you can select an option between numbers 1 and 30 by pressing the corresponding key.
By selecting any of these options, you will earn points associated with each unique option.
Imagine these options 1 through 30 as lying next to each other in an ordered line; options closer to each other tend to have similar rewards as rewards tend to cluster together.
For each environment, you will be able to make either 5 or 10 choices.
When you made all your choices in a given environment, you will start making choices in the next unexplored environment.
The rewards underlying the different options are different in each environment so you will learn them anew for each environment.
Each environment starts with the value of a single option revealed.
When you choose the number corresponding to a different option, you will be told the value of that option and receive those points.
Previously revealed options, including the starting option, can also be reselected, although there may be small changes in the point value.
It is your task to to learn where the largest reward is in each of the 16 environments.

Environment number 1:
The value of option 15 is 72. You have 5 choices to make in this environment.
You press <<16>> and receive 66 points.
You press <<14>> and receive 36 points.
You press <<13>> and receive 23 points.
You press <<8>> and receive 3 points.
You press <<22>> and receive 23 points.

Environment number 2:
The value of option 10 is 48. You have 10 choices to make in this environment.
You press <<10>> and receive 49 points.
You press <<9>> and receive 11 points.
You press <<11>> and receive 63 points.
You press <<12>> and receive 54 points.
You press <<13>> and receive 54 points.
You press <<14>> and receive 43 points.
You press <<15>> and receive 56 points.
You press <<16>> and receive 31 points.
You press <<17>> and receive 47 points.
You press <<18>> and receive 70 points.

Environment number 3:
The value of option 5 is 40. You have 5 choices to make in this environment.
You press <<4>> and receive 32 points.
You press <<6>> and receive 33 points.
You press <<7>> and receive 21 points.
You press <<8>> and receive 41 points.
You press <<9>> and receive 42 points.

Environment number 4:
The value of option 20 is 35. You have 5 choices to make in this environment.
You press <<19>> and receive 34 points.
You press <<21>> and receive 54 points.
You press <<22>> and receive 74 points.
You press <<23>> and receive 72 points.
You press <<24>> and receive 75 points.

Environment number 5:
The value of option 21 is 23. You have 5 choices to make in this environment.
You press <<22>> and receive 13 points.
You press <<20>> and receive 63 points.
You press <<19>> and receive 64 points.
You press <<18>> and receive 77 points.
You press <<17>> and receive 59 points.

Environment number 6:
The value of option 28 is 39. You have 5 choices to make in this environment.
You press <<27>> and receive 35 points.
You press <<26>> and receive 49 points.
You press <<25>> and receive 49 points.
You press <<24>> and receive 29 points.
You press <<23>> and receive 37 points.

Environment number 7:
The value of option 17 is 30. You have 10 choices to make in this environment.
You press <<18>> and receive 20 points.
You press <<16>> and receive 41 points.
You press <<15>> and receive 47 points.
You press <<14>> and receive 32 points.
You press <<13>> and receive 0 points.
You press <<21>> and receive 73 points.
You press <<22>> and receive 62 points.
You press <<23>> and receive 49 points.
You press <<24>> and receive 43 points.
You press <<20>> and receive 51 points.

Environment number 8:
The value of option 9 is 46. You have 10 choices to make in this environment.
You press <<10>> and receive 51 points.
You press <<11>> and receive 28 points.
You press <<8>> and receive 62 points.
You press <<7>> and receive 55 points.
You press <<6>> and receive 23 points.
You press <<12>> and receive -1 points.
You press <<19>> and receive 28 points.
You press <<18>> and receive 63 points.
You press <<17>> and receive 79 points.
You press <<16>> and receive 52 points.

Environment number 9:
The value of option 23 is 38. You have 10 choices to make in this environment.
You press <<22>> and receive 35 points.
You press <<24>> and receive 26 points.
You press <<17>> and receive 68 points.
You press <<18>> and receive 44 points.
You press <<16>> and receive 46 points.
You press <<15>> and receive 16 points.
You press <<19>> and receive 16 points.
You press <<20>> and receive 0 points.
You press <<25>> and receive 19 points.
You press <<13>> and receive 33 points.

Environment number 10:
The value of option 30 is 4. You have 5 choices to make in this environment.
You press <<29>> and receive 13 points.
You press <<28>> and receive 25 points.
You press <<27>> and receive 58 points.
You press <<26>> and receive 76 points.
You press <<25>> and receive 39 points.

Environment number 11:
The value of option 27 is 72. You have 10 choices to make in this environment.
You press <<26>> and receive 47 points.
You press <<28>> and receive 77 points.
You press <<29>> and receive 39 points.
You press <<18>> and receive 50 points.
You press <<19>> and receive 24 points.
You press <<17>> and receive 69 points.
You press <<16>> and receive 44 points.
You press <<15>> and receive 23 points.
You press <<10>> and receive 33 points.
You press <<11>> and receive 35 points.

Environment number 12:
The value of option 6 is 46. You have 10 choices to make in this environment.
You press <<7>> and receive 49 points.
You press <<8>> and receive 40 points.
You press <<9>> and receive 38 points.
You press <<10>> and receive 50 points.
You press <<11>> and receive 64 points.
You press <<12>> and receive 57 points.
You press <<13>> and receive 28 points.
You press <<14>> and receive 2 points.
You press <<5>> and receive 59 points.
You press <<4>> and receive 66 points.

Environment number 13:
The value of option 21 is 43. You have 10 choices to make in this environment.
You press <<20>> and receive 45 points.
You press <<22>> and receive 15 points.
You press <<19>> and receive 46 points.
You press <<18>> and receive 44 points.
You press <<17>> and receive 25 points.
You press <<",78
13,32,7,8,1,rough,21,10,43,30,"You will be presented with a series of 16 different environments to explore.
In each trial, you can select an option between numbers 1 and 30 by pressing the corresponding key.
By selecting any of these options, you will earn points associated with each unique option.
Imagine these options 1 through 30 as lying next to each other in an ordered line; options closer to each other tend to have similar rewards as rewards tend to cluster together.
For each environment, you will be able to make either 5 or 10 choices.
When you made all your choices in a given environment, you will start making choices in the next unexplored environment.
The rewards underlying the different options are different in each environment so you will learn them anew for each environment.
Each environment starts with the value of a single option revealed.
When you choose the number corresponding to a different option, you will be told the value of that option and receive those points.
Previously revealed options, including the starting option, can also be reselected, although there may be small changes in the point value.
It is your task to to learn where the largest reward is in each of the 16 environments.

Environment number 1:
The value of option 15 is 72. You have 5 choices to make in this environment.
You press <<16>> and receive 66 points.
You press <<14>> and receive 36 points.
You press <<13>> and receive 23 points.
You press <<8>> and receive 3 points.
You press <<22>> and receive 23 points.

Environment number 2:
The value of option 10 is 48. You have 10 choices to make in this environment.
You press <<10>> and receive 49 points.
You press <<9>> and receive 11 points.
You press <<11>> and receive 63 points.
You press <<12>> and receive 54 points.
You press <<13>> and receive 54 points.
You press <<14>> and receive 43 points.
You press <<15>> and receive 56 points.
You press <<16>> and receive 31 points.
You press <<17>> and receive 47 points.
You press <<18>> and receive 70 points.

Environment number 3:
The value of option 5 is 40. You have 5 choices to make in this environment.
You press <<4>> and receive 32 points.
You press <<6>> and receive 33 points.
You press <<7>> and receive 21 points.
You press <<8>> and receive 41 points.
You press <<9>> and receive 42 points.

Environment number 4:
The value of option 20 is 35. You have 5 choices to make in this environment.
You press <<19>> and receive 34 points.
You press <<21>> and receive 54 points.
You press <<22>> and receive 74 points.
You press <<23>> and receive 72 points.
You press <<24>> and receive 75 points.

Environment number 5:
The value of option 21 is 23. You have 5 choices to make in this environment.
You press <<22>> and receive 13 points.
You press <<20>> and receive 63 points.
You press <<19>> and receive 64 points.
You press <<18>> and receive 77 points.
You press <<17>> and receive 59 points.

Environment number 6:
The value of option 28 is 39. You have 5 choices to make in this environment.
You press <<27>> and receive 35 points.
You press <<26>> and receive 49 points.
You press <<25>> and receive 49 points.
You press <<24>> and receive 29 points.
You press <<23>> and receive 37 points.

Environment number 7:
The value of option 17 is 30. You have 10 choices to make in this environment.
You press <<18>> and receive 20 points.
You press <<16>> and receive 41 points.
You press <<15>> and receive 47 points.
You press <<14>> and receive 32 points.
You press <<13>> and receive 0 points.
You press <<21>> and receive 73 points.
You press <<22>> and receive 62 points.
You press <<23>> and receive 49 points.
You press <<24>> and receive 43 points.
You press <<20>> and receive 51 points.

Environment number 8:
The value of option 9 is 46. You have 10 choices to make in this environment.
You press <<10>> and receive 51 points.
You press <<11>> and receive 28 points.
You press <<8>> and receive 62 points.
You press <<7>> and receive 55 points.
You press <<6>> and receive 23 points.
You press <<12>> and receive -1 points.
You press <<19>> and receive 28 points.
You press <<18>> and receive 63 points.
You press <<17>> and receive 79 points.
You press <<16>> and receive 52 points.

Environment number 9:
The value of option 23 is 38. You have 10 choices to make in this environment.
You press <<22>> and receive 35 points.
You press <<24>> and receive 26 points.
You press <<17>> and receive 68 points.
You press <<18>> and receive 44 points.
You press <<16>> and receive 46 points.
You press <<15>> and receive 16 points.
You press <<19>> and receive 16 points.
You press <<20>> and receive 0 points.
You press <<25>> and receive 19 points.
You press <<13>> and receive 33 points.

Environment number 10:
The value of option 30 is 4. You have 5 choices to make in this environment.
You press <<29>> and receive 13 points.
You press <<28>> and receive 25 points.
You press <<27>> and receive 58 points.
You press <<26>> and receive 76 points.
You press <<25>> and receive 39 points.

Environment number 11:
The value of option 27 is 72. You have 10 choices to make in this environment.
You press <<26>> and receive 47 points.
You press <<28>> and receive 77 points.
You press <<29>> and receive 39 points.
You press <<18>> and receive 50 points.
You press <<19>> and receive 24 points.
You press <<17>> and receive 69 points.
You press <<16>> and receive 44 points.
You press <<15>> and receive 23 points.
You press <<10>> and receive 33 points.
You press <<11>> and receive 35 points.

Environment number 12:
The value of option 6 is 46. You have 10 choices to make in this environment.
You press <<7>> and receive 49 points.
You press <<8>> and receive 40 points.
You press <<9>> and receive 38 points.
You press <<10>> and receive 50 points.
You press <<11>> and receive 64 points.
You press <<12>> and receive 57 points.
You press <<13>> and receive 28 points.
You press <<14>> and receive 2 points.
You press <<5>> and receive 59 points.
You press <<4>> and receive 66 points.

Environment number 13:
The value of option 21 is 43. You have 10 choices to make in this environment.
You press <<20>> and receive 45 points.
You press <<22>> and receive 15 points.
You press <<19>> and receive 46 points.
You press <<18>> and receive 44 points.
You press <<17>> and receive 25 points.
You press <<9>> and receive 18 points.
You press <<",78
13,32,8,7,1,rough,21,10,43,41,"You will be presented with a series of 16 different environments to explore.
In each trial, you can select an option between numbers 1 and 30 by pressing the corresponding key.
By selecting any of these options, you will earn points associated with each unique option.
Imagine these options 1 through 30 as lying next to each other in an ordered line; options closer to each other tend to have similar rewards as rewards tend to cluster together.
For each environment, you will be able to make either 5 or 10 choices.
When you made all your choices in a given environment, you will start making choices in the next unexplored environment.
The rewards underlying the different options are different in each environment so you will learn them anew for each environment.
Each environment starts with the value of a single option revealed.
When you choose the number corresponding to a different option, you will be told the value of that option and receive those points.
Previously revealed options, including the starting option, can also be reselected, although there may be small changes in the point value.
It is your task to to learn where the largest reward is in each of the 16 environments.

Environment number 1:
The value of option 15 is 72. You have 5 choices to make in this environment.
You press <<16>> and receive 66 points.
You press <<14>> and receive 36 points.
You press <<13>> and receive 23 points.
You press <<8>> and receive 3 points.
You press <<22>> and receive 23 points.

Environment number 2:
The value of option 10 is 48. You have 10 choices to make in this environment.
You press <<10>> and receive 49 points.
You press <<9>> and receive 11 points.
You press <<11>> and receive 63 points.
You press <<12>> and receive 54 points.
You press <<13>> and receive 54 points.
You press <<14>> and receive 43 points.
You press <<15>> and receive 56 points.
You press <<16>> and receive 31 points.
You press <<17>> and receive 47 points.
You press <<18>> and receive 70 points.

Environment number 3:
The value of option 5 is 40. You have 5 choices to make in this environment.
You press <<4>> and receive 32 points.
You press <<6>> and receive 33 points.
You press <<7>> and receive 21 points.
You press <<8>> and receive 41 points.
You press <<9>> and receive 42 points.

Environment number 4:
The value of option 20 is 35. You have 5 choices to make in this environment.
You press <<19>> and receive 34 points.
You press <<21>> and receive 54 points.
You press <<22>> and receive 74 points.
You press <<23>> and receive 72 points.
You press <<24>> and receive 75 points.

Environment number 5:
The value of option 21 is 23. You have 5 choices to make in this environment.
You press <<22>> and receive 13 points.
You press <<20>> and receive 63 points.
You press <<19>> and receive 64 points.
You press <<18>> and receive 77 points.
You press <<17>> and receive 59 points.

Environment number 6:
The value of option 28 is 39. You have 5 choices to make in this environment.
You press <<27>> and receive 35 points.
You press <<26>> and receive 49 points.
You press <<25>> and receive 49 points.
You press <<24>> and receive 29 points.
You press <<23>> and receive 37 points.

Environment number 7:
The value of option 17 is 30. You have 10 choices to make in this environment.
You press <<18>> and receive 20 points.
You press <<16>> and receive 41 points.
You press <<15>> and receive 47 points.
You press <<14>> and receive 32 points.
You press <<13>> and receive 0 points.
You press <<21>> and receive 73 points.
You press <<22>> and receive 62 points.
You press <<23>> and receive 49 points.
You press <<24>> and receive 43 points.
You press <<20>> and receive 51 points.

Environment number 8:
The value of option 9 is 46. You have 10 choices to make in this environment.
You press <<10>> and receive 51 points.
You press <<11>> and receive 28 points.
You press <<8>> and receive 62 points.
You press <<7>> and receive 55 points.
You press <<6>> and receive 23 points.
You press <<12>> and receive -1 points.
You press <<19>> and receive 28 points.
You press <<18>> and receive 63 points.
You press <<17>> and receive 79 points.
You press <<16>> and receive 52 points.

Environment number 9:
The value of option 23 is 38. You have 10 choices to make in this environment.
You press <<22>> and receive 35 points.
You press <<24>> and receive 26 points.
You press <<17>> and receive 68 points.
You press <<18>> and receive 44 points.
You press <<16>> and receive 46 points.
You press <<15>> and receive 16 points.
You press <<19>> and receive 16 points.
You press <<20>> and receive 0 points.
You press <<25>> and receive 19 points.
You press <<13>> and receive 33 points.

Environment number 10:
The value of option 30 is 4. You have 5 choices to make in this environment.
You press <<29>> and receive 13 points.
You press <<28>> and receive 25 points.
You press <<27>> and receive 58 points.
You press <<26>> and receive 76 points.
You press <<25>> and receive 39 points.

Environment number 11:
The value of option 27 is 72. You have 10 choices to make in this environment.
You press <<26>> and receive 47 points.
You press <<28>> and receive 77 points.
You press <<29>> and receive 39 points.
You press <<18>> and receive 50 points.
You press <<19>> and receive 24 points.
You press <<17>> and receive 69 points.
You press <<16>> and receive 44 points.
You press <<15>> and receive 23 points.
You press <<10>> and receive 33 points.
You press <<11>> and receive 35 points.

Environment number 12:
The value of option 6 is 46. You have 10 choices to make in this environment.
You press <<7>> and receive 49 points.
You press <<8>> and receive 40 points.
You press <<9>> and receive 38 points.
You press <<10>> and receive 50 points.
You press <<11>> and receive 64 points.
You press <<12>> and receive 57 points.
You press <<13>> and receive 28 points.
You press <<14>> and receive 2 points.
You press <<5>> and receive 59 points.
You press <<4>> and receive 66 points.

Environment number 13:
The value of option 21 is 43. You have 10 choices to make in this environment.
You press <<20>> and receive 45 points.
You press <<22>> and receive 15 points.
You press <<19>> and receive 46 points.
You press <<18>> and receive 44 points.
You press <<17>> and receive 25 points.
You press <<9>> and receive 18 points.
You press <<8>> and receive 30 points.
You press <<",78
13,32,9,6,1,rough,21,10,43,65,"You will be presented with a series of 16 different environments to explore.
In each trial, you can select an option between numbers 1 and 30 by pressing the corresponding key.
By selecting any of these options, you will earn points associated with each unique option.
Imagine these options 1 through 30 as lying next to each other in an ordered line; options closer to each other tend to have similar rewards as rewards tend to cluster together.
For each environment, you will be able to make either 5 or 10 choices.
When you made all your choices in a given environment, you will start making choices in the next unexplored environment.
The rewards underlying the different options are different in each environment so you will learn them anew for each environment.
Each environment starts with the value of a single option revealed.
When you choose the number corresponding to a different option, you will be told the value of that option and receive those points.
Previously revealed options, including the starting option, can also be reselected, although there may be small changes in the point value.
It is your task to to learn where the largest reward is in each of the 16 environments.

Environment number 1:
The value of option 15 is 72. You have 5 choices to make in this environment.
You press <<16>> and receive 66 points.
You press <<14>> and receive 36 points.
You press <<13>> and receive 23 points.
You press <<8>> and receive 3 points.
You press <<22>> and receive 23 points.

Environment number 2:
The value of option 10 is 48. You have 10 choices to make in this environment.
You press <<10>> and receive 49 points.
You press <<9>> and receive 11 points.
You press <<11>> and receive 63 points.
You press <<12>> and receive 54 points.
You press <<13>> and receive 54 points.
You press <<14>> and receive 43 points.
You press <<15>> and receive 56 points.
You press <<16>> and receive 31 points.
You press <<17>> and receive 47 points.
You press <<18>> and receive 70 points.

Environment number 3:
The value of option 5 is 40. You have 5 choices to make in this environment.
You press <<4>> and receive 32 points.
You press <<6>> and receive 33 points.
You press <<7>> and receive 21 points.
You press <<8>> and receive 41 points.
You press <<9>> and receive 42 points.

Environment number 4:
The value of option 20 is 35. You have 5 choices to make in this environment.
You press <<19>> and receive 34 points.
You press <<21>> and receive 54 points.
You press <<22>> and receive 74 points.
You press <<23>> and receive 72 points.
You press <<24>> and receive 75 points.

Environment number 5:
The value of option 21 is 23. You have 5 choices to make in this environment.
You press <<22>> and receive 13 points.
You press <<20>> and receive 63 points.
You press <<19>> and receive 64 points.
You press <<18>> and receive 77 points.
You press <<17>> and receive 59 points.

Environment number 6:
The value of option 28 is 39. You have 5 choices to make in this environment.
You press <<27>> and receive 35 points.
You press <<26>> and receive 49 points.
You press <<25>> and receive 49 points.
You press <<24>> and receive 29 points.
You press <<23>> and receive 37 points.

Environment number 7:
The value of option 17 is 30. You have 10 choices to make in this environment.
You press <<18>> and receive 20 points.
You press <<16>> and receive 41 points.
You press <<15>> and receive 47 points.
You press <<14>> and receive 32 points.
You press <<13>> and receive 0 points.
You press <<21>> and receive 73 points.
You press <<22>> and receive 62 points.
You press <<23>> and receive 49 points.
You press <<24>> and receive 43 points.
You press <<20>> and receive 51 points.

Environment number 8:
The value of option 9 is 46. You have 10 choices to make in this environment.
You press <<10>> and receive 51 points.
You press <<11>> and receive 28 points.
You press <<8>> and receive 62 points.
You press <<7>> and receive 55 points.
You press <<6>> and receive 23 points.
You press <<12>> and receive -1 points.
You press <<19>> and receive 28 points.
You press <<18>> and receive 63 points.
You press <<17>> and receive 79 points.
You press <<16>> and receive 52 points.

Environment number 9:
The value of option 23 is 38. You have 10 choices to make in this environment.
You press <<22>> and receive 35 points.
You press <<24>> and receive 26 points.
You press <<17>> and receive 68 points.
You press <<18>> and receive 44 points.
You press <<16>> and receive 46 points.
You press <<15>> and receive 16 points.
You press <<19>> and receive 16 points.
You press <<20>> and receive 0 points.
You press <<25>> and receive 19 points.
You press <<13>> and receive 33 points.

Environment number 10:
The value of option 30 is 4. You have 5 choices to make in this environment.
You press <<29>> and receive 13 points.
You press <<28>> and receive 25 points.
You press <<27>> and receive 58 points.
You press <<26>> and receive 76 points.
You press <<25>> and receive 39 points.

Environment number 11:
The value of option 27 is 72. You have 10 choices to make in this environment.
You press <<26>> and receive 47 points.
You press <<28>> and receive 77 points.
You press <<29>> and receive 39 points.
You press <<18>> and receive 50 points.
You press <<19>> and receive 24 points.
You press <<17>> and receive 69 points.
You press <<16>> and receive 44 points.
You press <<15>> and receive 23 points.
You press <<10>> and receive 33 points.
You press <<11>> and receive 35 points.

Environment number 12:
The value of option 6 is 46. You have 10 choices to make in this environment.
You press <<7>> and receive 49 points.
You press <<8>> and receive 40 points.
You press <<9>> and receive 38 points.
You press <<10>> and receive 50 points.
You press <<11>> and receive 64 points.
You press <<12>> and receive 57 points.
You press <<13>> and receive 28 points.
You press <<14>> and receive 2 points.
You press <<5>> and receive 59 points.
You press <<4>> and receive 66 points.

Environment number 13:
The value of option 21 is 43. You have 10 choices to make in this environment.
You press <<20>> and receive 45 points.
You press <<22>> and receive 15 points.
You press <<19>> and receive 46 points.
You press <<18>> and receive 44 points.
You press <<17>> and receive 25 points.
You press <<9>> and receive 18 points.
You press <<8>> and receive 30 points.
You press <<7>> and receive 41 points.
You press <<",78
13,32,10,5,1,rough,21,10,43,66,"You will be presented with a series of 16 different environments to explore.
In each trial, you can select an option between numbers 1 and 30 by pressing the corresponding key.
By selecting any of these options, you will earn points associated with each unique option.
Imagine these options 1 through 30 as lying next to each other in an ordered line; options closer to each other tend to have similar rewards as rewards tend to cluster together.
For each environment, you will be able to make either 5 or 10 choices.
When you made all your choices in a given environment, you will start making choices in the next unexplored environment.
The rewards underlying the different options are different in each environment so you will learn them anew for each environment.
Each environment starts with the value of a single option revealed.
When you choose the number corresponding to a different option, you will be told the value of that option and receive those points.
Previously revealed options, including the starting option, can also be reselected, although there may be small changes in the point value.
It is your task to to learn where the largest reward is in each of the 16 environments.

Environment number 1:
The value of option 15 is 72. You have 5 choices to make in this environment.
You press <<16>> and receive 66 points.
You press <<14>> and receive 36 points.
You press <<13>> and receive 23 points.
You press <<8>> and receive 3 points.
You press <<22>> and receive 23 points.

Environment number 2:
The value of option 10 is 48. You have 10 choices to make in this environment.
You press <<10>> and receive 49 points.
You press <<9>> and receive 11 points.
You press <<11>> and receive 63 points.
You press <<12>> and receive 54 points.
You press <<13>> and receive 54 points.
You press <<14>> and receive 43 points.
You press <<15>> and receive 56 points.
You press <<16>> and receive 31 points.
You press <<17>> and receive 47 points.
You press <<18>> and receive 70 points.

Environment number 3:
The value of option 5 is 40. You have 5 choices to make in this environment.
You press <<4>> and receive 32 points.
You press <<6>> and receive 33 points.
You press <<7>> and receive 21 points.
You press <<8>> and receive 41 points.
You press <<9>> and receive 42 points.

Environment number 4:
The value of option 20 is 35. You have 5 choices to make in this environment.
You press <<19>> and receive 34 points.
You press <<21>> and receive 54 points.
You press <<22>> and receive 74 points.
You press <<23>> and receive 72 points.
You press <<24>> and receive 75 points.

Environment number 5:
The value of option 21 is 23. You have 5 choices to make in this environment.
You press <<22>> and receive 13 points.
You press <<20>> and receive 63 points.
You press <<19>> and receive 64 points.
You press <<18>> and receive 77 points.
You press <<17>> and receive 59 points.

Environment number 6:
The value of option 28 is 39. You have 5 choices to make in this environment.
You press <<27>> and receive 35 points.
You press <<26>> and receive 49 points.
You press <<25>> and receive 49 points.
You press <<24>> and receive 29 points.
You press <<23>> and receive 37 points.

Environment number 7:
The value of option 17 is 30. You have 10 choices to make in this environment.
You press <<18>> and receive 20 points.
You press <<16>> and receive 41 points.
You press <<15>> and receive 47 points.
You press <<14>> and receive 32 points.
You press <<13>> and receive 0 points.
You press <<21>> and receive 73 points.
You press <<22>> and receive 62 points.
You press <<23>> and receive 49 points.
You press <<24>> and receive 43 points.
You press <<20>> and receive 51 points.

Environment number 8:
The value of option 9 is 46. You have 10 choices to make in this environment.
You press <<10>> and receive 51 points.
You press <<11>> and receive 28 points.
You press <<8>> and receive 62 points.
You press <<7>> and receive 55 points.
You press <<6>> and receive 23 points.
You press <<12>> and receive -1 points.
You press <<19>> and receive 28 points.
You press <<18>> and receive 63 points.
You press <<17>> and receive 79 points.
You press <<16>> and receive 52 points.

Environment number 9:
The value of option 23 is 38. You have 10 choices to make in this environment.
You press <<22>> and receive 35 points.
You press <<24>> and receive 26 points.
You press <<17>> and receive 68 points.
You press <<18>> and receive 44 points.
You press <<16>> and receive 46 points.
You press <<15>> and receive 16 points.
You press <<19>> and receive 16 points.
You press <<20>> and receive 0 points.
You press <<25>> and receive 19 points.
You press <<13>> and receive 33 points.

Environment number 10:
The value of option 30 is 4. You have 5 choices to make in this environment.
You press <<29>> and receive 13 points.
You press <<28>> and receive 25 points.
You press <<27>> and receive 58 points.
You press <<26>> and receive 76 points.
You press <<25>> and receive 39 points.

Environment number 11:
The value of option 27 is 72. You have 10 choices to make in this environment.
You press <<26>> and receive 47 points.
You press <<28>> and receive 77 points.
You press <<29>> and receive 39 points.
You press <<18>> and receive 50 points.
You press <<19>> and receive 24 points.
You press <<17>> and receive 69 points.
You press <<16>> and receive 44 points.
You press <<15>> and receive 23 points.
You press <<10>> and receive 33 points.
You press <<11>> and receive 35 points.

Environment number 12:
The value of option 6 is 46. You have 10 choices to make in this environment.
You press <<7>> and receive 49 points.
You press <<8>> and receive 40 points.
You press <<9>> and receive 38 points.
You press <<10>> and receive 50 points.
You press <<11>> and receive 64 points.
You press <<12>> and receive 57 points.
You press <<13>> and receive 28 points.
You press <<14>> and receive 2 points.
You press <<5>> and receive 59 points.
You press <<4>> and receive 66 points.

Environment number 13:
The value of option 21 is 43. You have 10 choices to make in this environment.
You press <<20>> and receive 45 points.
You press <<22>> and receive 15 points.
You press <<19>> and receive 46 points.
You press <<18>> and receive 44 points.
You press <<17>> and receive 25 points.
You press <<9>> and receive 18 points.
You press <<8>> and receive 30 points.
You press <<7>> and receive 41 points.
You press <<6>> and receive 65 points.
You press <<",78
14,18,1,18,1,rough,17,5,63,50,"You will be presented with a series of 16 different environments to explore.
In each trial, you can select an option between numbers 1 and 30 by pressing the corresponding key.
By selecting any of these options, you will earn points associated with each unique option.
Imagine these options 1 through 30 as lying next to each other in an ordered line; options closer to each other tend to have similar rewards as rewards tend to cluster together.
For each environment, you will be able to make either 5 or 10 choices.
When you made all your choices in a given environment, you will start making choices in the next unexplored environment.
The rewards underlying the different options are different in each environment so you will learn them anew for each environment.
Each environment starts with the value of a single option revealed.
When you choose the number corresponding to a different option, you will be told the value of that option and receive those points.
Previously revealed options, including the starting option, can also be reselected, although there may be small changes in the point value.
It is your task to to learn where the largest reward is in each of the 16 environments.

Environment number 1:
The value of option 15 is 72. You have 5 choices to make in this environment.
You press <<16>> and receive 66 points.
You press <<14>> and receive 36 points.
You press <<13>> and receive 23 points.
You press <<8>> and receive 3 points.
You press <<22>> and receive 23 points.

Environment number 2:
The value of option 10 is 48. You have 10 choices to make in this environment.
You press <<10>> and receive 49 points.
You press <<9>> and receive 11 points.
You press <<11>> and receive 63 points.
You press <<12>> and receive 54 points.
You press <<13>> and receive 54 points.
You press <<14>> and receive 43 points.
You press <<15>> and receive 56 points.
You press <<16>> and receive 31 points.
You press <<17>> and receive 47 points.
You press <<18>> and receive 70 points.

Environment number 3:
The value of option 5 is 40. You have 5 choices to make in this environment.
You press <<4>> and receive 32 points.
You press <<6>> and receive 33 points.
You press <<7>> and receive 21 points.
You press <<8>> and receive 41 points.
You press <<9>> and receive 42 points.

Environment number 4:
The value of option 20 is 35. You have 5 choices to make in this environment.
You press <<19>> and receive 34 points.
You press <<21>> and receive 54 points.
You press <<22>> and receive 74 points.
You press <<23>> and receive 72 points.
You press <<24>> and receive 75 points.

Environment number 5:
The value of option 21 is 23. You have 5 choices to make in this environment.
You press <<22>> and receive 13 points.
You press <<20>> and receive 63 points.
You press <<19>> and receive 64 points.
You press <<18>> and receive 77 points.
You press <<17>> and receive 59 points.

Environment number 6:
The value of option 28 is 39. You have 5 choices to make in this environment.
You press <<27>> and receive 35 points.
You press <<26>> and receive 49 points.
You press <<25>> and receive 49 points.
You press <<24>> and receive 29 points.
You press <<23>> and receive 37 points.

Environment number 7:
The value of option 17 is 30. You have 10 choices to make in this environment.
You press <<18>> and receive 20 points.
You press <<16>> and receive 41 points.
You press <<15>> and receive 47 points.
You press <<14>> and receive 32 points.
You press <<13>> and receive 0 points.
You press <<21>> and receive 73 points.
You press <<22>> and receive 62 points.
You press <<23>> and receive 49 points.
You press <<24>> and receive 43 points.
You press <<20>> and receive 51 points.

Environment number 8:
The value of option 9 is 46. You have 10 choices to make in this environment.
You press <<10>> and receive 51 points.
You press <<11>> and receive 28 points.
You press <<8>> and receive 62 points.
You press <<7>> and receive 55 points.
You press <<6>> and receive 23 points.
You press <<12>> and receive -1 points.
You press <<19>> and receive 28 points.
You press <<18>> and receive 63 points.
You press <<17>> and receive 79 points.
You press <<16>> and receive 52 points.

Environment number 9:
The value of option 23 is 38. You have 10 choices to make in this environment.
You press <<22>> and receive 35 points.
You press <<24>> and receive 26 points.
You press <<17>> and receive 68 points.
You press <<18>> and receive 44 points.
You press <<16>> and receive 46 points.
You press <<15>> and receive 16 points.
You press <<19>> and receive 16 points.
You press <<20>> and receive 0 points.
You press <<25>> and receive 19 points.
You press <<13>> and receive 33 points.

Environment number 10:
The value of option 30 is 4. You have 5 choices to make in this environment.
You press <<29>> and receive 13 points.
You press <<28>> and receive 25 points.
You press <<27>> and receive 58 points.
You press <<26>> and receive 76 points.
You press <<25>> and receive 39 points.

Environment number 11:
The value of option 27 is 72. You have 10 choices to make in this environment.
You press <<26>> and receive 47 points.
You press <<28>> and receive 77 points.
You press <<29>> and receive 39 points.
You press <<18>> and receive 50 points.
You press <<19>> and receive 24 points.
You press <<17>> and receive 69 points.
You press <<16>> and receive 44 points.
You press <<15>> and receive 23 points.
You press <<10>> and receive 33 points.
You press <<11>> and receive 35 points.

Environment number 12:
The value of option 6 is 46. You have 10 choices to make in this environment.
You press <<7>> and receive 49 points.
You press <<8>> and receive 40 points.
You press <<9>> and receive 38 points.
You press <<10>> and receive 50 points.
You press <<11>> and receive 64 points.
You press <<12>> and receive 57 points.
You press <<13>> and receive 28 points.
You press <<14>> and receive 2 points.
You press <<5>> and receive 59 points.
You press <<4>> and receive 66 points.

Environment number 13:
The value of option 21 is 43. You have 10 choices to make in this environment.
You press <<20>> and receive 45 points.
You press <<22>> and receive 15 points.
You press <<19>> and receive 46 points.
You press <<18>> and receive 44 points.
You press <<17>> and receive 25 points.
You press <<9>> and receive 18 points.
You press <<8>> and receive 30 points.
You press <<7>> and receive 41 points.
You press <<6>> and receive 65 points.
You press <<5>> and receive 66 points.

Environment number 14:
The value of option 17 is 63. You have 5 choices to make in this environment.
You press <<",78
14,18,2,16,1,rough,17,5,63,50,"You will be presented with a series of 16 different environments to explore.
In each trial, you can select an option between numbers 1 and 30 by pressing the corresponding key.
By selecting any of these options, you will earn points associated with each unique option.
Imagine these options 1 through 30 as lying next to each other in an ordered line; options closer to each other tend to have similar rewards as rewards tend to cluster together.
For each environment, you will be able to make either 5 or 10 choices.
When you made all your choices in a given environment, you will start making choices in the next unexplored environment.
The rewards underlying the different options are different in each environment so you will learn them anew for each environment.
Each environment starts with the value of a single option revealed.
When you choose the number corresponding to a different option, you will be told the value of that option and receive those points.
Previously revealed options, including the starting option, can also be reselected, although there may be small changes in the point value.
It is your task to to learn where the largest reward is in each of the 16 environments.

Environment number 1:
The value of option 15 is 72. You have 5 choices to make in this environment.
You press <<16>> and receive 66 points.
You press <<14>> and receive 36 points.
You press <<13>> and receive 23 points.
You press <<8>> and receive 3 points.
You press <<22>> and receive 23 points.

Environment number 2:
The value of option 10 is 48. You have 10 choices to make in this environment.
You press <<10>> and receive 49 points.
You press <<9>> and receive 11 points.
You press <<11>> and receive 63 points.
You press <<12>> and receive 54 points.
You press <<13>> and receive 54 points.
You press <<14>> and receive 43 points.
You press <<15>> and receive 56 points.
You press <<16>> and receive 31 points.
You press <<17>> and receive 47 points.
You press <<18>> and receive 70 points.

Environment number 3:
The value of option 5 is 40. You have 5 choices to make in this environment.
You press <<4>> and receive 32 points.
You press <<6>> and receive 33 points.
You press <<7>> and receive 21 points.
You press <<8>> and receive 41 points.
You press <<9>> and receive 42 points.

Environment number 4:
The value of option 20 is 35. You have 5 choices to make in this environment.
You press <<19>> and receive 34 points.
You press <<21>> and receive 54 points.
You press <<22>> and receive 74 points.
You press <<23>> and receive 72 points.
You press <<24>> and receive 75 points.

Environment number 5:
The value of option 21 is 23. You have 5 choices to make in this environment.
You press <<22>> and receive 13 points.
You press <<20>> and receive 63 points.
You press <<19>> and receive 64 points.
You press <<18>> and receive 77 points.
You press <<17>> and receive 59 points.

Environment number 6:
The value of option 28 is 39. You have 5 choices to make in this environment.
You press <<27>> and receive 35 points.
You press <<26>> and receive 49 points.
You press <<25>> and receive 49 points.
You press <<24>> and receive 29 points.
You press <<23>> and receive 37 points.

Environment number 7:
The value of option 17 is 30. You have 10 choices to make in this environment.
You press <<18>> and receive 20 points.
You press <<16>> and receive 41 points.
You press <<15>> and receive 47 points.
You press <<14>> and receive 32 points.
You press <<13>> and receive 0 points.
You press <<21>> and receive 73 points.
You press <<22>> and receive 62 points.
You press <<23>> and receive 49 points.
You press <<24>> and receive 43 points.
You press <<20>> and receive 51 points.

Environment number 8:
The value of option 9 is 46. You have 10 choices to make in this environment.
You press <<10>> and receive 51 points.
You press <<11>> and receive 28 points.
You press <<8>> and receive 62 points.
You press <<7>> and receive 55 points.
You press <<6>> and receive 23 points.
You press <<12>> and receive -1 points.
You press <<19>> and receive 28 points.
You press <<18>> and receive 63 points.
You press <<17>> and receive 79 points.
You press <<16>> and receive 52 points.

Environment number 9:
The value of option 23 is 38. You have 10 choices to make in this environment.
You press <<22>> and receive 35 points.
You press <<24>> and receive 26 points.
You press <<17>> and receive 68 points.
You press <<18>> and receive 44 points.
You press <<16>> and receive 46 points.
You press <<15>> and receive 16 points.
You press <<19>> and receive 16 points.
You press <<20>> and receive 0 points.
You press <<25>> and receive 19 points.
You press <<13>> and receive 33 points.

Environment number 10:
The value of option 30 is 4. You have 5 choices to make in this environment.
You press <<29>> and receive 13 points.
You press <<28>> and receive 25 points.
You press <<27>> and receive 58 points.
You press <<26>> and receive 76 points.
You press <<25>> and receive 39 points.

Environment number 11:
The value of option 27 is 72. You have 10 choices to make in this environment.
You press <<26>> and receive 47 points.
You press <<28>> and receive 77 points.
You press <<29>> and receive 39 points.
You press <<18>> and receive 50 points.
You press <<19>> and receive 24 points.
You press <<17>> and receive 69 points.
You press <<16>> and receive 44 points.
You press <<15>> and receive 23 points.
You press <<10>> and receive 33 points.
You press <<11>> and receive 35 points.

Environment number 12:
The value of option 6 is 46. You have 10 choices to make in this environment.
You press <<7>> and receive 49 points.
You press <<8>> and receive 40 points.
You press <<9>> and receive 38 points.
You press <<10>> and receive 50 points.
You press <<11>> and receive 64 points.
You press <<12>> and receive 57 points.
You press <<13>> and receive 28 points.
You press <<14>> and receive 2 points.
You press <<5>> and receive 59 points.
You press <<4>> and receive 66 points.

Environment number 13:
The value of option 21 is 43. You have 10 choices to make in this environment.
You press <<20>> and receive 45 points.
You press <<22>> and receive 15 points.
You press <<19>> and receive 46 points.
You press <<18>> and receive 44 points.
You press <<17>> and receive 25 points.
You press <<9>> and receive 18 points.
You press <<8>> and receive 30 points.
You press <<7>> and receive 41 points.
You press <<6>> and receive 65 points.
You press <<5>> and receive 66 points.

Environment number 14:
The value of option 17 is 63. You have 5 choices to make in this environment.
You press <<18>> and receive 50 points.
You press <<",78
14,18,3,15,1,rough,17,5,63,33,"You will be presented with a series of 16 different environments to explore.
In each trial, you can select an option between numbers 1 and 30 by pressing the corresponding key.
By selecting any of these options, you will earn points associated with each unique option.
Imagine these options 1 through 30 as lying next to each other in an ordered line; options closer to each other tend to have similar rewards as rewards tend to cluster together.
For each environment, you will be able to make either 5 or 10 choices.
When you made all your choices in a given environment, you will start making choices in the next unexplored environment.
The rewards underlying the different options are different in each environment so you will learn them anew for each environment.
Each environment starts with the value of a single option revealed.
When you choose the number corresponding to a different option, you will be told the value of that option and receive those points.
Previously revealed options, including the starting option, can also be reselected, although there may be small changes in the point value.
It is your task to to learn where the largest reward is in each of the 16 environments.

Environment number 1:
The value of option 15 is 72. You have 5 choices to make in this environment.
You press <<16>> and receive 66 points.
You press <<14>> and receive 36 points.
You press <<13>> and receive 23 points.
You press <<8>> and receive 3 points.
You press <<22>> and receive 23 points.

Environment number 2:
The value of option 10 is 48. You have 10 choices to make in this environment.
You press <<10>> and receive 49 points.
You press <<9>> and receive 11 points.
You press <<11>> and receive 63 points.
You press <<12>> and receive 54 points.
You press <<13>> and receive 54 points.
You press <<14>> and receive 43 points.
You press <<15>> and receive 56 points.
You press <<16>> and receive 31 points.
You press <<17>> and receive 47 points.
You press <<18>> and receive 70 points.

Environment number 3:
The value of option 5 is 40. You have 5 choices to make in this environment.
You press <<4>> and receive 32 points.
You press <<6>> and receive 33 points.
You press <<7>> and receive 21 points.
You press <<8>> and receive 41 points.
You press <<9>> and receive 42 points.

Environment number 4:
The value of option 20 is 35. You have 5 choices to make in this environment.
You press <<19>> and receive 34 points.
You press <<21>> and receive 54 points.
You press <<22>> and receive 74 points.
You press <<23>> and receive 72 points.
You press <<24>> and receive 75 points.

Environment number 5:
The value of option 21 is 23. You have 5 choices to make in this environment.
You press <<22>> and receive 13 points.
You press <<20>> and receive 63 points.
You press <<19>> and receive 64 points.
You press <<18>> and receive 77 points.
You press <<17>> and receive 59 points.

Environment number 6:
The value of option 28 is 39. You have 5 choices to make in this environment.
You press <<27>> and receive 35 points.
You press <<26>> and receive 49 points.
You press <<25>> and receive 49 points.
You press <<24>> and receive 29 points.
You press <<23>> and receive 37 points.

Environment number 7:
The value of option 17 is 30. You have 10 choices to make in this environment.
You press <<18>> and receive 20 points.
You press <<16>> and receive 41 points.
You press <<15>> and receive 47 points.
You press <<14>> and receive 32 points.
You press <<13>> and receive 0 points.
You press <<21>> and receive 73 points.
You press <<22>> and receive 62 points.
You press <<23>> and receive 49 points.
You press <<24>> and receive 43 points.
You press <<20>> and receive 51 points.

Environment number 8:
The value of option 9 is 46. You have 10 choices to make in this environment.
You press <<10>> and receive 51 points.
You press <<11>> and receive 28 points.
You press <<8>> and receive 62 points.
You press <<7>> and receive 55 points.
You press <<6>> and receive 23 points.
You press <<12>> and receive -1 points.
You press <<19>> and receive 28 points.
You press <<18>> and receive 63 points.
You press <<17>> and receive 79 points.
You press <<16>> and receive 52 points.

Environment number 9:
The value of option 23 is 38. You have 10 choices to make in this environment.
You press <<22>> and receive 35 points.
You press <<24>> and receive 26 points.
You press <<17>> and receive 68 points.
You press <<18>> and receive 44 points.
You press <<16>> and receive 46 points.
You press <<15>> and receive 16 points.
You press <<19>> and receive 16 points.
You press <<20>> and receive 0 points.
You press <<25>> and receive 19 points.
You press <<13>> and receive 33 points.

Environment number 10:
The value of option 30 is 4. You have 5 choices to make in this environment.
You press <<29>> and receive 13 points.
You press <<28>> and receive 25 points.
You press <<27>> and receive 58 points.
You press <<26>> and receive 76 points.
You press <<25>> and receive 39 points.

Environment number 11:
The value of option 27 is 72. You have 10 choices to make in this environment.
You press <<26>> and receive 47 points.
You press <<28>> and receive 77 points.
You press <<29>> and receive 39 points.
You press <<18>> and receive 50 points.
You press <<19>> and receive 24 points.
You press <<17>> and receive 69 points.
You press <<16>> and receive 44 points.
You press <<15>> and receive 23 points.
You press <<10>> and receive 33 points.
You press <<11>> and receive 35 points.

Environment number 12:
The value of option 6 is 46. You have 10 choices to make in this environment.
You press <<7>> and receive 49 points.
You press <<8>> and receive 40 points.
You press <<9>> and receive 38 points.
You press <<10>> and receive 50 points.
You press <<11>> and receive 64 points.
You press <<12>> and receive 57 points.
You press <<13>> and receive 28 points.
You press <<14>> and receive 2 points.
You press <<5>> and receive 59 points.
You press <<4>> and receive 66 points.

Environment number 13:
The value of option 21 is 43. You have 10 choices to make in this environment.
You press <<20>> and receive 45 points.
You press <<22>> and receive 15 points.
You press <<19>> and receive 46 points.
You press <<18>> and receive 44 points.
You press <<17>> and receive 25 points.
You press <<9>> and receive 18 points.
You press <<8>> and receive 30 points.
You press <<7>> and receive 41 points.
You press <<6>> and receive 65 points.
You press <<5>> and receive 66 points.

Environment number 14:
The value of option 17 is 63. You have 5 choices to make in this environment.
You press <<18>> and receive 50 points.
You press <<16>> and receive 50 points.
You press <<",78
14,18,4,19,1,rough,17,5,63,42,"You will be presented with a series of 16 different environments to explore.
In each trial, you can select an option between numbers 1 and 30 by pressing the corresponding key.
By selecting any of these options, you will earn points associated with each unique option.
Imagine these options 1 through 30 as lying next to each other in an ordered line; options closer to each other tend to have similar rewards as rewards tend to cluster together.
For each environment, you will be able to make either 5 or 10 choices.
When you made all your choices in a given environment, you will start making choices in the next unexplored environment.
The rewards underlying the different options are different in each environment so you will learn them anew for each environment.
Each environment starts with the value of a single option revealed.
When you choose the number corresponding to a different option, you will be told the value of that option and receive those points.
Previously revealed options, including the starting option, can also be reselected, although there may be small changes in the point value.
It is your task to to learn where the largest reward is in each of the 16 environments.

Environment number 1:
The value of option 15 is 72. You have 5 choices to make in this environment.
You press <<16>> and receive 66 points.
You press <<14>> and receive 36 points.
You press <<13>> and receive 23 points.
You press <<8>> and receive 3 points.
You press <<22>> and receive 23 points.

Environment number 2:
The value of option 10 is 48. You have 10 choices to make in this environment.
You press <<10>> and receive 49 points.
You press <<9>> and receive 11 points.
You press <<11>> and receive 63 points.
You press <<12>> and receive 54 points.
You press <<13>> and receive 54 points.
You press <<14>> and receive 43 points.
You press <<15>> and receive 56 points.
You press <<16>> and receive 31 points.
You press <<17>> and receive 47 points.
You press <<18>> and receive 70 points.

Environment number 3:
The value of option 5 is 40. You have 5 choices to make in this environment.
You press <<4>> and receive 32 points.
You press <<6>> and receive 33 points.
You press <<7>> and receive 21 points.
You press <<8>> and receive 41 points.
You press <<9>> and receive 42 points.

Environment number 4:
The value of option 20 is 35. You have 5 choices to make in this environment.
You press <<19>> and receive 34 points.
You press <<21>> and receive 54 points.
You press <<22>> and receive 74 points.
You press <<23>> and receive 72 points.
You press <<24>> and receive 75 points.

Environment number 5:
The value of option 21 is 23. You have 5 choices to make in this environment.
You press <<22>> and receive 13 points.
You press <<20>> and receive 63 points.
You press <<19>> and receive 64 points.
You press <<18>> and receive 77 points.
You press <<17>> and receive 59 points.

Environment number 6:
The value of option 28 is 39. You have 5 choices to make in this environment.
You press <<27>> and receive 35 points.
You press <<26>> and receive 49 points.
You press <<25>> and receive 49 points.
You press <<24>> and receive 29 points.
You press <<23>> and receive 37 points.

Environment number 7:
The value of option 17 is 30. You have 10 choices to make in this environment.
You press <<18>> and receive 20 points.
You press <<16>> and receive 41 points.
You press <<15>> and receive 47 points.
You press <<14>> and receive 32 points.
You press <<13>> and receive 0 points.
You press <<21>> and receive 73 points.
You press <<22>> and receive 62 points.
You press <<23>> and receive 49 points.
You press <<24>> and receive 43 points.
You press <<20>> and receive 51 points.

Environment number 8:
The value of option 9 is 46. You have 10 choices to make in this environment.
You press <<10>> and receive 51 points.
You press <<11>> and receive 28 points.
You press <<8>> and receive 62 points.
You press <<7>> and receive 55 points.
You press <<6>> and receive 23 points.
You press <<12>> and receive -1 points.
You press <<19>> and receive 28 points.
You press <<18>> and receive 63 points.
You press <<17>> and receive 79 points.
You press <<16>> and receive 52 points.

Environment number 9:
The value of option 23 is 38. You have 10 choices to make in this environment.
You press <<22>> and receive 35 points.
You press <<24>> and receive 26 points.
You press <<17>> and receive 68 points.
You press <<18>> and receive 44 points.
You press <<16>> and receive 46 points.
You press <<15>> and receive 16 points.
You press <<19>> and receive 16 points.
You press <<20>> and receive 0 points.
You press <<25>> and receive 19 points.
You press <<13>> and receive 33 points.

Environment number 10:
The value of option 30 is 4. You have 5 choices to make in this environment.
You press <<29>> and receive 13 points.
You press <<28>> and receive 25 points.
You press <<27>> and receive 58 points.
You press <<26>> and receive 76 points.
You press <<25>> and receive 39 points.

Environment number 11:
The value of option 27 is 72. You have 10 choices to make in this environment.
You press <<26>> and receive 47 points.
You press <<28>> and receive 77 points.
You press <<29>> and receive 39 points.
You press <<18>> and receive 50 points.
You press <<19>> and receive 24 points.
You press <<17>> and receive 69 points.
You press <<16>> and receive 44 points.
You press <<15>> and receive 23 points.
You press <<10>> and receive 33 points.
You press <<11>> and receive 35 points.

Environment number 12:
The value of option 6 is 46. You have 10 choices to make in this environment.
You press <<7>> and receive 49 points.
You press <<8>> and receive 40 points.
You press <<9>> and receive 38 points.
You press <<10>> and receive 50 points.
You press <<11>> and receive 64 points.
You press <<12>> and receive 57 points.
You press <<13>> and receive 28 points.
You press <<14>> and receive 2 points.
You press <<5>> and receive 59 points.
You press <<4>> and receive 66 points.

Environment number 13:
The value of option 21 is 43. You have 10 choices to make in this environment.
You press <<20>> and receive 45 points.
You press <<22>> and receive 15 points.
You press <<19>> and receive 46 points.
You press <<18>> and receive 44 points.
You press <<17>> and receive 25 points.
You press <<9>> and receive 18 points.
You press <<8>> and receive 30 points.
You press <<7>> and receive 41 points.
You press <<6>> and receive 65 points.
You press <<5>> and receive 66 points.

Environment number 14:
The value of option 17 is 63. You have 5 choices to make in this environment.
You press <<18>> and receive 50 points.
You press <<16>> and receive 50 points.
You press <<15>> and receive 33 points.
You press <<",78
14,18,5,20,1,rough,17,5,63,17,"You will be presented with a series of 16 different environments to explore.
In each trial, you can select an option between numbers 1 and 30 by pressing the corresponding key.
By selecting any of these options, you will earn points associated with each unique option.
Imagine these options 1 through 30 as lying next to each other in an ordered line; options closer to each other tend to have similar rewards as rewards tend to cluster together.
For each environment, you will be able to make either 5 or 10 choices.
When you made all your choices in a given environment, you will start making choices in the next unexplored environment.
The rewards underlying the different options are different in each environment so you will learn them anew for each environment.
Each environment starts with the value of a single option revealed.
When you choose the number corresponding to a different option, you will be told the value of that option and receive those points.
Previously revealed options, including the starting option, can also be reselected, although there may be small changes in the point value.
It is your task to to learn where the largest reward is in each of the 16 environments.

Environment number 1:
The value of option 15 is 72. You have 5 choices to make in this environment.
You press <<16>> and receive 66 points.
You press <<14>> and receive 36 points.
You press <<13>> and receive 23 points.
You press <<8>> and receive 3 points.
You press <<22>> and receive 23 points.

Environment number 2:
The value of option 10 is 48. You have 10 choices to make in this environment.
You press <<10>> and receive 49 points.
You press <<9>> and receive 11 points.
You press <<11>> and receive 63 points.
You press <<12>> and receive 54 points.
You press <<13>> and receive 54 points.
You press <<14>> and receive 43 points.
You press <<15>> and receive 56 points.
You press <<16>> and receive 31 points.
You press <<17>> and receive 47 points.
You press <<18>> and receive 70 points.

Environment number 3:
The value of option 5 is 40. You have 5 choices to make in this environment.
You press <<4>> and receive 32 points.
You press <<6>> and receive 33 points.
You press <<7>> and receive 21 points.
You press <<8>> and receive 41 points.
You press <<9>> and receive 42 points.

Environment number 4:
The value of option 20 is 35. You have 5 choices to make in this environment.
You press <<19>> and receive 34 points.
You press <<21>> and receive 54 points.
You press <<22>> and receive 74 points.
You press <<23>> and receive 72 points.
You press <<24>> and receive 75 points.

Environment number 5:
The value of option 21 is 23. You have 5 choices to make in this environment.
You press <<22>> and receive 13 points.
You press <<20>> and receive 63 points.
You press <<19>> and receive 64 points.
You press <<18>> and receive 77 points.
You press <<17>> and receive 59 points.

Environment number 6:
The value of option 28 is 39. You have 5 choices to make in this environment.
You press <<27>> and receive 35 points.
You press <<26>> and receive 49 points.
You press <<25>> and receive 49 points.
You press <<24>> and receive 29 points.
You press <<23>> and receive 37 points.

Environment number 7:
The value of option 17 is 30. You have 10 choices to make in this environment.
You press <<18>> and receive 20 points.
You press <<16>> and receive 41 points.
You press <<15>> and receive 47 points.
You press <<14>> and receive 32 points.
You press <<13>> and receive 0 points.
You press <<21>> and receive 73 points.
You press <<22>> and receive 62 points.
You press <<23>> and receive 49 points.
You press <<24>> and receive 43 points.
You press <<20>> and receive 51 points.

Environment number 8:
The value of option 9 is 46. You have 10 choices to make in this environment.
You press <<10>> and receive 51 points.
You press <<11>> and receive 28 points.
You press <<8>> and receive 62 points.
You press <<7>> and receive 55 points.
You press <<6>> and receive 23 points.
You press <<12>> and receive -1 points.
You press <<19>> and receive 28 points.
You press <<18>> and receive 63 points.
You press <<17>> and receive 79 points.
You press <<16>> and receive 52 points.

Environment number 9:
The value of option 23 is 38. You have 10 choices to make in this environment.
You press <<22>> and receive 35 points.
You press <<24>> and receive 26 points.
You press <<17>> and receive 68 points.
You press <<18>> and receive 44 points.
You press <<16>> and receive 46 points.
You press <<15>> and receive 16 points.
You press <<19>> and receive 16 points.
You press <<20>> and receive 0 points.
You press <<25>> and receive 19 points.
You press <<13>> and receive 33 points.

Environment number 10:
The value of option 30 is 4. You have 5 choices to make in this environment.
You press <<29>> and receive 13 points.
You press <<28>> and receive 25 points.
You press <<27>> and receive 58 points.
You press <<26>> and receive 76 points.
You press <<25>> and receive 39 points.

Environment number 11:
The value of option 27 is 72. You have 10 choices to make in this environment.
You press <<26>> and receive 47 points.
You press <<28>> and receive 77 points.
You press <<29>> and receive 39 points.
You press <<18>> and receive 50 points.
You press <<19>> and receive 24 points.
You press <<17>> and receive 69 points.
You press <<16>> and receive 44 points.
You press <<15>> and receive 23 points.
You press <<10>> and receive 33 points.
You press <<11>> and receive 35 points.

Environment number 12:
The value of option 6 is 46. You have 10 choices to make in this environment.
You press <<7>> and receive 49 points.
You press <<8>> and receive 40 points.
You press <<9>> and receive 38 points.
You press <<10>> and receive 50 points.
You press <<11>> and receive 64 points.
You press <<12>> and receive 57 points.
You press <<13>> and receive 28 points.
You press <<14>> and receive 2 points.
You press <<5>> and receive 59 points.
You press <<4>> and receive 66 points.

Environment number 13:
The value of option 21 is 43. You have 10 choices to make in this environment.
You press <<20>> and receive 45 points.
You press <<22>> and receive 15 points.
You press <<19>> and receive 46 points.
You press <<18>> and receive 44 points.
You press <<17>> and receive 25 points.
You press <<9>> and receive 18 points.
You press <<8>> and receive 30 points.
You press <<7>> and receive 41 points.
You press <<6>> and receive 65 points.
You press <<5>> and receive 66 points.

Environment number 14:
The value of option 17 is 63. You have 5 choices to make in this environment.
You press <<18>> and receive 50 points.
You press <<16>> and receive 50 points.
You press <<15>> and receive 33 points.
You press <<19>> and receive 42 points.
You press <<",78
15,1,1,23,1,rough,22,10,37,63,"You will be presented with a series of 16 different environments to explore.
In each trial, you can select an option between numbers 1 and 30 by pressing the corresponding key.
By selecting any of these options, you will earn points associated with each unique option.
Imagine these options 1 through 30 as lying next to each other in an ordered line; options closer to each other tend to have similar rewards as rewards tend to cluster together.
For each environment, you will be able to make either 5 or 10 choices.
When you made all your choices in a given environment, you will start making choices in the next unexplored environment.
The rewards underlying the different options are different in each environment so you will learn them anew for each environment.
Each environment starts with the value of a single option revealed.
When you choose the number corresponding to a different option, you will be told the value of that option and receive those points.
Previously revealed options, including the starting option, can also be reselected, although there may be small changes in the point value.
It is your task to to learn where the largest reward is in each of the 16 environments.

Environment number 1:
The value of option 15 is 72. You have 5 choices to make in this environment.
You press <<16>> and receive 66 points.
You press <<14>> and receive 36 points.
You press <<13>> and receive 23 points.
You press <<8>> and receive 3 points.
You press <<22>> and receive 23 points.

Environment number 2:
The value of option 10 is 48. You have 10 choices to make in this environment.
You press <<10>> and receive 49 points.
You press <<9>> and receive 11 points.
You press <<11>> and receive 63 points.
You press <<12>> and receive 54 points.
You press <<13>> and receive 54 points.
You press <<14>> and receive 43 points.
You press <<15>> and receive 56 points.
You press <<16>> and receive 31 points.
You press <<17>> and receive 47 points.
You press <<18>> and receive 70 points.

Environment number 3:
The value of option 5 is 40. You have 5 choices to make in this environment.
You press <<4>> and receive 32 points.
You press <<6>> and receive 33 points.
You press <<7>> and receive 21 points.
You press <<8>> and receive 41 points.
You press <<9>> and receive 42 points.

Environment number 4:
The value of option 20 is 35. You have 5 choices to make in this environment.
You press <<19>> and receive 34 points.
You press <<21>> and receive 54 points.
You press <<22>> and receive 74 points.
You press <<23>> and receive 72 points.
You press <<24>> and receive 75 points.

Environment number 5:
The value of option 21 is 23. You have 5 choices to make in this environment.
You press <<22>> and receive 13 points.
You press <<20>> and receive 63 points.
You press <<19>> and receive 64 points.
You press <<18>> and receive 77 points.
You press <<17>> and receive 59 points.

Environment number 6:
The value of option 28 is 39. You have 5 choices to make in this environment.
You press <<27>> and receive 35 points.
You press <<26>> and receive 49 points.
You press <<25>> and receive 49 points.
You press <<24>> and receive 29 points.
You press <<23>> and receive 37 points.

Environment number 7:
The value of option 17 is 30. You have 10 choices to make in this environment.
You press <<18>> and receive 20 points.
You press <<16>> and receive 41 points.
You press <<15>> and receive 47 points.
You press <<14>> and receive 32 points.
You press <<13>> and receive 0 points.
You press <<21>> and receive 73 points.
You press <<22>> and receive 62 points.
You press <<23>> and receive 49 points.
You press <<24>> and receive 43 points.
You press <<20>> and receive 51 points.

Environment number 8:
The value of option 9 is 46. You have 10 choices to make in this environment.
You press <<10>> and receive 51 points.
You press <<11>> and receive 28 points.
You press <<8>> and receive 62 points.
You press <<7>> and receive 55 points.
You press <<6>> and receive 23 points.
You press <<12>> and receive -1 points.
You press <<19>> and receive 28 points.
You press <<18>> and receive 63 points.
You press <<17>> and receive 79 points.
You press <<16>> and receive 52 points.

Environment number 9:
The value of option 23 is 38. You have 10 choices to make in this environment.
You press <<22>> and receive 35 points.
You press <<24>> and receive 26 points.
You press <<17>> and receive 68 points.
You press <<18>> and receive 44 points.
You press <<16>> and receive 46 points.
You press <<15>> and receive 16 points.
You press <<19>> and receive 16 points.
You press <<20>> and receive 0 points.
You press <<25>> and receive 19 points.
You press <<13>> and receive 33 points.

Environment number 10:
The value of option 30 is 4. You have 5 choices to make in this environment.
You press <<29>> and receive 13 points.
You press <<28>> and receive 25 points.
You press <<27>> and receive 58 points.
You press <<26>> and receive 76 points.
You press <<25>> and receive 39 points.

Environment number 11:
The value of option 27 is 72. You have 10 choices to make in this environment.
You press <<26>> and receive 47 points.
You press <<28>> and receive 77 points.
You press <<29>> and receive 39 points.
You press <<18>> and receive 50 points.
You press <<19>> and receive 24 points.
You press <<17>> and receive 69 points.
You press <<16>> and receive 44 points.
You press <<15>> and receive 23 points.
You press <<10>> and receive 33 points.
You press <<11>> and receive 35 points.

Environment number 12:
The value of option 6 is 46. You have 10 choices to make in this environment.
You press <<7>> and receive 49 points.
You press <<8>> and receive 40 points.
You press <<9>> and receive 38 points.
You press <<10>> and receive 50 points.
You press <<11>> and receive 64 points.
You press <<12>> and receive 57 points.
You press <<13>> and receive 28 points.
You press <<14>> and receive 2 points.
You press <<5>> and receive 59 points.
You press <<4>> and receive 66 points.

Environment number 13:
The value of option 21 is 43. You have 10 choices to make in this environment.
You press <<20>> and receive 45 points.
You press <<22>> and receive 15 points.
You press <<19>> and receive 46 points.
You press <<18>> and receive 44 points.
You press <<17>> and receive 25 points.
You press <<9>> and receive 18 points.
You press <<8>> and receive 30 points.
You press <<7>> and receive 41 points.
You press <<6>> and receive 65 points.
You press <<5>> and receive 66 points.

Environment number 14:
The value of option 17 is 63. You have 5 choices to make in this environment.
You press <<18>> and receive 50 points.
You press <<16>> and receive 50 points.
You press <<15>> and receive 33 points.
You press <<19>> and receive 42 points.
You press <<20>> and receive 17 points.

Environment number 15:
The value of option 22 is 37. You have 10 choices to make in this environment.
You press <<",78
15,1,2,24,1,rough,22,10,37,50,"You will be presented with a series of 16 different environments to explore.
In each trial, you can select an option between numbers 1 and 30 by pressing the corresponding key.
By selecting any of these options, you will earn points associated with each unique option.
Imagine these options 1 through 30 as lying next to each other in an ordered line; options closer to each other tend to have similar rewards as rewards tend to cluster together.
For each environment, you will be able to make either 5 or 10 choices.
When you made all your choices in a given environment, you will start making choices in the next unexplored environment.
The rewards underlying the different options are different in each environment so you will learn them anew for each environment.
Each environment starts with the value of a single option revealed.
When you choose the number corresponding to a different option, you will be told the value of that option and receive those points.
Previously revealed options, including the starting option, can also be reselected, although there may be small changes in the point value.
It is your task to to learn where the largest reward is in each of the 16 environments.

Environment number 1:
The value of option 15 is 72. You have 5 choices to make in this environment.
You press <<16>> and receive 66 points.
You press <<14>> and receive 36 points.
You press <<13>> and receive 23 points.
You press <<8>> and receive 3 points.
You press <<22>> and receive 23 points.

Environment number 2:
The value of option 10 is 48. You have 10 choices to make in this environment.
You press <<10>> and receive 49 points.
You press <<9>> and receive 11 points.
You press <<11>> and receive 63 points.
You press <<12>> and receive 54 points.
You press <<13>> and receive 54 points.
You press <<14>> and receive 43 points.
You press <<15>> and receive 56 points.
You press <<16>> and receive 31 points.
You press <<17>> and receive 47 points.
You press <<18>> and receive 70 points.

Environment number 3:
The value of option 5 is 40. You have 5 choices to make in this environment.
You press <<4>> and receive 32 points.
You press <<6>> and receive 33 points.
You press <<7>> and receive 21 points.
You press <<8>> and receive 41 points.
You press <<9>> and receive 42 points.

Environment number 4:
The value of option 20 is 35. You have 5 choices to make in this environment.
You press <<19>> and receive 34 points.
You press <<21>> and receive 54 points.
You press <<22>> and receive 74 points.
You press <<23>> and receive 72 points.
You press <<24>> and receive 75 points.

Environment number 5:
The value of option 21 is 23. You have 5 choices to make in this environment.
You press <<22>> and receive 13 points.
You press <<20>> and receive 63 points.
You press <<19>> and receive 64 points.
You press <<18>> and receive 77 points.
You press <<17>> and receive 59 points.

Environment number 6:
The value of option 28 is 39. You have 5 choices to make in this environment.
You press <<27>> and receive 35 points.
You press <<26>> and receive 49 points.
You press <<25>> and receive 49 points.
You press <<24>> and receive 29 points.
You press <<23>> and receive 37 points.

Environment number 7:
The value of option 17 is 30. You have 10 choices to make in this environment.
You press <<18>> and receive 20 points.
You press <<16>> and receive 41 points.
You press <<15>> and receive 47 points.
You press <<14>> and receive 32 points.
You press <<13>> and receive 0 points.
You press <<21>> and receive 73 points.
You press <<22>> and receive 62 points.
You press <<23>> and receive 49 points.
You press <<24>> and receive 43 points.
You press <<20>> and receive 51 points.

Environment number 8:
The value of option 9 is 46. You have 10 choices to make in this environment.
You press <<10>> and receive 51 points.
You press <<11>> and receive 28 points.
You press <<8>> and receive 62 points.
You press <<7>> and receive 55 points.
You press <<6>> and receive 23 points.
You press <<12>> and receive -1 points.
You press <<19>> and receive 28 points.
You press <<18>> and receive 63 points.
You press <<17>> and receive 79 points.
You press <<16>> and receive 52 points.

Environment number 9:
The value of option 23 is 38. You have 10 choices to make in this environment.
You press <<22>> and receive 35 points.
You press <<24>> and receive 26 points.
You press <<17>> and receive 68 points.
You press <<18>> and receive 44 points.
You press <<16>> and receive 46 points.
You press <<15>> and receive 16 points.
You press <<19>> and receive 16 points.
You press <<20>> and receive 0 points.
You press <<25>> and receive 19 points.
You press <<13>> and receive 33 points.

Environment number 10:
The value of option 30 is 4. You have 5 choices to make in this environment.
You press <<29>> and receive 13 points.
You press <<28>> and receive 25 points.
You press <<27>> and receive 58 points.
You press <<26>> and receive 76 points.
You press <<25>> and receive 39 points.

Environment number 11:
The value of option 27 is 72. You have 10 choices to make in this environment.
You press <<26>> and receive 47 points.
You press <<28>> and receive 77 points.
You press <<29>> and receive 39 points.
You press <<18>> and receive 50 points.
You press <<19>> and receive 24 points.
You press <<17>> and receive 69 points.
You press <<16>> and receive 44 points.
You press <<15>> and receive 23 points.
You press <<10>> and receive 33 points.
You press <<11>> and receive 35 points.

Environment number 12:
The value of option 6 is 46. You have 10 choices to make in this environment.
You press <<7>> and receive 49 points.
You press <<8>> and receive 40 points.
You press <<9>> and receive 38 points.
You press <<10>> and receive 50 points.
You press <<11>> and receive 64 points.
You press <<12>> and receive 57 points.
You press <<13>> and receive 28 points.
You press <<14>> and receive 2 points.
You press <<5>> and receive 59 points.
You press <<4>> and receive 66 points.

Environment number 13:
The value of option 21 is 43. You have 10 choices to make in this environment.
You press <<20>> and receive 45 points.
You press <<22>> and receive 15 points.
You press <<19>> and receive 46 points.
You press <<18>> and receive 44 points.
You press <<17>> and receive 25 points.
You press <<9>> and receive 18 points.
You press <<8>> and receive 30 points.
You press <<7>> and receive 41 points.
You press <<6>> and receive 65 points.
You press <<5>> and receive 66 points.

Environment number 14:
The value of option 17 is 63. You have 5 choices to make in this environment.
You press <<18>> and receive 50 points.
You press <<16>> and receive 50 points.
You press <<15>> and receive 33 points.
You press <<19>> and receive 42 points.
You press <<20>> and receive 17 points.

Environment number 15:
The value of option 22 is 37. You have 10 choices to make in this environment.
You press <<23>> and receive 63 points.
You press <<",78
15,1,3,25,1,rough,22,10,37,63,"You will be presented with a series of 16 different environments to explore.
In each trial, you can select an option between numbers 1 and 30 by pressing the corresponding key.
By selecting any of these options, you will earn points associated with each unique option.
Imagine these options 1 through 30 as lying next to each other in an ordered line; options closer to each other tend to have similar rewards as rewards tend to cluster together.
For each environment, you will be able to make either 5 or 10 choices.
When you made all your choices in a given environment, you will start making choices in the next unexplored environment.
The rewards underlying the different options are different in each environment so you will learn them anew for each environment.
Each environment starts with the value of a single option revealed.
When you choose the number corresponding to a different option, you will be told the value of that option and receive those points.
Previously revealed options, including the starting option, can also be reselected, although there may be small changes in the point value.
It is your task to to learn where the largest reward is in each of the 16 environments.

Environment number 1:
The value of option 15 is 72. You have 5 choices to make in this environment.
You press <<16>> and receive 66 points.
You press <<14>> and receive 36 points.
You press <<13>> and receive 23 points.
You press <<8>> and receive 3 points.
You press <<22>> and receive 23 points.

Environment number 2:
The value of option 10 is 48. You have 10 choices to make in this environment.
You press <<10>> and receive 49 points.
You press <<9>> and receive 11 points.
You press <<11>> and receive 63 points.
You press <<12>> and receive 54 points.
You press <<13>> and receive 54 points.
You press <<14>> and receive 43 points.
You press <<15>> and receive 56 points.
You press <<16>> and receive 31 points.
You press <<17>> and receive 47 points.
You press <<18>> and receive 70 points.

Environment number 3:
The value of option 5 is 40. You have 5 choices to make in this environment.
You press <<4>> and receive 32 points.
You press <<6>> and receive 33 points.
You press <<7>> and receive 21 points.
You press <<8>> and receive 41 points.
You press <<9>> and receive 42 points.

Environment number 4:
The value of option 20 is 35. You have 5 choices to make in this environment.
You press <<19>> and receive 34 points.
You press <<21>> and receive 54 points.
You press <<22>> and receive 74 points.
You press <<23>> and receive 72 points.
You press <<24>> and receive 75 points.

Environment number 5:
The value of option 21 is 23. You have 5 choices to make in this environment.
You press <<22>> and receive 13 points.
You press <<20>> and receive 63 points.
You press <<19>> and receive 64 points.
You press <<18>> and receive 77 points.
You press <<17>> and receive 59 points.

Environment number 6:
The value of option 28 is 39. You have 5 choices to make in this environment.
You press <<27>> and receive 35 points.
You press <<26>> and receive 49 points.
You press <<25>> and receive 49 points.
You press <<24>> and receive 29 points.
You press <<23>> and receive 37 points.

Environment number 7:
The value of option 17 is 30. You have 10 choices to make in this environment.
You press <<18>> and receive 20 points.
You press <<16>> and receive 41 points.
You press <<15>> and receive 47 points.
You press <<14>> and receive 32 points.
You press <<13>> and receive 0 points.
You press <<21>> and receive 73 points.
You press <<22>> and receive 62 points.
You press <<23>> and receive 49 points.
You press <<24>> and receive 43 points.
You press <<20>> and receive 51 points.

Environment number 8:
The value of option 9 is 46. You have 10 choices to make in this environment.
You press <<10>> and receive 51 points.
You press <<11>> and receive 28 points.
You press <<8>> and receive 62 points.
You press <<7>> and receive 55 points.
You press <<6>> and receive 23 points.
You press <<12>> and receive -1 points.
You press <<19>> and receive 28 points.
You press <<18>> and receive 63 points.
You press <<17>> and receive 79 points.
You press <<16>> and receive 52 points.

Environment number 9:
The value of option 23 is 38. You have 10 choices to make in this environment.
You press <<22>> and receive 35 points.
You press <<24>> and receive 26 points.
You press <<17>> and receive 68 points.
You press <<18>> and receive 44 points.
You press <<16>> and receive 46 points.
You press <<15>> and receive 16 points.
You press <<19>> and receive 16 points.
You press <<20>> and receive 0 points.
You press <<25>> and receive 19 points.
You press <<13>> and receive 33 points.

Environment number 10:
The value of option 30 is 4. You have 5 choices to make in this environment.
You press <<29>> and receive 13 points.
You press <<28>> and receive 25 points.
You press <<27>> and receive 58 points.
You press <<26>> and receive 76 points.
You press <<25>> and receive 39 points.

Environment number 11:
The value of option 27 is 72. You have 10 choices to make in this environment.
You press <<26>> and receive 47 points.
You press <<28>> and receive 77 points.
You press <<29>> and receive 39 points.
You press <<18>> and receive 50 points.
You press <<19>> and receive 24 points.
You press <<17>> and receive 69 points.
You press <<16>> and receive 44 points.
You press <<15>> and receive 23 points.
You press <<10>> and receive 33 points.
You press <<11>> and receive 35 points.

Environment number 12:
The value of option 6 is 46. You have 10 choices to make in this environment.
You press <<7>> and receive 49 points.
You press <<8>> and receive 40 points.
You press <<9>> and receive 38 points.
You press <<10>> and receive 50 points.
You press <<11>> and receive 64 points.
You press <<12>> and receive 57 points.
You press <<13>> and receive 28 points.
You press <<14>> and receive 2 points.
You press <<5>> and receive 59 points.
You press <<4>> and receive 66 points.

Environment number 13:
The value of option 21 is 43. You have 10 choices to make in this environment.
You press <<20>> and receive 45 points.
You press <<22>> and receive 15 points.
You press <<19>> and receive 46 points.
You press <<18>> and receive 44 points.
You press <<17>> and receive 25 points.
You press <<9>> and receive 18 points.
You press <<8>> and receive 30 points.
You press <<7>> and receive 41 points.
You press <<6>> and receive 65 points.
You press <<5>> and receive 66 points.

Environment number 14:
The value of option 17 is 63. You have 5 choices to make in this environment.
You press <<18>> and receive 50 points.
You press <<16>> and receive 50 points.
You press <<15>> and receive 33 points.
You press <<19>> and receive 42 points.
You press <<20>> and receive 17 points.

Environment number 15:
The value of option 22 is 37. You have 10 choices to make in this environment.
You press <<23>> and receive 63 points.
You press <<24>> and receive 50 points.
You press <<",78
15,1,4,26,1,rough,22,10,37,69,"You will be presented with a series of 16 different environments to explore.
In each trial, you can select an option between numbers 1 and 30 by pressing the corresponding key.
By selecting any of these options, you will earn points associated with each unique option.
Imagine these options 1 through 30 as lying next to each other in an ordered line; options closer to each other tend to have similar rewards as rewards tend to cluster together.
For each environment, you will be able to make either 5 or 10 choices.
When you made all your choices in a given environment, you will start making choices in the next unexplored environment.
The rewards underlying the different options are different in each environment so you will learn them anew for each environment.
Each environment starts with the value of a single option revealed.
When you choose the number corresponding to a different option, you will be told the value of that option and receive those points.
Previously revealed options, including the starting option, can also be reselected, although there may be small changes in the point value.
It is your task to to learn where the largest reward is in each of the 16 environments.

Environment number 1:
The value of option 15 is 72. You have 5 choices to make in this environment.
You press <<16>> and receive 66 points.
You press <<14>> and receive 36 points.
You press <<13>> and receive 23 points.
You press <<8>> and receive 3 points.
You press <<22>> and receive 23 points.

Environment number 2:
The value of option 10 is 48. You have 10 choices to make in this environment.
You press <<10>> and receive 49 points.
You press <<9>> and receive 11 points.
You press <<11>> and receive 63 points.
You press <<12>> and receive 54 points.
You press <<13>> and receive 54 points.
You press <<14>> and receive 43 points.
You press <<15>> and receive 56 points.
You press <<16>> and receive 31 points.
You press <<17>> and receive 47 points.
You press <<18>> and receive 70 points.

Environment number 3:
The value of option 5 is 40. You have 5 choices to make in this environment.
You press <<4>> and receive 32 points.
You press <<6>> and receive 33 points.
You press <<7>> and receive 21 points.
You press <<8>> and receive 41 points.
You press <<9>> and receive 42 points.

Environment number 4:
The value of option 20 is 35. You have 5 choices to make in this environment.
You press <<19>> and receive 34 points.
You press <<21>> and receive 54 points.
You press <<22>> and receive 74 points.
You press <<23>> and receive 72 points.
You press <<24>> and receive 75 points.

Environment number 5:
The value of option 21 is 23. You have 5 choices to make in this environment.
You press <<22>> and receive 13 points.
You press <<20>> and receive 63 points.
You press <<19>> and receive 64 points.
You press <<18>> and receive 77 points.
You press <<17>> and receive 59 points.

Environment number 6:
The value of option 28 is 39. You have 5 choices to make in this environment.
You press <<27>> and receive 35 points.
You press <<26>> and receive 49 points.
You press <<25>> and receive 49 points.
You press <<24>> and receive 29 points.
You press <<23>> and receive 37 points.

Environment number 7:
The value of option 17 is 30. You have 10 choices to make in this environment.
You press <<18>> and receive 20 points.
You press <<16>> and receive 41 points.
You press <<15>> and receive 47 points.
You press <<14>> and receive 32 points.
You press <<13>> and receive 0 points.
You press <<21>> and receive 73 points.
You press <<22>> and receive 62 points.
You press <<23>> and receive 49 points.
You press <<24>> and receive 43 points.
You press <<20>> and receive 51 points.

Environment number 8:
The value of option 9 is 46. You have 10 choices to make in this environment.
You press <<10>> and receive 51 points.
You press <<11>> and receive 28 points.
You press <<8>> and receive 62 points.
You press <<7>> and receive 55 points.
You press <<6>> and receive 23 points.
You press <<12>> and receive -1 points.
You press <<19>> and receive 28 points.
You press <<18>> and receive 63 points.
You press <<17>> and receive 79 points.
You press <<16>> and receive 52 points.

Environment number 9:
The value of option 23 is 38. You have 10 choices to make in this environment.
You press <<22>> and receive 35 points.
You press <<24>> and receive 26 points.
You press <<17>> and receive 68 points.
You press <<18>> and receive 44 points.
You press <<16>> and receive 46 points.
You press <<15>> and receive 16 points.
You press <<19>> and receive 16 points.
You press <<20>> and receive 0 points.
You press <<25>> and receive 19 points.
You press <<13>> and receive 33 points.

Environment number 10:
The value of option 30 is 4. You have 5 choices to make in this environment.
You press <<29>> and receive 13 points.
You press <<28>> and receive 25 points.
You press <<27>> and receive 58 points.
You press <<26>> and receive 76 points.
You press <<25>> and receive 39 points.

Environment number 11:
The value of option 27 is 72. You have 10 choices to make in this environment.
You press <<26>> and receive 47 points.
You press <<28>> and receive 77 points.
You press <<29>> and receive 39 points.
You press <<18>> and receive 50 points.
You press <<19>> and receive 24 points.
You press <<17>> and receive 69 points.
You press <<16>> and receive 44 points.
You press <<15>> and receive 23 points.
You press <<10>> and receive 33 points.
You press <<11>> and receive 35 points.

Environment number 12:
The value of option 6 is 46. You have 10 choices to make in this environment.
You press <<7>> and receive 49 points.
You press <<8>> and receive 40 points.
You press <<9>> and receive 38 points.
You press <<10>> and receive 50 points.
You press <<11>> and receive 64 points.
You press <<12>> and receive 57 points.
You press <<13>> and receive 28 points.
You press <<14>> and receive 2 points.
You press <<5>> and receive 59 points.
You press <<4>> and receive 66 points.

Environment number 13:
The value of option 21 is 43. You have 10 choices to make in this environment.
You press <<20>> and receive 45 points.
You press <<22>> and receive 15 points.
You press <<19>> and receive 46 points.
You press <<18>> and receive 44 points.
You press <<17>> and receive 25 points.
You press <<9>> and receive 18 points.
You press <<8>> and receive 30 points.
You press <<7>> and receive 41 points.
You press <<6>> and receive 65 points.
You press <<5>> and receive 66 points.

Environment number 14:
The value of option 17 is 63. You have 5 choices to make in this environment.
You press <<18>> and receive 50 points.
You press <<16>> and receive 50 points.
You press <<15>> and receive 33 points.
You press <<19>> and receive 42 points.
You press <<20>> and receive 17 points.

Environment number 15:
The value of option 22 is 37. You have 10 choices to make in this environment.
You press <<23>> and receive 63 points.
You press <<24>> and receive 50 points.
You press <<25>> and receive 63 points.
You press <<",78
15,1,5,27,1,rough,22,10,37,45,"You will be presented with a series of 16 different environments to explore.
In each trial, you can select an option between numbers 1 and 30 by pressing the corresponding key.
By selecting any of these options, you will earn points associated with each unique option.
Imagine these options 1 through 30 as lying next to each other in an ordered line; options closer to each other tend to have similar rewards as rewards tend to cluster together.
For each environment, you will be able to make either 5 or 10 choices.
When you made all your choices in a given environment, you will start making choices in the next unexplored environment.
The rewards underlying the different options are different in each environment so you will learn them anew for each environment.
Each environment starts with the value of a single option revealed.
When you choose the number corresponding to a different option, you will be told the value of that option and receive those points.
Previously revealed options, including the starting option, can also be reselected, although there may be small changes in the point value.
It is your task to to learn where the largest reward is in each of the 16 environments.

Environment number 1:
The value of option 15 is 72. You have 5 choices to make in this environment.
You press <<16>> and receive 66 points.
You press <<14>> and receive 36 points.
You press <<13>> and receive 23 points.
You press <<8>> and receive 3 points.
You press <<22>> and receive 23 points.

Environment number 2:
The value of option 10 is 48. You have 10 choices to make in this environment.
You press <<10>> and receive 49 points.
You press <<9>> and receive 11 points.
You press <<11>> and receive 63 points.
You press <<12>> and receive 54 points.
You press <<13>> and receive 54 points.
You press <<14>> and receive 43 points.
You press <<15>> and receive 56 points.
You press <<16>> and receive 31 points.
You press <<17>> and receive 47 points.
You press <<18>> and receive 70 points.

Environment number 3:
The value of option 5 is 40. You have 5 choices to make in this environment.
You press <<4>> and receive 32 points.
You press <<6>> and receive 33 points.
You press <<7>> and receive 21 points.
You press <<8>> and receive 41 points.
You press <<9>> and receive 42 points.

Environment number 4:
The value of option 20 is 35. You have 5 choices to make in this environment.
You press <<19>> and receive 34 points.
You press <<21>> and receive 54 points.
You press <<22>> and receive 74 points.
You press <<23>> and receive 72 points.
You press <<24>> and receive 75 points.

Environment number 5:
The value of option 21 is 23. You have 5 choices to make in this environment.
You press <<22>> and receive 13 points.
You press <<20>> and receive 63 points.
You press <<19>> and receive 64 points.
You press <<18>> and receive 77 points.
You press <<17>> and receive 59 points.

Environment number 6:
The value of option 28 is 39. You have 5 choices to make in this environment.
You press <<27>> and receive 35 points.
You press <<26>> and receive 49 points.
You press <<25>> and receive 49 points.
You press <<24>> and receive 29 points.
You press <<23>> and receive 37 points.

Environment number 7:
The value of option 17 is 30. You have 10 choices to make in this environment.
You press <<18>> and receive 20 points.
You press <<16>> and receive 41 points.
You press <<15>> and receive 47 points.
You press <<14>> and receive 32 points.
You press <<13>> and receive 0 points.
You press <<21>> and receive 73 points.
You press <<22>> and receive 62 points.
You press <<23>> and receive 49 points.
You press <<24>> and receive 43 points.
You press <<20>> and receive 51 points.

Environment number 8:
The value of option 9 is 46. You have 10 choices to make in this environment.
You press <<10>> and receive 51 points.
You press <<11>> and receive 28 points.
You press <<8>> and receive 62 points.
You press <<7>> and receive 55 points.
You press <<6>> and receive 23 points.
You press <<12>> and receive -1 points.
You press <<19>> and receive 28 points.
You press <<18>> and receive 63 points.
You press <<17>> and receive 79 points.
You press <<16>> and receive 52 points.

Environment number 9:
The value of option 23 is 38. You have 10 choices to make in this environment.
You press <<22>> and receive 35 points.
You press <<24>> and receive 26 points.
You press <<17>> and receive 68 points.
You press <<18>> and receive 44 points.
You press <<16>> and receive 46 points.
You press <<15>> and receive 16 points.
You press <<19>> and receive 16 points.
You press <<20>> and receive 0 points.
You press <<25>> and receive 19 points.
You press <<13>> and receive 33 points.

Environment number 10:
The value of option 30 is 4. You have 5 choices to make in this environment.
You press <<29>> and receive 13 points.
You press <<28>> and receive 25 points.
You press <<27>> and receive 58 points.
You press <<26>> and receive 76 points.
You press <<25>> and receive 39 points.

Environment number 11:
The value of option 27 is 72. You have 10 choices to make in this environment.
You press <<26>> and receive 47 points.
You press <<28>> and receive 77 points.
You press <<29>> and receive 39 points.
You press <<18>> and receive 50 points.
You press <<19>> and receive 24 points.
You press <<17>> and receive 69 points.
You press <<16>> and receive 44 points.
You press <<15>> and receive 23 points.
You press <<10>> and receive 33 points.
You press <<11>> and receive 35 points.

Environment number 12:
The value of option 6 is 46. You have 10 choices to make in this environment.
You press <<7>> and receive 49 points.
You press <<8>> and receive 40 points.
You press <<9>> and receive 38 points.
You press <<10>> and receive 50 points.
You press <<11>> and receive 64 points.
You press <<12>> and receive 57 points.
You press <<13>> and receive 28 points.
You press <<14>> and receive 2 points.
You press <<5>> and receive 59 points.
You press <<4>> and receive 66 points.

Environment number 13:
The value of option 21 is 43. You have 10 choices to make in this environment.
You press <<20>> and receive 45 points.
You press <<22>> and receive 15 points.
You press <<19>> and receive 46 points.
You press <<18>> and receive 44 points.
You press <<17>> and receive 25 points.
You press <<9>> and receive 18 points.
You press <<8>> and receive 30 points.
You press <<7>> and receive 41 points.
You press <<6>> and receive 65 points.
You press <<5>> and receive 66 points.

Environment number 14:
The value of option 17 is 63. You have 5 choices to make in this environment.
You press <<18>> and receive 50 points.
You press <<16>> and receive 50 points.
You press <<15>> and receive 33 points.
You press <<19>> and receive 42 points.
You press <<20>> and receive 17 points.

Environment number 15:
The value of option 22 is 37. You have 10 choices to make in this environment.
You press <<23>> and receive 63 points.
You press <<24>> and receive 50 points.
You press <<25>> and receive 63 points.
You press <<26>> and receive 69 points.
You press <<",78
15,1,6,28,1,rough,22,10,37,21,"You will be presented with a series of 16 different environments to explore.
In each trial, you can select an option between numbers 1 and 30 by pressing the corresponding key.
By selecting any of these options, you will earn points associated with each unique option.
Imagine these options 1 through 30 as lying next to each other in an ordered line; options closer to each other tend to have similar rewards as rewards tend to cluster together.
For each environment, you will be able to make either 5 or 10 choices.
When you made all your choices in a given environment, you will start making choices in the next unexplored environment.
The rewards underlying the different options are different in each environment so you will learn them anew for each environment.
Each environment starts with the value of a single option revealed.
When you choose the number corresponding to a different option, you will be told the value of that option and receive those points.
Previously revealed options, including the starting option, can also be reselected, although there may be small changes in the point value.
It is your task to to learn where the largest reward is in each of the 16 environments.

Environment number 1:
The value of option 15 is 72. You have 5 choices to make in this environment.
You press <<16>> and receive 66 points.
You press <<14>> and receive 36 points.
You press <<13>> and receive 23 points.
You press <<8>> and receive 3 points.
You press <<22>> and receive 23 points.

Environment number 2:
The value of option 10 is 48. You have 10 choices to make in this environment.
You press <<10>> and receive 49 points.
You press <<9>> and receive 11 points.
You press <<11>> and receive 63 points.
You press <<12>> and receive 54 points.
You press <<13>> and receive 54 points.
You press <<14>> and receive 43 points.
You press <<15>> and receive 56 points.
You press <<16>> and receive 31 points.
You press <<17>> and receive 47 points.
You press <<18>> and receive 70 points.

Environment number 3:
The value of option 5 is 40. You have 5 choices to make in this environment.
You press <<4>> and receive 32 points.
You press <<6>> and receive 33 points.
You press <<7>> and receive 21 points.
You press <<8>> and receive 41 points.
You press <<9>> and receive 42 points.

Environment number 4:
The value of option 20 is 35. You have 5 choices to make in this environment.
You press <<19>> and receive 34 points.
You press <<21>> and receive 54 points.
You press <<22>> and receive 74 points.
You press <<23>> and receive 72 points.
You press <<24>> and receive 75 points.

Environment number 5:
The value of option 21 is 23. You have 5 choices to make in this environment.
You press <<22>> and receive 13 points.
You press <<20>> and receive 63 points.
You press <<19>> and receive 64 points.
You press <<18>> and receive 77 points.
You press <<17>> and receive 59 points.

Environment number 6:
The value of option 28 is 39. You have 5 choices to make in this environment.
You press <<27>> and receive 35 points.
You press <<26>> and receive 49 points.
You press <<25>> and receive 49 points.
You press <<24>> and receive 29 points.
You press <<23>> and receive 37 points.

Environment number 7:
The value of option 17 is 30. You have 10 choices to make in this environment.
You press <<18>> and receive 20 points.
You press <<16>> and receive 41 points.
You press <<15>> and receive 47 points.
You press <<14>> and receive 32 points.
You press <<13>> and receive 0 points.
You press <<21>> and receive 73 points.
You press <<22>> and receive 62 points.
You press <<23>> and receive 49 points.
You press <<24>> and receive 43 points.
You press <<20>> and receive 51 points.

Environment number 8:
The value of option 9 is 46. You have 10 choices to make in this environment.
You press <<10>> and receive 51 points.
You press <<11>> and receive 28 points.
You press <<8>> and receive 62 points.
You press <<7>> and receive 55 points.
You press <<6>> and receive 23 points.
You press <<12>> and receive -1 points.
You press <<19>> and receive 28 points.
You press <<18>> and receive 63 points.
You press <<17>> and receive 79 points.
You press <<16>> and receive 52 points.

Environment number 9:
The value of option 23 is 38. You have 10 choices to make in this environment.
You press <<22>> and receive 35 points.
You press <<24>> and receive 26 points.
You press <<17>> and receive 68 points.
You press <<18>> and receive 44 points.
You press <<16>> and receive 46 points.
You press <<15>> and receive 16 points.
You press <<19>> and receive 16 points.
You press <<20>> and receive 0 points.
You press <<25>> and receive 19 points.
You press <<13>> and receive 33 points.

Environment number 10:
The value of option 30 is 4. You have 5 choices to make in this environment.
You press <<29>> and receive 13 points.
You press <<28>> and receive 25 points.
You press <<27>> and receive 58 points.
You press <<26>> and receive 76 points.
You press <<25>> and receive 39 points.

Environment number 11:
The value of option 27 is 72. You have 10 choices to make in this environment.
You press <<26>> and receive 47 points.
You press <<28>> and receive 77 points.
You press <<29>> and receive 39 points.
You press <<18>> and receive 50 points.
You press <<19>> and receive 24 points.
You press <<17>> and receive 69 points.
You press <<16>> and receive 44 points.
You press <<15>> and receive 23 points.
You press <<10>> and receive 33 points.
You press <<11>> and receive 35 points.

Environment number 12:
The value of option 6 is 46. You have 10 choices to make in this environment.
You press <<7>> and receive 49 points.
You press <<8>> and receive 40 points.
You press <<9>> and receive 38 points.
You press <<10>> and receive 50 points.
You press <<11>> and receive 64 points.
You press <<12>> and receive 57 points.
You press <<13>> and receive 28 points.
You press <<14>> and receive 2 points.
You press <<5>> and receive 59 points.
You press <<4>> and receive 66 points.

Environment number 13:
The value of option 21 is 43. You have 10 choices to make in this environment.
You press <<20>> and receive 45 points.
You press <<22>> and receive 15 points.
You press <<19>> and receive 46 points.
You press <<18>> and receive 44 points.
You press <<17>> and receive 25 points.
You press <<9>> and receive 18 points.
You press <<8>> and receive 30 points.
You press <<7>> and receive 41 points.
You press <<6>> and receive 65 points.
You press <<5>> and receive 66 points.

Environment number 14:
The value of option 17 is 63. You have 5 choices to make in this environment.
You press <<18>> and receive 50 points.
You press <<16>> and receive 50 points.
You press <<15>> and receive 33 points.
You press <<19>> and receive 42 points.
You press <<20>> and receive 17 points.

Environment number 15:
The value of option 22 is 37. You have 10 choices to make in this environment.
You press <<23>> and receive 63 points.
You press <<24>> and receive 50 points.
You press <<25>> and receive 63 points.
You press <<26>> and receive 69 points.
You press <<27>> and receive 45 points.
You press <<",78
15,1,7,21,1,rough,22,10,37,50,"You will be presented with a series of 16 different environments to explore.
In each trial, you can select an option between numbers 1 and 30 by pressing the corresponding key.
By selecting any of these options, you will earn points associated with each unique option.
Imagine these options 1 through 30 as lying next to each other in an ordered line; options closer to each other tend to have similar rewards as rewards tend to cluster together.
For each environment, you will be able to make either 5 or 10 choices.
When you made all your choices in a given environment, you will start making choices in the next unexplored environment.
The rewards underlying the different options are different in each environment so you will learn them anew for each environment.
Each environment starts with the value of a single option revealed.
When you choose the number corresponding to a different option, you will be told the value of that option and receive those points.
Previously revealed options, including the starting option, can also be reselected, although there may be small changes in the point value.
It is your task to to learn where the largest reward is in each of the 16 environments.

Environment number 1:
The value of option 15 is 72. You have 5 choices to make in this environment.
You press <<16>> and receive 66 points.
You press <<14>> and receive 36 points.
You press <<13>> and receive 23 points.
You press <<8>> and receive 3 points.
You press <<22>> and receive 23 points.

Environment number 2:
The value of option 10 is 48. You have 10 choices to make in this environment.
You press <<10>> and receive 49 points.
You press <<9>> and receive 11 points.
You press <<11>> and receive 63 points.
You press <<12>> and receive 54 points.
You press <<13>> and receive 54 points.
You press <<14>> and receive 43 points.
You press <<15>> and receive 56 points.
You press <<16>> and receive 31 points.
You press <<17>> and receive 47 points.
You press <<18>> and receive 70 points.

Environment number 3:
The value of option 5 is 40. You have 5 choices to make in this environment.
You press <<4>> and receive 32 points.
You press <<6>> and receive 33 points.
You press <<7>> and receive 21 points.
You press <<8>> and receive 41 points.
You press <<9>> and receive 42 points.

Environment number 4:
The value of option 20 is 35. You have 5 choices to make in this environment.
You press <<19>> and receive 34 points.
You press <<21>> and receive 54 points.
You press <<22>> and receive 74 points.
You press <<23>> and receive 72 points.
You press <<24>> and receive 75 points.

Environment number 5:
The value of option 21 is 23. You have 5 choices to make in this environment.
You press <<22>> and receive 13 points.
You press <<20>> and receive 63 points.
You press <<19>> and receive 64 points.
You press <<18>> and receive 77 points.
You press <<17>> and receive 59 points.

Environment number 6:
The value of option 28 is 39. You have 5 choices to make in this environment.
You press <<27>> and receive 35 points.
You press <<26>> and receive 49 points.
You press <<25>> and receive 49 points.
You press <<24>> and receive 29 points.
You press <<23>> and receive 37 points.

Environment number 7:
The value of option 17 is 30. You have 10 choices to make in this environment.
You press <<18>> and receive 20 points.
You press <<16>> and receive 41 points.
You press <<15>> and receive 47 points.
You press <<14>> and receive 32 points.
You press <<13>> and receive 0 points.
You press <<21>> and receive 73 points.
You press <<22>> and receive 62 points.
You press <<23>> and receive 49 points.
You press <<24>> and receive 43 points.
You press <<20>> and receive 51 points.

Environment number 8:
The value of option 9 is 46. You have 10 choices to make in this environment.
You press <<10>> and receive 51 points.
You press <<11>> and receive 28 points.
You press <<8>> and receive 62 points.
You press <<7>> and receive 55 points.
You press <<6>> and receive 23 points.
You press <<12>> and receive -1 points.
You press <<19>> and receive 28 points.
You press <<18>> and receive 63 points.
You press <<17>> and receive 79 points.
You press <<16>> and receive 52 points.

Environment number 9:
The value of option 23 is 38. You have 10 choices to make in this environment.
You press <<22>> and receive 35 points.
You press <<24>> and receive 26 points.
You press <<17>> and receive 68 points.
You press <<18>> and receive 44 points.
You press <<16>> and receive 46 points.
You press <<15>> and receive 16 points.
You press <<19>> and receive 16 points.
You press <<20>> and receive 0 points.
You press <<25>> and receive 19 points.
You press <<13>> and receive 33 points.

Environment number 10:
The value of option 30 is 4. You have 5 choices to make in this environment.
You press <<29>> and receive 13 points.
You press <<28>> and receive 25 points.
You press <<27>> and receive 58 points.
You press <<26>> and receive 76 points.
You press <<25>> and receive 39 points.

Environment number 11:
The value of option 27 is 72. You have 10 choices to make in this environment.
You press <<26>> and receive 47 points.
You press <<28>> and receive 77 points.
You press <<29>> and receive 39 points.
You press <<18>> and receive 50 points.
You press <<19>> and receive 24 points.
You press <<17>> and receive 69 points.
You press <<16>> and receive 44 points.
You press <<15>> and receive 23 points.
You press <<10>> and receive 33 points.
You press <<11>> and receive 35 points.

Environment number 12:
The value of option 6 is 46. You have 10 choices to make in this environment.
You press <<7>> and receive 49 points.
You press <<8>> and receive 40 points.
You press <<9>> and receive 38 points.
You press <<10>> and receive 50 points.
You press <<11>> and receive 64 points.
You press <<12>> and receive 57 points.
You press <<13>> and receive 28 points.
You press <<14>> and receive 2 points.
You press <<5>> and receive 59 points.
You press <<4>> and receive 66 points.

Environment number 13:
The value of option 21 is 43. You have 10 choices to make in this environment.
You press <<20>> and receive 45 points.
You press <<22>> and receive 15 points.
You press <<19>> and receive 46 points.
You press <<18>> and receive 44 points.
You press <<17>> and receive 25 points.
You press <<9>> and receive 18 points.
You press <<8>> and receive 30 points.
You press <<7>> and receive 41 points.
You press <<6>> and receive 65 points.
You press <<5>> and receive 66 points.

Environment number 14:
The value of option 17 is 63. You have 5 choices to make in this environment.
You press <<18>> and receive 50 points.
You press <<16>> and receive 50 points.
You press <<15>> and receive 33 points.
You press <<19>> and receive 42 points.
You press <<20>> and receive 17 points.

Environment number 15:
The value of option 22 is 37. You have 10 choices to make in this environment.
You press <<23>> and receive 63 points.
You press <<24>> and receive 50 points.
You press <<25>> and receive 63 points.
You press <<26>> and receive 69 points.
You press <<27>> and receive 45 points.
You press <<28>> and receive 21 points.
You press <<",78
15,1,8,20,1,rough,22,10,37,45,"You will be presented with a series of 16 different environments to explore.
In each trial, you can select an option between numbers 1 and 30 by pressing the corresponding key.
By selecting any of these options, you will earn points associated with each unique option.
Imagine these options 1 through 30 as lying next to each other in an ordered line; options closer to each other tend to have similar rewards as rewards tend to cluster together.
For each environment, you will be able to make either 5 or 10 choices.
When you made all your choices in a given environment, you will start making choices in the next unexplored environment.
The rewards underlying the different options are different in each environment so you will learn them anew for each environment.
Each environment starts with the value of a single option revealed.
When you choose the number corresponding to a different option, you will be told the value of that option and receive those points.
Previously revealed options, including the starting option, can also be reselected, although there may be small changes in the point value.
It is your task to to learn where the largest reward is in each of the 16 environments.

Environment number 1:
The value of option 15 is 72. You have 5 choices to make in this environment.
You press <<16>> and receive 66 points.
You press <<14>> and receive 36 points.
You press <<13>> and receive 23 points.
You press <<8>> and receive 3 points.
You press <<22>> and receive 23 points.

Environment number 2:
The value of option 10 is 48. You have 10 choices to make in this environment.
You press <<10>> and receive 49 points.
You press <<9>> and receive 11 points.
You press <<11>> and receive 63 points.
You press <<12>> and receive 54 points.
You press <<13>> and receive 54 points.
You press <<14>> and receive 43 points.
You press <<15>> and receive 56 points.
You press <<16>> and receive 31 points.
You press <<17>> and receive 47 points.
You press <<18>> and receive 70 points.

Environment number 3:
The value of option 5 is 40. You have 5 choices to make in this environment.
You press <<4>> and receive 32 points.
You press <<6>> and receive 33 points.
You press <<7>> and receive 21 points.
You press <<8>> and receive 41 points.
You press <<9>> and receive 42 points.

Environment number 4:
The value of option 20 is 35. You have 5 choices to make in this environment.
You press <<19>> and receive 34 points.
You press <<21>> and receive 54 points.
You press <<22>> and receive 74 points.
You press <<23>> and receive 72 points.
You press <<24>> and receive 75 points.

Environment number 5:
The value of option 21 is 23. You have 5 choices to make in this environment.
You press <<22>> and receive 13 points.
You press <<20>> and receive 63 points.
You press <<19>> and receive 64 points.
You press <<18>> and receive 77 points.
You press <<17>> and receive 59 points.

Environment number 6:
The value of option 28 is 39. You have 5 choices to make in this environment.
You press <<27>> and receive 35 points.
You press <<26>> and receive 49 points.
You press <<25>> and receive 49 points.
You press <<24>> and receive 29 points.
You press <<23>> and receive 37 points.

Environment number 7:
The value of option 17 is 30. You have 10 choices to make in this environment.
You press <<18>> and receive 20 points.
You press <<16>> and receive 41 points.
You press <<15>> and receive 47 points.
You press <<14>> and receive 32 points.
You press <<13>> and receive 0 points.
You press <<21>> and receive 73 points.
You press <<22>> and receive 62 points.
You press <<23>> and receive 49 points.
You press <<24>> and receive 43 points.
You press <<20>> and receive 51 points.

Environment number 8:
The value of option 9 is 46. You have 10 choices to make in this environment.
You press <<10>> and receive 51 points.
You press <<11>> and receive 28 points.
You press <<8>> and receive 62 points.
You press <<7>> and receive 55 points.
You press <<6>> and receive 23 points.
You press <<12>> and receive -1 points.
You press <<19>> and receive 28 points.
You press <<18>> and receive 63 points.
You press <<17>> and receive 79 points.
You press <<16>> and receive 52 points.

Environment number 9:
The value of option 23 is 38. You have 10 choices to make in this environment.
You press <<22>> and receive 35 points.
You press <<24>> and receive 26 points.
You press <<17>> and receive 68 points.
You press <<18>> and receive 44 points.
You press <<16>> and receive 46 points.
You press <<15>> and receive 16 points.
You press <<19>> and receive 16 points.
You press <<20>> and receive 0 points.
You press <<25>> and receive 19 points.
You press <<13>> and receive 33 points.

Environment number 10:
The value of option 30 is 4. You have 5 choices to make in this environment.
You press <<29>> and receive 13 points.
You press <<28>> and receive 25 points.
You press <<27>> and receive 58 points.
You press <<26>> and receive 76 points.
You press <<25>> and receive 39 points.

Environment number 11:
The value of option 27 is 72. You have 10 choices to make in this environment.
You press <<26>> and receive 47 points.
You press <<28>> and receive 77 points.
You press <<29>> and receive 39 points.
You press <<18>> and receive 50 points.
You press <<19>> and receive 24 points.
You press <<17>> and receive 69 points.
You press <<16>> and receive 44 points.
You press <<15>> and receive 23 points.
You press <<10>> and receive 33 points.
You press <<11>> and receive 35 points.

Environment number 12:
The value of option 6 is 46. You have 10 choices to make in this environment.
You press <<7>> and receive 49 points.
You press <<8>> and receive 40 points.
You press <<9>> and receive 38 points.
You press <<10>> and receive 50 points.
You press <<11>> and receive 64 points.
You press <<12>> and receive 57 points.
You press <<13>> and receive 28 points.
You press <<14>> and receive 2 points.
You press <<5>> and receive 59 points.
You press <<4>> and receive 66 points.

Environment number 13:
The value of option 21 is 43. You have 10 choices to make in this environment.
You press <<20>> and receive 45 points.
You press <<22>> and receive 15 points.
You press <<19>> and receive 46 points.
You press <<18>> and receive 44 points.
You press <<17>> and receive 25 points.
You press <<9>> and receive 18 points.
You press <<8>> and receive 30 points.
You press <<7>> and receive 41 points.
You press <<6>> and receive 65 points.
You press <<5>> and receive 66 points.

Environment number 14:
The value of option 17 is 63. You have 5 choices to make in this environment.
You press <<18>> and receive 50 points.
You press <<16>> and receive 50 points.
You press <<15>> and receive 33 points.
You press <<19>> and receive 42 points.
You press <<20>> and receive 17 points.

Environment number 15:
The value of option 22 is 37. You have 10 choices to make in this environment.
You press <<23>> and receive 63 points.
You press <<24>> and receive 50 points.
You press <<25>> and receive 63 points.
You press <<26>> and receive 69 points.
You press <<27>> and receive 45 points.
You press <<28>> and receive 21 points.
You press <<21>> and receive 50 points.
You press <<",78
15,1,9,19,1,rough,22,10,37,52,"You will be presented with a series of 16 different environments to explore.
In each trial, you can select an option between numbers 1 and 30 by pressing the corresponding key.
By selecting any of these options, you will earn points associated with each unique option.
Imagine these options 1 through 30 as lying next to each other in an ordered line; options closer to each other tend to have similar rewards as rewards tend to cluster together.
For each environment, you will be able to make either 5 or 10 choices.
When you made all your choices in a given environment, you will start making choices in the next unexplored environment.
The rewards underlying the different options are different in each environment so you will learn them anew for each environment.
Each environment starts with the value of a single option revealed.
When you choose the number corresponding to a different option, you will be told the value of that option and receive those points.
Previously revealed options, including the starting option, can also be reselected, although there may be small changes in the point value.
It is your task to to learn where the largest reward is in each of the 16 environments.

Environment number 1:
The value of option 15 is 72. You have 5 choices to make in this environment.
You press <<16>> and receive 66 points.
You press <<14>> and receive 36 points.
You press <<13>> and receive 23 points.
You press <<8>> and receive 3 points.
You press <<22>> and receive 23 points.

Environment number 2:
The value of option 10 is 48. You have 10 choices to make in this environment.
You press <<10>> and receive 49 points.
You press <<9>> and receive 11 points.
You press <<11>> and receive 63 points.
You press <<12>> and receive 54 points.
You press <<13>> and receive 54 points.
You press <<14>> and receive 43 points.
You press <<15>> and receive 56 points.
You press <<16>> and receive 31 points.
You press <<17>> and receive 47 points.
You press <<18>> and receive 70 points.

Environment number 3:
The value of option 5 is 40. You have 5 choices to make in this environment.
You press <<4>> and receive 32 points.
You press <<6>> and receive 33 points.
You press <<7>> and receive 21 points.
You press <<8>> and receive 41 points.
You press <<9>> and receive 42 points.

Environment number 4:
The value of option 20 is 35. You have 5 choices to make in this environment.
You press <<19>> and receive 34 points.
You press <<21>> and receive 54 points.
You press <<22>> and receive 74 points.
You press <<23>> and receive 72 points.
You press <<24>> and receive 75 points.

Environment number 5:
The value of option 21 is 23. You have 5 choices to make in this environment.
You press <<22>> and receive 13 points.
You press <<20>> and receive 63 points.
You press <<19>> and receive 64 points.
You press <<18>> and receive 77 points.
You press <<17>> and receive 59 points.

Environment number 6:
The value of option 28 is 39. You have 5 choices to make in this environment.
You press <<27>> and receive 35 points.
You press <<26>> and receive 49 points.
You press <<25>> and receive 49 points.
You press <<24>> and receive 29 points.
You press <<23>> and receive 37 points.

Environment number 7:
The value of option 17 is 30. You have 10 choices to make in this environment.
You press <<18>> and receive 20 points.
You press <<16>> and receive 41 points.
You press <<15>> and receive 47 points.
You press <<14>> and receive 32 points.
You press <<13>> and receive 0 points.
You press <<21>> and receive 73 points.
You press <<22>> and receive 62 points.
You press <<23>> and receive 49 points.
You press <<24>> and receive 43 points.
You press <<20>> and receive 51 points.

Environment number 8:
The value of option 9 is 46. You have 10 choices to make in this environment.
You press <<10>> and receive 51 points.
You press <<11>> and receive 28 points.
You press <<8>> and receive 62 points.
You press <<7>> and receive 55 points.
You press <<6>> and receive 23 points.
You press <<12>> and receive -1 points.
You press <<19>> and receive 28 points.
You press <<18>> and receive 63 points.
You press <<17>> and receive 79 points.
You press <<16>> and receive 52 points.

Environment number 9:
The value of option 23 is 38. You have 10 choices to make in this environment.
You press <<22>> and receive 35 points.
You press <<24>> and receive 26 points.
You press <<17>> and receive 68 points.
You press <<18>> and receive 44 points.
You press <<16>> and receive 46 points.
You press <<15>> and receive 16 points.
You press <<19>> and receive 16 points.
You press <<20>> and receive 0 points.
You press <<25>> and receive 19 points.
You press <<13>> and receive 33 points.

Environment number 10:
The value of option 30 is 4. You have 5 choices to make in this environment.
You press <<29>> and receive 13 points.
You press <<28>> and receive 25 points.
You press <<27>> and receive 58 points.
You press <<26>> and receive 76 points.
You press <<25>> and receive 39 points.

Environment number 11:
The value of option 27 is 72. You have 10 choices to make in this environment.
You press <<26>> and receive 47 points.
You press <<28>> and receive 77 points.
You press <<29>> and receive 39 points.
You press <<18>> and receive 50 points.
You press <<19>> and receive 24 points.
You press <<17>> and receive 69 points.
You press <<16>> and receive 44 points.
You press <<15>> and receive 23 points.
You press <<10>> and receive 33 points.
You press <<11>> and receive 35 points.

Environment number 12:
The value of option 6 is 46. You have 10 choices to make in this environment.
You press <<7>> and receive 49 points.
You press <<8>> and receive 40 points.
You press <<9>> and receive 38 points.
You press <<10>> and receive 50 points.
You press <<11>> and receive 64 points.
You press <<12>> and receive 57 points.
You press <<13>> and receive 28 points.
You press <<14>> and receive 2 points.
You press <<5>> and receive 59 points.
You press <<4>> and receive 66 points.

Environment number 13:
The value of option 21 is 43. You have 10 choices to make in this environment.
You press <<20>> and receive 45 points.
You press <<22>> and receive 15 points.
You press <<19>> and receive 46 points.
You press <<18>> and receive 44 points.
You press <<17>> and receive 25 points.
You press <<9>> and receive 18 points.
You press <<8>> and receive 30 points.
You press <<7>> and receive 41 points.
You press <<6>> and receive 65 points.
You press <<5>> and receive 66 points.

Environment number 14:
The value of option 17 is 63. You have 5 choices to make in this environment.
You press <<18>> and receive 50 points.
You press <<16>> and receive 50 points.
You press <<15>> and receive 33 points.
You press <<19>> and receive 42 points.
You press <<20>> and receive 17 points.

Environment number 15:
The value of option 22 is 37. You have 10 choices to make in this environment.
You press <<23>> and receive 63 points.
You press <<24>> and receive 50 points.
You press <<25>> and receive 63 points.
You press <<26>> and receive 69 points.
You press <<27>> and receive 45 points.
You press <<28>> and receive 21 points.
You press <<21>> and receive 50 points.
You press <<20>> and receive 45 points.
You press <<",78
15,1,10,18,1,rough,22,10,37,46,"You will be presented with a series of 16 different environments to explore.
In each trial, you can select an option between numbers 1 and 30 by pressing the corresponding key.
By selecting any of these options, you will earn points associated with each unique option.
Imagine these options 1 through 30 as lying next to each other in an ordered line; options closer to each other tend to have similar rewards as rewards tend to cluster together.
For each environment, you will be able to make either 5 or 10 choices.
When you made all your choices in a given environment, you will start making choices in the next unexplored environment.
The rewards underlying the different options are different in each environment so you will learn them anew for each environment.
Each environment starts with the value of a single option revealed.
When you choose the number corresponding to a different option, you will be told the value of that option and receive those points.
Previously revealed options, including the starting option, can also be reselected, although there may be small changes in the point value.
It is your task to to learn where the largest reward is in each of the 16 environments.

Environment number 1:
The value of option 15 is 72. You have 5 choices to make in this environment.
You press <<16>> and receive 66 points.
You press <<14>> and receive 36 points.
You press <<13>> and receive 23 points.
You press <<8>> and receive 3 points.
You press <<22>> and receive 23 points.

Environment number 2:
The value of option 10 is 48. You have 10 choices to make in this environment.
You press <<10>> and receive 49 points.
You press <<9>> and receive 11 points.
You press <<11>> and receive 63 points.
You press <<12>> and receive 54 points.
You press <<13>> and receive 54 points.
You press <<14>> and receive 43 points.
You press <<15>> and receive 56 points.
You press <<16>> and receive 31 points.
You press <<17>> and receive 47 points.
You press <<18>> and receive 70 points.

Environment number 3:
The value of option 5 is 40. You have 5 choices to make in this environment.
You press <<4>> and receive 32 points.
You press <<6>> and receive 33 points.
You press <<7>> and receive 21 points.
You press <<8>> and receive 41 points.
You press <<9>> and receive 42 points.

Environment number 4:
The value of option 20 is 35. You have 5 choices to make in this environment.
You press <<19>> and receive 34 points.
You press <<21>> and receive 54 points.
You press <<22>> and receive 74 points.
You press <<23>> and receive 72 points.
You press <<24>> and receive 75 points.

Environment number 5:
The value of option 21 is 23. You have 5 choices to make in this environment.
You press <<22>> and receive 13 points.
You press <<20>> and receive 63 points.
You press <<19>> and receive 64 points.
You press <<18>> and receive 77 points.
You press <<17>> and receive 59 points.

Environment number 6:
The value of option 28 is 39. You have 5 choices to make in this environment.
You press <<27>> and receive 35 points.
You press <<26>> and receive 49 points.
You press <<25>> and receive 49 points.
You press <<24>> and receive 29 points.
You press <<23>> and receive 37 points.

Environment number 7:
The value of option 17 is 30. You have 10 choices to make in this environment.
You press <<18>> and receive 20 points.
You press <<16>> and receive 41 points.
You press <<15>> and receive 47 points.
You press <<14>> and receive 32 points.
You press <<13>> and receive 0 points.
You press <<21>> and receive 73 points.
You press <<22>> and receive 62 points.
You press <<23>> and receive 49 points.
You press <<24>> and receive 43 points.
You press <<20>> and receive 51 points.

Environment number 8:
The value of option 9 is 46. You have 10 choices to make in this environment.
You press <<10>> and receive 51 points.
You press <<11>> and receive 28 points.
You press <<8>> and receive 62 points.
You press <<7>> and receive 55 points.
You press <<6>> and receive 23 points.
You press <<12>> and receive -1 points.
You press <<19>> and receive 28 points.
You press <<18>> and receive 63 points.
You press <<17>> and receive 79 points.
You press <<16>> and receive 52 points.

Environment number 9:
The value of option 23 is 38. You have 10 choices to make in this environment.
You press <<22>> and receive 35 points.
You press <<24>> and receive 26 points.
You press <<17>> and receive 68 points.
You press <<18>> and receive 44 points.
You press <<16>> and receive 46 points.
You press <<15>> and receive 16 points.
You press <<19>> and receive 16 points.
You press <<20>> and receive 0 points.
You press <<25>> and receive 19 points.
You press <<13>> and receive 33 points.

Environment number 10:
The value of option 30 is 4. You have 5 choices to make in this environment.
You press <<29>> and receive 13 points.
You press <<28>> and receive 25 points.
You press <<27>> and receive 58 points.
You press <<26>> and receive 76 points.
You press <<25>> and receive 39 points.

Environment number 11:
The value of option 27 is 72. You have 10 choices to make in this environment.
You press <<26>> and receive 47 points.
You press <<28>> and receive 77 points.
You press <<29>> and receive 39 points.
You press <<18>> and receive 50 points.
You press <<19>> and receive 24 points.
You press <<17>> and receive 69 points.
You press <<16>> and receive 44 points.
You press <<15>> and receive 23 points.
You press <<10>> and receive 33 points.
You press <<11>> and receive 35 points.

Environment number 12:
The value of option 6 is 46. You have 10 choices to make in this environment.
You press <<7>> and receive 49 points.
You press <<8>> and receive 40 points.
You press <<9>> and receive 38 points.
You press <<10>> and receive 50 points.
You press <<11>> and receive 64 points.
You press <<12>> and receive 57 points.
You press <<13>> and receive 28 points.
You press <<14>> and receive 2 points.
You press <<5>> and receive 59 points.
You press <<4>> and receive 66 points.

Environment number 13:
The value of option 21 is 43. You have 10 choices to make in this environment.
You press <<20>> and receive 45 points.
You press <<22>> and receive 15 points.
You press <<19>> and receive 46 points.
You press <<18>> and receive 44 points.
You press <<17>> and receive 25 points.
You press <<9>> and receive 18 points.
You press <<8>> and receive 30 points.
You press <<7>> and receive 41 points.
You press <<6>> and receive 65 points.
You press <<5>> and receive 66 points.

Environment number 14:
The value of option 17 is 63. You have 5 choices to make in this environment.
You press <<18>> and receive 50 points.
You press <<16>> and receive 50 points.
You press <<15>> and receive 33 points.
You press <<19>> and receive 42 points.
You press <<20>> and receive 17 points.

Environment number 15:
The value of option 22 is 37. You have 10 choices to make in this environment.
You press <<23>> and receive 63 points.
You press <<24>> and receive 50 points.
You press <<25>> and receive 63 points.
You press <<26>> and receive 69 points.
You press <<27>> and receive 45 points.
You press <<28>> and receive 21 points.
You press <<21>> and receive 50 points.
You press <<20>> and receive 45 points.
You press <<19>> and receive 52 points.
You press <<",78
16,8,1,25,1,rough,24,5,31,35,"You will be presented with a series of 16 different environments to explore.
In each trial, you can select an option between numbers 1 and 30 by pressing the corresponding key.
By selecting any of these options, you will earn points associated with each unique option.
Imagine these options 1 through 30 as lying next to each other in an ordered line; options closer to each other tend to have similar rewards as rewards tend to cluster together.
For each environment, you will be able to make either 5 or 10 choices.
When you made all your choices in a given environment, you will start making choices in the next unexplored environment.
The rewards underlying the different options are different in each environment so you will learn them anew for each environment.
Each environment starts with the value of a single option revealed.
When you choose the number corresponding to a different option, you will be told the value of that option and receive those points.
Previously revealed options, including the starting option, can also be reselected, although there may be small changes in the point value.
It is your task to to learn where the largest reward is in each of the 16 environments.

Environment number 1:
The value of option 15 is 72. You have 5 choices to make in this environment.
You press <<16>> and receive 66 points.
You press <<14>> and receive 36 points.
You press <<13>> and receive 23 points.
You press <<8>> and receive 3 points.
You press <<22>> and receive 23 points.

Environment number 2:
The value of option 10 is 48. You have 10 choices to make in this environment.
You press <<10>> and receive 49 points.
You press <<9>> and receive 11 points.
You press <<11>> and receive 63 points.
You press <<12>> and receive 54 points.
You press <<13>> and receive 54 points.
You press <<14>> and receive 43 points.
You press <<15>> and receive 56 points.
You press <<16>> and receive 31 points.
You press <<17>> and receive 47 points.
You press <<18>> and receive 70 points.

Environment number 3:
The value of option 5 is 40. You have 5 choices to make in this environment.
You press <<4>> and receive 32 points.
You press <<6>> and receive 33 points.
You press <<7>> and receive 21 points.
You press <<8>> and receive 41 points.
You press <<9>> and receive 42 points.

Environment number 4:
The value of option 20 is 35. You have 5 choices to make in this environment.
You press <<19>> and receive 34 points.
You press <<21>> and receive 54 points.
You press <<22>> and receive 74 points.
You press <<23>> and receive 72 points.
You press <<24>> and receive 75 points.

Environment number 5:
The value of option 21 is 23. You have 5 choices to make in this environment.
You press <<22>> and receive 13 points.
You press <<20>> and receive 63 points.
You press <<19>> and receive 64 points.
You press <<18>> and receive 77 points.
You press <<17>> and receive 59 points.

Environment number 6:
The value of option 28 is 39. You have 5 choices to make in this environment.
You press <<27>> and receive 35 points.
You press <<26>> and receive 49 points.
You press <<25>> and receive 49 points.
You press <<24>> and receive 29 points.
You press <<23>> and receive 37 points.

Environment number 7:
The value of option 17 is 30. You have 10 choices to make in this environment.
You press <<18>> and receive 20 points.
You press <<16>> and receive 41 points.
You press <<15>> and receive 47 points.
You press <<14>> and receive 32 points.
You press <<13>> and receive 0 points.
You press <<21>> and receive 73 points.
You press <<22>> and receive 62 points.
You press <<23>> and receive 49 points.
You press <<24>> and receive 43 points.
You press <<20>> and receive 51 points.

Environment number 8:
The value of option 9 is 46. You have 10 choices to make in this environment.
You press <<10>> and receive 51 points.
You press <<11>> and receive 28 points.
You press <<8>> and receive 62 points.
You press <<7>> and receive 55 points.
You press <<6>> and receive 23 points.
You press <<12>> and receive -1 points.
You press <<19>> and receive 28 points.
You press <<18>> and receive 63 points.
You press <<17>> and receive 79 points.
You press <<16>> and receive 52 points.

Environment number 9:
The value of option 23 is 38. You have 10 choices to make in this environment.
You press <<22>> and receive 35 points.
You press <<24>> and receive 26 points.
You press <<17>> and receive 68 points.
You press <<18>> and receive 44 points.
You press <<16>> and receive 46 points.
You press <<15>> and receive 16 points.
You press <<19>> and receive 16 points.
You press <<20>> and receive 0 points.
You press <<25>> and receive 19 points.
You press <<13>> and receive 33 points.

Environment number 10:
The value of option 30 is 4. You have 5 choices to make in this environment.
You press <<29>> and receive 13 points.
You press <<28>> and receive 25 points.
You press <<27>> and receive 58 points.
You press <<26>> and receive 76 points.
You press <<25>> and receive 39 points.

Environment number 11:
The value of option 27 is 72. You have 10 choices to make in this environment.
You press <<26>> and receive 47 points.
You press <<28>> and receive 77 points.
You press <<29>> and receive 39 points.
You press <<18>> and receive 50 points.
You press <<19>> and receive 24 points.
You press <<17>> and receive 69 points.
You press <<16>> and receive 44 points.
You press <<15>> and receive 23 points.
You press <<10>> and receive 33 points.
You press <<11>> and receive 35 points.

Environment number 12:
The value of option 6 is 46. You have 10 choices to make in this environment.
You press <<7>> and receive 49 points.
You press <<8>> and receive 40 points.
You press <<9>> and receive 38 points.
You press <<10>> and receive 50 points.
You press <<11>> and receive 64 points.
You press <<12>> and receive 57 points.
You press <<13>> and receive 28 points.
You press <<14>> and receive 2 points.
You press <<5>> and receive 59 points.
You press <<4>> and receive 66 points.

Environment number 13:
The value of option 21 is 43. You have 10 choices to make in this environment.
You press <<20>> and receive 45 points.
You press <<22>> and receive 15 points.
You press <<19>> and receive 46 points.
You press <<18>> and receive 44 points.
You press <<17>> and receive 25 points.
You press <<9>> and receive 18 points.
You press <<8>> and receive 30 points.
You press <<7>> and receive 41 points.
You press <<6>> and receive 65 points.
You press <<5>> and receive 66 points.

Environment number 14:
The value of option 17 is 63. You have 5 choices to make in this environment.
You press <<18>> and receive 50 points.
You press <<16>> and receive 50 points.
You press <<15>> and receive 33 points.
You press <<19>> and receive 42 points.
You press <<20>> and receive 17 points.

Environment number 15:
The value of option 22 is 37. You have 10 choices to make in this environment.
You press <<23>> and receive 63 points.
You press <<24>> and receive 50 points.
You press <<25>> and receive 63 points.
You press <<26>> and receive 69 points.
You press <<27>> and receive 45 points.
You press <<28>> and receive 21 points.
You press <<21>> and receive 50 points.
You press <<20>> and receive 45 points.
You press <<19>> and receive 52 points.
You press <<18>> and receive 46 points.

Environment number 16:
The value of option 24 is 31. You have 5 choices to make in this environment.
You press <<",78
16,8,2,26,1,rough,24,5,31,40,"You will be presented with a series of 16 different environments to explore.
In each trial, you can select an option between numbers 1 and 30 by pressing the corresponding key.
By selecting any of these options, you will earn points associated with each unique option.
Imagine these options 1 through 30 as lying next to each other in an ordered line; options closer to each other tend to have similar rewards as rewards tend to cluster together.
For each environment, you will be able to make either 5 or 10 choices.
When you made all your choices in a given environment, you will start making choices in the next unexplored environment.
The rewards underlying the different options are different in each environment so you will learn them anew for each environment.
Each environment starts with the value of a single option revealed.
When you choose the number corresponding to a different option, you will be told the value of that option and receive those points.
Previously revealed options, including the starting option, can also be reselected, although there may be small changes in the point value.
It is your task to to learn where the largest reward is in each of the 16 environments.

Environment number 1:
The value of option 15 is 72. You have 5 choices to make in this environment.
You press <<16>> and receive 66 points.
You press <<14>> and receive 36 points.
You press <<13>> and receive 23 points.
You press <<8>> and receive 3 points.
You press <<22>> and receive 23 points.

Environment number 2:
The value of option 10 is 48. You have 10 choices to make in this environment.
You press <<10>> and receive 49 points.
You press <<9>> and receive 11 points.
You press <<11>> and receive 63 points.
You press <<12>> and receive 54 points.
You press <<13>> and receive 54 points.
You press <<14>> and receive 43 points.
You press <<15>> and receive 56 points.
You press <<16>> and receive 31 points.
You press <<17>> and receive 47 points.
You press <<18>> and receive 70 points.

Environment number 3:
The value of option 5 is 40. You have 5 choices to make in this environment.
You press <<4>> and receive 32 points.
You press <<6>> and receive 33 points.
You press <<7>> and receive 21 points.
You press <<8>> and receive 41 points.
You press <<9>> and receive 42 points.

Environment number 4:
The value of option 20 is 35. You have 5 choices to make in this environment.
You press <<19>> and receive 34 points.
You press <<21>> and receive 54 points.
You press <<22>> and receive 74 points.
You press <<23>> and receive 72 points.
You press <<24>> and receive 75 points.

Environment number 5:
The value of option 21 is 23. You have 5 choices to make in this environment.
You press <<22>> and receive 13 points.
You press <<20>> and receive 63 points.
You press <<19>> and receive 64 points.
You press <<18>> and receive 77 points.
You press <<17>> and receive 59 points.

Environment number 6:
The value of option 28 is 39. You have 5 choices to make in this environment.
You press <<27>> and receive 35 points.
You press <<26>> and receive 49 points.
You press <<25>> and receive 49 points.
You press <<24>> and receive 29 points.
You press <<23>> and receive 37 points.

Environment number 7:
The value of option 17 is 30. You have 10 choices to make in this environment.
You press <<18>> and receive 20 points.
You press <<16>> and receive 41 points.
You press <<15>> and receive 47 points.
You press <<14>> and receive 32 points.
You press <<13>> and receive 0 points.
You press <<21>> and receive 73 points.
You press <<22>> and receive 62 points.
You press <<23>> and receive 49 points.
You press <<24>> and receive 43 points.
You press <<20>> and receive 51 points.

Environment number 8:
The value of option 9 is 46. You have 10 choices to make in this environment.
You press <<10>> and receive 51 points.
You press <<11>> and receive 28 points.
You press <<8>> and receive 62 points.
You press <<7>> and receive 55 points.
You press <<6>> and receive 23 points.
You press <<12>> and receive -1 points.
You press <<19>> and receive 28 points.
You press <<18>> and receive 63 points.
You press <<17>> and receive 79 points.
You press <<16>> and receive 52 points.

Environment number 9:
The value of option 23 is 38. You have 10 choices to make in this environment.
You press <<22>> and receive 35 points.
You press <<24>> and receive 26 points.
You press <<17>> and receive 68 points.
You press <<18>> and receive 44 points.
You press <<16>> and receive 46 points.
You press <<15>> and receive 16 points.
You press <<19>> and receive 16 points.
You press <<20>> and receive 0 points.
You press <<25>> and receive 19 points.
You press <<13>> and receive 33 points.

Environment number 10:
The value of option 30 is 4. You have 5 choices to make in this environment.
You press <<29>> and receive 13 points.
You press <<28>> and receive 25 points.
You press <<27>> and receive 58 points.
You press <<26>> and receive 76 points.
You press <<25>> and receive 39 points.

Environment number 11:
The value of option 27 is 72. You have 10 choices to make in this environment.
You press <<26>> and receive 47 points.
You press <<28>> and receive 77 points.
You press <<29>> and receive 39 points.
You press <<18>> and receive 50 points.
You press <<19>> and receive 24 points.
You press <<17>> and receive 69 points.
You press <<16>> and receive 44 points.
You press <<15>> and receive 23 points.
You press <<10>> and receive 33 points.
You press <<11>> and receive 35 points.

Environment number 12:
The value of option 6 is 46. You have 10 choices to make in this environment.
You press <<7>> and receive 49 points.
You press <<8>> and receive 40 points.
You press <<9>> and receive 38 points.
You press <<10>> and receive 50 points.
You press <<11>> and receive 64 points.
You press <<12>> and receive 57 points.
You press <<13>> and receive 28 points.
You press <<14>> and receive 2 points.
You press <<5>> and receive 59 points.
You press <<4>> and receive 66 points.

Environment number 13:
The value of option 21 is 43. You have 10 choices to make in this environment.
You press <<20>> and receive 45 points.
You press <<22>> and receive 15 points.
You press <<19>> and receive 46 points.
You press <<18>> and receive 44 points.
You press <<17>> and receive 25 points.
You press <<9>> and receive 18 points.
You press <<8>> and receive 30 points.
You press <<7>> and receive 41 points.
You press <<6>> and receive 65 points.
You press <<5>> and receive 66 points.

Environment number 14:
The value of option 17 is 63. You have 5 choices to make in this environment.
You press <<18>> and receive 50 points.
You press <<16>> and receive 50 points.
You press <<15>> and receive 33 points.
You press <<19>> and receive 42 points.
You press <<20>> and receive 17 points.

Environment number 15:
The value of option 22 is 37. You have 10 choices to make in this environment.
You press <<23>> and receive 63 points.
You press <<24>> and receive 50 points.
You press <<25>> and receive 63 points.
You press <<26>> and receive 69 points.
You press <<27>> and receive 45 points.
You press <<28>> and receive 21 points.
You press <<21>> and receive 50 points.
You press <<20>> and receive 45 points.
You press <<19>> and receive 52 points.
You press <<18>> and receive 46 points.

Environment number 16:
The value of option 24 is 31. You have 5 choices to make in this environment.
You press <<25>> and receive 35 points.
You press <<",78
16,8,3,27,1,rough,24,5,31,23,"You will be presented with a series of 16 different environments to explore.
In each trial, you can select an option between numbers 1 and 30 by pressing the corresponding key.
By selecting any of these options, you will earn points associated with each unique option.
Imagine these options 1 through 30 as lying next to each other in an ordered line; options closer to each other tend to have similar rewards as rewards tend to cluster together.
For each environment, you will be able to make either 5 or 10 choices.
When you made all your choices in a given environment, you will start making choices in the next unexplored environment.
The rewards underlying the different options are different in each environment so you will learn them anew for each environment.
Each environment starts with the value of a single option revealed.
When you choose the number corresponding to a different option, you will be told the value of that option and receive those points.
Previously revealed options, including the starting option, can also be reselected, although there may be small changes in the point value.
It is your task to to learn where the largest reward is in each of the 16 environments.

Environment number 1:
The value of option 15 is 72. You have 5 choices to make in this environment.
You press <<16>> and receive 66 points.
You press <<14>> and receive 36 points.
You press <<13>> and receive 23 points.
You press <<8>> and receive 3 points.
You press <<22>> and receive 23 points.

Environment number 2:
The value of option 10 is 48. You have 10 choices to make in this environment.
You press <<10>> and receive 49 points.
You press <<9>> and receive 11 points.
You press <<11>> and receive 63 points.
You press <<12>> and receive 54 points.
You press <<13>> and receive 54 points.
You press <<14>> and receive 43 points.
You press <<15>> and receive 56 points.
You press <<16>> and receive 31 points.
You press <<17>> and receive 47 points.
You press <<18>> and receive 70 points.

Environment number 3:
The value of option 5 is 40. You have 5 choices to make in this environment.
You press <<4>> and receive 32 points.
You press <<6>> and receive 33 points.
You press <<7>> and receive 21 points.
You press <<8>> and receive 41 points.
You press <<9>> and receive 42 points.

Environment number 4:
The value of option 20 is 35. You have 5 choices to make in this environment.
You press <<19>> and receive 34 points.
You press <<21>> and receive 54 points.
You press <<22>> and receive 74 points.
You press <<23>> and receive 72 points.
You press <<24>> and receive 75 points.

Environment number 5:
The value of option 21 is 23. You have 5 choices to make in this environment.
You press <<22>> and receive 13 points.
You press <<20>> and receive 63 points.
You press <<19>> and receive 64 points.
You press <<18>> and receive 77 points.
You press <<17>> and receive 59 points.

Environment number 6:
The value of option 28 is 39. You have 5 choices to make in this environment.
You press <<27>> and receive 35 points.
You press <<26>> and receive 49 points.
You press <<25>> and receive 49 points.
You press <<24>> and receive 29 points.
You press <<23>> and receive 37 points.

Environment number 7:
The value of option 17 is 30. You have 10 choices to make in this environment.
You press <<18>> and receive 20 points.
You press <<16>> and receive 41 points.
You press <<15>> and receive 47 points.
You press <<14>> and receive 32 points.
You press <<13>> and receive 0 points.
You press <<21>> and receive 73 points.
You press <<22>> and receive 62 points.
You press <<23>> and receive 49 points.
You press <<24>> and receive 43 points.
You press <<20>> and receive 51 points.

Environment number 8:
The value of option 9 is 46. You have 10 choices to make in this environment.
You press <<10>> and receive 51 points.
You press <<11>> and receive 28 points.
You press <<8>> and receive 62 points.
You press <<7>> and receive 55 points.
You press <<6>> and receive 23 points.
You press <<12>> and receive -1 points.
You press <<19>> and receive 28 points.
You press <<18>> and receive 63 points.
You press <<17>> and receive 79 points.
You press <<16>> and receive 52 points.

Environment number 9:
The value of option 23 is 38. You have 10 choices to make in this environment.
You press <<22>> and receive 35 points.
You press <<24>> and receive 26 points.
You press <<17>> and receive 68 points.
You press <<18>> and receive 44 points.
You press <<16>> and receive 46 points.
You press <<15>> and receive 16 points.
You press <<19>> and receive 16 points.
You press <<20>> and receive 0 points.
You press <<25>> and receive 19 points.
You press <<13>> and receive 33 points.

Environment number 10:
The value of option 30 is 4. You have 5 choices to make in this environment.
You press <<29>> and receive 13 points.
You press <<28>> and receive 25 points.
You press <<27>> and receive 58 points.
You press <<26>> and receive 76 points.
You press <<25>> and receive 39 points.

Environment number 11:
The value of option 27 is 72. You have 10 choices to make in this environment.
You press <<26>> and receive 47 points.
You press <<28>> and receive 77 points.
You press <<29>> and receive 39 points.
You press <<18>> and receive 50 points.
You press <<19>> and receive 24 points.
You press <<17>> and receive 69 points.
You press <<16>> and receive 44 points.
You press <<15>> and receive 23 points.
You press <<10>> and receive 33 points.
You press <<11>> and receive 35 points.

Environment number 12:
The value of option 6 is 46. You have 10 choices to make in this environment.
You press <<7>> and receive 49 points.
You press <<8>> and receive 40 points.
You press <<9>> and receive 38 points.
You press <<10>> and receive 50 points.
You press <<11>> and receive 64 points.
You press <<12>> and receive 57 points.
You press <<13>> and receive 28 points.
You press <<14>> and receive 2 points.
You press <<5>> and receive 59 points.
You press <<4>> and receive 66 points.

Environment number 13:
The value of option 21 is 43. You have 10 choices to make in this environment.
You press <<20>> and receive 45 points.
You press <<22>> and receive 15 points.
You press <<19>> and receive 46 points.
You press <<18>> and receive 44 points.
You press <<17>> and receive 25 points.
You press <<9>> and receive 18 points.
You press <<8>> and receive 30 points.
You press <<7>> and receive 41 points.
You press <<6>> and receive 65 points.
You press <<5>> and receive 66 points.

Environment number 14:
The value of option 17 is 63. You have 5 choices to make in this environment.
You press <<18>> and receive 50 points.
You press <<16>> and receive 50 points.
You press <<15>> and receive 33 points.
You press <<19>> and receive 42 points.
You press <<20>> and receive 17 points.

Environment number 15:
The value of option 22 is 37. You have 10 choices to make in this environment.
You press <<23>> and receive 63 points.
You press <<24>> and receive 50 points.
You press <<25>> and receive 63 points.
You press <<26>> and receive 69 points.
You press <<27>> and receive 45 points.
You press <<28>> and receive 21 points.
You press <<21>> and receive 50 points.
You press <<20>> and receive 45 points.
You press <<19>> and receive 52 points.
You press <<18>> and receive 46 points.

Environment number 16:
The value of option 24 is 31. You have 5 choices to make in this environment.
You press <<25>> and receive 35 points.
You press <<26>> and receive 40 points.
You press <<",78
16,8,4,23,1,rough,24,5,31,58,"You will be presented with a series of 16 different environments to explore.
In each trial, you can select an option between numbers 1 and 30 by pressing the corresponding key.
By selecting any of these options, you will earn points associated with each unique option.
Imagine these options 1 through 30 as lying next to each other in an ordered line; options closer to each other tend to have similar rewards as rewards tend to cluster together.
For each environment, you will be able to make either 5 or 10 choices.
When you made all your choices in a given environment, you will start making choices in the next unexplored environment.
The rewards underlying the different options are different in each environment so you will learn them anew for each environment.
Each environment starts with the value of a single option revealed.
When you choose the number corresponding to a different option, you will be told the value of that option and receive those points.
Previously revealed options, including the starting option, can also be reselected, although there may be small changes in the point value.
It is your task to to learn where the largest reward is in each of the 16 environments.

Environment number 1:
The value of option 15 is 72. You have 5 choices to make in this environment.
You press <<16>> and receive 66 points.
You press <<14>> and receive 36 points.
You press <<13>> and receive 23 points.
You press <<8>> and receive 3 points.
You press <<22>> and receive 23 points.

Environment number 2:
The value of option 10 is 48. You have 10 choices to make in this environment.
You press <<10>> and receive 49 points.
You press <<9>> and receive 11 points.
You press <<11>> and receive 63 points.
You press <<12>> and receive 54 points.
You press <<13>> and receive 54 points.
You press <<14>> and receive 43 points.
You press <<15>> and receive 56 points.
You press <<16>> and receive 31 points.
You press <<17>> and receive 47 points.
You press <<18>> and receive 70 points.

Environment number 3:
The value of option 5 is 40. You have 5 choices to make in this environment.
You press <<4>> and receive 32 points.
You press <<6>> and receive 33 points.
You press <<7>> and receive 21 points.
You press <<8>> and receive 41 points.
You press <<9>> and receive 42 points.

Environment number 4:
The value of option 20 is 35. You have 5 choices to make in this environment.
You press <<19>> and receive 34 points.
You press <<21>> and receive 54 points.
You press <<22>> and receive 74 points.
You press <<23>> and receive 72 points.
You press <<24>> and receive 75 points.

Environment number 5:
The value of option 21 is 23. You have 5 choices to make in this environment.
You press <<22>> and receive 13 points.
You press <<20>> and receive 63 points.
You press <<19>> and receive 64 points.
You press <<18>> and receive 77 points.
You press <<17>> and receive 59 points.

Environment number 6:
The value of option 28 is 39. You have 5 choices to make in this environment.
You press <<27>> and receive 35 points.
You press <<26>> and receive 49 points.
You press <<25>> and receive 49 points.
You press <<24>> and receive 29 points.
You press <<23>> and receive 37 points.

Environment number 7:
The value of option 17 is 30. You have 10 choices to make in this environment.
You press <<18>> and receive 20 points.
You press <<16>> and receive 41 points.
You press <<15>> and receive 47 points.
You press <<14>> and receive 32 points.
You press <<13>> and receive 0 points.
You press <<21>> and receive 73 points.
You press <<22>> and receive 62 points.
You press <<23>> and receive 49 points.
You press <<24>> and receive 43 points.
You press <<20>> and receive 51 points.

Environment number 8:
The value of option 9 is 46. You have 10 choices to make in this environment.
You press <<10>> and receive 51 points.
You press <<11>> and receive 28 points.
You press <<8>> and receive 62 points.
You press <<7>> and receive 55 points.
You press <<6>> and receive 23 points.
You press <<12>> and receive -1 points.
You press <<19>> and receive 28 points.
You press <<18>> and receive 63 points.
You press <<17>> and receive 79 points.
You press <<16>> and receive 52 points.

Environment number 9:
The value of option 23 is 38. You have 10 choices to make in this environment.
You press <<22>> and receive 35 points.
You press <<24>> and receive 26 points.
You press <<17>> and receive 68 points.
You press <<18>> and receive 44 points.
You press <<16>> and receive 46 points.
You press <<15>> and receive 16 points.
You press <<19>> and receive 16 points.
You press <<20>> and receive 0 points.
You press <<25>> and receive 19 points.
You press <<13>> and receive 33 points.

Environment number 10:
The value of option 30 is 4. You have 5 choices to make in this environment.
You press <<29>> and receive 13 points.
You press <<28>> and receive 25 points.
You press <<27>> and receive 58 points.
You press <<26>> and receive 76 points.
You press <<25>> and receive 39 points.

Environment number 11:
The value of option 27 is 72. You have 10 choices to make in this environment.
You press <<26>> and receive 47 points.
You press <<28>> and receive 77 points.
You press <<29>> and receive 39 points.
You press <<18>> and receive 50 points.
You press <<19>> and receive 24 points.
You press <<17>> and receive 69 points.
You press <<16>> and receive 44 points.
You press <<15>> and receive 23 points.
You press <<10>> and receive 33 points.
You press <<11>> and receive 35 points.

Environment number 12:
The value of option 6 is 46. You have 10 choices to make in this environment.
You press <<7>> and receive 49 points.
You press <<8>> and receive 40 points.
You press <<9>> and receive 38 points.
You press <<10>> and receive 50 points.
You press <<11>> and receive 64 points.
You press <<12>> and receive 57 points.
You press <<13>> and receive 28 points.
You press <<14>> and receive 2 points.
You press <<5>> and receive 59 points.
You press <<4>> and receive 66 points.

Environment number 13:
The value of option 21 is 43. You have 10 choices to make in this environment.
You press <<20>> and receive 45 points.
You press <<22>> and receive 15 points.
You press <<19>> and receive 46 points.
You press <<18>> and receive 44 points.
You press <<17>> and receive 25 points.
You press <<9>> and receive 18 points.
You press <<8>> and receive 30 points.
You press <<7>> and receive 41 points.
You press <<6>> and receive 65 points.
You press <<5>> and receive 66 points.

Environment number 14:
The value of option 17 is 63. You have 5 choices to make in this environment.
You press <<18>> and receive 50 points.
You press <<16>> and receive 50 points.
You press <<15>> and receive 33 points.
You press <<19>> and receive 42 points.
You press <<20>> and receive 17 points.

Environment number 15:
The value of option 22 is 37. You have 10 choices to make in this environment.
You press <<23>> and receive 63 points.
You press <<24>> and receive 50 points.
You press <<25>> and receive 63 points.
You press <<26>> and receive 69 points.
You press <<27>> and receive 45 points.
You press <<28>> and receive 21 points.
You press <<21>> and receive 50 points.
You press <<20>> and receive 45 points.
You press <<19>> and receive 52 points.
You press <<18>> and receive 46 points.

Environment number 16:
The value of option 24 is 31. You have 5 choices to make in this environment.
You press <<25>> and receive 35 points.
You press <<26>> and receive 40 points.
You press <<27>> and receive 23 points.
You press <<",78
16,8,5,22,1,rough,24,5,31,83,"You will be presented with a series of 16 different environments to explore.
In each trial, you can select an option between numbers 1 and 30 by pressing the corresponding key.
By selecting any of these options, you will earn points associated with each unique option.
Imagine these options 1 through 30 as lying next to each other in an ordered line; options closer to each other tend to have similar rewards as rewards tend to cluster together.
For each environment, you will be able to make either 5 or 10 choices.
When you made all your choices in a given environment, you will start making choices in the next unexplored environment.
The rewards underlying the different options are different in each environment so you will learn them anew for each environment.
Each environment starts with the value of a single option revealed.
When you choose the number corresponding to a different option, you will be told the value of that option and receive those points.
Previously revealed options, including the starting option, can also be reselected, although there may be small changes in the point value.
It is your task to to learn where the largest reward is in each of the 16 environments.

Environment number 1:
The value of option 15 is 72. You have 5 choices to make in this environment.
You press <<16>> and receive 66 points.
You press <<14>> and receive 36 points.
You press <<13>> and receive 23 points.
You press <<8>> and receive 3 points.
You press <<22>> and receive 23 points.

Environment number 2:
The value of option 10 is 48. You have 10 choices to make in this environment.
You press <<10>> and receive 49 points.
You press <<9>> and receive 11 points.
You press <<11>> and receive 63 points.
You press <<12>> and receive 54 points.
You press <<13>> and receive 54 points.
You press <<14>> and receive 43 points.
You press <<15>> and receive 56 points.
You press <<16>> and receive 31 points.
You press <<17>> and receive 47 points.
You press <<18>> and receive 70 points.

Environment number 3:
The value of option 5 is 40. You have 5 choices to make in this environment.
You press <<4>> and receive 32 points.
You press <<6>> and receive 33 points.
You press <<7>> and receive 21 points.
You press <<8>> and receive 41 points.
You press <<9>> and receive 42 points.

Environment number 4:
The value of option 20 is 35. You have 5 choices to make in this environment.
You press <<19>> and receive 34 points.
You press <<21>> and receive 54 points.
You press <<22>> and receive 74 points.
You press <<23>> and receive 72 points.
You press <<24>> and receive 75 points.

Environment number 5:
The value of option 21 is 23. You have 5 choices to make in this environment.
You press <<22>> and receive 13 points.
You press <<20>> and receive 63 points.
You press <<19>> and receive 64 points.
You press <<18>> and receive 77 points.
You press <<17>> and receive 59 points.

Environment number 6:
The value of option 28 is 39. You have 5 choices to make in this environment.
You press <<27>> and receive 35 points.
You press <<26>> and receive 49 points.
You press <<25>> and receive 49 points.
You press <<24>> and receive 29 points.
You press <<23>> and receive 37 points.

Environment number 7:
The value of option 17 is 30. You have 10 choices to make in this environment.
You press <<18>> and receive 20 points.
You press <<16>> and receive 41 points.
You press <<15>> and receive 47 points.
You press <<14>> and receive 32 points.
You press <<13>> and receive 0 points.
You press <<21>> and receive 73 points.
You press <<22>> and receive 62 points.
You press <<23>> and receive 49 points.
You press <<24>> and receive 43 points.
You press <<20>> and receive 51 points.

Environment number 8:
The value of option 9 is 46. You have 10 choices to make in this environment.
You press <<10>> and receive 51 points.
You press <<11>> and receive 28 points.
You press <<8>> and receive 62 points.
You press <<7>> and receive 55 points.
You press <<6>> and receive 23 points.
You press <<12>> and receive -1 points.
You press <<19>> and receive 28 points.
You press <<18>> and receive 63 points.
You press <<17>> and receive 79 points.
You press <<16>> and receive 52 points.

Environment number 9:
The value of option 23 is 38. You have 10 choices to make in this environment.
You press <<22>> and receive 35 points.
You press <<24>> and receive 26 points.
You press <<17>> and receive 68 points.
You press <<18>> and receive 44 points.
You press <<16>> and receive 46 points.
You press <<15>> and receive 16 points.
You press <<19>> and receive 16 points.
You press <<20>> and receive 0 points.
You press <<25>> and receive 19 points.
You press <<13>> and receive 33 points.

Environment number 10:
The value of option 30 is 4. You have 5 choices to make in this environment.
You press <<29>> and receive 13 points.
You press <<28>> and receive 25 points.
You press <<27>> and receive 58 points.
You press <<26>> and receive 76 points.
You press <<25>> and receive 39 points.

Environment number 11:
The value of option 27 is 72. You have 10 choices to make in this environment.
You press <<26>> and receive 47 points.
You press <<28>> and receive 77 points.
You press <<29>> and receive 39 points.
You press <<18>> and receive 50 points.
You press <<19>> and receive 24 points.
You press <<17>> and receive 69 points.
You press <<16>> and receive 44 points.
You press <<15>> and receive 23 points.
You press <<10>> and receive 33 points.
You press <<11>> and receive 35 points.

Environment number 12:
The value of option 6 is 46. You have 10 choices to make in this environment.
You press <<7>> and receive 49 points.
You press <<8>> and receive 40 points.
You press <<9>> and receive 38 points.
You press <<10>> and receive 50 points.
You press <<11>> and receive 64 points.
You press <<12>> and receive 57 points.
You press <<13>> and receive 28 points.
You press <<14>> and receive 2 points.
You press <<5>> and receive 59 points.
You press <<4>> and receive 66 points.

Environment number 13:
The value of option 21 is 43. You have 10 choices to make in this environment.
You press <<20>> and receive 45 points.
You press <<22>> and receive 15 points.
You press <<19>> and receive 46 points.
You press <<18>> and receive 44 points.
You press <<17>> and receive 25 points.
You press <<9>> and receive 18 points.
You press <<8>> and receive 30 points.
You press <<7>> and receive 41 points.
You press <<6>> and receive 65 points.
You press <<5>> and receive 66 points.

Environment number 14:
The value of option 17 is 63. You have 5 choices to make in this environment.
You press <<18>> and receive 50 points.
You press <<16>> and receive 50 points.
You press <<15>> and receive 33 points.
You press <<19>> and receive 42 points.
You press <<20>> and receive 17 points.

Environment number 15:
The value of option 22 is 37. You have 10 choices to make in this environment.
You press <<23>> and receive 63 points.
You press <<24>> and receive 50 points.
You press <<25>> and receive 63 points.
You press <<26>> and receive 69 points.
You press <<27>> and receive 45 points.
You press <<28>> and receive 21 points.
You press <<21>> and receive 50 points.
You press <<20>> and receive 45 points.
You press <<19>> and receive 52 points.
You press <<18>> and receive 46 points.

Environment number 16:
The value of option 24 is 31. You have 5 choices to make in this environment.
You press <<25>> and receive 35 points.
You press <<26>> and receive 40 points.
You press <<27>> and receive 23 points.
You press <<23>> and receive 58 points.
You press <<",78
