env_idx,env_id,trial,choice,scenario,kernel,init_option,horizon,init_reward,reward,prompt,random_seed
1,39,1,24,0,rough,26,10,47,27,"You will be presented with a series of 16 different environments to explore.
In each trial, you can select an option between numbers 1 and 30 by pressing the corresponding key.
By selecting any of these options, you will earn points associated with each unique option.
Imagine these options 1 through 30 as lying next to each other in an ordered line; options closer to each other tend to have similar rewards as rewards tend to cluster together.
For each environment, you will be able to make either 5 or 10 choices.
When you made all your choices in a given environment, you will start making choices in the next unexplored environment.
The rewards underlying the different options are different in each environment so you will learn them anew for each environment.
Each environment starts with the value of a single option revealed.
When you choose the number corresponding to a different option, you will be told the value of that option and receive those points.
Previously revealed options, including the starting option, can also be reselected, although there may be small changes in the point value.
It is your task to gain as many points as possible across all 16 environments.

Environment number 1:
The value of option 26 is 47. You have 10 choices to make in this environment.
You press <<",37
1,39,2,27,0,rough,26,10,47,46,"You will be presented with a series of 16 different environments to explore.
In each trial, you can select an option between numbers 1 and 30 by pressing the corresponding key.
By selecting any of these options, you will earn points associated with each unique option.
Imagine these options 1 through 30 as lying next to each other in an ordered line; options closer to each other tend to have similar rewards as rewards tend to cluster together.
For each environment, you will be able to make either 5 or 10 choices.
When you made all your choices in a given environment, you will start making choices in the next unexplored environment.
The rewards underlying the different options are different in each environment so you will learn them anew for each environment.
Each environment starts with the value of a single option revealed.
When you choose the number corresponding to a different option, you will be told the value of that option and receive those points.
Previously revealed options, including the starting option, can also be reselected, although there may be small changes in the point value.
It is your task to gain as many points as possible across all 16 environments.

Environment number 1:
The value of option 26 is 47. You have 10 choices to make in this environment.
You press <<24>> and receive 27 points.
You press <<",37
1,39,3,28,0,rough,26,10,47,43,"You will be presented with a series of 16 different environments to explore.
In each trial, you can select an option between numbers 1 and 30 by pressing the corresponding key.
By selecting any of these options, you will earn points associated with each unique option.
Imagine these options 1 through 30 as lying next to each other in an ordered line; options closer to each other tend to have similar rewards as rewards tend to cluster together.
For each environment, you will be able to make either 5 or 10 choices.
When you made all your choices in a given environment, you will start making choices in the next unexplored environment.
The rewards underlying the different options are different in each environment so you will learn them anew for each environment.
Each environment starts with the value of a single option revealed.
When you choose the number corresponding to a different option, you will be told the value of that option and receive those points.
Previously revealed options, including the starting option, can also be reselected, although there may be small changes in the point value.
It is your task to gain as many points as possible across all 16 environments.

Environment number 1:
The value of option 26 is 47. You have 10 choices to make in this environment.
You press <<24>> and receive 27 points.
You press <<27>> and receive 46 points.
You press <<",37
1,39,4,25,0,rough,26,10,47,33,"You will be presented with a series of 16 different environments to explore.
In each trial, you can select an option between numbers 1 and 30 by pressing the corresponding key.
By selecting any of these options, you will earn points associated with each unique option.
Imagine these options 1 through 30 as lying next to each other in an ordered line; options closer to each other tend to have similar rewards as rewards tend to cluster together.
For each environment, you will be able to make either 5 or 10 choices.
When you made all your choices in a given environment, you will start making choices in the next unexplored environment.
The rewards underlying the different options are different in each environment so you will learn them anew for each environment.
Each environment starts with the value of a single option revealed.
When you choose the number corresponding to a different option, you will be told the value of that option and receive those points.
Previously revealed options, including the starting option, can also be reselected, although there may be small changes in the point value.
It is your task to gain as many points as possible across all 16 environments.

Environment number 1:
The value of option 26 is 47. You have 10 choices to make in this environment.
You press <<24>> and receive 27 points.
You press <<27>> and receive 46 points.
You press <<28>> and receive 43 points.
You press <<",37
1,39,5,26,0,rough,26,10,47,48,"You will be presented with a series of 16 different environments to explore.
In each trial, you can select an option between numbers 1 and 30 by pressing the corresponding key.
By selecting any of these options, you will earn points associated with each unique option.
Imagine these options 1 through 30 as lying next to each other in an ordered line; options closer to each other tend to have similar rewards as rewards tend to cluster together.
For each environment, you will be able to make either 5 or 10 choices.
When you made all your choices in a given environment, you will start making choices in the next unexplored environment.
The rewards underlying the different options are different in each environment so you will learn them anew for each environment.
Each environment starts with the value of a single option revealed.
When you choose the number corresponding to a different option, you will be told the value of that option and receive those points.
Previously revealed options, including the starting option, can also be reselected, although there may be small changes in the point value.
It is your task to gain as many points as possible across all 16 environments.

Environment number 1:
The value of option 26 is 47. You have 10 choices to make in this environment.
You press <<24>> and receive 27 points.
You press <<27>> and receive 46 points.
You press <<28>> and receive 43 points.
You press <<25>> and receive 33 points.
You press <<",37
1,39,6,26,0,rough,26,10,47,48,"You will be presented with a series of 16 different environments to explore.
In each trial, you can select an option between numbers 1 and 30 by pressing the corresponding key.
By selecting any of these options, you will earn points associated with each unique option.
Imagine these options 1 through 30 as lying next to each other in an ordered line; options closer to each other tend to have similar rewards as rewards tend to cluster together.
For each environment, you will be able to make either 5 or 10 choices.
When you made all your choices in a given environment, you will start making choices in the next unexplored environment.
The rewards underlying the different options are different in each environment so you will learn them anew for each environment.
Each environment starts with the value of a single option revealed.
When you choose the number corresponding to a different option, you will be told the value of that option and receive those points.
Previously revealed options, including the starting option, can also be reselected, although there may be small changes in the point value.
It is your task to gain as many points as possible across all 16 environments.

Environment number 1:
The value of option 26 is 47. You have 10 choices to make in this environment.
You press <<24>> and receive 27 points.
You press <<27>> and receive 46 points.
You press <<28>> and receive 43 points.
You press <<25>> and receive 33 points.
You press <<26>> and receive 48 points.
You press <<",37
1,39,7,26,0,rough,26,10,47,47,"You will be presented with a series of 16 different environments to explore.
In each trial, you can select an option between numbers 1 and 30 by pressing the corresponding key.
By selecting any of these options, you will earn points associated with each unique option.
Imagine these options 1 through 30 as lying next to each other in an ordered line; options closer to each other tend to have similar rewards as rewards tend to cluster together.
For each environment, you will be able to make either 5 or 10 choices.
When you made all your choices in a given environment, you will start making choices in the next unexplored environment.
The rewards underlying the different options are different in each environment so you will learn them anew for each environment.
Each environment starts with the value of a single option revealed.
When you choose the number corresponding to a different option, you will be told the value of that option and receive those points.
Previously revealed options, including the starting option, can also be reselected, although there may be small changes in the point value.
It is your task to gain as many points as possible across all 16 environments.

Environment number 1:
The value of option 26 is 47. You have 10 choices to make in this environment.
You press <<24>> and receive 27 points.
You press <<27>> and receive 46 points.
You press <<28>> and receive 43 points.
You press <<25>> and receive 33 points.
You press <<26>> and receive 48 points.
You press <<26>> and receive 48 points.
You press <<",37
1,39,8,26,0,rough,26,10,47,48,"You will be presented with a series of 16 different environments to explore.
In each trial, you can select an option between numbers 1 and 30 by pressing the corresponding key.
By selecting any of these options, you will earn points associated with each unique option.
Imagine these options 1 through 30 as lying next to each other in an ordered line; options closer to each other tend to have similar rewards as rewards tend to cluster together.
For each environment, you will be able to make either 5 or 10 choices.
When you made all your choices in a given environment, you will start making choices in the next unexplored environment.
The rewards underlying the different options are different in each environment so you will learn them anew for each environment.
Each environment starts with the value of a single option revealed.
When you choose the number corresponding to a different option, you will be told the value of that option and receive those points.
Previously revealed options, including the starting option, can also be reselected, although there may be small changes in the point value.
It is your task to gain as many points as possible across all 16 environments.

Environment number 1:
The value of option 26 is 47. You have 10 choices to make in this environment.
You press <<24>> and receive 27 points.
You press <<27>> and receive 46 points.
You press <<28>> and receive 43 points.
You press <<25>> and receive 33 points.
You press <<26>> and receive 48 points.
You press <<26>> and receive 48 points.
You press <<26>> and receive 47 points.
You press <<",37
1,39,9,26,0,rough,26,10,47,47,"You will be presented with a series of 16 different environments to explore.
In each trial, you can select an option between numbers 1 and 30 by pressing the corresponding key.
By selecting any of these options, you will earn points associated with each unique option.
Imagine these options 1 through 30 as lying next to each other in an ordered line; options closer to each other tend to have similar rewards as rewards tend to cluster together.
For each environment, you will be able to make either 5 or 10 choices.
When you made all your choices in a given environment, you will start making choices in the next unexplored environment.
The rewards underlying the different options are different in each environment so you will learn them anew for each environment.
Each environment starts with the value of a single option revealed.
When you choose the number corresponding to a different option, you will be told the value of that option and receive those points.
Previously revealed options, including the starting option, can also be reselected, although there may be small changes in the point value.
It is your task to gain as many points as possible across all 16 environments.

Environment number 1:
The value of option 26 is 47. You have 10 choices to make in this environment.
You press <<24>> and receive 27 points.
You press <<27>> and receive 46 points.
You press <<28>> and receive 43 points.
You press <<25>> and receive 33 points.
You press <<26>> and receive 48 points.
You press <<26>> and receive 48 points.
You press <<26>> and receive 47 points.
You press <<26>> and receive 48 points.
You press <<",37
1,39,10,26,0,rough,26,10,47,48,"You will be presented with a series of 16 different environments to explore.
In each trial, you can select an option between numbers 1 and 30 by pressing the corresponding key.
By selecting any of these options, you will earn points associated with each unique option.
Imagine these options 1 through 30 as lying next to each other in an ordered line; options closer to each other tend to have similar rewards as rewards tend to cluster together.
For each environment, you will be able to make either 5 or 10 choices.
When you made all your choices in a given environment, you will start making choices in the next unexplored environment.
The rewards underlying the different options are different in each environment so you will learn them anew for each environment.
Each environment starts with the value of a single option revealed.
When you choose the number corresponding to a different option, you will be told the value of that option and receive those points.
Previously revealed options, including the starting option, can also be reselected, although there may be small changes in the point value.
It is your task to gain as many points as possible across all 16 environments.

Environment number 1:
The value of option 26 is 47. You have 10 choices to make in this environment.
You press <<24>> and receive 27 points.
You press <<27>> and receive 46 points.
You press <<28>> and receive 43 points.
You press <<25>> and receive 33 points.
You press <<26>> and receive 48 points.
You press <<26>> and receive 48 points.
You press <<26>> and receive 47 points.
You press <<26>> and receive 48 points.
You press <<26>> and receive 47 points.
You press <<",37
2,6,1,18,0,rough,17,10,42,51,"You will be presented with a series of 16 different environments to explore.
In each trial, you can select an option between numbers 1 and 30 by pressing the corresponding key.
By selecting any of these options, you will earn points associated with each unique option.
Imagine these options 1 through 30 as lying next to each other in an ordered line; options closer to each other tend to have similar rewards as rewards tend to cluster together.
For each environment, you will be able to make either 5 or 10 choices.
When you made all your choices in a given environment, you will start making choices in the next unexplored environment.
The rewards underlying the different options are different in each environment so you will learn them anew for each environment.
Each environment starts with the value of a single option revealed.
When you choose the number corresponding to a different option, you will be told the value of that option and receive those points.
Previously revealed options, including the starting option, can also be reselected, although there may be small changes in the point value.
It is your task to gain as many points as possible across all 16 environments.

Environment number 1:
The value of option 26 is 47. You have 10 choices to make in this environment.
You press <<24>> and receive 27 points.
You press <<27>> and receive 46 points.
You press <<28>> and receive 43 points.
You press <<25>> and receive 33 points.
You press <<26>> and receive 48 points.
You press <<26>> and receive 48 points.
You press <<26>> and receive 47 points.
You press <<26>> and receive 48 points.
You press <<26>> and receive 47 points.
You press <<26>> and receive 48 points.

Environment number 2:
The value of option 17 is 42. You have 10 choices to make in this environment.
You press <<",37
2,6,2,19,0,rough,17,10,42,48,"You will be presented with a series of 16 different environments to explore.
In each trial, you can select an option between numbers 1 and 30 by pressing the corresponding key.
By selecting any of these options, you will earn points associated with each unique option.
Imagine these options 1 through 30 as lying next to each other in an ordered line; options closer to each other tend to have similar rewards as rewards tend to cluster together.
For each environment, you will be able to make either 5 or 10 choices.
When you made all your choices in a given environment, you will start making choices in the next unexplored environment.
The rewards underlying the different options are different in each environment so you will learn them anew for each environment.
Each environment starts with the value of a single option revealed.
When you choose the number corresponding to a different option, you will be told the value of that option and receive those points.
Previously revealed options, including the starting option, can also be reselected, although there may be small changes in the point value.
It is your task to gain as many points as possible across all 16 environments.

Environment number 1:
The value of option 26 is 47. You have 10 choices to make in this environment.
You press <<24>> and receive 27 points.
You press <<27>> and receive 46 points.
You press <<28>> and receive 43 points.
You press <<25>> and receive 33 points.
You press <<26>> and receive 48 points.
You press <<26>> and receive 48 points.
You press <<26>> and receive 47 points.
You press <<26>> and receive 48 points.
You press <<26>> and receive 47 points.
You press <<26>> and receive 48 points.

Environment number 2:
The value of option 17 is 42. You have 10 choices to make in this environment.
You press <<18>> and receive 51 points.
You press <<",37
2,6,3,16,0,rough,17,10,42,51,"You will be presented with a series of 16 different environments to explore.
In each trial, you can select an option between numbers 1 and 30 by pressing the corresponding key.
By selecting any of these options, you will earn points associated with each unique option.
Imagine these options 1 through 30 as lying next to each other in an ordered line; options closer to each other tend to have similar rewards as rewards tend to cluster together.
For each environment, you will be able to make either 5 or 10 choices.
When you made all your choices in a given environment, you will start making choices in the next unexplored environment.
The rewards underlying the different options are different in each environment so you will learn them anew for each environment.
Each environment starts with the value of a single option revealed.
When you choose the number corresponding to a different option, you will be told the value of that option and receive those points.
Previously revealed options, including the starting option, can also be reselected, although there may be small changes in the point value.
It is your task to gain as many points as possible across all 16 environments.

Environment number 1:
The value of option 26 is 47. You have 10 choices to make in this environment.
You press <<24>> and receive 27 points.
You press <<27>> and receive 46 points.
You press <<28>> and receive 43 points.
You press <<25>> and receive 33 points.
You press <<26>> and receive 48 points.
You press <<26>> and receive 48 points.
You press <<26>> and receive 47 points.
You press <<26>> and receive 48 points.
You press <<26>> and receive 47 points.
You press <<26>> and receive 48 points.

Environment number 2:
The value of option 17 is 42. You have 10 choices to make in this environment.
You press <<18>> and receive 51 points.
You press <<19>> and receive 48 points.
You press <<",37
2,6,4,15,0,rough,17,10,42,68,"You will be presented with a series of 16 different environments to explore.
In each trial, you can select an option between numbers 1 and 30 by pressing the corresponding key.
By selecting any of these options, you will earn points associated with each unique option.
Imagine these options 1 through 30 as lying next to each other in an ordered line; options closer to each other tend to have similar rewards as rewards tend to cluster together.
For each environment, you will be able to make either 5 or 10 choices.
When you made all your choices in a given environment, you will start making choices in the next unexplored environment.
The rewards underlying the different options are different in each environment so you will learn them anew for each environment.
Each environment starts with the value of a single option revealed.
When you choose the number corresponding to a different option, you will be told the value of that option and receive those points.
Previously revealed options, including the starting option, can also be reselected, although there may be small changes in the point value.
It is your task to gain as many points as possible across all 16 environments.

Environment number 1:
The value of option 26 is 47. You have 10 choices to make in this environment.
You press <<24>> and receive 27 points.
You press <<27>> and receive 46 points.
You press <<28>> and receive 43 points.
You press <<25>> and receive 33 points.
You press <<26>> and receive 48 points.
You press <<26>> and receive 48 points.
You press <<26>> and receive 47 points.
You press <<26>> and receive 48 points.
You press <<26>> and receive 47 points.
You press <<26>> and receive 48 points.

Environment number 2:
The value of option 17 is 42. You have 10 choices to make in this environment.
You press <<18>> and receive 51 points.
You press <<19>> and receive 48 points.
You press <<16>> and receive 51 points.
You press <<",37
2,6,5,14,0,rough,17,10,42,43,"You will be presented with a series of 16 different environments to explore.
In each trial, you can select an option between numbers 1 and 30 by pressing the corresponding key.
By selecting any of these options, you will earn points associated with each unique option.
Imagine these options 1 through 30 as lying next to each other in an ordered line; options closer to each other tend to have similar rewards as rewards tend to cluster together.
For each environment, you will be able to make either 5 or 10 choices.
When you made all your choices in a given environment, you will start making choices in the next unexplored environment.
The rewards underlying the different options are different in each environment so you will learn them anew for each environment.
Each environment starts with the value of a single option revealed.
When you choose the number corresponding to a different option, you will be told the value of that option and receive those points.
Previously revealed options, including the starting option, can also be reselected, although there may be small changes in the point value.
It is your task to gain as many points as possible across all 16 environments.

Environment number 1:
The value of option 26 is 47. You have 10 choices to make in this environment.
You press <<24>> and receive 27 points.
You press <<27>> and receive 46 points.
You press <<28>> and receive 43 points.
You press <<25>> and receive 33 points.
You press <<26>> and receive 48 points.
You press <<26>> and receive 48 points.
You press <<26>> and receive 47 points.
You press <<26>> and receive 48 points.
You press <<26>> and receive 47 points.
You press <<26>> and receive 48 points.

Environment number 2:
The value of option 17 is 42. You have 10 choices to make in this environment.
You press <<18>> and receive 51 points.
You press <<19>> and receive 48 points.
You press <<16>> and receive 51 points.
You press <<15>> and receive 68 points.
You press <<",37
2,6,6,13,0,rough,17,10,42,21,"You will be presented with a series of 16 different environments to explore.
In each trial, you can select an option between numbers 1 and 30 by pressing the corresponding key.
By selecting any of these options, you will earn points associated with each unique option.
Imagine these options 1 through 30 as lying next to each other in an ordered line; options closer to each other tend to have similar rewards as rewards tend to cluster together.
For each environment, you will be able to make either 5 or 10 choices.
When you made all your choices in a given environment, you will start making choices in the next unexplored environment.
The rewards underlying the different options are different in each environment so you will learn them anew for each environment.
Each environment starts with the value of a single option revealed.
When you choose the number corresponding to a different option, you will be told the value of that option and receive those points.
Previously revealed options, including the starting option, can also be reselected, although there may be small changes in the point value.
It is your task to gain as many points as possible across all 16 environments.

Environment number 1:
The value of option 26 is 47. You have 10 choices to make in this environment.
You press <<24>> and receive 27 points.
You press <<27>> and receive 46 points.
You press <<28>> and receive 43 points.
You press <<25>> and receive 33 points.
You press <<26>> and receive 48 points.
You press <<26>> and receive 48 points.
You press <<26>> and receive 47 points.
You press <<26>> and receive 48 points.
You press <<26>> and receive 47 points.
You press <<26>> and receive 48 points.

Environment number 2:
The value of option 17 is 42. You have 10 choices to make in this environment.
You press <<18>> and receive 51 points.
You press <<19>> and receive 48 points.
You press <<16>> and receive 51 points.
You press <<15>> and receive 68 points.
You press <<14>> and receive 43 points.
You press <<",37
2,6,7,15,0,rough,17,10,42,68,"You will be presented with a series of 16 different environments to explore.
In each trial, you can select an option between numbers 1 and 30 by pressing the corresponding key.
By selecting any of these options, you will earn points associated with each unique option.
Imagine these options 1 through 30 as lying next to each other in an ordered line; options closer to each other tend to have similar rewards as rewards tend to cluster together.
For each environment, you will be able to make either 5 or 10 choices.
When you made all your choices in a given environment, you will start making choices in the next unexplored environment.
The rewards underlying the different options are different in each environment so you will learn them anew for each environment.
Each environment starts with the value of a single option revealed.
When you choose the number corresponding to a different option, you will be told the value of that option and receive those points.
Previously revealed options, including the starting option, can also be reselected, although there may be small changes in the point value.
It is your task to gain as many points as possible across all 16 environments.

Environment number 1:
The value of option 26 is 47. You have 10 choices to make in this environment.
You press <<24>> and receive 27 points.
You press <<27>> and receive 46 points.
You press <<28>> and receive 43 points.
You press <<25>> and receive 33 points.
You press <<26>> and receive 48 points.
You press <<26>> and receive 48 points.
You press <<26>> and receive 47 points.
You press <<26>> and receive 48 points.
You press <<26>> and receive 47 points.
You press <<26>> and receive 48 points.

Environment number 2:
The value of option 17 is 42. You have 10 choices to make in this environment.
You press <<18>> and receive 51 points.
You press <<19>> and receive 48 points.
You press <<16>> and receive 51 points.
You press <<15>> and receive 68 points.
You press <<14>> and receive 43 points.
You press <<13>> and receive 21 points.
You press <<",37
2,6,8,15,0,rough,17,10,42,68,"You will be presented with a series of 16 different environments to explore.
In each trial, you can select an option between numbers 1 and 30 by pressing the corresponding key.
By selecting any of these options, you will earn points associated with each unique option.
Imagine these options 1 through 30 as lying next to each other in an ordered line; options closer to each other tend to have similar rewards as rewards tend to cluster together.
For each environment, you will be able to make either 5 or 10 choices.
When you made all your choices in a given environment, you will start making choices in the next unexplored environment.
The rewards underlying the different options are different in each environment so you will learn them anew for each environment.
Each environment starts with the value of a single option revealed.
When you choose the number corresponding to a different option, you will be told the value of that option and receive those points.
Previously revealed options, including the starting option, can also be reselected, although there may be small changes in the point value.
It is your task to gain as many points as possible across all 16 environments.

Environment number 1:
The value of option 26 is 47. You have 10 choices to make in this environment.
You press <<24>> and receive 27 points.
You press <<27>> and receive 46 points.
You press <<28>> and receive 43 points.
You press <<25>> and receive 33 points.
You press <<26>> and receive 48 points.
You press <<26>> and receive 48 points.
You press <<26>> and receive 47 points.
You press <<26>> and receive 48 points.
You press <<26>> and receive 47 points.
You press <<26>> and receive 48 points.

Environment number 2:
The value of option 17 is 42. You have 10 choices to make in this environment.
You press <<18>> and receive 51 points.
You press <<19>> and receive 48 points.
You press <<16>> and receive 51 points.
You press <<15>> and receive 68 points.
You press <<14>> and receive 43 points.
You press <<13>> and receive 21 points.
You press <<15>> and receive 68 points.
You press <<",37
2,6,9,15,0,rough,17,10,42,67,"You will be presented with a series of 16 different environments to explore.
In each trial, you can select an option between numbers 1 and 30 by pressing the corresponding key.
By selecting any of these options, you will earn points associated with each unique option.
Imagine these options 1 through 30 as lying next to each other in an ordered line; options closer to each other tend to have similar rewards as rewards tend to cluster together.
For each environment, you will be able to make either 5 or 10 choices.
When you made all your choices in a given environment, you will start making choices in the next unexplored environment.
The rewards underlying the different options are different in each environment so you will learn them anew for each environment.
Each environment starts with the value of a single option revealed.
When you choose the number corresponding to a different option, you will be told the value of that option and receive those points.
Previously revealed options, including the starting option, can also be reselected, although there may be small changes in the point value.
It is your task to gain as many points as possible across all 16 environments.

Environment number 1:
The value of option 26 is 47. You have 10 choices to make in this environment.
You press <<24>> and receive 27 points.
You press <<27>> and receive 46 points.
You press <<28>> and receive 43 points.
You press <<25>> and receive 33 points.
You press <<26>> and receive 48 points.
You press <<26>> and receive 48 points.
You press <<26>> and receive 47 points.
You press <<26>> and receive 48 points.
You press <<26>> and receive 47 points.
You press <<26>> and receive 48 points.

Environment number 2:
The value of option 17 is 42. You have 10 choices to make in this environment.
You press <<18>> and receive 51 points.
You press <<19>> and receive 48 points.
You press <<16>> and receive 51 points.
You press <<15>> and receive 68 points.
You press <<14>> and receive 43 points.
You press <<13>> and receive 21 points.
You press <<15>> and receive 68 points.
You press <<15>> and receive 68 points.
You press <<",37
2,6,10,15,0,rough,17,10,42,67,"You will be presented with a series of 16 different environments to explore.
In each trial, you can select an option between numbers 1 and 30 by pressing the corresponding key.
By selecting any of these options, you will earn points associated with each unique option.
Imagine these options 1 through 30 as lying next to each other in an ordered line; options closer to each other tend to have similar rewards as rewards tend to cluster together.
For each environment, you will be able to make either 5 or 10 choices.
When you made all your choices in a given environment, you will start making choices in the next unexplored environment.
The rewards underlying the different options are different in each environment so you will learn them anew for each environment.
Each environment starts with the value of a single option revealed.
When you choose the number corresponding to a different option, you will be told the value of that option and receive those points.
Previously revealed options, including the starting option, can also be reselected, although there may be small changes in the point value.
It is your task to gain as many points as possible across all 16 environments.

Environment number 1:
The value of option 26 is 47. You have 10 choices to make in this environment.
You press <<24>> and receive 27 points.
You press <<27>> and receive 46 points.
You press <<28>> and receive 43 points.
You press <<25>> and receive 33 points.
You press <<26>> and receive 48 points.
You press <<26>> and receive 48 points.
You press <<26>> and receive 47 points.
You press <<26>> and receive 48 points.
You press <<26>> and receive 47 points.
You press <<26>> and receive 48 points.

Environment number 2:
The value of option 17 is 42. You have 10 choices to make in this environment.
You press <<18>> and receive 51 points.
You press <<19>> and receive 48 points.
You press <<16>> and receive 51 points.
You press <<15>> and receive 68 points.
You press <<14>> and receive 43 points.
You press <<13>> and receive 21 points.
You press <<15>> and receive 68 points.
You press <<15>> and receive 68 points.
You press <<15>> and receive 67 points.
You press <<",37
3,33,1,19,0,rough,20,5,65,47,"You will be presented with a series of 16 different environments to explore.
In each trial, you can select an option between numbers 1 and 30 by pressing the corresponding key.
By selecting any of these options, you will earn points associated with each unique option.
Imagine these options 1 through 30 as lying next to each other in an ordered line; options closer to each other tend to have similar rewards as rewards tend to cluster together.
For each environment, you will be able to make either 5 or 10 choices.
When you made all your choices in a given environment, you will start making choices in the next unexplored environment.
The rewards underlying the different options are different in each environment so you will learn them anew for each environment.
Each environment starts with the value of a single option revealed.
When you choose the number corresponding to a different option, you will be told the value of that option and receive those points.
Previously revealed options, including the starting option, can also be reselected, although there may be small changes in the point value.
It is your task to gain as many points as possible across all 16 environments.

Environment number 1:
The value of option 26 is 47. You have 10 choices to make in this environment.
You press <<24>> and receive 27 points.
You press <<27>> and receive 46 points.
You press <<28>> and receive 43 points.
You press <<25>> and receive 33 points.
You press <<26>> and receive 48 points.
You press <<26>> and receive 48 points.
You press <<26>> and receive 47 points.
You press <<26>> and receive 48 points.
You press <<26>> and receive 47 points.
You press <<26>> and receive 48 points.

Environment number 2:
The value of option 17 is 42. You have 10 choices to make in this environment.
You press <<18>> and receive 51 points.
You press <<19>> and receive 48 points.
You press <<16>> and receive 51 points.
You press <<15>> and receive 68 points.
You press <<14>> and receive 43 points.
You press <<13>> and receive 21 points.
You press <<15>> and receive 68 points.
You press <<15>> and receive 68 points.
You press <<15>> and receive 67 points.
You press <<15>> and receive 67 points.

Environment number 3:
The value of option 20 is 65. You have 5 choices to make in this environment.
You press <<",37
3,33,2,21,0,rough,20,5,65,41,"You will be presented with a series of 16 different environments to explore.
In each trial, you can select an option between numbers 1 and 30 by pressing the corresponding key.
By selecting any of these options, you will earn points associated with each unique option.
Imagine these options 1 through 30 as lying next to each other in an ordered line; options closer to each other tend to have similar rewards as rewards tend to cluster together.
For each environment, you will be able to make either 5 or 10 choices.
When you made all your choices in a given environment, you will start making choices in the next unexplored environment.
The rewards underlying the different options are different in each environment so you will learn them anew for each environment.
Each environment starts with the value of a single option revealed.
When you choose the number corresponding to a different option, you will be told the value of that option and receive those points.
Previously revealed options, including the starting option, can also be reselected, although there may be small changes in the point value.
It is your task to gain as many points as possible across all 16 environments.

Environment number 1:
The value of option 26 is 47. You have 10 choices to make in this environment.
You press <<24>> and receive 27 points.
You press <<27>> and receive 46 points.
You press <<28>> and receive 43 points.
You press <<25>> and receive 33 points.
You press <<26>> and receive 48 points.
You press <<26>> and receive 48 points.
You press <<26>> and receive 47 points.
You press <<26>> and receive 48 points.
You press <<26>> and receive 47 points.
You press <<26>> and receive 48 points.

Environment number 2:
The value of option 17 is 42. You have 10 choices to make in this environment.
You press <<18>> and receive 51 points.
You press <<19>> and receive 48 points.
You press <<16>> and receive 51 points.
You press <<15>> and receive 68 points.
You press <<14>> and receive 43 points.
You press <<13>> and receive 21 points.
You press <<15>> and receive 68 points.
You press <<15>> and receive 68 points.
You press <<15>> and receive 67 points.
You press <<15>> and receive 67 points.

Environment number 3:
The value of option 20 is 65. You have 5 choices to make in this environment.
You press <<19>> and receive 47 points.
You press <<",37
3,33,3,20,0,rough,20,5,65,66,"You will be presented with a series of 16 different environments to explore.
In each trial, you can select an option between numbers 1 and 30 by pressing the corresponding key.
By selecting any of these options, you will earn points associated with each unique option.
Imagine these options 1 through 30 as lying next to each other in an ordered line; options closer to each other tend to have similar rewards as rewards tend to cluster together.
For each environment, you will be able to make either 5 or 10 choices.
When you made all your choices in a given environment, you will start making choices in the next unexplored environment.
The rewards underlying the different options are different in each environment so you will learn them anew for each environment.
Each environment starts with the value of a single option revealed.
When you choose the number corresponding to a different option, you will be told the value of that option and receive those points.
Previously revealed options, including the starting option, can also be reselected, although there may be small changes in the point value.
It is your task to gain as many points as possible across all 16 environments.

Environment number 1:
The value of option 26 is 47. You have 10 choices to make in this environment.
You press <<24>> and receive 27 points.
You press <<27>> and receive 46 points.
You press <<28>> and receive 43 points.
You press <<25>> and receive 33 points.
You press <<26>> and receive 48 points.
You press <<26>> and receive 48 points.
You press <<26>> and receive 47 points.
You press <<26>> and receive 48 points.
You press <<26>> and receive 47 points.
You press <<26>> and receive 48 points.

Environment number 2:
The value of option 17 is 42. You have 10 choices to make in this environment.
You press <<18>> and receive 51 points.
You press <<19>> and receive 48 points.
You press <<16>> and receive 51 points.
You press <<15>> and receive 68 points.
You press <<14>> and receive 43 points.
You press <<13>> and receive 21 points.
You press <<15>> and receive 68 points.
You press <<15>> and receive 68 points.
You press <<15>> and receive 67 points.
You press <<15>> and receive 67 points.

Environment number 3:
The value of option 20 is 65. You have 5 choices to make in this environment.
You press <<19>> and receive 47 points.
You press <<21>> and receive 41 points.
You press <<",37
3,33,4,20,0,rough,20,5,65,67,"You will be presented with a series of 16 different environments to explore.
In each trial, you can select an option between numbers 1 and 30 by pressing the corresponding key.
By selecting any of these options, you will earn points associated with each unique option.
Imagine these options 1 through 30 as lying next to each other in an ordered line; options closer to each other tend to have similar rewards as rewards tend to cluster together.
For each environment, you will be able to make either 5 or 10 choices.
When you made all your choices in a given environment, you will start making choices in the next unexplored environment.
The rewards underlying the different options are different in each environment so you will learn them anew for each environment.
Each environment starts with the value of a single option revealed.
When you choose the number corresponding to a different option, you will be told the value of that option and receive those points.
Previously revealed options, including the starting option, can also be reselected, although there may be small changes in the point value.
It is your task to gain as many points as possible across all 16 environments.

Environment number 1:
The value of option 26 is 47. You have 10 choices to make in this environment.
You press <<24>> and receive 27 points.
You press <<27>> and receive 46 points.
You press <<28>> and receive 43 points.
You press <<25>> and receive 33 points.
You press <<26>> and receive 48 points.
You press <<26>> and receive 48 points.
You press <<26>> and receive 47 points.
You press <<26>> and receive 48 points.
You press <<26>> and receive 47 points.
You press <<26>> and receive 48 points.

Environment number 2:
The value of option 17 is 42. You have 10 choices to make in this environment.
You press <<18>> and receive 51 points.
You press <<19>> and receive 48 points.
You press <<16>> and receive 51 points.
You press <<15>> and receive 68 points.
You press <<14>> and receive 43 points.
You press <<13>> and receive 21 points.
You press <<15>> and receive 68 points.
You press <<15>> and receive 68 points.
You press <<15>> and receive 67 points.
You press <<15>> and receive 67 points.

Environment number 3:
The value of option 20 is 65. You have 5 choices to make in this environment.
You press <<19>> and receive 47 points.
You press <<21>> and receive 41 points.
You press <<20>> and receive 66 points.
You press <<",37
3,33,5,20,0,rough,20,5,65,64,"You will be presented with a series of 16 different environments to explore.
In each trial, you can select an option between numbers 1 and 30 by pressing the corresponding key.
By selecting any of these options, you will earn points associated with each unique option.
Imagine these options 1 through 30 as lying next to each other in an ordered line; options closer to each other tend to have similar rewards as rewards tend to cluster together.
For each environment, you will be able to make either 5 or 10 choices.
When you made all your choices in a given environment, you will start making choices in the next unexplored environment.
The rewards underlying the different options are different in each environment so you will learn them anew for each environment.
Each environment starts with the value of a single option revealed.
When you choose the number corresponding to a different option, you will be told the value of that option and receive those points.
Previously revealed options, including the starting option, can also be reselected, although there may be small changes in the point value.
It is your task to gain as many points as possible across all 16 environments.

Environment number 1:
The value of option 26 is 47. You have 10 choices to make in this environment.
You press <<24>> and receive 27 points.
You press <<27>> and receive 46 points.
You press <<28>> and receive 43 points.
You press <<25>> and receive 33 points.
You press <<26>> and receive 48 points.
You press <<26>> and receive 48 points.
You press <<26>> and receive 47 points.
You press <<26>> and receive 48 points.
You press <<26>> and receive 47 points.
You press <<26>> and receive 48 points.

Environment number 2:
The value of option 17 is 42. You have 10 choices to make in this environment.
You press <<18>> and receive 51 points.
You press <<19>> and receive 48 points.
You press <<16>> and receive 51 points.
You press <<15>> and receive 68 points.
You press <<14>> and receive 43 points.
You press <<13>> and receive 21 points.
You press <<15>> and receive 68 points.
You press <<15>> and receive 68 points.
You press <<15>> and receive 67 points.
You press <<15>> and receive 67 points.

Environment number 3:
The value of option 20 is 65. You have 5 choices to make in this environment.
You press <<19>> and receive 47 points.
You press <<21>> and receive 41 points.
You press <<20>> and receive 66 points.
You press <<20>> and receive 67 points.
You press <<",37
4,3,1,8,0,rough,7,10,73,80,"You will be presented with a series of 16 different environments to explore.
In each trial, you can select an option between numbers 1 and 30 by pressing the corresponding key.
By selecting any of these options, you will earn points associated with each unique option.
Imagine these options 1 through 30 as lying next to each other in an ordered line; options closer to each other tend to have similar rewards as rewards tend to cluster together.
For each environment, you will be able to make either 5 or 10 choices.
When you made all your choices in a given environment, you will start making choices in the next unexplored environment.
The rewards underlying the different options are different in each environment so you will learn them anew for each environment.
Each environment starts with the value of a single option revealed.
When you choose the number corresponding to a different option, you will be told the value of that option and receive those points.
Previously revealed options, including the starting option, can also be reselected, although there may be small changes in the point value.
It is your task to gain as many points as possible across all 16 environments.

Environment number 1:
The value of option 26 is 47. You have 10 choices to make in this environment.
You press <<24>> and receive 27 points.
You press <<27>> and receive 46 points.
You press <<28>> and receive 43 points.
You press <<25>> and receive 33 points.
You press <<26>> and receive 48 points.
You press <<26>> and receive 48 points.
You press <<26>> and receive 47 points.
You press <<26>> and receive 48 points.
You press <<26>> and receive 47 points.
You press <<26>> and receive 48 points.

Environment number 2:
The value of option 17 is 42. You have 10 choices to make in this environment.
You press <<18>> and receive 51 points.
You press <<19>> and receive 48 points.
You press <<16>> and receive 51 points.
You press <<15>> and receive 68 points.
You press <<14>> and receive 43 points.
You press <<13>> and receive 21 points.
You press <<15>> and receive 68 points.
You press <<15>> and receive 68 points.
You press <<15>> and receive 67 points.
You press <<15>> and receive 67 points.

Environment number 3:
The value of option 20 is 65. You have 5 choices to make in this environment.
You press <<19>> and receive 47 points.
You press <<21>> and receive 41 points.
You press <<20>> and receive 66 points.
You press <<20>> and receive 67 points.
You press <<20>> and receive 64 points.

Environment number 4:
The value of option 7 is 73. You have 10 choices to make in this environment.
You press <<",37
4,3,2,9,0,rough,7,10,73,55,"You will be presented with a series of 16 different environments to explore.
In each trial, you can select an option between numbers 1 and 30 by pressing the corresponding key.
By selecting any of these options, you will earn points associated with each unique option.
Imagine these options 1 through 30 as lying next to each other in an ordered line; options closer to each other tend to have similar rewards as rewards tend to cluster together.
For each environment, you will be able to make either 5 or 10 choices.
When you made all your choices in a given environment, you will start making choices in the next unexplored environment.
The rewards underlying the different options are different in each environment so you will learn them anew for each environment.
Each environment starts with the value of a single option revealed.
When you choose the number corresponding to a different option, you will be told the value of that option and receive those points.
Previously revealed options, including the starting option, can also be reselected, although there may be small changes in the point value.
It is your task to gain as many points as possible across all 16 environments.

Environment number 1:
The value of option 26 is 47. You have 10 choices to make in this environment.
You press <<24>> and receive 27 points.
You press <<27>> and receive 46 points.
You press <<28>> and receive 43 points.
You press <<25>> and receive 33 points.
You press <<26>> and receive 48 points.
You press <<26>> and receive 48 points.
You press <<26>> and receive 47 points.
You press <<26>> and receive 48 points.
You press <<26>> and receive 47 points.
You press <<26>> and receive 48 points.

Environment number 2:
The value of option 17 is 42. You have 10 choices to make in this environment.
You press <<18>> and receive 51 points.
You press <<19>> and receive 48 points.
You press <<16>> and receive 51 points.
You press <<15>> and receive 68 points.
You press <<14>> and receive 43 points.
You press <<13>> and receive 21 points.
You press <<15>> and receive 68 points.
You press <<15>> and receive 68 points.
You press <<15>> and receive 67 points.
You press <<15>> and receive 67 points.

Environment number 3:
The value of option 20 is 65. You have 5 choices to make in this environment.
You press <<19>> and receive 47 points.
You press <<21>> and receive 41 points.
You press <<20>> and receive 66 points.
You press <<20>> and receive 67 points.
You press <<20>> and receive 64 points.

Environment number 4:
The value of option 7 is 73. You have 10 choices to make in this environment.
You press <<8>> and receive 80 points.
You press <<",37
4,3,3,8,0,rough,7,10,73,78,"You will be presented with a series of 16 different environments to explore.
In each trial, you can select an option between numbers 1 and 30 by pressing the corresponding key.
By selecting any of these options, you will earn points associated with each unique option.
Imagine these options 1 through 30 as lying next to each other in an ordered line; options closer to each other tend to have similar rewards as rewards tend to cluster together.
For each environment, you will be able to make either 5 or 10 choices.
When you made all your choices in a given environment, you will start making choices in the next unexplored environment.
The rewards underlying the different options are different in each environment so you will learn them anew for each environment.
Each environment starts with the value of a single option revealed.
When you choose the number corresponding to a different option, you will be told the value of that option and receive those points.
Previously revealed options, including the starting option, can also be reselected, although there may be small changes in the point value.
It is your task to gain as many points as possible across all 16 environments.

Environment number 1:
The value of option 26 is 47. You have 10 choices to make in this environment.
You press <<24>> and receive 27 points.
You press <<27>> and receive 46 points.
You press <<28>> and receive 43 points.
You press <<25>> and receive 33 points.
You press <<26>> and receive 48 points.
You press <<26>> and receive 48 points.
You press <<26>> and receive 47 points.
You press <<26>> and receive 48 points.
You press <<26>> and receive 47 points.
You press <<26>> and receive 48 points.

Environment number 2:
The value of option 17 is 42. You have 10 choices to make in this environment.
You press <<18>> and receive 51 points.
You press <<19>> and receive 48 points.
You press <<16>> and receive 51 points.
You press <<15>> and receive 68 points.
You press <<14>> and receive 43 points.
You press <<13>> and receive 21 points.
You press <<15>> and receive 68 points.
You press <<15>> and receive 68 points.
You press <<15>> and receive 67 points.
You press <<15>> and receive 67 points.

Environment number 3:
The value of option 20 is 65. You have 5 choices to make in this environment.
You press <<19>> and receive 47 points.
You press <<21>> and receive 41 points.
You press <<20>> and receive 66 points.
You press <<20>> and receive 67 points.
You press <<20>> and receive 64 points.

Environment number 4:
The value of option 7 is 73. You have 10 choices to make in this environment.
You press <<8>> and receive 80 points.
You press <<9>> and receive 55 points.
You press <<",37
4,3,4,8,0,rough,7,10,73,79,"You will be presented with a series of 16 different environments to explore.
In each trial, you can select an option between numbers 1 and 30 by pressing the corresponding key.
By selecting any of these options, you will earn points associated with each unique option.
Imagine these options 1 through 30 as lying next to each other in an ordered line; options closer to each other tend to have similar rewards as rewards tend to cluster together.
For each environment, you will be able to make either 5 or 10 choices.
When you made all your choices in a given environment, you will start making choices in the next unexplored environment.
The rewards underlying the different options are different in each environment so you will learn them anew for each environment.
Each environment starts with the value of a single option revealed.
When you choose the number corresponding to a different option, you will be told the value of that option and receive those points.
Previously revealed options, including the starting option, can also be reselected, although there may be small changes in the point value.
It is your task to gain as many points as possible across all 16 environments.

Environment number 1:
The value of option 26 is 47. You have 10 choices to make in this environment.
You press <<24>> and receive 27 points.
You press <<27>> and receive 46 points.
You press <<28>> and receive 43 points.
You press <<25>> and receive 33 points.
You press <<26>> and receive 48 points.
You press <<26>> and receive 48 points.
You press <<26>> and receive 47 points.
You press <<26>> and receive 48 points.
You press <<26>> and receive 47 points.
You press <<26>> and receive 48 points.

Environment number 2:
The value of option 17 is 42. You have 10 choices to make in this environment.
You press <<18>> and receive 51 points.
You press <<19>> and receive 48 points.
You press <<16>> and receive 51 points.
You press <<15>> and receive 68 points.
You press <<14>> and receive 43 points.
You press <<13>> and receive 21 points.
You press <<15>> and receive 68 points.
You press <<15>> and receive 68 points.
You press <<15>> and receive 67 points.
You press <<15>> and receive 67 points.

Environment number 3:
The value of option 20 is 65. You have 5 choices to make in this environment.
You press <<19>> and receive 47 points.
You press <<21>> and receive 41 points.
You press <<20>> and receive 66 points.
You press <<20>> and receive 67 points.
You press <<20>> and receive 64 points.

Environment number 4:
The value of option 7 is 73. You have 10 choices to make in this environment.
You press <<8>> and receive 80 points.
You press <<9>> and receive 55 points.
You press <<8>> and receive 78 points.
You press <<",37
4,3,5,8,0,rough,7,10,73,76,"You will be presented with a series of 16 different environments to explore.
In each trial, you can select an option between numbers 1 and 30 by pressing the corresponding key.
By selecting any of these options, you will earn points associated with each unique option.
Imagine these options 1 through 30 as lying next to each other in an ordered line; options closer to each other tend to have similar rewards as rewards tend to cluster together.
For each environment, you will be able to make either 5 or 10 choices.
When you made all your choices in a given environment, you will start making choices in the next unexplored environment.
The rewards underlying the different options are different in each environment so you will learn them anew for each environment.
Each environment starts with the value of a single option revealed.
When you choose the number corresponding to a different option, you will be told the value of that option and receive those points.
Previously revealed options, including the starting option, can also be reselected, although there may be small changes in the point value.
It is your task to gain as many points as possible across all 16 environments.

Environment number 1:
The value of option 26 is 47. You have 10 choices to make in this environment.
You press <<24>> and receive 27 points.
You press <<27>> and receive 46 points.
You press <<28>> and receive 43 points.
You press <<25>> and receive 33 points.
You press <<26>> and receive 48 points.
You press <<26>> and receive 48 points.
You press <<26>> and receive 47 points.
You press <<26>> and receive 48 points.
You press <<26>> and receive 47 points.
You press <<26>> and receive 48 points.

Environment number 2:
The value of option 17 is 42. You have 10 choices to make in this environment.
You press <<18>> and receive 51 points.
You press <<19>> and receive 48 points.
You press <<16>> and receive 51 points.
You press <<15>> and receive 68 points.
You press <<14>> and receive 43 points.
You press <<13>> and receive 21 points.
You press <<15>> and receive 68 points.
You press <<15>> and receive 68 points.
You press <<15>> and receive 67 points.
You press <<15>> and receive 67 points.

Environment number 3:
The value of option 20 is 65. You have 5 choices to make in this environment.
You press <<19>> and receive 47 points.
You press <<21>> and receive 41 points.
You press <<20>> and receive 66 points.
You press <<20>> and receive 67 points.
You press <<20>> and receive 64 points.

Environment number 4:
The value of option 7 is 73. You have 10 choices to make in this environment.
You press <<8>> and receive 80 points.
You press <<9>> and receive 55 points.
You press <<8>> and receive 78 points.
You press <<8>> and receive 79 points.
You press <<",37
4,3,6,8,0,rough,7,10,73,78,"You will be presented with a series of 16 different environments to explore.
In each trial, you can select an option between numbers 1 and 30 by pressing the corresponding key.
By selecting any of these options, you will earn points associated with each unique option.
Imagine these options 1 through 30 as lying next to each other in an ordered line; options closer to each other tend to have similar rewards as rewards tend to cluster together.
For each environment, you will be able to make either 5 or 10 choices.
When you made all your choices in a given environment, you will start making choices in the next unexplored environment.
The rewards underlying the different options are different in each environment so you will learn them anew for each environment.
Each environment starts with the value of a single option revealed.
When you choose the number corresponding to a different option, you will be told the value of that option and receive those points.
Previously revealed options, including the starting option, can also be reselected, although there may be small changes in the point value.
It is your task to gain as many points as possible across all 16 environments.

Environment number 1:
The value of option 26 is 47. You have 10 choices to make in this environment.
You press <<24>> and receive 27 points.
You press <<27>> and receive 46 points.
You press <<28>> and receive 43 points.
You press <<25>> and receive 33 points.
You press <<26>> and receive 48 points.
You press <<26>> and receive 48 points.
You press <<26>> and receive 47 points.
You press <<26>> and receive 48 points.
You press <<26>> and receive 47 points.
You press <<26>> and receive 48 points.

Environment number 2:
The value of option 17 is 42. You have 10 choices to make in this environment.
You press <<18>> and receive 51 points.
You press <<19>> and receive 48 points.
You press <<16>> and receive 51 points.
You press <<15>> and receive 68 points.
You press <<14>> and receive 43 points.
You press <<13>> and receive 21 points.
You press <<15>> and receive 68 points.
You press <<15>> and receive 68 points.
You press <<15>> and receive 67 points.
You press <<15>> and receive 67 points.

Environment number 3:
The value of option 20 is 65. You have 5 choices to make in this environment.
You press <<19>> and receive 47 points.
You press <<21>> and receive 41 points.
You press <<20>> and receive 66 points.
You press <<20>> and receive 67 points.
You press <<20>> and receive 64 points.

Environment number 4:
The value of option 7 is 73. You have 10 choices to make in this environment.
You press <<8>> and receive 80 points.
You press <<9>> and receive 55 points.
You press <<8>> and receive 78 points.
You press <<8>> and receive 79 points.
You press <<8>> and receive 76 points.
You press <<",37
4,3,7,8,0,rough,7,10,73,80,"You will be presented with a series of 16 different environments to explore.
In each trial, you can select an option between numbers 1 and 30 by pressing the corresponding key.
By selecting any of these options, you will earn points associated with each unique option.
Imagine these options 1 through 30 as lying next to each other in an ordered line; options closer to each other tend to have similar rewards as rewards tend to cluster together.
For each environment, you will be able to make either 5 or 10 choices.
When you made all your choices in a given environment, you will start making choices in the next unexplored environment.
The rewards underlying the different options are different in each environment so you will learn them anew for each environment.
Each environment starts with the value of a single option revealed.
When you choose the number corresponding to a different option, you will be told the value of that option and receive those points.
Previously revealed options, including the starting option, can also be reselected, although there may be small changes in the point value.
It is your task to gain as many points as possible across all 16 environments.

Environment number 1:
The value of option 26 is 47. You have 10 choices to make in this environment.
You press <<24>> and receive 27 points.
You press <<27>> and receive 46 points.
You press <<28>> and receive 43 points.
You press <<25>> and receive 33 points.
You press <<26>> and receive 48 points.
You press <<26>> and receive 48 points.
You press <<26>> and receive 47 points.
You press <<26>> and receive 48 points.
You press <<26>> and receive 47 points.
You press <<26>> and receive 48 points.

Environment number 2:
The value of option 17 is 42. You have 10 choices to make in this environment.
You press <<18>> and receive 51 points.
You press <<19>> and receive 48 points.
You press <<16>> and receive 51 points.
You press <<15>> and receive 68 points.
You press <<14>> and receive 43 points.
You press <<13>> and receive 21 points.
You press <<15>> and receive 68 points.
You press <<15>> and receive 68 points.
You press <<15>> and receive 67 points.
You press <<15>> and receive 67 points.

Environment number 3:
The value of option 20 is 65. You have 5 choices to make in this environment.
You press <<19>> and receive 47 points.
You press <<21>> and receive 41 points.
You press <<20>> and receive 66 points.
You press <<20>> and receive 67 points.
You press <<20>> and receive 64 points.

Environment number 4:
The value of option 7 is 73. You have 10 choices to make in this environment.
You press <<8>> and receive 80 points.
You press <<9>> and receive 55 points.
You press <<8>> and receive 78 points.
You press <<8>> and receive 79 points.
You press <<8>> and receive 76 points.
You press <<8>> and receive 78 points.
You press <<",37
4,3,8,8,0,rough,7,10,73,78,"You will be presented with a series of 16 different environments to explore.
In each trial, you can select an option between numbers 1 and 30 by pressing the corresponding key.
By selecting any of these options, you will earn points associated with each unique option.
Imagine these options 1 through 30 as lying next to each other in an ordered line; options closer to each other tend to have similar rewards as rewards tend to cluster together.
For each environment, you will be able to make either 5 or 10 choices.
When you made all your choices in a given environment, you will start making choices in the next unexplored environment.
The rewards underlying the different options are different in each environment so you will learn them anew for each environment.
Each environment starts with the value of a single option revealed.
When you choose the number corresponding to a different option, you will be told the value of that option and receive those points.
Previously revealed options, including the starting option, can also be reselected, although there may be small changes in the point value.
It is your task to gain as many points as possible across all 16 environments.

Environment number 1:
The value of option 26 is 47. You have 10 choices to make in this environment.
You press <<24>> and receive 27 points.
You press <<27>> and receive 46 points.
You press <<28>> and receive 43 points.
You press <<25>> and receive 33 points.
You press <<26>> and receive 48 points.
You press <<26>> and receive 48 points.
You press <<26>> and receive 47 points.
You press <<26>> and receive 48 points.
You press <<26>> and receive 47 points.
You press <<26>> and receive 48 points.

Environment number 2:
The value of option 17 is 42. You have 10 choices to make in this environment.
You press <<18>> and receive 51 points.
You press <<19>> and receive 48 points.
You press <<16>> and receive 51 points.
You press <<15>> and receive 68 points.
You press <<14>> and receive 43 points.
You press <<13>> and receive 21 points.
You press <<15>> and receive 68 points.
You press <<15>> and receive 68 points.
You press <<15>> and receive 67 points.
You press <<15>> and receive 67 points.

Environment number 3:
The value of option 20 is 65. You have 5 choices to make in this environment.
You press <<19>> and receive 47 points.
You press <<21>> and receive 41 points.
You press <<20>> and receive 66 points.
You press <<20>> and receive 67 points.
You press <<20>> and receive 64 points.

Environment number 4:
The value of option 7 is 73. You have 10 choices to make in this environment.
You press <<8>> and receive 80 points.
You press <<9>> and receive 55 points.
You press <<8>> and receive 78 points.
You press <<8>> and receive 79 points.
You press <<8>> and receive 76 points.
You press <<8>> and receive 78 points.
You press <<8>> and receive 80 points.
You press <<",37
4,3,9,8,0,rough,7,10,73,80,"You will be presented with a series of 16 different environments to explore.
In each trial, you can select an option between numbers 1 and 30 by pressing the corresponding key.
By selecting any of these options, you will earn points associated with each unique option.
Imagine these options 1 through 30 as lying next to each other in an ordered line; options closer to each other tend to have similar rewards as rewards tend to cluster together.
For each environment, you will be able to make either 5 or 10 choices.
When you made all your choices in a given environment, you will start making choices in the next unexplored environment.
The rewards underlying the different options are different in each environment so you will learn them anew for each environment.
Each environment starts with the value of a single option revealed.
When you choose the number corresponding to a different option, you will be told the value of that option and receive those points.
Previously revealed options, including the starting option, can also be reselected, although there may be small changes in the point value.
It is your task to gain as many points as possible across all 16 environments.

Environment number 1:
The value of option 26 is 47. You have 10 choices to make in this environment.
You press <<24>> and receive 27 points.
You press <<27>> and receive 46 points.
You press <<28>> and receive 43 points.
You press <<25>> and receive 33 points.
You press <<26>> and receive 48 points.
You press <<26>> and receive 48 points.
You press <<26>> and receive 47 points.
You press <<26>> and receive 48 points.
You press <<26>> and receive 47 points.
You press <<26>> and receive 48 points.

Environment number 2:
The value of option 17 is 42. You have 10 choices to make in this environment.
You press <<18>> and receive 51 points.
You press <<19>> and receive 48 points.
You press <<16>> and receive 51 points.
You press <<15>> and receive 68 points.
You press <<14>> and receive 43 points.
You press <<13>> and receive 21 points.
You press <<15>> and receive 68 points.
You press <<15>> and receive 68 points.
You press <<15>> and receive 67 points.
You press <<15>> and receive 67 points.

Environment number 3:
The value of option 20 is 65. You have 5 choices to make in this environment.
You press <<19>> and receive 47 points.
You press <<21>> and receive 41 points.
You press <<20>> and receive 66 points.
You press <<20>> and receive 67 points.
You press <<20>> and receive 64 points.

Environment number 4:
The value of option 7 is 73. You have 10 choices to make in this environment.
You press <<8>> and receive 80 points.
You press <<9>> and receive 55 points.
You press <<8>> and receive 78 points.
You press <<8>> and receive 79 points.
You press <<8>> and receive 76 points.
You press <<8>> and receive 78 points.
You press <<8>> and receive 80 points.
You press <<8>> and receive 78 points.
You press <<",37
4,3,10,8,0,rough,7,10,73,79,"You will be presented with a series of 16 different environments to explore.
In each trial, you can select an option between numbers 1 and 30 by pressing the corresponding key.
By selecting any of these options, you will earn points associated with each unique option.
Imagine these options 1 through 30 as lying next to each other in an ordered line; options closer to each other tend to have similar rewards as rewards tend to cluster together.
For each environment, you will be able to make either 5 or 10 choices.
When you made all your choices in a given environment, you will start making choices in the next unexplored environment.
The rewards underlying the different options are different in each environment so you will learn them anew for each environment.
Each environment starts with the value of a single option revealed.
When you choose the number corresponding to a different option, you will be told the value of that option and receive those points.
Previously revealed options, including the starting option, can also be reselected, although there may be small changes in the point value.
It is your task to gain as many points as possible across all 16 environments.

Environment number 1:
The value of option 26 is 47. You have 10 choices to make in this environment.
You press <<24>> and receive 27 points.
You press <<27>> and receive 46 points.
You press <<28>> and receive 43 points.
You press <<25>> and receive 33 points.
You press <<26>> and receive 48 points.
You press <<26>> and receive 48 points.
You press <<26>> and receive 47 points.
You press <<26>> and receive 48 points.
You press <<26>> and receive 47 points.
You press <<26>> and receive 48 points.

Environment number 2:
The value of option 17 is 42. You have 10 choices to make in this environment.
You press <<18>> and receive 51 points.
You press <<19>> and receive 48 points.
You press <<16>> and receive 51 points.
You press <<15>> and receive 68 points.
You press <<14>> and receive 43 points.
You press <<13>> and receive 21 points.
You press <<15>> and receive 68 points.
You press <<15>> and receive 68 points.
You press <<15>> and receive 67 points.
You press <<15>> and receive 67 points.

Environment number 3:
The value of option 20 is 65. You have 5 choices to make in this environment.
You press <<19>> and receive 47 points.
You press <<21>> and receive 41 points.
You press <<20>> and receive 66 points.
You press <<20>> and receive 67 points.
You press <<20>> and receive 64 points.

Environment number 4:
The value of option 7 is 73. You have 10 choices to make in this environment.
You press <<8>> and receive 80 points.
You press <<9>> and receive 55 points.
You press <<8>> and receive 78 points.
You press <<8>> and receive 79 points.
You press <<8>> and receive 76 points.
You press <<8>> and receive 78 points.
You press <<8>> and receive 80 points.
You press <<8>> and receive 78 points.
You press <<8>> and receive 80 points.
You press <<",37
5,24,1,18,0,rough,17,5,72,53,"You will be presented with a series of 16 different environments to explore.
In each trial, you can select an option between numbers 1 and 30 by pressing the corresponding key.
By selecting any of these options, you will earn points associated with each unique option.
Imagine these options 1 through 30 as lying next to each other in an ordered line; options closer to each other tend to have similar rewards as rewards tend to cluster together.
For each environment, you will be able to make either 5 or 10 choices.
When you made all your choices in a given environment, you will start making choices in the next unexplored environment.
The rewards underlying the different options are different in each environment so you will learn them anew for each environment.
Each environment starts with the value of a single option revealed.
When you choose the number corresponding to a different option, you will be told the value of that option and receive those points.
Previously revealed options, including the starting option, can also be reselected, although there may be small changes in the point value.
It is your task to gain as many points as possible across all 16 environments.

Environment number 1:
The value of option 26 is 47. You have 10 choices to make in this environment.
You press <<24>> and receive 27 points.
You press <<27>> and receive 46 points.
You press <<28>> and receive 43 points.
You press <<25>> and receive 33 points.
You press <<26>> and receive 48 points.
You press <<26>> and receive 48 points.
You press <<26>> and receive 47 points.
You press <<26>> and receive 48 points.
You press <<26>> and receive 47 points.
You press <<26>> and receive 48 points.

Environment number 2:
The value of option 17 is 42. You have 10 choices to make in this environment.
You press <<18>> and receive 51 points.
You press <<19>> and receive 48 points.
You press <<16>> and receive 51 points.
You press <<15>> and receive 68 points.
You press <<14>> and receive 43 points.
You press <<13>> and receive 21 points.
You press <<15>> and receive 68 points.
You press <<15>> and receive 68 points.
You press <<15>> and receive 67 points.
You press <<15>> and receive 67 points.

Environment number 3:
The value of option 20 is 65. You have 5 choices to make in this environment.
You press <<19>> and receive 47 points.
You press <<21>> and receive 41 points.
You press <<20>> and receive 66 points.
You press <<20>> and receive 67 points.
You press <<20>> and receive 64 points.

Environment number 4:
The value of option 7 is 73. You have 10 choices to make in this environment.
You press <<8>> and receive 80 points.
You press <<9>> and receive 55 points.
You press <<8>> and receive 78 points.
You press <<8>> and receive 79 points.
You press <<8>> and receive 76 points.
You press <<8>> and receive 78 points.
You press <<8>> and receive 80 points.
You press <<8>> and receive 78 points.
You press <<8>> and receive 80 points.
You press <<8>> and receive 79 points.

Environment number 5:
The value of option 17 is 72. You have 5 choices to make in this environment.
You press <<",37
5,24,2,17,0,rough,17,5,72,72,"You will be presented with a series of 16 different environments to explore.
In each trial, you can select an option between numbers 1 and 30 by pressing the corresponding key.
By selecting any of these options, you will earn points associated with each unique option.
Imagine these options 1 through 30 as lying next to each other in an ordered line; options closer to each other tend to have similar rewards as rewards tend to cluster together.
For each environment, you will be able to make either 5 or 10 choices.
When you made all your choices in a given environment, you will start making choices in the next unexplored environment.
The rewards underlying the different options are different in each environment so you will learn them anew for each environment.
Each environment starts with the value of a single option revealed.
When you choose the number corresponding to a different option, you will be told the value of that option and receive those points.
Previously revealed options, including the starting option, can also be reselected, although there may be small changes in the point value.
It is your task to gain as many points as possible across all 16 environments.

Environment number 1:
The value of option 26 is 47. You have 10 choices to make in this environment.
You press <<24>> and receive 27 points.
You press <<27>> and receive 46 points.
You press <<28>> and receive 43 points.
You press <<25>> and receive 33 points.
You press <<26>> and receive 48 points.
You press <<26>> and receive 48 points.
You press <<26>> and receive 47 points.
You press <<26>> and receive 48 points.
You press <<26>> and receive 47 points.
You press <<26>> and receive 48 points.

Environment number 2:
The value of option 17 is 42. You have 10 choices to make in this environment.
You press <<18>> and receive 51 points.
You press <<19>> and receive 48 points.
You press <<16>> and receive 51 points.
You press <<15>> and receive 68 points.
You press <<14>> and receive 43 points.
You press <<13>> and receive 21 points.
You press <<15>> and receive 68 points.
You press <<15>> and receive 68 points.
You press <<15>> and receive 67 points.
You press <<15>> and receive 67 points.

Environment number 3:
The value of option 20 is 65. You have 5 choices to make in this environment.
You press <<19>> and receive 47 points.
You press <<21>> and receive 41 points.
You press <<20>> and receive 66 points.
You press <<20>> and receive 67 points.
You press <<20>> and receive 64 points.

Environment number 4:
The value of option 7 is 73. You have 10 choices to make in this environment.
You press <<8>> and receive 80 points.
You press <<9>> and receive 55 points.
You press <<8>> and receive 78 points.
You press <<8>> and receive 79 points.
You press <<8>> and receive 76 points.
You press <<8>> and receive 78 points.
You press <<8>> and receive 80 points.
You press <<8>> and receive 78 points.
You press <<8>> and receive 80 points.
You press <<8>> and receive 79 points.

Environment number 5:
The value of option 17 is 72. You have 5 choices to make in this environment.
You press <<18>> and receive 53 points.
You press <<",37
5,24,3,17,0,rough,17,5,72,71,"You will be presented with a series of 16 different environments to explore.
In each trial, you can select an option between numbers 1 and 30 by pressing the corresponding key.
By selecting any of these options, you will earn points associated with each unique option.
Imagine these options 1 through 30 as lying next to each other in an ordered line; options closer to each other tend to have similar rewards as rewards tend to cluster together.
For each environment, you will be able to make either 5 or 10 choices.
When you made all your choices in a given environment, you will start making choices in the next unexplored environment.
The rewards underlying the different options are different in each environment so you will learn them anew for each environment.
Each environment starts with the value of a single option revealed.
When you choose the number corresponding to a different option, you will be told the value of that option and receive those points.
Previously revealed options, including the starting option, can also be reselected, although there may be small changes in the point value.
It is your task to gain as many points as possible across all 16 environments.

Environment number 1:
The value of option 26 is 47. You have 10 choices to make in this environment.
You press <<24>> and receive 27 points.
You press <<27>> and receive 46 points.
You press <<28>> and receive 43 points.
You press <<25>> and receive 33 points.
You press <<26>> and receive 48 points.
You press <<26>> and receive 48 points.
You press <<26>> and receive 47 points.
You press <<26>> and receive 48 points.
You press <<26>> and receive 47 points.
You press <<26>> and receive 48 points.

Environment number 2:
The value of option 17 is 42. You have 10 choices to make in this environment.
You press <<18>> and receive 51 points.
You press <<19>> and receive 48 points.
You press <<16>> and receive 51 points.
You press <<15>> and receive 68 points.
You press <<14>> and receive 43 points.
You press <<13>> and receive 21 points.
You press <<15>> and receive 68 points.
You press <<15>> and receive 68 points.
You press <<15>> and receive 67 points.
You press <<15>> and receive 67 points.

Environment number 3:
The value of option 20 is 65. You have 5 choices to make in this environment.
You press <<19>> and receive 47 points.
You press <<21>> and receive 41 points.
You press <<20>> and receive 66 points.
You press <<20>> and receive 67 points.
You press <<20>> and receive 64 points.

Environment number 4:
The value of option 7 is 73. You have 10 choices to make in this environment.
You press <<8>> and receive 80 points.
You press <<9>> and receive 55 points.
You press <<8>> and receive 78 points.
You press <<8>> and receive 79 points.
You press <<8>> and receive 76 points.
You press <<8>> and receive 78 points.
You press <<8>> and receive 80 points.
You press <<8>> and receive 78 points.
You press <<8>> and receive 80 points.
You press <<8>> and receive 79 points.

Environment number 5:
The value of option 17 is 72. You have 5 choices to make in this environment.
You press <<18>> and receive 53 points.
You press <<17>> and receive 72 points.
You press <<",37
5,24,4,17,0,rough,17,5,72,69,"You will be presented with a series of 16 different environments to explore.
In each trial, you can select an option between numbers 1 and 30 by pressing the corresponding key.
By selecting any of these options, you will earn points associated with each unique option.
Imagine these options 1 through 30 as lying next to each other in an ordered line; options closer to each other tend to have similar rewards as rewards tend to cluster together.
For each environment, you will be able to make either 5 or 10 choices.
When you made all your choices in a given environment, you will start making choices in the next unexplored environment.
The rewards underlying the different options are different in each environment so you will learn them anew for each environment.
Each environment starts with the value of a single option revealed.
When you choose the number corresponding to a different option, you will be told the value of that option and receive those points.
Previously revealed options, including the starting option, can also be reselected, although there may be small changes in the point value.
It is your task to gain as many points as possible across all 16 environments.

Environment number 1:
The value of option 26 is 47. You have 10 choices to make in this environment.
You press <<24>> and receive 27 points.
You press <<27>> and receive 46 points.
You press <<28>> and receive 43 points.
You press <<25>> and receive 33 points.
You press <<26>> and receive 48 points.
You press <<26>> and receive 48 points.
You press <<26>> and receive 47 points.
You press <<26>> and receive 48 points.
You press <<26>> and receive 47 points.
You press <<26>> and receive 48 points.

Environment number 2:
The value of option 17 is 42. You have 10 choices to make in this environment.
You press <<18>> and receive 51 points.
You press <<19>> and receive 48 points.
You press <<16>> and receive 51 points.
You press <<15>> and receive 68 points.
You press <<14>> and receive 43 points.
You press <<13>> and receive 21 points.
You press <<15>> and receive 68 points.
You press <<15>> and receive 68 points.
You press <<15>> and receive 67 points.
You press <<15>> and receive 67 points.

Environment number 3:
The value of option 20 is 65. You have 5 choices to make in this environment.
You press <<19>> and receive 47 points.
You press <<21>> and receive 41 points.
You press <<20>> and receive 66 points.
You press <<20>> and receive 67 points.
You press <<20>> and receive 64 points.

Environment number 4:
The value of option 7 is 73. You have 10 choices to make in this environment.
You press <<8>> and receive 80 points.
You press <<9>> and receive 55 points.
You press <<8>> and receive 78 points.
You press <<8>> and receive 79 points.
You press <<8>> and receive 76 points.
You press <<8>> and receive 78 points.
You press <<8>> and receive 80 points.
You press <<8>> and receive 78 points.
You press <<8>> and receive 80 points.
You press <<8>> and receive 79 points.

Environment number 5:
The value of option 17 is 72. You have 5 choices to make in this environment.
You press <<18>> and receive 53 points.
You press <<17>> and receive 72 points.
You press <<17>> and receive 71 points.
You press <<",37
5,24,5,17,0,rough,17,5,72,73,"You will be presented with a series of 16 different environments to explore.
In each trial, you can select an option between numbers 1 and 30 by pressing the corresponding key.
By selecting any of these options, you will earn points associated with each unique option.
Imagine these options 1 through 30 as lying next to each other in an ordered line; options closer to each other tend to have similar rewards as rewards tend to cluster together.
For each environment, you will be able to make either 5 or 10 choices.
When you made all your choices in a given environment, you will start making choices in the next unexplored environment.
The rewards underlying the different options are different in each environment so you will learn them anew for each environment.
Each environment starts with the value of a single option revealed.
When you choose the number corresponding to a different option, you will be told the value of that option and receive those points.
Previously revealed options, including the starting option, can also be reselected, although there may be small changes in the point value.
It is your task to gain as many points as possible across all 16 environments.

Environment number 1:
The value of option 26 is 47. You have 10 choices to make in this environment.
You press <<24>> and receive 27 points.
You press <<27>> and receive 46 points.
You press <<28>> and receive 43 points.
You press <<25>> and receive 33 points.
You press <<26>> and receive 48 points.
You press <<26>> and receive 48 points.
You press <<26>> and receive 47 points.
You press <<26>> and receive 48 points.
You press <<26>> and receive 47 points.
You press <<26>> and receive 48 points.

Environment number 2:
The value of option 17 is 42. You have 10 choices to make in this environment.
You press <<18>> and receive 51 points.
You press <<19>> and receive 48 points.
You press <<16>> and receive 51 points.
You press <<15>> and receive 68 points.
You press <<14>> and receive 43 points.
You press <<13>> and receive 21 points.
You press <<15>> and receive 68 points.
You press <<15>> and receive 68 points.
You press <<15>> and receive 67 points.
You press <<15>> and receive 67 points.

Environment number 3:
The value of option 20 is 65. You have 5 choices to make in this environment.
You press <<19>> and receive 47 points.
You press <<21>> and receive 41 points.
You press <<20>> and receive 66 points.
You press <<20>> and receive 67 points.
You press <<20>> and receive 64 points.

Environment number 4:
The value of option 7 is 73. You have 10 choices to make in this environment.
You press <<8>> and receive 80 points.
You press <<9>> and receive 55 points.
You press <<8>> and receive 78 points.
You press <<8>> and receive 79 points.
You press <<8>> and receive 76 points.
You press <<8>> and receive 78 points.
You press <<8>> and receive 80 points.
You press <<8>> and receive 78 points.
You press <<8>> and receive 80 points.
You press <<8>> and receive 79 points.

Environment number 5:
The value of option 17 is 72. You have 5 choices to make in this environment.
You press <<18>> and receive 53 points.
You press <<17>> and receive 72 points.
You press <<17>> and receive 71 points.
You press <<17>> and receive 69 points.
You press <<",37
6,29,1,13,0,rough,14,5,25,41,"You will be presented with a series of 16 different environments to explore.
In each trial, you can select an option between numbers 1 and 30 by pressing the corresponding key.
By selecting any of these options, you will earn points associated with each unique option.
Imagine these options 1 through 30 as lying next to each other in an ordered line; options closer to each other tend to have similar rewards as rewards tend to cluster together.
For each environment, you will be able to make either 5 or 10 choices.
When you made all your choices in a given environment, you will start making choices in the next unexplored environment.
The rewards underlying the different options are different in each environment so you will learn them anew for each environment.
Each environment starts with the value of a single option revealed.
When you choose the number corresponding to a different option, you will be told the value of that option and receive those points.
Previously revealed options, including the starting option, can also be reselected, although there may be small changes in the point value.
It is your task to gain as many points as possible across all 16 environments.

Environment number 1:
The value of option 26 is 47. You have 10 choices to make in this environment.
You press <<24>> and receive 27 points.
You press <<27>> and receive 46 points.
You press <<28>> and receive 43 points.
You press <<25>> and receive 33 points.
You press <<26>> and receive 48 points.
You press <<26>> and receive 48 points.
You press <<26>> and receive 47 points.
You press <<26>> and receive 48 points.
You press <<26>> and receive 47 points.
You press <<26>> and receive 48 points.

Environment number 2:
The value of option 17 is 42. You have 10 choices to make in this environment.
You press <<18>> and receive 51 points.
You press <<19>> and receive 48 points.
You press <<16>> and receive 51 points.
You press <<15>> and receive 68 points.
You press <<14>> and receive 43 points.
You press <<13>> and receive 21 points.
You press <<15>> and receive 68 points.
You press <<15>> and receive 68 points.
You press <<15>> and receive 67 points.
You press <<15>> and receive 67 points.

Environment number 3:
The value of option 20 is 65. You have 5 choices to make in this environment.
You press <<19>> and receive 47 points.
You press <<21>> and receive 41 points.
You press <<20>> and receive 66 points.
You press <<20>> and receive 67 points.
You press <<20>> and receive 64 points.

Environment number 4:
The value of option 7 is 73. You have 10 choices to make in this environment.
You press <<8>> and receive 80 points.
You press <<9>> and receive 55 points.
You press <<8>> and receive 78 points.
You press <<8>> and receive 79 points.
You press <<8>> and receive 76 points.
You press <<8>> and receive 78 points.
You press <<8>> and receive 80 points.
You press <<8>> and receive 78 points.
You press <<8>> and receive 80 points.
You press <<8>> and receive 79 points.

Environment number 5:
The value of option 17 is 72. You have 5 choices to make in this environment.
You press <<18>> and receive 53 points.
You press <<17>> and receive 72 points.
You press <<17>> and receive 71 points.
You press <<17>> and receive 69 points.
You press <<17>> and receive 73 points.

Environment number 6:
The value of option 14 is 25. You have 5 choices to make in this environment.
You press <<",37
6,29,2,12,0,rough,14,5,25,36,"You will be presented with a series of 16 different environments to explore.
In each trial, you can select an option between numbers 1 and 30 by pressing the corresponding key.
By selecting any of these options, you will earn points associated with each unique option.
Imagine these options 1 through 30 as lying next to each other in an ordered line; options closer to each other tend to have similar rewards as rewards tend to cluster together.
For each environment, you will be able to make either 5 or 10 choices.
When you made all your choices in a given environment, you will start making choices in the next unexplored environment.
The rewards underlying the different options are different in each environment so you will learn them anew for each environment.
Each environment starts with the value of a single option revealed.
When you choose the number corresponding to a different option, you will be told the value of that option and receive those points.
Previously revealed options, including the starting option, can also be reselected, although there may be small changes in the point value.
It is your task to gain as many points as possible across all 16 environments.

Environment number 1:
The value of option 26 is 47. You have 10 choices to make in this environment.
You press <<24>> and receive 27 points.
You press <<27>> and receive 46 points.
You press <<28>> and receive 43 points.
You press <<25>> and receive 33 points.
You press <<26>> and receive 48 points.
You press <<26>> and receive 48 points.
You press <<26>> and receive 47 points.
You press <<26>> and receive 48 points.
You press <<26>> and receive 47 points.
You press <<26>> and receive 48 points.

Environment number 2:
The value of option 17 is 42. You have 10 choices to make in this environment.
You press <<18>> and receive 51 points.
You press <<19>> and receive 48 points.
You press <<16>> and receive 51 points.
You press <<15>> and receive 68 points.
You press <<14>> and receive 43 points.
You press <<13>> and receive 21 points.
You press <<15>> and receive 68 points.
You press <<15>> and receive 68 points.
You press <<15>> and receive 67 points.
You press <<15>> and receive 67 points.

Environment number 3:
The value of option 20 is 65. You have 5 choices to make in this environment.
You press <<19>> and receive 47 points.
You press <<21>> and receive 41 points.
You press <<20>> and receive 66 points.
You press <<20>> and receive 67 points.
You press <<20>> and receive 64 points.

Environment number 4:
The value of option 7 is 73. You have 10 choices to make in this environment.
You press <<8>> and receive 80 points.
You press <<9>> and receive 55 points.
You press <<8>> and receive 78 points.
You press <<8>> and receive 79 points.
You press <<8>> and receive 76 points.
You press <<8>> and receive 78 points.
You press <<8>> and receive 80 points.
You press <<8>> and receive 78 points.
You press <<8>> and receive 80 points.
You press <<8>> and receive 79 points.

Environment number 5:
The value of option 17 is 72. You have 5 choices to make in this environment.
You press <<18>> and receive 53 points.
You press <<17>> and receive 72 points.
You press <<17>> and receive 71 points.
You press <<17>> and receive 69 points.
You press <<17>> and receive 73 points.

Environment number 6:
The value of option 14 is 25. You have 5 choices to make in this environment.
You press <<13>> and receive 41 points.
You press <<",37
6,29,3,15,0,rough,14,5,25,15,"You will be presented with a series of 16 different environments to explore.
In each trial, you can select an option between numbers 1 and 30 by pressing the corresponding key.
By selecting any of these options, you will earn points associated with each unique option.
Imagine these options 1 through 30 as lying next to each other in an ordered line; options closer to each other tend to have similar rewards as rewards tend to cluster together.
For each environment, you will be able to make either 5 or 10 choices.
When you made all your choices in a given environment, you will start making choices in the next unexplored environment.
The rewards underlying the different options are different in each environment so you will learn them anew for each environment.
Each environment starts with the value of a single option revealed.
When you choose the number corresponding to a different option, you will be told the value of that option and receive those points.
Previously revealed options, including the starting option, can also be reselected, although there may be small changes in the point value.
It is your task to gain as many points as possible across all 16 environments.

Environment number 1:
The value of option 26 is 47. You have 10 choices to make in this environment.
You press <<24>> and receive 27 points.
You press <<27>> and receive 46 points.
You press <<28>> and receive 43 points.
You press <<25>> and receive 33 points.
You press <<26>> and receive 48 points.
You press <<26>> and receive 48 points.
You press <<26>> and receive 47 points.
You press <<26>> and receive 48 points.
You press <<26>> and receive 47 points.
You press <<26>> and receive 48 points.

Environment number 2:
The value of option 17 is 42. You have 10 choices to make in this environment.
You press <<18>> and receive 51 points.
You press <<19>> and receive 48 points.
You press <<16>> and receive 51 points.
You press <<15>> and receive 68 points.
You press <<14>> and receive 43 points.
You press <<13>> and receive 21 points.
You press <<15>> and receive 68 points.
You press <<15>> and receive 68 points.
You press <<15>> and receive 67 points.
You press <<15>> and receive 67 points.

Environment number 3:
The value of option 20 is 65. You have 5 choices to make in this environment.
You press <<19>> and receive 47 points.
You press <<21>> and receive 41 points.
You press <<20>> and receive 66 points.
You press <<20>> and receive 67 points.
You press <<20>> and receive 64 points.

Environment number 4:
The value of option 7 is 73. You have 10 choices to make in this environment.
You press <<8>> and receive 80 points.
You press <<9>> and receive 55 points.
You press <<8>> and receive 78 points.
You press <<8>> and receive 79 points.
You press <<8>> and receive 76 points.
You press <<8>> and receive 78 points.
You press <<8>> and receive 80 points.
You press <<8>> and receive 78 points.
You press <<8>> and receive 80 points.
You press <<8>> and receive 79 points.

Environment number 5:
The value of option 17 is 72. You have 5 choices to make in this environment.
You press <<18>> and receive 53 points.
You press <<17>> and receive 72 points.
You press <<17>> and receive 71 points.
You press <<17>> and receive 69 points.
You press <<17>> and receive 73 points.

Environment number 6:
The value of option 14 is 25. You have 5 choices to make in this environment.
You press <<13>> and receive 41 points.
You press <<12>> and receive 36 points.
You press <<",37
6,29,4,16,0,rough,14,5,25,23,"You will be presented with a series of 16 different environments to explore.
In each trial, you can select an option between numbers 1 and 30 by pressing the corresponding key.
By selecting any of these options, you will earn points associated with each unique option.
Imagine these options 1 through 30 as lying next to each other in an ordered line; options closer to each other tend to have similar rewards as rewards tend to cluster together.
For each environment, you will be able to make either 5 or 10 choices.
When you made all your choices in a given environment, you will start making choices in the next unexplored environment.
The rewards underlying the different options are different in each environment so you will learn them anew for each environment.
Each environment starts with the value of a single option revealed.
When you choose the number corresponding to a different option, you will be told the value of that option and receive those points.
Previously revealed options, including the starting option, can also be reselected, although there may be small changes in the point value.
It is your task to gain as many points as possible across all 16 environments.

Environment number 1:
The value of option 26 is 47. You have 10 choices to make in this environment.
You press <<24>> and receive 27 points.
You press <<27>> and receive 46 points.
You press <<28>> and receive 43 points.
You press <<25>> and receive 33 points.
You press <<26>> and receive 48 points.
You press <<26>> and receive 48 points.
You press <<26>> and receive 47 points.
You press <<26>> and receive 48 points.
You press <<26>> and receive 47 points.
You press <<26>> and receive 48 points.

Environment number 2:
The value of option 17 is 42. You have 10 choices to make in this environment.
You press <<18>> and receive 51 points.
You press <<19>> and receive 48 points.
You press <<16>> and receive 51 points.
You press <<15>> and receive 68 points.
You press <<14>> and receive 43 points.
You press <<13>> and receive 21 points.
You press <<15>> and receive 68 points.
You press <<15>> and receive 68 points.
You press <<15>> and receive 67 points.
You press <<15>> and receive 67 points.

Environment number 3:
The value of option 20 is 65. You have 5 choices to make in this environment.
You press <<19>> and receive 47 points.
You press <<21>> and receive 41 points.
You press <<20>> and receive 66 points.
You press <<20>> and receive 67 points.
You press <<20>> and receive 64 points.

Environment number 4:
The value of option 7 is 73. You have 10 choices to make in this environment.
You press <<8>> and receive 80 points.
You press <<9>> and receive 55 points.
You press <<8>> and receive 78 points.
You press <<8>> and receive 79 points.
You press <<8>> and receive 76 points.
You press <<8>> and receive 78 points.
You press <<8>> and receive 80 points.
You press <<8>> and receive 78 points.
You press <<8>> and receive 80 points.
You press <<8>> and receive 79 points.

Environment number 5:
The value of option 17 is 72. You have 5 choices to make in this environment.
You press <<18>> and receive 53 points.
You press <<17>> and receive 72 points.
You press <<17>> and receive 71 points.
You press <<17>> and receive 69 points.
You press <<17>> and receive 73 points.

Environment number 6:
The value of option 14 is 25. You have 5 choices to make in this environment.
You press <<13>> and receive 41 points.
You press <<12>> and receive 36 points.
You press <<15>> and receive 15 points.
You press <<",37
6,29,5,13,0,rough,14,5,25,39,"You will be presented with a series of 16 different environments to explore.
In each trial, you can select an option between numbers 1 and 30 by pressing the corresponding key.
By selecting any of these options, you will earn points associated with each unique option.
Imagine these options 1 through 30 as lying next to each other in an ordered line; options closer to each other tend to have similar rewards as rewards tend to cluster together.
For each environment, you will be able to make either 5 or 10 choices.
When you made all your choices in a given environment, you will start making choices in the next unexplored environment.
The rewards underlying the different options are different in each environment so you will learn them anew for each environment.
Each environment starts with the value of a single option revealed.
When you choose the number corresponding to a different option, you will be told the value of that option and receive those points.
Previously revealed options, including the starting option, can also be reselected, although there may be small changes in the point value.
It is your task to gain as many points as possible across all 16 environments.

Environment number 1:
The value of option 26 is 47. You have 10 choices to make in this environment.
You press <<24>> and receive 27 points.
You press <<27>> and receive 46 points.
You press <<28>> and receive 43 points.
You press <<25>> and receive 33 points.
You press <<26>> and receive 48 points.
You press <<26>> and receive 48 points.
You press <<26>> and receive 47 points.
You press <<26>> and receive 48 points.
You press <<26>> and receive 47 points.
You press <<26>> and receive 48 points.

Environment number 2:
The value of option 17 is 42. You have 10 choices to make in this environment.
You press <<18>> and receive 51 points.
You press <<19>> and receive 48 points.
You press <<16>> and receive 51 points.
You press <<15>> and receive 68 points.
You press <<14>> and receive 43 points.
You press <<13>> and receive 21 points.
You press <<15>> and receive 68 points.
You press <<15>> and receive 68 points.
You press <<15>> and receive 67 points.
You press <<15>> and receive 67 points.

Environment number 3:
The value of option 20 is 65. You have 5 choices to make in this environment.
You press <<19>> and receive 47 points.
You press <<21>> and receive 41 points.
You press <<20>> and receive 66 points.
You press <<20>> and receive 67 points.
You press <<20>> and receive 64 points.

Environment number 4:
The value of option 7 is 73. You have 10 choices to make in this environment.
You press <<8>> and receive 80 points.
You press <<9>> and receive 55 points.
You press <<8>> and receive 78 points.
You press <<8>> and receive 79 points.
You press <<8>> and receive 76 points.
You press <<8>> and receive 78 points.
You press <<8>> and receive 80 points.
You press <<8>> and receive 78 points.
You press <<8>> and receive 80 points.
You press <<8>> and receive 79 points.

Environment number 5:
The value of option 17 is 72. You have 5 choices to make in this environment.
You press <<18>> and receive 53 points.
You press <<17>> and receive 72 points.
You press <<17>> and receive 71 points.
You press <<17>> and receive 69 points.
You press <<17>> and receive 73 points.

Environment number 6:
The value of option 14 is 25. You have 5 choices to make in this environment.
You press <<13>> and receive 41 points.
You press <<12>> and receive 36 points.
You press <<15>> and receive 15 points.
You press <<16>> and receive 23 points.
You press <<",37
7,34,1,4,0,rough,3,5,44,45,"You will be presented with a series of 16 different environments to explore.
In each trial, you can select an option between numbers 1 and 30 by pressing the corresponding key.
By selecting any of these options, you will earn points associated with each unique option.
Imagine these options 1 through 30 as lying next to each other in an ordered line; options closer to each other tend to have similar rewards as rewards tend to cluster together.
For each environment, you will be able to make either 5 or 10 choices.
When you made all your choices in a given environment, you will start making choices in the next unexplored environment.
The rewards underlying the different options are different in each environment so you will learn them anew for each environment.
Each environment starts with the value of a single option revealed.
When you choose the number corresponding to a different option, you will be told the value of that option and receive those points.
Previously revealed options, including the starting option, can also be reselected, although there may be small changes in the point value.
It is your task to gain as many points as possible across all 16 environments.

Environment number 1:
The value of option 26 is 47. You have 10 choices to make in this environment.
You press <<24>> and receive 27 points.
You press <<27>> and receive 46 points.
You press <<28>> and receive 43 points.
You press <<25>> and receive 33 points.
You press <<26>> and receive 48 points.
You press <<26>> and receive 48 points.
You press <<26>> and receive 47 points.
You press <<26>> and receive 48 points.
You press <<26>> and receive 47 points.
You press <<26>> and receive 48 points.

Environment number 2:
The value of option 17 is 42. You have 10 choices to make in this environment.
You press <<18>> and receive 51 points.
You press <<19>> and receive 48 points.
You press <<16>> and receive 51 points.
You press <<15>> and receive 68 points.
You press <<14>> and receive 43 points.
You press <<13>> and receive 21 points.
You press <<15>> and receive 68 points.
You press <<15>> and receive 68 points.
You press <<15>> and receive 67 points.
You press <<15>> and receive 67 points.

Environment number 3:
The value of option 20 is 65. You have 5 choices to make in this environment.
You press <<19>> and receive 47 points.
You press <<21>> and receive 41 points.
You press <<20>> and receive 66 points.
You press <<20>> and receive 67 points.
You press <<20>> and receive 64 points.

Environment number 4:
The value of option 7 is 73. You have 10 choices to make in this environment.
You press <<8>> and receive 80 points.
You press <<9>> and receive 55 points.
You press <<8>> and receive 78 points.
You press <<8>> and receive 79 points.
You press <<8>> and receive 76 points.
You press <<8>> and receive 78 points.
You press <<8>> and receive 80 points.
You press <<8>> and receive 78 points.
You press <<8>> and receive 80 points.
You press <<8>> and receive 79 points.

Environment number 5:
The value of option 17 is 72. You have 5 choices to make in this environment.
You press <<18>> and receive 53 points.
You press <<17>> and receive 72 points.
You press <<17>> and receive 71 points.
You press <<17>> and receive 69 points.
You press <<17>> and receive 73 points.

Environment number 6:
The value of option 14 is 25. You have 5 choices to make in this environment.
You press <<13>> and receive 41 points.
You press <<12>> and receive 36 points.
You press <<15>> and receive 15 points.
You press <<16>> and receive 23 points.
You press <<13>> and receive 39 points.

Environment number 7:
The value of option 3 is 44. You have 5 choices to make in this environment.
You press <<",37
7,34,2,5,0,rough,3,5,44,38,"You will be presented with a series of 16 different environments to explore.
In each trial, you can select an option between numbers 1 and 30 by pressing the corresponding key.
By selecting any of these options, you will earn points associated with each unique option.
Imagine these options 1 through 30 as lying next to each other in an ordered line; options closer to each other tend to have similar rewards as rewards tend to cluster together.
For each environment, you will be able to make either 5 or 10 choices.
When you made all your choices in a given environment, you will start making choices in the next unexplored environment.
The rewards underlying the different options are different in each environment so you will learn them anew for each environment.
Each environment starts with the value of a single option revealed.
When you choose the number corresponding to a different option, you will be told the value of that option and receive those points.
Previously revealed options, including the starting option, can also be reselected, although there may be small changes in the point value.
It is your task to gain as many points as possible across all 16 environments.

Environment number 1:
The value of option 26 is 47. You have 10 choices to make in this environment.
You press <<24>> and receive 27 points.
You press <<27>> and receive 46 points.
You press <<28>> and receive 43 points.
You press <<25>> and receive 33 points.
You press <<26>> and receive 48 points.
You press <<26>> and receive 48 points.
You press <<26>> and receive 47 points.
You press <<26>> and receive 48 points.
You press <<26>> and receive 47 points.
You press <<26>> and receive 48 points.

Environment number 2:
The value of option 17 is 42. You have 10 choices to make in this environment.
You press <<18>> and receive 51 points.
You press <<19>> and receive 48 points.
You press <<16>> and receive 51 points.
You press <<15>> and receive 68 points.
You press <<14>> and receive 43 points.
You press <<13>> and receive 21 points.
You press <<15>> and receive 68 points.
You press <<15>> and receive 68 points.
You press <<15>> and receive 67 points.
You press <<15>> and receive 67 points.

Environment number 3:
The value of option 20 is 65. You have 5 choices to make in this environment.
You press <<19>> and receive 47 points.
You press <<21>> and receive 41 points.
You press <<20>> and receive 66 points.
You press <<20>> and receive 67 points.
You press <<20>> and receive 64 points.

Environment number 4:
The value of option 7 is 73. You have 10 choices to make in this environment.
You press <<8>> and receive 80 points.
You press <<9>> and receive 55 points.
You press <<8>> and receive 78 points.
You press <<8>> and receive 79 points.
You press <<8>> and receive 76 points.
You press <<8>> and receive 78 points.
You press <<8>> and receive 80 points.
You press <<8>> and receive 78 points.
You press <<8>> and receive 80 points.
You press <<8>> and receive 79 points.

Environment number 5:
The value of option 17 is 72. You have 5 choices to make in this environment.
You press <<18>> and receive 53 points.
You press <<17>> and receive 72 points.
You press <<17>> and receive 71 points.
You press <<17>> and receive 69 points.
You press <<17>> and receive 73 points.

Environment number 6:
The value of option 14 is 25. You have 5 choices to make in this environment.
You press <<13>> and receive 41 points.
You press <<12>> and receive 36 points.
You press <<15>> and receive 15 points.
You press <<16>> and receive 23 points.
You press <<13>> and receive 39 points.

Environment number 7:
The value of option 3 is 44. You have 5 choices to make in this environment.
You press <<4>> and receive 45 points.
You press <<",37
7,34,3,2,0,rough,3,5,44,61,"You will be presented with a series of 16 different environments to explore.
In each trial, you can select an option between numbers 1 and 30 by pressing the corresponding key.
By selecting any of these options, you will earn points associated with each unique option.
Imagine these options 1 through 30 as lying next to each other in an ordered line; options closer to each other tend to have similar rewards as rewards tend to cluster together.
For each environment, you will be able to make either 5 or 10 choices.
When you made all your choices in a given environment, you will start making choices in the next unexplored environment.
The rewards underlying the different options are different in each environment so you will learn them anew for each environment.
Each environment starts with the value of a single option revealed.
When you choose the number corresponding to a different option, you will be told the value of that option and receive those points.
Previously revealed options, including the starting option, can also be reselected, although there may be small changes in the point value.
It is your task to gain as many points as possible across all 16 environments.

Environment number 1:
The value of option 26 is 47. You have 10 choices to make in this environment.
You press <<24>> and receive 27 points.
You press <<27>> and receive 46 points.
You press <<28>> and receive 43 points.
You press <<25>> and receive 33 points.
You press <<26>> and receive 48 points.
You press <<26>> and receive 48 points.
You press <<26>> and receive 47 points.
You press <<26>> and receive 48 points.
You press <<26>> and receive 47 points.
You press <<26>> and receive 48 points.

Environment number 2:
The value of option 17 is 42. You have 10 choices to make in this environment.
You press <<18>> and receive 51 points.
You press <<19>> and receive 48 points.
You press <<16>> and receive 51 points.
You press <<15>> and receive 68 points.
You press <<14>> and receive 43 points.
You press <<13>> and receive 21 points.
You press <<15>> and receive 68 points.
You press <<15>> and receive 68 points.
You press <<15>> and receive 67 points.
You press <<15>> and receive 67 points.

Environment number 3:
The value of option 20 is 65. You have 5 choices to make in this environment.
You press <<19>> and receive 47 points.
You press <<21>> and receive 41 points.
You press <<20>> and receive 66 points.
You press <<20>> and receive 67 points.
You press <<20>> and receive 64 points.

Environment number 4:
The value of option 7 is 73. You have 10 choices to make in this environment.
You press <<8>> and receive 80 points.
You press <<9>> and receive 55 points.
You press <<8>> and receive 78 points.
You press <<8>> and receive 79 points.
You press <<8>> and receive 76 points.
You press <<8>> and receive 78 points.
You press <<8>> and receive 80 points.
You press <<8>> and receive 78 points.
You press <<8>> and receive 80 points.
You press <<8>> and receive 79 points.

Environment number 5:
The value of option 17 is 72. You have 5 choices to make in this environment.
You press <<18>> and receive 53 points.
You press <<17>> and receive 72 points.
You press <<17>> and receive 71 points.
You press <<17>> and receive 69 points.
You press <<17>> and receive 73 points.

Environment number 6:
The value of option 14 is 25. You have 5 choices to make in this environment.
You press <<13>> and receive 41 points.
You press <<12>> and receive 36 points.
You press <<15>> and receive 15 points.
You press <<16>> and receive 23 points.
You press <<13>> and receive 39 points.

Environment number 7:
The value of option 3 is 44. You have 5 choices to make in this environment.
You press <<4>> and receive 45 points.
You press <<5>> and receive 38 points.
You press <<",37
7,34,4,1,0,rough,3,5,44,62,"You will be presented with a series of 16 different environments to explore.
In each trial, you can select an option between numbers 1 and 30 by pressing the corresponding key.
By selecting any of these options, you will earn points associated with each unique option.
Imagine these options 1 through 30 as lying next to each other in an ordered line; options closer to each other tend to have similar rewards as rewards tend to cluster together.
For each environment, you will be able to make either 5 or 10 choices.
When you made all your choices in a given environment, you will start making choices in the next unexplored environment.
The rewards underlying the different options are different in each environment so you will learn them anew for each environment.
Each environment starts with the value of a single option revealed.
When you choose the number corresponding to a different option, you will be told the value of that option and receive those points.
Previously revealed options, including the starting option, can also be reselected, although there may be small changes in the point value.
It is your task to gain as many points as possible across all 16 environments.

Environment number 1:
The value of option 26 is 47. You have 10 choices to make in this environment.
You press <<24>> and receive 27 points.
You press <<27>> and receive 46 points.
You press <<28>> and receive 43 points.
You press <<25>> and receive 33 points.
You press <<26>> and receive 48 points.
You press <<26>> and receive 48 points.
You press <<26>> and receive 47 points.
You press <<26>> and receive 48 points.
You press <<26>> and receive 47 points.
You press <<26>> and receive 48 points.

Environment number 2:
The value of option 17 is 42. You have 10 choices to make in this environment.
You press <<18>> and receive 51 points.
You press <<19>> and receive 48 points.
You press <<16>> and receive 51 points.
You press <<15>> and receive 68 points.
You press <<14>> and receive 43 points.
You press <<13>> and receive 21 points.
You press <<15>> and receive 68 points.
You press <<15>> and receive 68 points.
You press <<15>> and receive 67 points.
You press <<15>> and receive 67 points.

Environment number 3:
The value of option 20 is 65. You have 5 choices to make in this environment.
You press <<19>> and receive 47 points.
You press <<21>> and receive 41 points.
You press <<20>> and receive 66 points.
You press <<20>> and receive 67 points.
You press <<20>> and receive 64 points.

Environment number 4:
The value of option 7 is 73. You have 10 choices to make in this environment.
You press <<8>> and receive 80 points.
You press <<9>> and receive 55 points.
You press <<8>> and receive 78 points.
You press <<8>> and receive 79 points.
You press <<8>> and receive 76 points.
You press <<8>> and receive 78 points.
You press <<8>> and receive 80 points.
You press <<8>> and receive 78 points.
You press <<8>> and receive 80 points.
You press <<8>> and receive 79 points.

Environment number 5:
The value of option 17 is 72. You have 5 choices to make in this environment.
You press <<18>> and receive 53 points.
You press <<17>> and receive 72 points.
You press <<17>> and receive 71 points.
You press <<17>> and receive 69 points.
You press <<17>> and receive 73 points.

Environment number 6:
The value of option 14 is 25. You have 5 choices to make in this environment.
You press <<13>> and receive 41 points.
You press <<12>> and receive 36 points.
You press <<15>> and receive 15 points.
You press <<16>> and receive 23 points.
You press <<13>> and receive 39 points.

Environment number 7:
The value of option 3 is 44. You have 5 choices to make in this environment.
You press <<4>> and receive 45 points.
You press <<5>> and receive 38 points.
You press <<2>> and receive 61 points.
You press <<",37
7,34,5,1,0,rough,3,5,44,60,"You will be presented with a series of 16 different environments to explore.
In each trial, you can select an option between numbers 1 and 30 by pressing the corresponding key.
By selecting any of these options, you will earn points associated with each unique option.
Imagine these options 1 through 30 as lying next to each other in an ordered line; options closer to each other tend to have similar rewards as rewards tend to cluster together.
For each environment, you will be able to make either 5 or 10 choices.
When you made all your choices in a given environment, you will start making choices in the next unexplored environment.
The rewards underlying the different options are different in each environment so you will learn them anew for each environment.
Each environment starts with the value of a single option revealed.
When you choose the number corresponding to a different option, you will be told the value of that option and receive those points.
Previously revealed options, including the starting option, can also be reselected, although there may be small changes in the point value.
It is your task to gain as many points as possible across all 16 environments.

Environment number 1:
The value of option 26 is 47. You have 10 choices to make in this environment.
You press <<24>> and receive 27 points.
You press <<27>> and receive 46 points.
You press <<28>> and receive 43 points.
You press <<25>> and receive 33 points.
You press <<26>> and receive 48 points.
You press <<26>> and receive 48 points.
You press <<26>> and receive 47 points.
You press <<26>> and receive 48 points.
You press <<26>> and receive 47 points.
You press <<26>> and receive 48 points.

Environment number 2:
The value of option 17 is 42. You have 10 choices to make in this environment.
You press <<18>> and receive 51 points.
You press <<19>> and receive 48 points.
You press <<16>> and receive 51 points.
You press <<15>> and receive 68 points.
You press <<14>> and receive 43 points.
You press <<13>> and receive 21 points.
You press <<15>> and receive 68 points.
You press <<15>> and receive 68 points.
You press <<15>> and receive 67 points.
You press <<15>> and receive 67 points.

Environment number 3:
The value of option 20 is 65. You have 5 choices to make in this environment.
You press <<19>> and receive 47 points.
You press <<21>> and receive 41 points.
You press <<20>> and receive 66 points.
You press <<20>> and receive 67 points.
You press <<20>> and receive 64 points.

Environment number 4:
The value of option 7 is 73. You have 10 choices to make in this environment.
You press <<8>> and receive 80 points.
You press <<9>> and receive 55 points.
You press <<8>> and receive 78 points.
You press <<8>> and receive 79 points.
You press <<8>> and receive 76 points.
You press <<8>> and receive 78 points.
You press <<8>> and receive 80 points.
You press <<8>> and receive 78 points.
You press <<8>> and receive 80 points.
You press <<8>> and receive 79 points.

Environment number 5:
The value of option 17 is 72. You have 5 choices to make in this environment.
You press <<18>> and receive 53 points.
You press <<17>> and receive 72 points.
You press <<17>> and receive 71 points.
You press <<17>> and receive 69 points.
You press <<17>> and receive 73 points.

Environment number 6:
The value of option 14 is 25. You have 5 choices to make in this environment.
You press <<13>> and receive 41 points.
You press <<12>> and receive 36 points.
You press <<15>> and receive 15 points.
You press <<16>> and receive 23 points.
You press <<13>> and receive 39 points.

Environment number 7:
The value of option 3 is 44. You have 5 choices to make in this environment.
You press <<4>> and receive 45 points.
You press <<5>> and receive 38 points.
You press <<2>> and receive 61 points.
You press <<1>> and receive 62 points.
You press <<",37
8,7,1,2,0,rough,1,10,1,12,"You will be presented with a series of 16 different environments to explore.
In each trial, you can select an option between numbers 1 and 30 by pressing the corresponding key.
By selecting any of these options, you will earn points associated with each unique option.
Imagine these options 1 through 30 as lying next to each other in an ordered line; options closer to each other tend to have similar rewards as rewards tend to cluster together.
For each environment, you will be able to make either 5 or 10 choices.
When you made all your choices in a given environment, you will start making choices in the next unexplored environment.
The rewards underlying the different options are different in each environment so you will learn them anew for each environment.
Each environment starts with the value of a single option revealed.
When you choose the number corresponding to a different option, you will be told the value of that option and receive those points.
Previously revealed options, including the starting option, can also be reselected, although there may be small changes in the point value.
It is your task to gain as many points as possible across all 16 environments.

Environment number 1:
The value of option 26 is 47. You have 10 choices to make in this environment.
You press <<24>> and receive 27 points.
You press <<27>> and receive 46 points.
You press <<28>> and receive 43 points.
You press <<25>> and receive 33 points.
You press <<26>> and receive 48 points.
You press <<26>> and receive 48 points.
You press <<26>> and receive 47 points.
You press <<26>> and receive 48 points.
You press <<26>> and receive 47 points.
You press <<26>> and receive 48 points.

Environment number 2:
The value of option 17 is 42. You have 10 choices to make in this environment.
You press <<18>> and receive 51 points.
You press <<19>> and receive 48 points.
You press <<16>> and receive 51 points.
You press <<15>> and receive 68 points.
You press <<14>> and receive 43 points.
You press <<13>> and receive 21 points.
You press <<15>> and receive 68 points.
You press <<15>> and receive 68 points.
You press <<15>> and receive 67 points.
You press <<15>> and receive 67 points.

Environment number 3:
The value of option 20 is 65. You have 5 choices to make in this environment.
You press <<19>> and receive 47 points.
You press <<21>> and receive 41 points.
You press <<20>> and receive 66 points.
You press <<20>> and receive 67 points.
You press <<20>> and receive 64 points.

Environment number 4:
The value of option 7 is 73. You have 10 choices to make in this environment.
You press <<8>> and receive 80 points.
You press <<9>> and receive 55 points.
You press <<8>> and receive 78 points.
You press <<8>> and receive 79 points.
You press <<8>> and receive 76 points.
You press <<8>> and receive 78 points.
You press <<8>> and receive 80 points.
You press <<8>> and receive 78 points.
You press <<8>> and receive 80 points.
You press <<8>> and receive 79 points.

Environment number 5:
The value of option 17 is 72. You have 5 choices to make in this environment.
You press <<18>> and receive 53 points.
You press <<17>> and receive 72 points.
You press <<17>> and receive 71 points.
You press <<17>> and receive 69 points.
You press <<17>> and receive 73 points.

Environment number 6:
The value of option 14 is 25. You have 5 choices to make in this environment.
You press <<13>> and receive 41 points.
You press <<12>> and receive 36 points.
You press <<15>> and receive 15 points.
You press <<16>> and receive 23 points.
You press <<13>> and receive 39 points.

Environment number 7:
The value of option 3 is 44. You have 5 choices to make in this environment.
You press <<4>> and receive 45 points.
You press <<5>> and receive 38 points.
You press <<2>> and receive 61 points.
You press <<1>> and receive 62 points.
You press <<1>> and receive 60 points.

Environment number 8:
The value of option 1 is 1. You have 10 choices to make in this environment.
You press <<",37
8,7,2,3,0,rough,1,10,1,51,"You will be presented with a series of 16 different environments to explore.
In each trial, you can select an option between numbers 1 and 30 by pressing the corresponding key.
By selecting any of these options, you will earn points associated with each unique option.
Imagine these options 1 through 30 as lying next to each other in an ordered line; options closer to each other tend to have similar rewards as rewards tend to cluster together.
For each environment, you will be able to make either 5 or 10 choices.
When you made all your choices in a given environment, you will start making choices in the next unexplored environment.
The rewards underlying the different options are different in each environment so you will learn them anew for each environment.
Each environment starts with the value of a single option revealed.
When you choose the number corresponding to a different option, you will be told the value of that option and receive those points.
Previously revealed options, including the starting option, can also be reselected, although there may be small changes in the point value.
It is your task to gain as many points as possible across all 16 environments.

Environment number 1:
The value of option 26 is 47. You have 10 choices to make in this environment.
You press <<24>> and receive 27 points.
You press <<27>> and receive 46 points.
You press <<28>> and receive 43 points.
You press <<25>> and receive 33 points.
You press <<26>> and receive 48 points.
You press <<26>> and receive 48 points.
You press <<26>> and receive 47 points.
You press <<26>> and receive 48 points.
You press <<26>> and receive 47 points.
You press <<26>> and receive 48 points.

Environment number 2:
The value of option 17 is 42. You have 10 choices to make in this environment.
You press <<18>> and receive 51 points.
You press <<19>> and receive 48 points.
You press <<16>> and receive 51 points.
You press <<15>> and receive 68 points.
You press <<14>> and receive 43 points.
You press <<13>> and receive 21 points.
You press <<15>> and receive 68 points.
You press <<15>> and receive 68 points.
You press <<15>> and receive 67 points.
You press <<15>> and receive 67 points.

Environment number 3:
The value of option 20 is 65. You have 5 choices to make in this environment.
You press <<19>> and receive 47 points.
You press <<21>> and receive 41 points.
You press <<20>> and receive 66 points.
You press <<20>> and receive 67 points.
You press <<20>> and receive 64 points.

Environment number 4:
The value of option 7 is 73. You have 10 choices to make in this environment.
You press <<8>> and receive 80 points.
You press <<9>> and receive 55 points.
You press <<8>> and receive 78 points.
You press <<8>> and receive 79 points.
You press <<8>> and receive 76 points.
You press <<8>> and receive 78 points.
You press <<8>> and receive 80 points.
You press <<8>> and receive 78 points.
You press <<8>> and receive 80 points.
You press <<8>> and receive 79 points.

Environment number 5:
The value of option 17 is 72. You have 5 choices to make in this environment.
You press <<18>> and receive 53 points.
You press <<17>> and receive 72 points.
You press <<17>> and receive 71 points.
You press <<17>> and receive 69 points.
You press <<17>> and receive 73 points.

Environment number 6:
The value of option 14 is 25. You have 5 choices to make in this environment.
You press <<13>> and receive 41 points.
You press <<12>> and receive 36 points.
You press <<15>> and receive 15 points.
You press <<16>> and receive 23 points.
You press <<13>> and receive 39 points.

Environment number 7:
The value of option 3 is 44. You have 5 choices to make in this environment.
You press <<4>> and receive 45 points.
You press <<5>> and receive 38 points.
You press <<2>> and receive 61 points.
You press <<1>> and receive 62 points.
You press <<1>> and receive 60 points.

Environment number 8:
The value of option 1 is 1. You have 10 choices to make in this environment.
You press <<2>> and receive 12 points.
You press <<",37
8,7,3,4,0,rough,1,10,1,29,"You will be presented with a series of 16 different environments to explore.
In each trial, you can select an option between numbers 1 and 30 by pressing the corresponding key.
By selecting any of these options, you will earn points associated with each unique option.
Imagine these options 1 through 30 as lying next to each other in an ordered line; options closer to each other tend to have similar rewards as rewards tend to cluster together.
For each environment, you will be able to make either 5 or 10 choices.
When you made all your choices in a given environment, you will start making choices in the next unexplored environment.
The rewards underlying the different options are different in each environment so you will learn them anew for each environment.
Each environment starts with the value of a single option revealed.
When you choose the number corresponding to a different option, you will be told the value of that option and receive those points.
Previously revealed options, including the starting option, can also be reselected, although there may be small changes in the point value.
It is your task to gain as many points as possible across all 16 environments.

Environment number 1:
The value of option 26 is 47. You have 10 choices to make in this environment.
You press <<24>> and receive 27 points.
You press <<27>> and receive 46 points.
You press <<28>> and receive 43 points.
You press <<25>> and receive 33 points.
You press <<26>> and receive 48 points.
You press <<26>> and receive 48 points.
You press <<26>> and receive 47 points.
You press <<26>> and receive 48 points.
You press <<26>> and receive 47 points.
You press <<26>> and receive 48 points.

Environment number 2:
The value of option 17 is 42. You have 10 choices to make in this environment.
You press <<18>> and receive 51 points.
You press <<19>> and receive 48 points.
You press <<16>> and receive 51 points.
You press <<15>> and receive 68 points.
You press <<14>> and receive 43 points.
You press <<13>> and receive 21 points.
You press <<15>> and receive 68 points.
You press <<15>> and receive 68 points.
You press <<15>> and receive 67 points.
You press <<15>> and receive 67 points.

Environment number 3:
The value of option 20 is 65. You have 5 choices to make in this environment.
You press <<19>> and receive 47 points.
You press <<21>> and receive 41 points.
You press <<20>> and receive 66 points.
You press <<20>> and receive 67 points.
You press <<20>> and receive 64 points.

Environment number 4:
The value of option 7 is 73. You have 10 choices to make in this environment.
You press <<8>> and receive 80 points.
You press <<9>> and receive 55 points.
You press <<8>> and receive 78 points.
You press <<8>> and receive 79 points.
You press <<8>> and receive 76 points.
You press <<8>> and receive 78 points.
You press <<8>> and receive 80 points.
You press <<8>> and receive 78 points.
You press <<8>> and receive 80 points.
You press <<8>> and receive 79 points.

Environment number 5:
The value of option 17 is 72. You have 5 choices to make in this environment.
You press <<18>> and receive 53 points.
You press <<17>> and receive 72 points.
You press <<17>> and receive 71 points.
You press <<17>> and receive 69 points.
You press <<17>> and receive 73 points.

Environment number 6:
The value of option 14 is 25. You have 5 choices to make in this environment.
You press <<13>> and receive 41 points.
You press <<12>> and receive 36 points.
You press <<15>> and receive 15 points.
You press <<16>> and receive 23 points.
You press <<13>> and receive 39 points.

Environment number 7:
The value of option 3 is 44. You have 5 choices to make in this environment.
You press <<4>> and receive 45 points.
You press <<5>> and receive 38 points.
You press <<2>> and receive 61 points.
You press <<1>> and receive 62 points.
You press <<1>> and receive 60 points.

Environment number 8:
The value of option 1 is 1. You have 10 choices to make in this environment.
You press <<2>> and receive 12 points.
You press <<3>> and receive 51 points.
You press <<",37
8,7,4,3,0,rough,1,10,1,49,"You will be presented with a series of 16 different environments to explore.
In each trial, you can select an option between numbers 1 and 30 by pressing the corresponding key.
By selecting any of these options, you will earn points associated with each unique option.
Imagine these options 1 through 30 as lying next to each other in an ordered line; options closer to each other tend to have similar rewards as rewards tend to cluster together.
For each environment, you will be able to make either 5 or 10 choices.
When you made all your choices in a given environment, you will start making choices in the next unexplored environment.
The rewards underlying the different options are different in each environment so you will learn them anew for each environment.
Each environment starts with the value of a single option revealed.
When you choose the number corresponding to a different option, you will be told the value of that option and receive those points.
Previously revealed options, including the starting option, can also be reselected, although there may be small changes in the point value.
It is your task to gain as many points as possible across all 16 environments.

Environment number 1:
The value of option 26 is 47. You have 10 choices to make in this environment.
You press <<24>> and receive 27 points.
You press <<27>> and receive 46 points.
You press <<28>> and receive 43 points.
You press <<25>> and receive 33 points.
You press <<26>> and receive 48 points.
You press <<26>> and receive 48 points.
You press <<26>> and receive 47 points.
You press <<26>> and receive 48 points.
You press <<26>> and receive 47 points.
You press <<26>> and receive 48 points.

Environment number 2:
The value of option 17 is 42. You have 10 choices to make in this environment.
You press <<18>> and receive 51 points.
You press <<19>> and receive 48 points.
You press <<16>> and receive 51 points.
You press <<15>> and receive 68 points.
You press <<14>> and receive 43 points.
You press <<13>> and receive 21 points.
You press <<15>> and receive 68 points.
You press <<15>> and receive 68 points.
You press <<15>> and receive 67 points.
You press <<15>> and receive 67 points.

Environment number 3:
The value of option 20 is 65. You have 5 choices to make in this environment.
You press <<19>> and receive 47 points.
You press <<21>> and receive 41 points.
You press <<20>> and receive 66 points.
You press <<20>> and receive 67 points.
You press <<20>> and receive 64 points.

Environment number 4:
The value of option 7 is 73. You have 10 choices to make in this environment.
You press <<8>> and receive 80 points.
You press <<9>> and receive 55 points.
You press <<8>> and receive 78 points.
You press <<8>> and receive 79 points.
You press <<8>> and receive 76 points.
You press <<8>> and receive 78 points.
You press <<8>> and receive 80 points.
You press <<8>> and receive 78 points.
You press <<8>> and receive 80 points.
You press <<8>> and receive 79 points.

Environment number 5:
The value of option 17 is 72. You have 5 choices to make in this environment.
You press <<18>> and receive 53 points.
You press <<17>> and receive 72 points.
You press <<17>> and receive 71 points.
You press <<17>> and receive 69 points.
You press <<17>> and receive 73 points.

Environment number 6:
The value of option 14 is 25. You have 5 choices to make in this environment.
You press <<13>> and receive 41 points.
You press <<12>> and receive 36 points.
You press <<15>> and receive 15 points.
You press <<16>> and receive 23 points.
You press <<13>> and receive 39 points.

Environment number 7:
The value of option 3 is 44. You have 5 choices to make in this environment.
You press <<4>> and receive 45 points.
You press <<5>> and receive 38 points.
You press <<2>> and receive 61 points.
You press <<1>> and receive 62 points.
You press <<1>> and receive 60 points.

Environment number 8:
The value of option 1 is 1. You have 10 choices to make in this environment.
You press <<2>> and receive 12 points.
You press <<3>> and receive 51 points.
You press <<4>> and receive 29 points.
You press <<",37
8,7,5,3,0,rough,1,10,1,50,"You will be presented with a series of 16 different environments to explore.
In each trial, you can select an option between numbers 1 and 30 by pressing the corresponding key.
By selecting any of these options, you will earn points associated with each unique option.
Imagine these options 1 through 30 as lying next to each other in an ordered line; options closer to each other tend to have similar rewards as rewards tend to cluster together.
For each environment, you will be able to make either 5 or 10 choices.
When you made all your choices in a given environment, you will start making choices in the next unexplored environment.
The rewards underlying the different options are different in each environment so you will learn them anew for each environment.
Each environment starts with the value of a single option revealed.
When you choose the number corresponding to a different option, you will be told the value of that option and receive those points.
Previously revealed options, including the starting option, can also be reselected, although there may be small changes in the point value.
It is your task to gain as many points as possible across all 16 environments.

Environment number 1:
The value of option 26 is 47. You have 10 choices to make in this environment.
You press <<24>> and receive 27 points.
You press <<27>> and receive 46 points.
You press <<28>> and receive 43 points.
You press <<25>> and receive 33 points.
You press <<26>> and receive 48 points.
You press <<26>> and receive 48 points.
You press <<26>> and receive 47 points.
You press <<26>> and receive 48 points.
You press <<26>> and receive 47 points.
You press <<26>> and receive 48 points.

Environment number 2:
The value of option 17 is 42. You have 10 choices to make in this environment.
You press <<18>> and receive 51 points.
You press <<19>> and receive 48 points.
You press <<16>> and receive 51 points.
You press <<15>> and receive 68 points.
You press <<14>> and receive 43 points.
You press <<13>> and receive 21 points.
You press <<15>> and receive 68 points.
You press <<15>> and receive 68 points.
You press <<15>> and receive 67 points.
You press <<15>> and receive 67 points.

Environment number 3:
The value of option 20 is 65. You have 5 choices to make in this environment.
You press <<19>> and receive 47 points.
You press <<21>> and receive 41 points.
You press <<20>> and receive 66 points.
You press <<20>> and receive 67 points.
You press <<20>> and receive 64 points.

Environment number 4:
The value of option 7 is 73. You have 10 choices to make in this environment.
You press <<8>> and receive 80 points.
You press <<9>> and receive 55 points.
You press <<8>> and receive 78 points.
You press <<8>> and receive 79 points.
You press <<8>> and receive 76 points.
You press <<8>> and receive 78 points.
You press <<8>> and receive 80 points.
You press <<8>> and receive 78 points.
You press <<8>> and receive 80 points.
You press <<8>> and receive 79 points.

Environment number 5:
The value of option 17 is 72. You have 5 choices to make in this environment.
You press <<18>> and receive 53 points.
You press <<17>> and receive 72 points.
You press <<17>> and receive 71 points.
You press <<17>> and receive 69 points.
You press <<17>> and receive 73 points.

Environment number 6:
The value of option 14 is 25. You have 5 choices to make in this environment.
You press <<13>> and receive 41 points.
You press <<12>> and receive 36 points.
You press <<15>> and receive 15 points.
You press <<16>> and receive 23 points.
You press <<13>> and receive 39 points.

Environment number 7:
The value of option 3 is 44. You have 5 choices to make in this environment.
You press <<4>> and receive 45 points.
You press <<5>> and receive 38 points.
You press <<2>> and receive 61 points.
You press <<1>> and receive 62 points.
You press <<1>> and receive 60 points.

Environment number 8:
The value of option 1 is 1. You have 10 choices to make in this environment.
You press <<2>> and receive 12 points.
You press <<3>> and receive 51 points.
You press <<4>> and receive 29 points.
You press <<3>> and receive 49 points.
You press <<",37
8,7,6,3,0,rough,1,10,1,49,"You will be presented with a series of 16 different environments to explore.
In each trial, you can select an option between numbers 1 and 30 by pressing the corresponding key.
By selecting any of these options, you will earn points associated with each unique option.
Imagine these options 1 through 30 as lying next to each other in an ordered line; options closer to each other tend to have similar rewards as rewards tend to cluster together.
For each environment, you will be able to make either 5 or 10 choices.
When you made all your choices in a given environment, you will start making choices in the next unexplored environment.
The rewards underlying the different options are different in each environment so you will learn them anew for each environment.
Each environment starts with the value of a single option revealed.
When you choose the number corresponding to a different option, you will be told the value of that option and receive those points.
Previously revealed options, including the starting option, can also be reselected, although there may be small changes in the point value.
It is your task to gain as many points as possible across all 16 environments.

Environment number 1:
The value of option 26 is 47. You have 10 choices to make in this environment.
You press <<24>> and receive 27 points.
You press <<27>> and receive 46 points.
You press <<28>> and receive 43 points.
You press <<25>> and receive 33 points.
You press <<26>> and receive 48 points.
You press <<26>> and receive 48 points.
You press <<26>> and receive 47 points.
You press <<26>> and receive 48 points.
You press <<26>> and receive 47 points.
You press <<26>> and receive 48 points.

Environment number 2:
The value of option 17 is 42. You have 10 choices to make in this environment.
You press <<18>> and receive 51 points.
You press <<19>> and receive 48 points.
You press <<16>> and receive 51 points.
You press <<15>> and receive 68 points.
You press <<14>> and receive 43 points.
You press <<13>> and receive 21 points.
You press <<15>> and receive 68 points.
You press <<15>> and receive 68 points.
You press <<15>> and receive 67 points.
You press <<15>> and receive 67 points.

Environment number 3:
The value of option 20 is 65. You have 5 choices to make in this environment.
You press <<19>> and receive 47 points.
You press <<21>> and receive 41 points.
You press <<20>> and receive 66 points.
You press <<20>> and receive 67 points.
You press <<20>> and receive 64 points.

Environment number 4:
The value of option 7 is 73. You have 10 choices to make in this environment.
You press <<8>> and receive 80 points.
You press <<9>> and receive 55 points.
You press <<8>> and receive 78 points.
You press <<8>> and receive 79 points.
You press <<8>> and receive 76 points.
You press <<8>> and receive 78 points.
You press <<8>> and receive 80 points.
You press <<8>> and receive 78 points.
You press <<8>> and receive 80 points.
You press <<8>> and receive 79 points.

Environment number 5:
The value of option 17 is 72. You have 5 choices to make in this environment.
You press <<18>> and receive 53 points.
You press <<17>> and receive 72 points.
You press <<17>> and receive 71 points.
You press <<17>> and receive 69 points.
You press <<17>> and receive 73 points.

Environment number 6:
The value of option 14 is 25. You have 5 choices to make in this environment.
You press <<13>> and receive 41 points.
You press <<12>> and receive 36 points.
You press <<15>> and receive 15 points.
You press <<16>> and receive 23 points.
You press <<13>> and receive 39 points.

Environment number 7:
The value of option 3 is 44. You have 5 choices to make in this environment.
You press <<4>> and receive 45 points.
You press <<5>> and receive 38 points.
You press <<2>> and receive 61 points.
You press <<1>> and receive 62 points.
You press <<1>> and receive 60 points.

Environment number 8:
The value of option 1 is 1. You have 10 choices to make in this environment.
You press <<2>> and receive 12 points.
You press <<3>> and receive 51 points.
You press <<4>> and receive 29 points.
You press <<3>> and receive 49 points.
You press <<3>> and receive 50 points.
You press <<",37
8,7,7,3,0,rough,1,10,1,49,"You will be presented with a series of 16 different environments to explore.
In each trial, you can select an option between numbers 1 and 30 by pressing the corresponding key.
By selecting any of these options, you will earn points associated with each unique option.
Imagine these options 1 through 30 as lying next to each other in an ordered line; options closer to each other tend to have similar rewards as rewards tend to cluster together.
For each environment, you will be able to make either 5 or 10 choices.
When you made all your choices in a given environment, you will start making choices in the next unexplored environment.
The rewards underlying the different options are different in each environment so you will learn them anew for each environment.
Each environment starts with the value of a single option revealed.
When you choose the number corresponding to a different option, you will be told the value of that option and receive those points.
Previously revealed options, including the starting option, can also be reselected, although there may be small changes in the point value.
It is your task to gain as many points as possible across all 16 environments.

Environment number 1:
The value of option 26 is 47. You have 10 choices to make in this environment.
You press <<24>> and receive 27 points.
You press <<27>> and receive 46 points.
You press <<28>> and receive 43 points.
You press <<25>> and receive 33 points.
You press <<26>> and receive 48 points.
You press <<26>> and receive 48 points.
You press <<26>> and receive 47 points.
You press <<26>> and receive 48 points.
You press <<26>> and receive 47 points.
You press <<26>> and receive 48 points.

Environment number 2:
The value of option 17 is 42. You have 10 choices to make in this environment.
You press <<18>> and receive 51 points.
You press <<19>> and receive 48 points.
You press <<16>> and receive 51 points.
You press <<15>> and receive 68 points.
You press <<14>> and receive 43 points.
You press <<13>> and receive 21 points.
You press <<15>> and receive 68 points.
You press <<15>> and receive 68 points.
You press <<15>> and receive 67 points.
You press <<15>> and receive 67 points.

Environment number 3:
The value of option 20 is 65. You have 5 choices to make in this environment.
You press <<19>> and receive 47 points.
You press <<21>> and receive 41 points.
You press <<20>> and receive 66 points.
You press <<20>> and receive 67 points.
You press <<20>> and receive 64 points.

Environment number 4:
The value of option 7 is 73. You have 10 choices to make in this environment.
You press <<8>> and receive 80 points.
You press <<9>> and receive 55 points.
You press <<8>> and receive 78 points.
You press <<8>> and receive 79 points.
You press <<8>> and receive 76 points.
You press <<8>> and receive 78 points.
You press <<8>> and receive 80 points.
You press <<8>> and receive 78 points.
You press <<8>> and receive 80 points.
You press <<8>> and receive 79 points.

Environment number 5:
The value of option 17 is 72. You have 5 choices to make in this environment.
You press <<18>> and receive 53 points.
You press <<17>> and receive 72 points.
You press <<17>> and receive 71 points.
You press <<17>> and receive 69 points.
You press <<17>> and receive 73 points.

Environment number 6:
The value of option 14 is 25. You have 5 choices to make in this environment.
You press <<13>> and receive 41 points.
You press <<12>> and receive 36 points.
You press <<15>> and receive 15 points.
You press <<16>> and receive 23 points.
You press <<13>> and receive 39 points.

Environment number 7:
The value of option 3 is 44. You have 5 choices to make in this environment.
You press <<4>> and receive 45 points.
You press <<5>> and receive 38 points.
You press <<2>> and receive 61 points.
You press <<1>> and receive 62 points.
You press <<1>> and receive 60 points.

Environment number 8:
The value of option 1 is 1. You have 10 choices to make in this environment.
You press <<2>> and receive 12 points.
You press <<3>> and receive 51 points.
You press <<4>> and receive 29 points.
You press <<3>> and receive 49 points.
You press <<3>> and receive 50 points.
You press <<3>> and receive 49 points.
You press <<",37
8,7,8,3,0,rough,1,10,1,51,"You will be presented with a series of 16 different environments to explore.
In each trial, you can select an option between numbers 1 and 30 by pressing the corresponding key.
By selecting any of these options, you will earn points associated with each unique option.
Imagine these options 1 through 30 as lying next to each other in an ordered line; options closer to each other tend to have similar rewards as rewards tend to cluster together.
For each environment, you will be able to make either 5 or 10 choices.
When you made all your choices in a given environment, you will start making choices in the next unexplored environment.
The rewards underlying the different options are different in each environment so you will learn them anew for each environment.
Each environment starts with the value of a single option revealed.
When you choose the number corresponding to a different option, you will be told the value of that option and receive those points.
Previously revealed options, including the starting option, can also be reselected, although there may be small changes in the point value.
It is your task to gain as many points as possible across all 16 environments.

Environment number 1:
The value of option 26 is 47. You have 10 choices to make in this environment.
You press <<24>> and receive 27 points.
You press <<27>> and receive 46 points.
You press <<28>> and receive 43 points.
You press <<25>> and receive 33 points.
You press <<26>> and receive 48 points.
You press <<26>> and receive 48 points.
You press <<26>> and receive 47 points.
You press <<26>> and receive 48 points.
You press <<26>> and receive 47 points.
You press <<26>> and receive 48 points.

Environment number 2:
The value of option 17 is 42. You have 10 choices to make in this environment.
You press <<18>> and receive 51 points.
You press <<19>> and receive 48 points.
You press <<16>> and receive 51 points.
You press <<15>> and receive 68 points.
You press <<14>> and receive 43 points.
You press <<13>> and receive 21 points.
You press <<15>> and receive 68 points.
You press <<15>> and receive 68 points.
You press <<15>> and receive 67 points.
You press <<15>> and receive 67 points.

Environment number 3:
The value of option 20 is 65. You have 5 choices to make in this environment.
You press <<19>> and receive 47 points.
You press <<21>> and receive 41 points.
You press <<20>> and receive 66 points.
You press <<20>> and receive 67 points.
You press <<20>> and receive 64 points.

Environment number 4:
The value of option 7 is 73. You have 10 choices to make in this environment.
You press <<8>> and receive 80 points.
You press <<9>> and receive 55 points.
You press <<8>> and receive 78 points.
You press <<8>> and receive 79 points.
You press <<8>> and receive 76 points.
You press <<8>> and receive 78 points.
You press <<8>> and receive 80 points.
You press <<8>> and receive 78 points.
You press <<8>> and receive 80 points.
You press <<8>> and receive 79 points.

Environment number 5:
The value of option 17 is 72. You have 5 choices to make in this environment.
You press <<18>> and receive 53 points.
You press <<17>> and receive 72 points.
You press <<17>> and receive 71 points.
You press <<17>> and receive 69 points.
You press <<17>> and receive 73 points.

Environment number 6:
The value of option 14 is 25. You have 5 choices to make in this environment.
You press <<13>> and receive 41 points.
You press <<12>> and receive 36 points.
You press <<15>> and receive 15 points.
You press <<16>> and receive 23 points.
You press <<13>> and receive 39 points.

Environment number 7:
The value of option 3 is 44. You have 5 choices to make in this environment.
You press <<4>> and receive 45 points.
You press <<5>> and receive 38 points.
You press <<2>> and receive 61 points.
You press <<1>> and receive 62 points.
You press <<1>> and receive 60 points.

Environment number 8:
The value of option 1 is 1. You have 10 choices to make in this environment.
You press <<2>> and receive 12 points.
You press <<3>> and receive 51 points.
You press <<4>> and receive 29 points.
You press <<3>> and receive 49 points.
You press <<3>> and receive 50 points.
You press <<3>> and receive 49 points.
You press <<3>> and receive 49 points.
You press <<",37
8,7,9,3,0,rough,1,10,1,49,"You will be presented with a series of 16 different environments to explore.
In each trial, you can select an option between numbers 1 and 30 by pressing the corresponding key.
By selecting any of these options, you will earn points associated with each unique option.
Imagine these options 1 through 30 as lying next to each other in an ordered line; options closer to each other tend to have similar rewards as rewards tend to cluster together.
For each environment, you will be able to make either 5 or 10 choices.
When you made all your choices in a given environment, you will start making choices in the next unexplored environment.
The rewards underlying the different options are different in each environment so you will learn them anew for each environment.
Each environment starts with the value of a single option revealed.
When you choose the number corresponding to a different option, you will be told the value of that option and receive those points.
Previously revealed options, including the starting option, can also be reselected, although there may be small changes in the point value.
It is your task to gain as many points as possible across all 16 environments.

Environment number 1:
The value of option 26 is 47. You have 10 choices to make in this environment.
You press <<24>> and receive 27 points.
You press <<27>> and receive 46 points.
You press <<28>> and receive 43 points.
You press <<25>> and receive 33 points.
You press <<26>> and receive 48 points.
You press <<26>> and receive 48 points.
You press <<26>> and receive 47 points.
You press <<26>> and receive 48 points.
You press <<26>> and receive 47 points.
You press <<26>> and receive 48 points.

Environment number 2:
The value of option 17 is 42. You have 10 choices to make in this environment.
You press <<18>> and receive 51 points.
You press <<19>> and receive 48 points.
You press <<16>> and receive 51 points.
You press <<15>> and receive 68 points.
You press <<14>> and receive 43 points.
You press <<13>> and receive 21 points.
You press <<15>> and receive 68 points.
You press <<15>> and receive 68 points.
You press <<15>> and receive 67 points.
You press <<15>> and receive 67 points.

Environment number 3:
The value of option 20 is 65. You have 5 choices to make in this environment.
You press <<19>> and receive 47 points.
You press <<21>> and receive 41 points.
You press <<20>> and receive 66 points.
You press <<20>> and receive 67 points.
You press <<20>> and receive 64 points.

Environment number 4:
The value of option 7 is 73. You have 10 choices to make in this environment.
You press <<8>> and receive 80 points.
You press <<9>> and receive 55 points.
You press <<8>> and receive 78 points.
You press <<8>> and receive 79 points.
You press <<8>> and receive 76 points.
You press <<8>> and receive 78 points.
You press <<8>> and receive 80 points.
You press <<8>> and receive 78 points.
You press <<8>> and receive 80 points.
You press <<8>> and receive 79 points.

Environment number 5:
The value of option 17 is 72. You have 5 choices to make in this environment.
You press <<18>> and receive 53 points.
You press <<17>> and receive 72 points.
You press <<17>> and receive 71 points.
You press <<17>> and receive 69 points.
You press <<17>> and receive 73 points.

Environment number 6:
The value of option 14 is 25. You have 5 choices to make in this environment.
You press <<13>> and receive 41 points.
You press <<12>> and receive 36 points.
You press <<15>> and receive 15 points.
You press <<16>> and receive 23 points.
You press <<13>> and receive 39 points.

Environment number 7:
The value of option 3 is 44. You have 5 choices to make in this environment.
You press <<4>> and receive 45 points.
You press <<5>> and receive 38 points.
You press <<2>> and receive 61 points.
You press <<1>> and receive 62 points.
You press <<1>> and receive 60 points.

Environment number 8:
The value of option 1 is 1. You have 10 choices to make in this environment.
You press <<2>> and receive 12 points.
You press <<3>> and receive 51 points.
You press <<4>> and receive 29 points.
You press <<3>> and receive 49 points.
You press <<3>> and receive 50 points.
You press <<3>> and receive 49 points.
You press <<3>> and receive 49 points.
You press <<3>> and receive 51 points.
You press <<",37
8,7,10,3,0,rough,1,10,1,49,"You will be presented with a series of 16 different environments to explore.
In each trial, you can select an option between numbers 1 and 30 by pressing the corresponding key.
By selecting any of these options, you will earn points associated with each unique option.
Imagine these options 1 through 30 as lying next to each other in an ordered line; options closer to each other tend to have similar rewards as rewards tend to cluster together.
For each environment, you will be able to make either 5 or 10 choices.
When you made all your choices in a given environment, you will start making choices in the next unexplored environment.
The rewards underlying the different options are different in each environment so you will learn them anew for each environment.
Each environment starts with the value of a single option revealed.
When you choose the number corresponding to a different option, you will be told the value of that option and receive those points.
Previously revealed options, including the starting option, can also be reselected, although there may be small changes in the point value.
It is your task to gain as many points as possible across all 16 environments.

Environment number 1:
The value of option 26 is 47. You have 10 choices to make in this environment.
You press <<24>> and receive 27 points.
You press <<27>> and receive 46 points.
You press <<28>> and receive 43 points.
You press <<25>> and receive 33 points.
You press <<26>> and receive 48 points.
You press <<26>> and receive 48 points.
You press <<26>> and receive 47 points.
You press <<26>> and receive 48 points.
You press <<26>> and receive 47 points.
You press <<26>> and receive 48 points.

Environment number 2:
The value of option 17 is 42. You have 10 choices to make in this environment.
You press <<18>> and receive 51 points.
You press <<19>> and receive 48 points.
You press <<16>> and receive 51 points.
You press <<15>> and receive 68 points.
You press <<14>> and receive 43 points.
You press <<13>> and receive 21 points.
You press <<15>> and receive 68 points.
You press <<15>> and receive 68 points.
You press <<15>> and receive 67 points.
You press <<15>> and receive 67 points.

Environment number 3:
The value of option 20 is 65. You have 5 choices to make in this environment.
You press <<19>> and receive 47 points.
You press <<21>> and receive 41 points.
You press <<20>> and receive 66 points.
You press <<20>> and receive 67 points.
You press <<20>> and receive 64 points.

Environment number 4:
The value of option 7 is 73. You have 10 choices to make in this environment.
You press <<8>> and receive 80 points.
You press <<9>> and receive 55 points.
You press <<8>> and receive 78 points.
You press <<8>> and receive 79 points.
You press <<8>> and receive 76 points.
You press <<8>> and receive 78 points.
You press <<8>> and receive 80 points.
You press <<8>> and receive 78 points.
You press <<8>> and receive 80 points.
You press <<8>> and receive 79 points.

Environment number 5:
The value of option 17 is 72. You have 5 choices to make in this environment.
You press <<18>> and receive 53 points.
You press <<17>> and receive 72 points.
You press <<17>> and receive 71 points.
You press <<17>> and receive 69 points.
You press <<17>> and receive 73 points.

Environment number 6:
The value of option 14 is 25. You have 5 choices to make in this environment.
You press <<13>> and receive 41 points.
You press <<12>> and receive 36 points.
You press <<15>> and receive 15 points.
You press <<16>> and receive 23 points.
You press <<13>> and receive 39 points.

Environment number 7:
The value of option 3 is 44. You have 5 choices to make in this environment.
You press <<4>> and receive 45 points.
You press <<5>> and receive 38 points.
You press <<2>> and receive 61 points.
You press <<1>> and receive 62 points.
You press <<1>> and receive 60 points.

Environment number 8:
The value of option 1 is 1. You have 10 choices to make in this environment.
You press <<2>> and receive 12 points.
You press <<3>> and receive 51 points.
You press <<4>> and receive 29 points.
You press <<3>> and receive 49 points.
You press <<3>> and receive 50 points.
You press <<3>> and receive 49 points.
You press <<3>> and receive 49 points.
You press <<3>> and receive 51 points.
You press <<3>> and receive 49 points.
You press <<",37
9,30,1,2,0,rough,1,10,34,46,"You will be presented with a series of 16 different environments to explore.
In each trial, you can select an option between numbers 1 and 30 by pressing the corresponding key.
By selecting any of these options, you will earn points associated with each unique option.
Imagine these options 1 through 30 as lying next to each other in an ordered line; options closer to each other tend to have similar rewards as rewards tend to cluster together.
For each environment, you will be able to make either 5 or 10 choices.
When you made all your choices in a given environment, you will start making choices in the next unexplored environment.
The rewards underlying the different options are different in each environment so you will learn them anew for each environment.
Each environment starts with the value of a single option revealed.
When you choose the number corresponding to a different option, you will be told the value of that option and receive those points.
Previously revealed options, including the starting option, can also be reselected, although there may be small changes in the point value.
It is your task to gain as many points as possible across all 16 environments.

Environment number 1:
The value of option 26 is 47. You have 10 choices to make in this environment.
You press <<24>> and receive 27 points.
You press <<27>> and receive 46 points.
You press <<28>> and receive 43 points.
You press <<25>> and receive 33 points.
You press <<26>> and receive 48 points.
You press <<26>> and receive 48 points.
You press <<26>> and receive 47 points.
You press <<26>> and receive 48 points.
You press <<26>> and receive 47 points.
You press <<26>> and receive 48 points.

Environment number 2:
The value of option 17 is 42. You have 10 choices to make in this environment.
You press <<18>> and receive 51 points.
You press <<19>> and receive 48 points.
You press <<16>> and receive 51 points.
You press <<15>> and receive 68 points.
You press <<14>> and receive 43 points.
You press <<13>> and receive 21 points.
You press <<15>> and receive 68 points.
You press <<15>> and receive 68 points.
You press <<15>> and receive 67 points.
You press <<15>> and receive 67 points.

Environment number 3:
The value of option 20 is 65. You have 5 choices to make in this environment.
You press <<19>> and receive 47 points.
You press <<21>> and receive 41 points.
You press <<20>> and receive 66 points.
You press <<20>> and receive 67 points.
You press <<20>> and receive 64 points.

Environment number 4:
The value of option 7 is 73. You have 10 choices to make in this environment.
You press <<8>> and receive 80 points.
You press <<9>> and receive 55 points.
You press <<8>> and receive 78 points.
You press <<8>> and receive 79 points.
You press <<8>> and receive 76 points.
You press <<8>> and receive 78 points.
You press <<8>> and receive 80 points.
You press <<8>> and receive 78 points.
You press <<8>> and receive 80 points.
You press <<8>> and receive 79 points.

Environment number 5:
The value of option 17 is 72. You have 5 choices to make in this environment.
You press <<18>> and receive 53 points.
You press <<17>> and receive 72 points.
You press <<17>> and receive 71 points.
You press <<17>> and receive 69 points.
You press <<17>> and receive 73 points.

Environment number 6:
The value of option 14 is 25. You have 5 choices to make in this environment.
You press <<13>> and receive 41 points.
You press <<12>> and receive 36 points.
You press <<15>> and receive 15 points.
You press <<16>> and receive 23 points.
You press <<13>> and receive 39 points.

Environment number 7:
The value of option 3 is 44. You have 5 choices to make in this environment.
You press <<4>> and receive 45 points.
You press <<5>> and receive 38 points.
You press <<2>> and receive 61 points.
You press <<1>> and receive 62 points.
You press <<1>> and receive 60 points.

Environment number 8:
The value of option 1 is 1. You have 10 choices to make in this environment.
You press <<2>> and receive 12 points.
You press <<3>> and receive 51 points.
You press <<4>> and receive 29 points.
You press <<3>> and receive 49 points.
You press <<3>> and receive 50 points.
You press <<3>> and receive 49 points.
You press <<3>> and receive 49 points.
You press <<3>> and receive 51 points.
You press <<3>> and receive 49 points.
You press <<3>> and receive 49 points.

Environment number 9:
The value of option 1 is 34. You have 10 choices to make in this environment.
You press <<",37
9,30,2,3,0,rough,1,10,34,53,"You will be presented with a series of 16 different environments to explore.
In each trial, you can select an option between numbers 1 and 30 by pressing the corresponding key.
By selecting any of these options, you will earn points associated with each unique option.
Imagine these options 1 through 30 as lying next to each other in an ordered line; options closer to each other tend to have similar rewards as rewards tend to cluster together.
For each environment, you will be able to make either 5 or 10 choices.
When you made all your choices in a given environment, you will start making choices in the next unexplored environment.
The rewards underlying the different options are different in each environment so you will learn them anew for each environment.
Each environment starts with the value of a single option revealed.
When you choose the number corresponding to a different option, you will be told the value of that option and receive those points.
Previously revealed options, including the starting option, can also be reselected, although there may be small changes in the point value.
It is your task to gain as many points as possible across all 16 environments.

Environment number 1:
The value of option 26 is 47. You have 10 choices to make in this environment.
You press <<24>> and receive 27 points.
You press <<27>> and receive 46 points.
You press <<28>> and receive 43 points.
You press <<25>> and receive 33 points.
You press <<26>> and receive 48 points.
You press <<26>> and receive 48 points.
You press <<26>> and receive 47 points.
You press <<26>> and receive 48 points.
You press <<26>> and receive 47 points.
You press <<26>> and receive 48 points.

Environment number 2:
The value of option 17 is 42. You have 10 choices to make in this environment.
You press <<18>> and receive 51 points.
You press <<19>> and receive 48 points.
You press <<16>> and receive 51 points.
You press <<15>> and receive 68 points.
You press <<14>> and receive 43 points.
You press <<13>> and receive 21 points.
You press <<15>> and receive 68 points.
You press <<15>> and receive 68 points.
You press <<15>> and receive 67 points.
You press <<15>> and receive 67 points.

Environment number 3:
The value of option 20 is 65. You have 5 choices to make in this environment.
You press <<19>> and receive 47 points.
You press <<21>> and receive 41 points.
You press <<20>> and receive 66 points.
You press <<20>> and receive 67 points.
You press <<20>> and receive 64 points.

Environment number 4:
The value of option 7 is 73. You have 10 choices to make in this environment.
You press <<8>> and receive 80 points.
You press <<9>> and receive 55 points.
You press <<8>> and receive 78 points.
You press <<8>> and receive 79 points.
You press <<8>> and receive 76 points.
You press <<8>> and receive 78 points.
You press <<8>> and receive 80 points.
You press <<8>> and receive 78 points.
You press <<8>> and receive 80 points.
You press <<8>> and receive 79 points.

Environment number 5:
The value of option 17 is 72. You have 5 choices to make in this environment.
You press <<18>> and receive 53 points.
You press <<17>> and receive 72 points.
You press <<17>> and receive 71 points.
You press <<17>> and receive 69 points.
You press <<17>> and receive 73 points.

Environment number 6:
The value of option 14 is 25. You have 5 choices to make in this environment.
You press <<13>> and receive 41 points.
You press <<12>> and receive 36 points.
You press <<15>> and receive 15 points.
You press <<16>> and receive 23 points.
You press <<13>> and receive 39 points.

Environment number 7:
The value of option 3 is 44. You have 5 choices to make in this environment.
You press <<4>> and receive 45 points.
You press <<5>> and receive 38 points.
You press <<2>> and receive 61 points.
You press <<1>> and receive 62 points.
You press <<1>> and receive 60 points.

Environment number 8:
The value of option 1 is 1. You have 10 choices to make in this environment.
You press <<2>> and receive 12 points.
You press <<3>> and receive 51 points.
You press <<4>> and receive 29 points.
You press <<3>> and receive 49 points.
You press <<3>> and receive 50 points.
You press <<3>> and receive 49 points.
You press <<3>> and receive 49 points.
You press <<3>> and receive 51 points.
You press <<3>> and receive 49 points.
You press <<3>> and receive 49 points.

Environment number 9:
The value of option 1 is 34. You have 10 choices to make in this environment.
You press <<2>> and receive 46 points.
You press <<",37
9,30,3,4,0,rough,1,10,34,45,"You will be presented with a series of 16 different environments to explore.
In each trial, you can select an option between numbers 1 and 30 by pressing the corresponding key.
By selecting any of these options, you will earn points associated with each unique option.
Imagine these options 1 through 30 as lying next to each other in an ordered line; options closer to each other tend to have similar rewards as rewards tend to cluster together.
For each environment, you will be able to make either 5 or 10 choices.
When you made all your choices in a given environment, you will start making choices in the next unexplored environment.
The rewards underlying the different options are different in each environment so you will learn them anew for each environment.
Each environment starts with the value of a single option revealed.
When you choose the number corresponding to a different option, you will be told the value of that option and receive those points.
Previously revealed options, including the starting option, can also be reselected, although there may be small changes in the point value.
It is your task to gain as many points as possible across all 16 environments.

Environment number 1:
The value of option 26 is 47. You have 10 choices to make in this environment.
You press <<24>> and receive 27 points.
You press <<27>> and receive 46 points.
You press <<28>> and receive 43 points.
You press <<25>> and receive 33 points.
You press <<26>> and receive 48 points.
You press <<26>> and receive 48 points.
You press <<26>> and receive 47 points.
You press <<26>> and receive 48 points.
You press <<26>> and receive 47 points.
You press <<26>> and receive 48 points.

Environment number 2:
The value of option 17 is 42. You have 10 choices to make in this environment.
You press <<18>> and receive 51 points.
You press <<19>> and receive 48 points.
You press <<16>> and receive 51 points.
You press <<15>> and receive 68 points.
You press <<14>> and receive 43 points.
You press <<13>> and receive 21 points.
You press <<15>> and receive 68 points.
You press <<15>> and receive 68 points.
You press <<15>> and receive 67 points.
You press <<15>> and receive 67 points.

Environment number 3:
The value of option 20 is 65. You have 5 choices to make in this environment.
You press <<19>> and receive 47 points.
You press <<21>> and receive 41 points.
You press <<20>> and receive 66 points.
You press <<20>> and receive 67 points.
You press <<20>> and receive 64 points.

Environment number 4:
The value of option 7 is 73. You have 10 choices to make in this environment.
You press <<8>> and receive 80 points.
You press <<9>> and receive 55 points.
You press <<8>> and receive 78 points.
You press <<8>> and receive 79 points.
You press <<8>> and receive 76 points.
You press <<8>> and receive 78 points.
You press <<8>> and receive 80 points.
You press <<8>> and receive 78 points.
You press <<8>> and receive 80 points.
You press <<8>> and receive 79 points.

Environment number 5:
The value of option 17 is 72. You have 5 choices to make in this environment.
You press <<18>> and receive 53 points.
You press <<17>> and receive 72 points.
You press <<17>> and receive 71 points.
You press <<17>> and receive 69 points.
You press <<17>> and receive 73 points.

Environment number 6:
The value of option 14 is 25. You have 5 choices to make in this environment.
You press <<13>> and receive 41 points.
You press <<12>> and receive 36 points.
You press <<15>> and receive 15 points.
You press <<16>> and receive 23 points.
You press <<13>> and receive 39 points.

Environment number 7:
The value of option 3 is 44. You have 5 choices to make in this environment.
You press <<4>> and receive 45 points.
You press <<5>> and receive 38 points.
You press <<2>> and receive 61 points.
You press <<1>> and receive 62 points.
You press <<1>> and receive 60 points.

Environment number 8:
The value of option 1 is 1. You have 10 choices to make in this environment.
You press <<2>> and receive 12 points.
You press <<3>> and receive 51 points.
You press <<4>> and receive 29 points.
You press <<3>> and receive 49 points.
You press <<3>> and receive 50 points.
You press <<3>> and receive 49 points.
You press <<3>> and receive 49 points.
You press <<3>> and receive 51 points.
You press <<3>> and receive 49 points.
You press <<3>> and receive 49 points.

Environment number 9:
The value of option 1 is 34. You have 10 choices to make in this environment.
You press <<2>> and receive 46 points.
You press <<3>> and receive 53 points.
You press <<",37
9,30,4,3,0,rough,1,10,34,52,"You will be presented with a series of 16 different environments to explore.
In each trial, you can select an option between numbers 1 and 30 by pressing the corresponding key.
By selecting any of these options, you will earn points associated with each unique option.
Imagine these options 1 through 30 as lying next to each other in an ordered line; options closer to each other tend to have similar rewards as rewards tend to cluster together.
For each environment, you will be able to make either 5 or 10 choices.
When you made all your choices in a given environment, you will start making choices in the next unexplored environment.
The rewards underlying the different options are different in each environment so you will learn them anew for each environment.
Each environment starts with the value of a single option revealed.
When you choose the number corresponding to a different option, you will be told the value of that option and receive those points.
Previously revealed options, including the starting option, can also be reselected, although there may be small changes in the point value.
It is your task to gain as many points as possible across all 16 environments.

Environment number 1:
The value of option 26 is 47. You have 10 choices to make in this environment.
You press <<24>> and receive 27 points.
You press <<27>> and receive 46 points.
You press <<28>> and receive 43 points.
You press <<25>> and receive 33 points.
You press <<26>> and receive 48 points.
You press <<26>> and receive 48 points.
You press <<26>> and receive 47 points.
You press <<26>> and receive 48 points.
You press <<26>> and receive 47 points.
You press <<26>> and receive 48 points.

Environment number 2:
The value of option 17 is 42. You have 10 choices to make in this environment.
You press <<18>> and receive 51 points.
You press <<19>> and receive 48 points.
You press <<16>> and receive 51 points.
You press <<15>> and receive 68 points.
You press <<14>> and receive 43 points.
You press <<13>> and receive 21 points.
You press <<15>> and receive 68 points.
You press <<15>> and receive 68 points.
You press <<15>> and receive 67 points.
You press <<15>> and receive 67 points.

Environment number 3:
The value of option 20 is 65. You have 5 choices to make in this environment.
You press <<19>> and receive 47 points.
You press <<21>> and receive 41 points.
You press <<20>> and receive 66 points.
You press <<20>> and receive 67 points.
You press <<20>> and receive 64 points.

Environment number 4:
The value of option 7 is 73. You have 10 choices to make in this environment.
You press <<8>> and receive 80 points.
You press <<9>> and receive 55 points.
You press <<8>> and receive 78 points.
You press <<8>> and receive 79 points.
You press <<8>> and receive 76 points.
You press <<8>> and receive 78 points.
You press <<8>> and receive 80 points.
You press <<8>> and receive 78 points.
You press <<8>> and receive 80 points.
You press <<8>> and receive 79 points.

Environment number 5:
The value of option 17 is 72. You have 5 choices to make in this environment.
You press <<18>> and receive 53 points.
You press <<17>> and receive 72 points.
You press <<17>> and receive 71 points.
You press <<17>> and receive 69 points.
You press <<17>> and receive 73 points.

Environment number 6:
The value of option 14 is 25. You have 5 choices to make in this environment.
You press <<13>> and receive 41 points.
You press <<12>> and receive 36 points.
You press <<15>> and receive 15 points.
You press <<16>> and receive 23 points.
You press <<13>> and receive 39 points.

Environment number 7:
The value of option 3 is 44. You have 5 choices to make in this environment.
You press <<4>> and receive 45 points.
You press <<5>> and receive 38 points.
You press <<2>> and receive 61 points.
You press <<1>> and receive 62 points.
You press <<1>> and receive 60 points.

Environment number 8:
The value of option 1 is 1. You have 10 choices to make in this environment.
You press <<2>> and receive 12 points.
You press <<3>> and receive 51 points.
You press <<4>> and receive 29 points.
You press <<3>> and receive 49 points.
You press <<3>> and receive 50 points.
You press <<3>> and receive 49 points.
You press <<3>> and receive 49 points.
You press <<3>> and receive 51 points.
You press <<3>> and receive 49 points.
You press <<3>> and receive 49 points.

Environment number 9:
The value of option 1 is 34. You have 10 choices to make in this environment.
You press <<2>> and receive 46 points.
You press <<3>> and receive 53 points.
You press <<4>> and receive 45 points.
You press <<",37
9,30,5,3,0,rough,1,10,34,51,"You will be presented with a series of 16 different environments to explore.
In each trial, you can select an option between numbers 1 and 30 by pressing the corresponding key.
By selecting any of these options, you will earn points associated with each unique option.
Imagine these options 1 through 30 as lying next to each other in an ordered line; options closer to each other tend to have similar rewards as rewards tend to cluster together.
For each environment, you will be able to make either 5 or 10 choices.
When you made all your choices in a given environment, you will start making choices in the next unexplored environment.
The rewards underlying the different options are different in each environment so you will learn them anew for each environment.
Each environment starts with the value of a single option revealed.
When you choose the number corresponding to a different option, you will be told the value of that option and receive those points.
Previously revealed options, including the starting option, can also be reselected, although there may be small changes in the point value.
It is your task to gain as many points as possible across all 16 environments.

Environment number 1:
The value of option 26 is 47. You have 10 choices to make in this environment.
You press <<24>> and receive 27 points.
You press <<27>> and receive 46 points.
You press <<28>> and receive 43 points.
You press <<25>> and receive 33 points.
You press <<26>> and receive 48 points.
You press <<26>> and receive 48 points.
You press <<26>> and receive 47 points.
You press <<26>> and receive 48 points.
You press <<26>> and receive 47 points.
You press <<26>> and receive 48 points.

Environment number 2:
The value of option 17 is 42. You have 10 choices to make in this environment.
You press <<18>> and receive 51 points.
You press <<19>> and receive 48 points.
You press <<16>> and receive 51 points.
You press <<15>> and receive 68 points.
You press <<14>> and receive 43 points.
You press <<13>> and receive 21 points.
You press <<15>> and receive 68 points.
You press <<15>> and receive 68 points.
You press <<15>> and receive 67 points.
You press <<15>> and receive 67 points.

Environment number 3:
The value of option 20 is 65. You have 5 choices to make in this environment.
You press <<19>> and receive 47 points.
You press <<21>> and receive 41 points.
You press <<20>> and receive 66 points.
You press <<20>> and receive 67 points.
You press <<20>> and receive 64 points.

Environment number 4:
The value of option 7 is 73. You have 10 choices to make in this environment.
You press <<8>> and receive 80 points.
You press <<9>> and receive 55 points.
You press <<8>> and receive 78 points.
You press <<8>> and receive 79 points.
You press <<8>> and receive 76 points.
You press <<8>> and receive 78 points.
You press <<8>> and receive 80 points.
You press <<8>> and receive 78 points.
You press <<8>> and receive 80 points.
You press <<8>> and receive 79 points.

Environment number 5:
The value of option 17 is 72. You have 5 choices to make in this environment.
You press <<18>> and receive 53 points.
You press <<17>> and receive 72 points.
You press <<17>> and receive 71 points.
You press <<17>> and receive 69 points.
You press <<17>> and receive 73 points.

Environment number 6:
The value of option 14 is 25. You have 5 choices to make in this environment.
You press <<13>> and receive 41 points.
You press <<12>> and receive 36 points.
You press <<15>> and receive 15 points.
You press <<16>> and receive 23 points.
You press <<13>> and receive 39 points.

Environment number 7:
The value of option 3 is 44. You have 5 choices to make in this environment.
You press <<4>> and receive 45 points.
You press <<5>> and receive 38 points.
You press <<2>> and receive 61 points.
You press <<1>> and receive 62 points.
You press <<1>> and receive 60 points.

Environment number 8:
The value of option 1 is 1. You have 10 choices to make in this environment.
You press <<2>> and receive 12 points.
You press <<3>> and receive 51 points.
You press <<4>> and receive 29 points.
You press <<3>> and receive 49 points.
You press <<3>> and receive 50 points.
You press <<3>> and receive 49 points.
You press <<3>> and receive 49 points.
You press <<3>> and receive 51 points.
You press <<3>> and receive 49 points.
You press <<3>> and receive 49 points.

Environment number 9:
The value of option 1 is 34. You have 10 choices to make in this environment.
You press <<2>> and receive 46 points.
You press <<3>> and receive 53 points.
You press <<4>> and receive 45 points.
You press <<3>> and receive 52 points.
You press <<",37
9,30,6,3,0,rough,1,10,34,53,"You will be presented with a series of 16 different environments to explore.
In each trial, you can select an option between numbers 1 and 30 by pressing the corresponding key.
By selecting any of these options, you will earn points associated with each unique option.
Imagine these options 1 through 30 as lying next to each other in an ordered line; options closer to each other tend to have similar rewards as rewards tend to cluster together.
For each environment, you will be able to make either 5 or 10 choices.
When you made all your choices in a given environment, you will start making choices in the next unexplored environment.
The rewards underlying the different options are different in each environment so you will learn them anew for each environment.
Each environment starts with the value of a single option revealed.
When you choose the number corresponding to a different option, you will be told the value of that option and receive those points.
Previously revealed options, including the starting option, can also be reselected, although there may be small changes in the point value.
It is your task to gain as many points as possible across all 16 environments.

Environment number 1:
The value of option 26 is 47. You have 10 choices to make in this environment.
You press <<24>> and receive 27 points.
You press <<27>> and receive 46 points.
You press <<28>> and receive 43 points.
You press <<25>> and receive 33 points.
You press <<26>> and receive 48 points.
You press <<26>> and receive 48 points.
You press <<26>> and receive 47 points.
You press <<26>> and receive 48 points.
You press <<26>> and receive 47 points.
You press <<26>> and receive 48 points.

Environment number 2:
The value of option 17 is 42. You have 10 choices to make in this environment.
You press <<18>> and receive 51 points.
You press <<19>> and receive 48 points.
You press <<16>> and receive 51 points.
You press <<15>> and receive 68 points.
You press <<14>> and receive 43 points.
You press <<13>> and receive 21 points.
You press <<15>> and receive 68 points.
You press <<15>> and receive 68 points.
You press <<15>> and receive 67 points.
You press <<15>> and receive 67 points.

Environment number 3:
The value of option 20 is 65. You have 5 choices to make in this environment.
You press <<19>> and receive 47 points.
You press <<21>> and receive 41 points.
You press <<20>> and receive 66 points.
You press <<20>> and receive 67 points.
You press <<20>> and receive 64 points.

Environment number 4:
The value of option 7 is 73. You have 10 choices to make in this environment.
You press <<8>> and receive 80 points.
You press <<9>> and receive 55 points.
You press <<8>> and receive 78 points.
You press <<8>> and receive 79 points.
You press <<8>> and receive 76 points.
You press <<8>> and receive 78 points.
You press <<8>> and receive 80 points.
You press <<8>> and receive 78 points.
You press <<8>> and receive 80 points.
You press <<8>> and receive 79 points.

Environment number 5:
The value of option 17 is 72. You have 5 choices to make in this environment.
You press <<18>> and receive 53 points.
You press <<17>> and receive 72 points.
You press <<17>> and receive 71 points.
You press <<17>> and receive 69 points.
You press <<17>> and receive 73 points.

Environment number 6:
The value of option 14 is 25. You have 5 choices to make in this environment.
You press <<13>> and receive 41 points.
You press <<12>> and receive 36 points.
You press <<15>> and receive 15 points.
You press <<16>> and receive 23 points.
You press <<13>> and receive 39 points.

Environment number 7:
The value of option 3 is 44. You have 5 choices to make in this environment.
You press <<4>> and receive 45 points.
You press <<5>> and receive 38 points.
You press <<2>> and receive 61 points.
You press <<1>> and receive 62 points.
You press <<1>> and receive 60 points.

Environment number 8:
The value of option 1 is 1. You have 10 choices to make in this environment.
You press <<2>> and receive 12 points.
You press <<3>> and receive 51 points.
You press <<4>> and receive 29 points.
You press <<3>> and receive 49 points.
You press <<3>> and receive 50 points.
You press <<3>> and receive 49 points.
You press <<3>> and receive 49 points.
You press <<3>> and receive 51 points.
You press <<3>> and receive 49 points.
You press <<3>> and receive 49 points.

Environment number 9:
The value of option 1 is 34. You have 10 choices to make in this environment.
You press <<2>> and receive 46 points.
You press <<3>> and receive 53 points.
You press <<4>> and receive 45 points.
You press <<3>> and receive 52 points.
You press <<3>> and receive 51 points.
You press <<",37
9,30,7,3,0,rough,1,10,34,55,"You will be presented with a series of 16 different environments to explore.
In each trial, you can select an option between numbers 1 and 30 by pressing the corresponding key.
By selecting any of these options, you will earn points associated with each unique option.
Imagine these options 1 through 30 as lying next to each other in an ordered line; options closer to each other tend to have similar rewards as rewards tend to cluster together.
For each environment, you will be able to make either 5 or 10 choices.
When you made all your choices in a given environment, you will start making choices in the next unexplored environment.
The rewards underlying the different options are different in each environment so you will learn them anew for each environment.
Each environment starts with the value of a single option revealed.
When you choose the number corresponding to a different option, you will be told the value of that option and receive those points.
Previously revealed options, including the starting option, can also be reselected, although there may be small changes in the point value.
It is your task to gain as many points as possible across all 16 environments.

Environment number 1:
The value of option 26 is 47. You have 10 choices to make in this environment.
You press <<24>> and receive 27 points.
You press <<27>> and receive 46 points.
You press <<28>> and receive 43 points.
You press <<25>> and receive 33 points.
You press <<26>> and receive 48 points.
You press <<26>> and receive 48 points.
You press <<26>> and receive 47 points.
You press <<26>> and receive 48 points.
You press <<26>> and receive 47 points.
You press <<26>> and receive 48 points.

Environment number 2:
The value of option 17 is 42. You have 10 choices to make in this environment.
You press <<18>> and receive 51 points.
You press <<19>> and receive 48 points.
You press <<16>> and receive 51 points.
You press <<15>> and receive 68 points.
You press <<14>> and receive 43 points.
You press <<13>> and receive 21 points.
You press <<15>> and receive 68 points.
You press <<15>> and receive 68 points.
You press <<15>> and receive 67 points.
You press <<15>> and receive 67 points.

Environment number 3:
The value of option 20 is 65. You have 5 choices to make in this environment.
You press <<19>> and receive 47 points.
You press <<21>> and receive 41 points.
You press <<20>> and receive 66 points.
You press <<20>> and receive 67 points.
You press <<20>> and receive 64 points.

Environment number 4:
The value of option 7 is 73. You have 10 choices to make in this environment.
You press <<8>> and receive 80 points.
You press <<9>> and receive 55 points.
You press <<8>> and receive 78 points.
You press <<8>> and receive 79 points.
You press <<8>> and receive 76 points.
You press <<8>> and receive 78 points.
You press <<8>> and receive 80 points.
You press <<8>> and receive 78 points.
You press <<8>> and receive 80 points.
You press <<8>> and receive 79 points.

Environment number 5:
The value of option 17 is 72. You have 5 choices to make in this environment.
You press <<18>> and receive 53 points.
You press <<17>> and receive 72 points.
You press <<17>> and receive 71 points.
You press <<17>> and receive 69 points.
You press <<17>> and receive 73 points.

Environment number 6:
The value of option 14 is 25. You have 5 choices to make in this environment.
You press <<13>> and receive 41 points.
You press <<12>> and receive 36 points.
You press <<15>> and receive 15 points.
You press <<16>> and receive 23 points.
You press <<13>> and receive 39 points.

Environment number 7:
The value of option 3 is 44. You have 5 choices to make in this environment.
You press <<4>> and receive 45 points.
You press <<5>> and receive 38 points.
You press <<2>> and receive 61 points.
You press <<1>> and receive 62 points.
You press <<1>> and receive 60 points.

Environment number 8:
The value of option 1 is 1. You have 10 choices to make in this environment.
You press <<2>> and receive 12 points.
You press <<3>> and receive 51 points.
You press <<4>> and receive 29 points.
You press <<3>> and receive 49 points.
You press <<3>> and receive 50 points.
You press <<3>> and receive 49 points.
You press <<3>> and receive 49 points.
You press <<3>> and receive 51 points.
You press <<3>> and receive 49 points.
You press <<3>> and receive 49 points.

Environment number 9:
The value of option 1 is 34. You have 10 choices to make in this environment.
You press <<2>> and receive 46 points.
You press <<3>> and receive 53 points.
You press <<4>> and receive 45 points.
You press <<3>> and receive 52 points.
You press <<3>> and receive 51 points.
You press <<3>> and receive 53 points.
You press <<",37
9,30,8,3,0,rough,1,10,34,51,"You will be presented with a series of 16 different environments to explore.
In each trial, you can select an option between numbers 1 and 30 by pressing the corresponding key.
By selecting any of these options, you will earn points associated with each unique option.
Imagine these options 1 through 30 as lying next to each other in an ordered line; options closer to each other tend to have similar rewards as rewards tend to cluster together.
For each environment, you will be able to make either 5 or 10 choices.
When you made all your choices in a given environment, you will start making choices in the next unexplored environment.
The rewards underlying the different options are different in each environment so you will learn them anew for each environment.
Each environment starts with the value of a single option revealed.
When you choose the number corresponding to a different option, you will be told the value of that option and receive those points.
Previously revealed options, including the starting option, can also be reselected, although there may be small changes in the point value.
It is your task to gain as many points as possible across all 16 environments.

Environment number 1:
The value of option 26 is 47. You have 10 choices to make in this environment.
You press <<24>> and receive 27 points.
You press <<27>> and receive 46 points.
You press <<28>> and receive 43 points.
You press <<25>> and receive 33 points.
You press <<26>> and receive 48 points.
You press <<26>> and receive 48 points.
You press <<26>> and receive 47 points.
You press <<26>> and receive 48 points.
You press <<26>> and receive 47 points.
You press <<26>> and receive 48 points.

Environment number 2:
The value of option 17 is 42. You have 10 choices to make in this environment.
You press <<18>> and receive 51 points.
You press <<19>> and receive 48 points.
You press <<16>> and receive 51 points.
You press <<15>> and receive 68 points.
You press <<14>> and receive 43 points.
You press <<13>> and receive 21 points.
You press <<15>> and receive 68 points.
You press <<15>> and receive 68 points.
You press <<15>> and receive 67 points.
You press <<15>> and receive 67 points.

Environment number 3:
The value of option 20 is 65. You have 5 choices to make in this environment.
You press <<19>> and receive 47 points.
You press <<21>> and receive 41 points.
You press <<20>> and receive 66 points.
You press <<20>> and receive 67 points.
You press <<20>> and receive 64 points.

Environment number 4:
The value of option 7 is 73. You have 10 choices to make in this environment.
You press <<8>> and receive 80 points.
You press <<9>> and receive 55 points.
You press <<8>> and receive 78 points.
You press <<8>> and receive 79 points.
You press <<8>> and receive 76 points.
You press <<8>> and receive 78 points.
You press <<8>> and receive 80 points.
You press <<8>> and receive 78 points.
You press <<8>> and receive 80 points.
You press <<8>> and receive 79 points.

Environment number 5:
The value of option 17 is 72. You have 5 choices to make in this environment.
You press <<18>> and receive 53 points.
You press <<17>> and receive 72 points.
You press <<17>> and receive 71 points.
You press <<17>> and receive 69 points.
You press <<17>> and receive 73 points.

Environment number 6:
The value of option 14 is 25. You have 5 choices to make in this environment.
You press <<13>> and receive 41 points.
You press <<12>> and receive 36 points.
You press <<15>> and receive 15 points.
You press <<16>> and receive 23 points.
You press <<13>> and receive 39 points.

Environment number 7:
The value of option 3 is 44. You have 5 choices to make in this environment.
You press <<4>> and receive 45 points.
You press <<5>> and receive 38 points.
You press <<2>> and receive 61 points.
You press <<1>> and receive 62 points.
You press <<1>> and receive 60 points.

Environment number 8:
The value of option 1 is 1. You have 10 choices to make in this environment.
You press <<2>> and receive 12 points.
You press <<3>> and receive 51 points.
You press <<4>> and receive 29 points.
You press <<3>> and receive 49 points.
You press <<3>> and receive 50 points.
You press <<3>> and receive 49 points.
You press <<3>> and receive 49 points.
You press <<3>> and receive 51 points.
You press <<3>> and receive 49 points.
You press <<3>> and receive 49 points.

Environment number 9:
The value of option 1 is 34. You have 10 choices to make in this environment.
You press <<2>> and receive 46 points.
You press <<3>> and receive 53 points.
You press <<4>> and receive 45 points.
You press <<3>> and receive 52 points.
You press <<3>> and receive 51 points.
You press <<3>> and receive 53 points.
You press <<3>> and receive 55 points.
You press <<",37
9,30,9,3,0,rough,1,10,34,51,"You will be presented with a series of 16 different environments to explore.
In each trial, you can select an option between numbers 1 and 30 by pressing the corresponding key.
By selecting any of these options, you will earn points associated with each unique option.
Imagine these options 1 through 30 as lying next to each other in an ordered line; options closer to each other tend to have similar rewards as rewards tend to cluster together.
For each environment, you will be able to make either 5 or 10 choices.
When you made all your choices in a given environment, you will start making choices in the next unexplored environment.
The rewards underlying the different options are different in each environment so you will learn them anew for each environment.
Each environment starts with the value of a single option revealed.
When you choose the number corresponding to a different option, you will be told the value of that option and receive those points.
Previously revealed options, including the starting option, can also be reselected, although there may be small changes in the point value.
It is your task to gain as many points as possible across all 16 environments.

Environment number 1:
The value of option 26 is 47. You have 10 choices to make in this environment.
You press <<24>> and receive 27 points.
You press <<27>> and receive 46 points.
You press <<28>> and receive 43 points.
You press <<25>> and receive 33 points.
You press <<26>> and receive 48 points.
You press <<26>> and receive 48 points.
You press <<26>> and receive 47 points.
You press <<26>> and receive 48 points.
You press <<26>> and receive 47 points.
You press <<26>> and receive 48 points.

Environment number 2:
The value of option 17 is 42. You have 10 choices to make in this environment.
You press <<18>> and receive 51 points.
You press <<19>> and receive 48 points.
You press <<16>> and receive 51 points.
You press <<15>> and receive 68 points.
You press <<14>> and receive 43 points.
You press <<13>> and receive 21 points.
You press <<15>> and receive 68 points.
You press <<15>> and receive 68 points.
You press <<15>> and receive 67 points.
You press <<15>> and receive 67 points.

Environment number 3:
The value of option 20 is 65. You have 5 choices to make in this environment.
You press <<19>> and receive 47 points.
You press <<21>> and receive 41 points.
You press <<20>> and receive 66 points.
You press <<20>> and receive 67 points.
You press <<20>> and receive 64 points.

Environment number 4:
The value of option 7 is 73. You have 10 choices to make in this environment.
You press <<8>> and receive 80 points.
You press <<9>> and receive 55 points.
You press <<8>> and receive 78 points.
You press <<8>> and receive 79 points.
You press <<8>> and receive 76 points.
You press <<8>> and receive 78 points.
You press <<8>> and receive 80 points.
You press <<8>> and receive 78 points.
You press <<8>> and receive 80 points.
You press <<8>> and receive 79 points.

Environment number 5:
The value of option 17 is 72. You have 5 choices to make in this environment.
You press <<18>> and receive 53 points.
You press <<17>> and receive 72 points.
You press <<17>> and receive 71 points.
You press <<17>> and receive 69 points.
You press <<17>> and receive 73 points.

Environment number 6:
The value of option 14 is 25. You have 5 choices to make in this environment.
You press <<13>> and receive 41 points.
You press <<12>> and receive 36 points.
You press <<15>> and receive 15 points.
You press <<16>> and receive 23 points.
You press <<13>> and receive 39 points.

Environment number 7:
The value of option 3 is 44. You have 5 choices to make in this environment.
You press <<4>> and receive 45 points.
You press <<5>> and receive 38 points.
You press <<2>> and receive 61 points.
You press <<1>> and receive 62 points.
You press <<1>> and receive 60 points.

Environment number 8:
The value of option 1 is 1. You have 10 choices to make in this environment.
You press <<2>> and receive 12 points.
You press <<3>> and receive 51 points.
You press <<4>> and receive 29 points.
You press <<3>> and receive 49 points.
You press <<3>> and receive 50 points.
You press <<3>> and receive 49 points.
You press <<3>> and receive 49 points.
You press <<3>> and receive 51 points.
You press <<3>> and receive 49 points.
You press <<3>> and receive 49 points.

Environment number 9:
The value of option 1 is 34. You have 10 choices to make in this environment.
You press <<2>> and receive 46 points.
You press <<3>> and receive 53 points.
You press <<4>> and receive 45 points.
You press <<3>> and receive 52 points.
You press <<3>> and receive 51 points.
You press <<3>> and receive 53 points.
You press <<3>> and receive 55 points.
You press <<3>> and receive 51 points.
You press <<",37
9,30,10,3,0,rough,1,10,34,55,"You will be presented with a series of 16 different environments to explore.
In each trial, you can select an option between numbers 1 and 30 by pressing the corresponding key.
By selecting any of these options, you will earn points associated with each unique option.
Imagine these options 1 through 30 as lying next to each other in an ordered line; options closer to each other tend to have similar rewards as rewards tend to cluster together.
For each environment, you will be able to make either 5 or 10 choices.
When you made all your choices in a given environment, you will start making choices in the next unexplored environment.
The rewards underlying the different options are different in each environment so you will learn them anew for each environment.
Each environment starts with the value of a single option revealed.
When you choose the number corresponding to a different option, you will be told the value of that option and receive those points.
Previously revealed options, including the starting option, can also be reselected, although there may be small changes in the point value.
It is your task to gain as many points as possible across all 16 environments.

Environment number 1:
The value of option 26 is 47. You have 10 choices to make in this environment.
You press <<24>> and receive 27 points.
You press <<27>> and receive 46 points.
You press <<28>> and receive 43 points.
You press <<25>> and receive 33 points.
You press <<26>> and receive 48 points.
You press <<26>> and receive 48 points.
You press <<26>> and receive 47 points.
You press <<26>> and receive 48 points.
You press <<26>> and receive 47 points.
You press <<26>> and receive 48 points.

Environment number 2:
The value of option 17 is 42. You have 10 choices to make in this environment.
You press <<18>> and receive 51 points.
You press <<19>> and receive 48 points.
You press <<16>> and receive 51 points.
You press <<15>> and receive 68 points.
You press <<14>> and receive 43 points.
You press <<13>> and receive 21 points.
You press <<15>> and receive 68 points.
You press <<15>> and receive 68 points.
You press <<15>> and receive 67 points.
You press <<15>> and receive 67 points.

Environment number 3:
The value of option 20 is 65. You have 5 choices to make in this environment.
You press <<19>> and receive 47 points.
You press <<21>> and receive 41 points.
You press <<20>> and receive 66 points.
You press <<20>> and receive 67 points.
You press <<20>> and receive 64 points.

Environment number 4:
The value of option 7 is 73. You have 10 choices to make in this environment.
You press <<8>> and receive 80 points.
You press <<9>> and receive 55 points.
You press <<8>> and receive 78 points.
You press <<8>> and receive 79 points.
You press <<8>> and receive 76 points.
You press <<8>> and receive 78 points.
You press <<8>> and receive 80 points.
You press <<8>> and receive 78 points.
You press <<8>> and receive 80 points.
You press <<8>> and receive 79 points.

Environment number 5:
The value of option 17 is 72. You have 5 choices to make in this environment.
You press <<18>> and receive 53 points.
You press <<17>> and receive 72 points.
You press <<17>> and receive 71 points.
You press <<17>> and receive 69 points.
You press <<17>> and receive 73 points.

Environment number 6:
The value of option 14 is 25. You have 5 choices to make in this environment.
You press <<13>> and receive 41 points.
You press <<12>> and receive 36 points.
You press <<15>> and receive 15 points.
You press <<16>> and receive 23 points.
You press <<13>> and receive 39 points.

Environment number 7:
The value of option 3 is 44. You have 5 choices to make in this environment.
You press <<4>> and receive 45 points.
You press <<5>> and receive 38 points.
You press <<2>> and receive 61 points.
You press <<1>> and receive 62 points.
You press <<1>> and receive 60 points.

Environment number 8:
The value of option 1 is 1. You have 10 choices to make in this environment.
You press <<2>> and receive 12 points.
You press <<3>> and receive 51 points.
You press <<4>> and receive 29 points.
You press <<3>> and receive 49 points.
You press <<3>> and receive 50 points.
You press <<3>> and receive 49 points.
You press <<3>> and receive 49 points.
You press <<3>> and receive 51 points.
You press <<3>> and receive 49 points.
You press <<3>> and receive 49 points.

Environment number 9:
The value of option 1 is 34. You have 10 choices to make in this environment.
You press <<2>> and receive 46 points.
You press <<3>> and receive 53 points.
You press <<4>> and receive 45 points.
You press <<3>> and receive 52 points.
You press <<3>> and receive 51 points.
You press <<3>> and receive 53 points.
You press <<3>> and receive 55 points.
You press <<3>> and receive 51 points.
You press <<3>> and receive 51 points.
You press <<",37
10,20,1,20,0,rough,21,10,36,45,"You will be presented with a series of 16 different environments to explore.
In each trial, you can select an option between numbers 1 and 30 by pressing the corresponding key.
By selecting any of these options, you will earn points associated with each unique option.
Imagine these options 1 through 30 as lying next to each other in an ordered line; options closer to each other tend to have similar rewards as rewards tend to cluster together.
For each environment, you will be able to make either 5 or 10 choices.
When you made all your choices in a given environment, you will start making choices in the next unexplored environment.
The rewards underlying the different options are different in each environment so you will learn them anew for each environment.
Each environment starts with the value of a single option revealed.
When you choose the number corresponding to a different option, you will be told the value of that option and receive those points.
Previously revealed options, including the starting option, can also be reselected, although there may be small changes in the point value.
It is your task to gain as many points as possible across all 16 environments.

Environment number 1:
The value of option 26 is 47. You have 10 choices to make in this environment.
You press <<24>> and receive 27 points.
You press <<27>> and receive 46 points.
You press <<28>> and receive 43 points.
You press <<25>> and receive 33 points.
You press <<26>> and receive 48 points.
You press <<26>> and receive 48 points.
You press <<26>> and receive 47 points.
You press <<26>> and receive 48 points.
You press <<26>> and receive 47 points.
You press <<26>> and receive 48 points.

Environment number 2:
The value of option 17 is 42. You have 10 choices to make in this environment.
You press <<18>> and receive 51 points.
You press <<19>> and receive 48 points.
You press <<16>> and receive 51 points.
You press <<15>> and receive 68 points.
You press <<14>> and receive 43 points.
You press <<13>> and receive 21 points.
You press <<15>> and receive 68 points.
You press <<15>> and receive 68 points.
You press <<15>> and receive 67 points.
You press <<15>> and receive 67 points.

Environment number 3:
The value of option 20 is 65. You have 5 choices to make in this environment.
You press <<19>> and receive 47 points.
You press <<21>> and receive 41 points.
You press <<20>> and receive 66 points.
You press <<20>> and receive 67 points.
You press <<20>> and receive 64 points.

Environment number 4:
The value of option 7 is 73. You have 10 choices to make in this environment.
You press <<8>> and receive 80 points.
You press <<9>> and receive 55 points.
You press <<8>> and receive 78 points.
You press <<8>> and receive 79 points.
You press <<8>> and receive 76 points.
You press <<8>> and receive 78 points.
You press <<8>> and receive 80 points.
You press <<8>> and receive 78 points.
You press <<8>> and receive 80 points.
You press <<8>> and receive 79 points.

Environment number 5:
The value of option 17 is 72. You have 5 choices to make in this environment.
You press <<18>> and receive 53 points.
You press <<17>> and receive 72 points.
You press <<17>> and receive 71 points.
You press <<17>> and receive 69 points.
You press <<17>> and receive 73 points.

Environment number 6:
The value of option 14 is 25. You have 5 choices to make in this environment.
You press <<13>> and receive 41 points.
You press <<12>> and receive 36 points.
You press <<15>> and receive 15 points.
You press <<16>> and receive 23 points.
You press <<13>> and receive 39 points.

Environment number 7:
The value of option 3 is 44. You have 5 choices to make in this environment.
You press <<4>> and receive 45 points.
You press <<5>> and receive 38 points.
You press <<2>> and receive 61 points.
You press <<1>> and receive 62 points.
You press <<1>> and receive 60 points.

Environment number 8:
The value of option 1 is 1. You have 10 choices to make in this environment.
You press <<2>> and receive 12 points.
You press <<3>> and receive 51 points.
You press <<4>> and receive 29 points.
You press <<3>> and receive 49 points.
You press <<3>> and receive 50 points.
You press <<3>> and receive 49 points.
You press <<3>> and receive 49 points.
You press <<3>> and receive 51 points.
You press <<3>> and receive 49 points.
You press <<3>> and receive 49 points.

Environment number 9:
The value of option 1 is 34. You have 10 choices to make in this environment.
You press <<2>> and receive 46 points.
You press <<3>> and receive 53 points.
You press <<4>> and receive 45 points.
You press <<3>> and receive 52 points.
You press <<3>> and receive 51 points.
You press <<3>> and receive 53 points.
You press <<3>> and receive 55 points.
You press <<3>> and receive 51 points.
You press <<3>> and receive 51 points.
You press <<3>> and receive 55 points.

Environment number 10:
The value of option 21 is 36. You have 10 choices to make in this environment.
You press <<",37
10,20,2,19,0,rough,21,10,36,24,"You will be presented with a series of 16 different environments to explore.
In each trial, you can select an option between numbers 1 and 30 by pressing the corresponding key.
By selecting any of these options, you will earn points associated with each unique option.
Imagine these options 1 through 30 as lying next to each other in an ordered line; options closer to each other tend to have similar rewards as rewards tend to cluster together.
For each environment, you will be able to make either 5 or 10 choices.
When you made all your choices in a given environment, you will start making choices in the next unexplored environment.
The rewards underlying the different options are different in each environment so you will learn them anew for each environment.
Each environment starts with the value of a single option revealed.
When you choose the number corresponding to a different option, you will be told the value of that option and receive those points.
Previously revealed options, including the starting option, can also be reselected, although there may be small changes in the point value.
It is your task to gain as many points as possible across all 16 environments.

Environment number 1:
The value of option 26 is 47. You have 10 choices to make in this environment.
You press <<24>> and receive 27 points.
You press <<27>> and receive 46 points.
You press <<28>> and receive 43 points.
You press <<25>> and receive 33 points.
You press <<26>> and receive 48 points.
You press <<26>> and receive 48 points.
You press <<26>> and receive 47 points.
You press <<26>> and receive 48 points.
You press <<26>> and receive 47 points.
You press <<26>> and receive 48 points.

Environment number 2:
The value of option 17 is 42. You have 10 choices to make in this environment.
You press <<18>> and receive 51 points.
You press <<19>> and receive 48 points.
You press <<16>> and receive 51 points.
You press <<15>> and receive 68 points.
You press <<14>> and receive 43 points.
You press <<13>> and receive 21 points.
You press <<15>> and receive 68 points.
You press <<15>> and receive 68 points.
You press <<15>> and receive 67 points.
You press <<15>> and receive 67 points.

Environment number 3:
The value of option 20 is 65. You have 5 choices to make in this environment.
You press <<19>> and receive 47 points.
You press <<21>> and receive 41 points.
You press <<20>> and receive 66 points.
You press <<20>> and receive 67 points.
You press <<20>> and receive 64 points.

Environment number 4:
The value of option 7 is 73. You have 10 choices to make in this environment.
You press <<8>> and receive 80 points.
You press <<9>> and receive 55 points.
You press <<8>> and receive 78 points.
You press <<8>> and receive 79 points.
You press <<8>> and receive 76 points.
You press <<8>> and receive 78 points.
You press <<8>> and receive 80 points.
You press <<8>> and receive 78 points.
You press <<8>> and receive 80 points.
You press <<8>> and receive 79 points.

Environment number 5:
The value of option 17 is 72. You have 5 choices to make in this environment.
You press <<18>> and receive 53 points.
You press <<17>> and receive 72 points.
You press <<17>> and receive 71 points.
You press <<17>> and receive 69 points.
You press <<17>> and receive 73 points.

Environment number 6:
The value of option 14 is 25. You have 5 choices to make in this environment.
You press <<13>> and receive 41 points.
You press <<12>> and receive 36 points.
You press <<15>> and receive 15 points.
You press <<16>> and receive 23 points.
You press <<13>> and receive 39 points.

Environment number 7:
The value of option 3 is 44. You have 5 choices to make in this environment.
You press <<4>> and receive 45 points.
You press <<5>> and receive 38 points.
You press <<2>> and receive 61 points.
You press <<1>> and receive 62 points.
You press <<1>> and receive 60 points.

Environment number 8:
The value of option 1 is 1. You have 10 choices to make in this environment.
You press <<2>> and receive 12 points.
You press <<3>> and receive 51 points.
You press <<4>> and receive 29 points.
You press <<3>> and receive 49 points.
You press <<3>> and receive 50 points.
You press <<3>> and receive 49 points.
You press <<3>> and receive 49 points.
You press <<3>> and receive 51 points.
You press <<3>> and receive 49 points.
You press <<3>> and receive 49 points.

Environment number 9:
The value of option 1 is 34. You have 10 choices to make in this environment.
You press <<2>> and receive 46 points.
You press <<3>> and receive 53 points.
You press <<4>> and receive 45 points.
You press <<3>> and receive 52 points.
You press <<3>> and receive 51 points.
You press <<3>> and receive 53 points.
You press <<3>> and receive 55 points.
You press <<3>> and receive 51 points.
You press <<3>> and receive 51 points.
You press <<3>> and receive 55 points.

Environment number 10:
The value of option 21 is 36. You have 10 choices to make in this environment.
You press <<20>> and receive 45 points.
You press <<",37
10,20,3,20,0,rough,21,10,36,44,"You will be presented with a series of 16 different environments to explore.
In each trial, you can select an option between numbers 1 and 30 by pressing the corresponding key.
By selecting any of these options, you will earn points associated with each unique option.
Imagine these options 1 through 30 as lying next to each other in an ordered line; options closer to each other tend to have similar rewards as rewards tend to cluster together.
For each environment, you will be able to make either 5 or 10 choices.
When you made all your choices in a given environment, you will start making choices in the next unexplored environment.
The rewards underlying the different options are different in each environment so you will learn them anew for each environment.
Each environment starts with the value of a single option revealed.
When you choose the number corresponding to a different option, you will be told the value of that option and receive those points.
Previously revealed options, including the starting option, can also be reselected, although there may be small changes in the point value.
It is your task to gain as many points as possible across all 16 environments.

Environment number 1:
The value of option 26 is 47. You have 10 choices to make in this environment.
You press <<24>> and receive 27 points.
You press <<27>> and receive 46 points.
You press <<28>> and receive 43 points.
You press <<25>> and receive 33 points.
You press <<26>> and receive 48 points.
You press <<26>> and receive 48 points.
You press <<26>> and receive 47 points.
You press <<26>> and receive 48 points.
You press <<26>> and receive 47 points.
You press <<26>> and receive 48 points.

Environment number 2:
The value of option 17 is 42. You have 10 choices to make in this environment.
You press <<18>> and receive 51 points.
You press <<19>> and receive 48 points.
You press <<16>> and receive 51 points.
You press <<15>> and receive 68 points.
You press <<14>> and receive 43 points.
You press <<13>> and receive 21 points.
You press <<15>> and receive 68 points.
You press <<15>> and receive 68 points.
You press <<15>> and receive 67 points.
You press <<15>> and receive 67 points.

Environment number 3:
The value of option 20 is 65. You have 5 choices to make in this environment.
You press <<19>> and receive 47 points.
You press <<21>> and receive 41 points.
You press <<20>> and receive 66 points.
You press <<20>> and receive 67 points.
You press <<20>> and receive 64 points.

Environment number 4:
The value of option 7 is 73. You have 10 choices to make in this environment.
You press <<8>> and receive 80 points.
You press <<9>> and receive 55 points.
You press <<8>> and receive 78 points.
You press <<8>> and receive 79 points.
You press <<8>> and receive 76 points.
You press <<8>> and receive 78 points.
You press <<8>> and receive 80 points.
You press <<8>> and receive 78 points.
You press <<8>> and receive 80 points.
You press <<8>> and receive 79 points.

Environment number 5:
The value of option 17 is 72. You have 5 choices to make in this environment.
You press <<18>> and receive 53 points.
You press <<17>> and receive 72 points.
You press <<17>> and receive 71 points.
You press <<17>> and receive 69 points.
You press <<17>> and receive 73 points.

Environment number 6:
The value of option 14 is 25. You have 5 choices to make in this environment.
You press <<13>> and receive 41 points.
You press <<12>> and receive 36 points.
You press <<15>> and receive 15 points.
You press <<16>> and receive 23 points.
You press <<13>> and receive 39 points.

Environment number 7:
The value of option 3 is 44. You have 5 choices to make in this environment.
You press <<4>> and receive 45 points.
You press <<5>> and receive 38 points.
You press <<2>> and receive 61 points.
You press <<1>> and receive 62 points.
You press <<1>> and receive 60 points.

Environment number 8:
The value of option 1 is 1. You have 10 choices to make in this environment.
You press <<2>> and receive 12 points.
You press <<3>> and receive 51 points.
You press <<4>> and receive 29 points.
You press <<3>> and receive 49 points.
You press <<3>> and receive 50 points.
You press <<3>> and receive 49 points.
You press <<3>> and receive 49 points.
You press <<3>> and receive 51 points.
You press <<3>> and receive 49 points.
You press <<3>> and receive 49 points.

Environment number 9:
The value of option 1 is 34. You have 10 choices to make in this environment.
You press <<2>> and receive 46 points.
You press <<3>> and receive 53 points.
You press <<4>> and receive 45 points.
You press <<3>> and receive 52 points.
You press <<3>> and receive 51 points.
You press <<3>> and receive 53 points.
You press <<3>> and receive 55 points.
You press <<3>> and receive 51 points.
You press <<3>> and receive 51 points.
You press <<3>> and receive 55 points.

Environment number 10:
The value of option 21 is 36. You have 10 choices to make in this environment.
You press <<20>> and receive 45 points.
You press <<19>> and receive 24 points.
You press <<",37
10,20,4,20,0,rough,21,10,36,45,"You will be presented with a series of 16 different environments to explore.
In each trial, you can select an option between numbers 1 and 30 by pressing the corresponding key.
By selecting any of these options, you will earn points associated with each unique option.
Imagine these options 1 through 30 as lying next to each other in an ordered line; options closer to each other tend to have similar rewards as rewards tend to cluster together.
For each environment, you will be able to make either 5 or 10 choices.
When you made all your choices in a given environment, you will start making choices in the next unexplored environment.
The rewards underlying the different options are different in each environment so you will learn them anew for each environment.
Each environment starts with the value of a single option revealed.
When you choose the number corresponding to a different option, you will be told the value of that option and receive those points.
Previously revealed options, including the starting option, can also be reselected, although there may be small changes in the point value.
It is your task to gain as many points as possible across all 16 environments.

Environment number 1:
The value of option 26 is 47. You have 10 choices to make in this environment.
You press <<24>> and receive 27 points.
You press <<27>> and receive 46 points.
You press <<28>> and receive 43 points.
You press <<25>> and receive 33 points.
You press <<26>> and receive 48 points.
You press <<26>> and receive 48 points.
You press <<26>> and receive 47 points.
You press <<26>> and receive 48 points.
You press <<26>> and receive 47 points.
You press <<26>> and receive 48 points.

Environment number 2:
The value of option 17 is 42. You have 10 choices to make in this environment.
You press <<18>> and receive 51 points.
You press <<19>> and receive 48 points.
You press <<16>> and receive 51 points.
You press <<15>> and receive 68 points.
You press <<14>> and receive 43 points.
You press <<13>> and receive 21 points.
You press <<15>> and receive 68 points.
You press <<15>> and receive 68 points.
You press <<15>> and receive 67 points.
You press <<15>> and receive 67 points.

Environment number 3:
The value of option 20 is 65. You have 5 choices to make in this environment.
You press <<19>> and receive 47 points.
You press <<21>> and receive 41 points.
You press <<20>> and receive 66 points.
You press <<20>> and receive 67 points.
You press <<20>> and receive 64 points.

Environment number 4:
The value of option 7 is 73. You have 10 choices to make in this environment.
You press <<8>> and receive 80 points.
You press <<9>> and receive 55 points.
You press <<8>> and receive 78 points.
You press <<8>> and receive 79 points.
You press <<8>> and receive 76 points.
You press <<8>> and receive 78 points.
You press <<8>> and receive 80 points.
You press <<8>> and receive 78 points.
You press <<8>> and receive 80 points.
You press <<8>> and receive 79 points.

Environment number 5:
The value of option 17 is 72. You have 5 choices to make in this environment.
You press <<18>> and receive 53 points.
You press <<17>> and receive 72 points.
You press <<17>> and receive 71 points.
You press <<17>> and receive 69 points.
You press <<17>> and receive 73 points.

Environment number 6:
The value of option 14 is 25. You have 5 choices to make in this environment.
You press <<13>> and receive 41 points.
You press <<12>> and receive 36 points.
You press <<15>> and receive 15 points.
You press <<16>> and receive 23 points.
You press <<13>> and receive 39 points.

Environment number 7:
The value of option 3 is 44. You have 5 choices to make in this environment.
You press <<4>> and receive 45 points.
You press <<5>> and receive 38 points.
You press <<2>> and receive 61 points.
You press <<1>> and receive 62 points.
You press <<1>> and receive 60 points.

Environment number 8:
The value of option 1 is 1. You have 10 choices to make in this environment.
You press <<2>> and receive 12 points.
You press <<3>> and receive 51 points.
You press <<4>> and receive 29 points.
You press <<3>> and receive 49 points.
You press <<3>> and receive 50 points.
You press <<3>> and receive 49 points.
You press <<3>> and receive 49 points.
You press <<3>> and receive 51 points.
You press <<3>> and receive 49 points.
You press <<3>> and receive 49 points.

Environment number 9:
The value of option 1 is 34. You have 10 choices to make in this environment.
You press <<2>> and receive 46 points.
You press <<3>> and receive 53 points.
You press <<4>> and receive 45 points.
You press <<3>> and receive 52 points.
You press <<3>> and receive 51 points.
You press <<3>> and receive 53 points.
You press <<3>> and receive 55 points.
You press <<3>> and receive 51 points.
You press <<3>> and receive 51 points.
You press <<3>> and receive 55 points.

Environment number 10:
The value of option 21 is 36. You have 10 choices to make in this environment.
You press <<20>> and receive 45 points.
You press <<19>> and receive 24 points.
You press <<20>> and receive 44 points.
You press <<",37
10,20,5,20,0,rough,21,10,36,45,"You will be presented with a series of 16 different environments to explore.
In each trial, you can select an option between numbers 1 and 30 by pressing the corresponding key.
By selecting any of these options, you will earn points associated with each unique option.
Imagine these options 1 through 30 as lying next to each other in an ordered line; options closer to each other tend to have similar rewards as rewards tend to cluster together.
For each environment, you will be able to make either 5 or 10 choices.
When you made all your choices in a given environment, you will start making choices in the next unexplored environment.
The rewards underlying the different options are different in each environment so you will learn them anew for each environment.
Each environment starts with the value of a single option revealed.
When you choose the number corresponding to a different option, you will be told the value of that option and receive those points.
Previously revealed options, including the starting option, can also be reselected, although there may be small changes in the point value.
It is your task to gain as many points as possible across all 16 environments.

Environment number 1:
The value of option 26 is 47. You have 10 choices to make in this environment.
You press <<24>> and receive 27 points.
You press <<27>> and receive 46 points.
You press <<28>> and receive 43 points.
You press <<25>> and receive 33 points.
You press <<26>> and receive 48 points.
You press <<26>> and receive 48 points.
You press <<26>> and receive 47 points.
You press <<26>> and receive 48 points.
You press <<26>> and receive 47 points.
You press <<26>> and receive 48 points.

Environment number 2:
The value of option 17 is 42. You have 10 choices to make in this environment.
You press <<18>> and receive 51 points.
You press <<19>> and receive 48 points.
You press <<16>> and receive 51 points.
You press <<15>> and receive 68 points.
You press <<14>> and receive 43 points.
You press <<13>> and receive 21 points.
You press <<15>> and receive 68 points.
You press <<15>> and receive 68 points.
You press <<15>> and receive 67 points.
You press <<15>> and receive 67 points.

Environment number 3:
The value of option 20 is 65. You have 5 choices to make in this environment.
You press <<19>> and receive 47 points.
You press <<21>> and receive 41 points.
You press <<20>> and receive 66 points.
You press <<20>> and receive 67 points.
You press <<20>> and receive 64 points.

Environment number 4:
The value of option 7 is 73. You have 10 choices to make in this environment.
You press <<8>> and receive 80 points.
You press <<9>> and receive 55 points.
You press <<8>> and receive 78 points.
You press <<8>> and receive 79 points.
You press <<8>> and receive 76 points.
You press <<8>> and receive 78 points.
You press <<8>> and receive 80 points.
You press <<8>> and receive 78 points.
You press <<8>> and receive 80 points.
You press <<8>> and receive 79 points.

Environment number 5:
The value of option 17 is 72. You have 5 choices to make in this environment.
You press <<18>> and receive 53 points.
You press <<17>> and receive 72 points.
You press <<17>> and receive 71 points.
You press <<17>> and receive 69 points.
You press <<17>> and receive 73 points.

Environment number 6:
The value of option 14 is 25. You have 5 choices to make in this environment.
You press <<13>> and receive 41 points.
You press <<12>> and receive 36 points.
You press <<15>> and receive 15 points.
You press <<16>> and receive 23 points.
You press <<13>> and receive 39 points.

Environment number 7:
The value of option 3 is 44. You have 5 choices to make in this environment.
You press <<4>> and receive 45 points.
You press <<5>> and receive 38 points.
You press <<2>> and receive 61 points.
You press <<1>> and receive 62 points.
You press <<1>> and receive 60 points.

Environment number 8:
The value of option 1 is 1. You have 10 choices to make in this environment.
You press <<2>> and receive 12 points.
You press <<3>> and receive 51 points.
You press <<4>> and receive 29 points.
You press <<3>> and receive 49 points.
You press <<3>> and receive 50 points.
You press <<3>> and receive 49 points.
You press <<3>> and receive 49 points.
You press <<3>> and receive 51 points.
You press <<3>> and receive 49 points.
You press <<3>> and receive 49 points.

Environment number 9:
The value of option 1 is 34. You have 10 choices to make in this environment.
You press <<2>> and receive 46 points.
You press <<3>> and receive 53 points.
You press <<4>> and receive 45 points.
You press <<3>> and receive 52 points.
You press <<3>> and receive 51 points.
You press <<3>> and receive 53 points.
You press <<3>> and receive 55 points.
You press <<3>> and receive 51 points.
You press <<3>> and receive 51 points.
You press <<3>> and receive 55 points.

Environment number 10:
The value of option 21 is 36. You have 10 choices to make in this environment.
You press <<20>> and receive 45 points.
You press <<19>> and receive 24 points.
You press <<20>> and receive 44 points.
You press <<20>> and receive 45 points.
You press <<",37
10,20,6,20,0,rough,21,10,36,45,"You will be presented with a series of 16 different environments to explore.
In each trial, you can select an option between numbers 1 and 30 by pressing the corresponding key.
By selecting any of these options, you will earn points associated with each unique option.
Imagine these options 1 through 30 as lying next to each other in an ordered line; options closer to each other tend to have similar rewards as rewards tend to cluster together.
For each environment, you will be able to make either 5 or 10 choices.
When you made all your choices in a given environment, you will start making choices in the next unexplored environment.
The rewards underlying the different options are different in each environment so you will learn them anew for each environment.
Each environment starts with the value of a single option revealed.
When you choose the number corresponding to a different option, you will be told the value of that option and receive those points.
Previously revealed options, including the starting option, can also be reselected, although there may be small changes in the point value.
It is your task to gain as many points as possible across all 16 environments.

Environment number 1:
The value of option 26 is 47. You have 10 choices to make in this environment.
You press <<24>> and receive 27 points.
You press <<27>> and receive 46 points.
You press <<28>> and receive 43 points.
You press <<25>> and receive 33 points.
You press <<26>> and receive 48 points.
You press <<26>> and receive 48 points.
You press <<26>> and receive 47 points.
You press <<26>> and receive 48 points.
You press <<26>> and receive 47 points.
You press <<26>> and receive 48 points.

Environment number 2:
The value of option 17 is 42. You have 10 choices to make in this environment.
You press <<18>> and receive 51 points.
You press <<19>> and receive 48 points.
You press <<16>> and receive 51 points.
You press <<15>> and receive 68 points.
You press <<14>> and receive 43 points.
You press <<13>> and receive 21 points.
You press <<15>> and receive 68 points.
You press <<15>> and receive 68 points.
You press <<15>> and receive 67 points.
You press <<15>> and receive 67 points.

Environment number 3:
The value of option 20 is 65. You have 5 choices to make in this environment.
You press <<19>> and receive 47 points.
You press <<21>> and receive 41 points.
You press <<20>> and receive 66 points.
You press <<20>> and receive 67 points.
You press <<20>> and receive 64 points.

Environment number 4:
The value of option 7 is 73. You have 10 choices to make in this environment.
You press <<8>> and receive 80 points.
You press <<9>> and receive 55 points.
You press <<8>> and receive 78 points.
You press <<8>> and receive 79 points.
You press <<8>> and receive 76 points.
You press <<8>> and receive 78 points.
You press <<8>> and receive 80 points.
You press <<8>> and receive 78 points.
You press <<8>> and receive 80 points.
You press <<8>> and receive 79 points.

Environment number 5:
The value of option 17 is 72. You have 5 choices to make in this environment.
You press <<18>> and receive 53 points.
You press <<17>> and receive 72 points.
You press <<17>> and receive 71 points.
You press <<17>> and receive 69 points.
You press <<17>> and receive 73 points.

Environment number 6:
The value of option 14 is 25. You have 5 choices to make in this environment.
You press <<13>> and receive 41 points.
You press <<12>> and receive 36 points.
You press <<15>> and receive 15 points.
You press <<16>> and receive 23 points.
You press <<13>> and receive 39 points.

Environment number 7:
The value of option 3 is 44. You have 5 choices to make in this environment.
You press <<4>> and receive 45 points.
You press <<5>> and receive 38 points.
You press <<2>> and receive 61 points.
You press <<1>> and receive 62 points.
You press <<1>> and receive 60 points.

Environment number 8:
The value of option 1 is 1. You have 10 choices to make in this environment.
You press <<2>> and receive 12 points.
You press <<3>> and receive 51 points.
You press <<4>> and receive 29 points.
You press <<3>> and receive 49 points.
You press <<3>> and receive 50 points.
You press <<3>> and receive 49 points.
You press <<3>> and receive 49 points.
You press <<3>> and receive 51 points.
You press <<3>> and receive 49 points.
You press <<3>> and receive 49 points.

Environment number 9:
The value of option 1 is 34. You have 10 choices to make in this environment.
You press <<2>> and receive 46 points.
You press <<3>> and receive 53 points.
You press <<4>> and receive 45 points.
You press <<3>> and receive 52 points.
You press <<3>> and receive 51 points.
You press <<3>> and receive 53 points.
You press <<3>> and receive 55 points.
You press <<3>> and receive 51 points.
You press <<3>> and receive 51 points.
You press <<3>> and receive 55 points.

Environment number 10:
The value of option 21 is 36. You have 10 choices to make in this environment.
You press <<20>> and receive 45 points.
You press <<19>> and receive 24 points.
You press <<20>> and receive 44 points.
You press <<20>> and receive 45 points.
You press <<20>> and receive 45 points.
You press <<",37
10,20,7,20,0,rough,21,10,36,45,"You will be presented with a series of 16 different environments to explore.
In each trial, you can select an option between numbers 1 and 30 by pressing the corresponding key.
By selecting any of these options, you will earn points associated with each unique option.
Imagine these options 1 through 30 as lying next to each other in an ordered line; options closer to each other tend to have similar rewards as rewards tend to cluster together.
For each environment, you will be able to make either 5 or 10 choices.
When you made all your choices in a given environment, you will start making choices in the next unexplored environment.
The rewards underlying the different options are different in each environment so you will learn them anew for each environment.
Each environment starts with the value of a single option revealed.
When you choose the number corresponding to a different option, you will be told the value of that option and receive those points.
Previously revealed options, including the starting option, can also be reselected, although there may be small changes in the point value.
It is your task to gain as many points as possible across all 16 environments.

Environment number 1:
The value of option 26 is 47. You have 10 choices to make in this environment.
You press <<24>> and receive 27 points.
You press <<27>> and receive 46 points.
You press <<28>> and receive 43 points.
You press <<25>> and receive 33 points.
You press <<26>> and receive 48 points.
You press <<26>> and receive 48 points.
You press <<26>> and receive 47 points.
You press <<26>> and receive 48 points.
You press <<26>> and receive 47 points.
You press <<26>> and receive 48 points.

Environment number 2:
The value of option 17 is 42. You have 10 choices to make in this environment.
You press <<18>> and receive 51 points.
You press <<19>> and receive 48 points.
You press <<16>> and receive 51 points.
You press <<15>> and receive 68 points.
You press <<14>> and receive 43 points.
You press <<13>> and receive 21 points.
You press <<15>> and receive 68 points.
You press <<15>> and receive 68 points.
You press <<15>> and receive 67 points.
You press <<15>> and receive 67 points.

Environment number 3:
The value of option 20 is 65. You have 5 choices to make in this environment.
You press <<19>> and receive 47 points.
You press <<21>> and receive 41 points.
You press <<20>> and receive 66 points.
You press <<20>> and receive 67 points.
You press <<20>> and receive 64 points.

Environment number 4:
The value of option 7 is 73. You have 10 choices to make in this environment.
You press <<8>> and receive 80 points.
You press <<9>> and receive 55 points.
You press <<8>> and receive 78 points.
You press <<8>> and receive 79 points.
You press <<8>> and receive 76 points.
You press <<8>> and receive 78 points.
You press <<8>> and receive 80 points.
You press <<8>> and receive 78 points.
You press <<8>> and receive 80 points.
You press <<8>> and receive 79 points.

Environment number 5:
The value of option 17 is 72. You have 5 choices to make in this environment.
You press <<18>> and receive 53 points.
You press <<17>> and receive 72 points.
You press <<17>> and receive 71 points.
You press <<17>> and receive 69 points.
You press <<17>> and receive 73 points.

Environment number 6:
The value of option 14 is 25. You have 5 choices to make in this environment.
You press <<13>> and receive 41 points.
You press <<12>> and receive 36 points.
You press <<15>> and receive 15 points.
You press <<16>> and receive 23 points.
You press <<13>> and receive 39 points.

Environment number 7:
The value of option 3 is 44. You have 5 choices to make in this environment.
You press <<4>> and receive 45 points.
You press <<5>> and receive 38 points.
You press <<2>> and receive 61 points.
You press <<1>> and receive 62 points.
You press <<1>> and receive 60 points.

Environment number 8:
The value of option 1 is 1. You have 10 choices to make in this environment.
You press <<2>> and receive 12 points.
You press <<3>> and receive 51 points.
You press <<4>> and receive 29 points.
You press <<3>> and receive 49 points.
You press <<3>> and receive 50 points.
You press <<3>> and receive 49 points.
You press <<3>> and receive 49 points.
You press <<3>> and receive 51 points.
You press <<3>> and receive 49 points.
You press <<3>> and receive 49 points.

Environment number 9:
The value of option 1 is 34. You have 10 choices to make in this environment.
You press <<2>> and receive 46 points.
You press <<3>> and receive 53 points.
You press <<4>> and receive 45 points.
You press <<3>> and receive 52 points.
You press <<3>> and receive 51 points.
You press <<3>> and receive 53 points.
You press <<3>> and receive 55 points.
You press <<3>> and receive 51 points.
You press <<3>> and receive 51 points.
You press <<3>> and receive 55 points.

Environment number 10:
The value of option 21 is 36. You have 10 choices to make in this environment.
You press <<20>> and receive 45 points.
You press <<19>> and receive 24 points.
You press <<20>> and receive 44 points.
You press <<20>> and receive 45 points.
You press <<20>> and receive 45 points.
You press <<20>> and receive 45 points.
You press <<",37
10,20,8,20,0,rough,21,10,36,45,"You will be presented with a series of 16 different environments to explore.
In each trial, you can select an option between numbers 1 and 30 by pressing the corresponding key.
By selecting any of these options, you will earn points associated with each unique option.
Imagine these options 1 through 30 as lying next to each other in an ordered line; options closer to each other tend to have similar rewards as rewards tend to cluster together.
For each environment, you will be able to make either 5 or 10 choices.
When you made all your choices in a given environment, you will start making choices in the next unexplored environment.
The rewards underlying the different options are different in each environment so you will learn them anew for each environment.
Each environment starts with the value of a single option revealed.
When you choose the number corresponding to a different option, you will be told the value of that option and receive those points.
Previously revealed options, including the starting option, can also be reselected, although there may be small changes in the point value.
It is your task to gain as many points as possible across all 16 environments.

Environment number 1:
The value of option 26 is 47. You have 10 choices to make in this environment.
You press <<24>> and receive 27 points.
You press <<27>> and receive 46 points.
You press <<28>> and receive 43 points.
You press <<25>> and receive 33 points.
You press <<26>> and receive 48 points.
You press <<26>> and receive 48 points.
You press <<26>> and receive 47 points.
You press <<26>> and receive 48 points.
You press <<26>> and receive 47 points.
You press <<26>> and receive 48 points.

Environment number 2:
The value of option 17 is 42. You have 10 choices to make in this environment.
You press <<18>> and receive 51 points.
You press <<19>> and receive 48 points.
You press <<16>> and receive 51 points.
You press <<15>> and receive 68 points.
You press <<14>> and receive 43 points.
You press <<13>> and receive 21 points.
You press <<15>> and receive 68 points.
You press <<15>> and receive 68 points.
You press <<15>> and receive 67 points.
You press <<15>> and receive 67 points.

Environment number 3:
The value of option 20 is 65. You have 5 choices to make in this environment.
You press <<19>> and receive 47 points.
You press <<21>> and receive 41 points.
You press <<20>> and receive 66 points.
You press <<20>> and receive 67 points.
You press <<20>> and receive 64 points.

Environment number 4:
The value of option 7 is 73. You have 10 choices to make in this environment.
You press <<8>> and receive 80 points.
You press <<9>> and receive 55 points.
You press <<8>> and receive 78 points.
You press <<8>> and receive 79 points.
You press <<8>> and receive 76 points.
You press <<8>> and receive 78 points.
You press <<8>> and receive 80 points.
You press <<8>> and receive 78 points.
You press <<8>> and receive 80 points.
You press <<8>> and receive 79 points.

Environment number 5:
The value of option 17 is 72. You have 5 choices to make in this environment.
You press <<18>> and receive 53 points.
You press <<17>> and receive 72 points.
You press <<17>> and receive 71 points.
You press <<17>> and receive 69 points.
You press <<17>> and receive 73 points.

Environment number 6:
The value of option 14 is 25. You have 5 choices to make in this environment.
You press <<13>> and receive 41 points.
You press <<12>> and receive 36 points.
You press <<15>> and receive 15 points.
You press <<16>> and receive 23 points.
You press <<13>> and receive 39 points.

Environment number 7:
The value of option 3 is 44. You have 5 choices to make in this environment.
You press <<4>> and receive 45 points.
You press <<5>> and receive 38 points.
You press <<2>> and receive 61 points.
You press <<1>> and receive 62 points.
You press <<1>> and receive 60 points.

Environment number 8:
The value of option 1 is 1. You have 10 choices to make in this environment.
You press <<2>> and receive 12 points.
You press <<3>> and receive 51 points.
You press <<4>> and receive 29 points.
You press <<3>> and receive 49 points.
You press <<3>> and receive 50 points.
You press <<3>> and receive 49 points.
You press <<3>> and receive 49 points.
You press <<3>> and receive 51 points.
You press <<3>> and receive 49 points.
You press <<3>> and receive 49 points.

Environment number 9:
The value of option 1 is 34. You have 10 choices to make in this environment.
You press <<2>> and receive 46 points.
You press <<3>> and receive 53 points.
You press <<4>> and receive 45 points.
You press <<3>> and receive 52 points.
You press <<3>> and receive 51 points.
You press <<3>> and receive 53 points.
You press <<3>> and receive 55 points.
You press <<3>> and receive 51 points.
You press <<3>> and receive 51 points.
You press <<3>> and receive 55 points.

Environment number 10:
The value of option 21 is 36. You have 10 choices to make in this environment.
You press <<20>> and receive 45 points.
You press <<19>> and receive 24 points.
You press <<20>> and receive 44 points.
You press <<20>> and receive 45 points.
You press <<20>> and receive 45 points.
You press <<20>> and receive 45 points.
You press <<20>> and receive 45 points.
You press <<",37
10,20,9,20,0,rough,21,10,36,44,"You will be presented with a series of 16 different environments to explore.
In each trial, you can select an option between numbers 1 and 30 by pressing the corresponding key.
By selecting any of these options, you will earn points associated with each unique option.
Imagine these options 1 through 30 as lying next to each other in an ordered line; options closer to each other tend to have similar rewards as rewards tend to cluster together.
For each environment, you will be able to make either 5 or 10 choices.
When you made all your choices in a given environment, you will start making choices in the next unexplored environment.
The rewards underlying the different options are different in each environment so you will learn them anew for each environment.
Each environment starts with the value of a single option revealed.
When you choose the number corresponding to a different option, you will be told the value of that option and receive those points.
Previously revealed options, including the starting option, can also be reselected, although there may be small changes in the point value.
It is your task to gain as many points as possible across all 16 environments.

Environment number 1:
The value of option 26 is 47. You have 10 choices to make in this environment.
You press <<24>> and receive 27 points.
You press <<27>> and receive 46 points.
You press <<28>> and receive 43 points.
You press <<25>> and receive 33 points.
You press <<26>> and receive 48 points.
You press <<26>> and receive 48 points.
You press <<26>> and receive 47 points.
You press <<26>> and receive 48 points.
You press <<26>> and receive 47 points.
You press <<26>> and receive 48 points.

Environment number 2:
The value of option 17 is 42. You have 10 choices to make in this environment.
You press <<18>> and receive 51 points.
You press <<19>> and receive 48 points.
You press <<16>> and receive 51 points.
You press <<15>> and receive 68 points.
You press <<14>> and receive 43 points.
You press <<13>> and receive 21 points.
You press <<15>> and receive 68 points.
You press <<15>> and receive 68 points.
You press <<15>> and receive 67 points.
You press <<15>> and receive 67 points.

Environment number 3:
The value of option 20 is 65. You have 5 choices to make in this environment.
You press <<19>> and receive 47 points.
You press <<21>> and receive 41 points.
You press <<20>> and receive 66 points.
You press <<20>> and receive 67 points.
You press <<20>> and receive 64 points.

Environment number 4:
The value of option 7 is 73. You have 10 choices to make in this environment.
You press <<8>> and receive 80 points.
You press <<9>> and receive 55 points.
You press <<8>> and receive 78 points.
You press <<8>> and receive 79 points.
You press <<8>> and receive 76 points.
You press <<8>> and receive 78 points.
You press <<8>> and receive 80 points.
You press <<8>> and receive 78 points.
You press <<8>> and receive 80 points.
You press <<8>> and receive 79 points.

Environment number 5:
The value of option 17 is 72. You have 5 choices to make in this environment.
You press <<18>> and receive 53 points.
You press <<17>> and receive 72 points.
You press <<17>> and receive 71 points.
You press <<17>> and receive 69 points.
You press <<17>> and receive 73 points.

Environment number 6:
The value of option 14 is 25. You have 5 choices to make in this environment.
You press <<13>> and receive 41 points.
You press <<12>> and receive 36 points.
You press <<15>> and receive 15 points.
You press <<16>> and receive 23 points.
You press <<13>> and receive 39 points.

Environment number 7:
The value of option 3 is 44. You have 5 choices to make in this environment.
You press <<4>> and receive 45 points.
You press <<5>> and receive 38 points.
You press <<2>> and receive 61 points.
You press <<1>> and receive 62 points.
You press <<1>> and receive 60 points.

Environment number 8:
The value of option 1 is 1. You have 10 choices to make in this environment.
You press <<2>> and receive 12 points.
You press <<3>> and receive 51 points.
You press <<4>> and receive 29 points.
You press <<3>> and receive 49 points.
You press <<3>> and receive 50 points.
You press <<3>> and receive 49 points.
You press <<3>> and receive 49 points.
You press <<3>> and receive 51 points.
You press <<3>> and receive 49 points.
You press <<3>> and receive 49 points.

Environment number 9:
The value of option 1 is 34. You have 10 choices to make in this environment.
You press <<2>> and receive 46 points.
You press <<3>> and receive 53 points.
You press <<4>> and receive 45 points.
You press <<3>> and receive 52 points.
You press <<3>> and receive 51 points.
You press <<3>> and receive 53 points.
You press <<3>> and receive 55 points.
You press <<3>> and receive 51 points.
You press <<3>> and receive 51 points.
You press <<3>> and receive 55 points.

Environment number 10:
The value of option 21 is 36. You have 10 choices to make in this environment.
You press <<20>> and receive 45 points.
You press <<19>> and receive 24 points.
You press <<20>> and receive 44 points.
You press <<20>> and receive 45 points.
You press <<20>> and receive 45 points.
You press <<20>> and receive 45 points.
You press <<20>> and receive 45 points.
You press <<20>> and receive 45 points.
You press <<",37
10,20,10,20,0,rough,21,10,36,43,"You will be presented with a series of 16 different environments to explore.
In each trial, you can select an option between numbers 1 and 30 by pressing the corresponding key.
By selecting any of these options, you will earn points associated with each unique option.
Imagine these options 1 through 30 as lying next to each other in an ordered line; options closer to each other tend to have similar rewards as rewards tend to cluster together.
For each environment, you will be able to make either 5 or 10 choices.
When you made all your choices in a given environment, you will start making choices in the next unexplored environment.
The rewards underlying the different options are different in each environment so you will learn them anew for each environment.
Each environment starts with the value of a single option revealed.
When you choose the number corresponding to a different option, you will be told the value of that option and receive those points.
Previously revealed options, including the starting option, can also be reselected, although there may be small changes in the point value.
It is your task to gain as many points as possible across all 16 environments.

Environment number 1:
The value of option 26 is 47. You have 10 choices to make in this environment.
You press <<24>> and receive 27 points.
You press <<27>> and receive 46 points.
You press <<28>> and receive 43 points.
You press <<25>> and receive 33 points.
You press <<26>> and receive 48 points.
You press <<26>> and receive 48 points.
You press <<26>> and receive 47 points.
You press <<26>> and receive 48 points.
You press <<26>> and receive 47 points.
You press <<26>> and receive 48 points.

Environment number 2:
The value of option 17 is 42. You have 10 choices to make in this environment.
You press <<18>> and receive 51 points.
You press <<19>> and receive 48 points.
You press <<16>> and receive 51 points.
You press <<15>> and receive 68 points.
You press <<14>> and receive 43 points.
You press <<13>> and receive 21 points.
You press <<15>> and receive 68 points.
You press <<15>> and receive 68 points.
You press <<15>> and receive 67 points.
You press <<15>> and receive 67 points.

Environment number 3:
The value of option 20 is 65. You have 5 choices to make in this environment.
You press <<19>> and receive 47 points.
You press <<21>> and receive 41 points.
You press <<20>> and receive 66 points.
You press <<20>> and receive 67 points.
You press <<20>> and receive 64 points.

Environment number 4:
The value of option 7 is 73. You have 10 choices to make in this environment.
You press <<8>> and receive 80 points.
You press <<9>> and receive 55 points.
You press <<8>> and receive 78 points.
You press <<8>> and receive 79 points.
You press <<8>> and receive 76 points.
You press <<8>> and receive 78 points.
You press <<8>> and receive 80 points.
You press <<8>> and receive 78 points.
You press <<8>> and receive 80 points.
You press <<8>> and receive 79 points.

Environment number 5:
The value of option 17 is 72. You have 5 choices to make in this environment.
You press <<18>> and receive 53 points.
You press <<17>> and receive 72 points.
You press <<17>> and receive 71 points.
You press <<17>> and receive 69 points.
You press <<17>> and receive 73 points.

Environment number 6:
The value of option 14 is 25. You have 5 choices to make in this environment.
You press <<13>> and receive 41 points.
You press <<12>> and receive 36 points.
You press <<15>> and receive 15 points.
You press <<16>> and receive 23 points.
You press <<13>> and receive 39 points.

Environment number 7:
The value of option 3 is 44. You have 5 choices to make in this environment.
You press <<4>> and receive 45 points.
You press <<5>> and receive 38 points.
You press <<2>> and receive 61 points.
You press <<1>> and receive 62 points.
You press <<1>> and receive 60 points.

Environment number 8:
The value of option 1 is 1. You have 10 choices to make in this environment.
You press <<2>> and receive 12 points.
You press <<3>> and receive 51 points.
You press <<4>> and receive 29 points.
You press <<3>> and receive 49 points.
You press <<3>> and receive 50 points.
You press <<3>> and receive 49 points.
You press <<3>> and receive 49 points.
You press <<3>> and receive 51 points.
You press <<3>> and receive 49 points.
You press <<3>> and receive 49 points.

Environment number 9:
The value of option 1 is 34. You have 10 choices to make in this environment.
You press <<2>> and receive 46 points.
You press <<3>> and receive 53 points.
You press <<4>> and receive 45 points.
You press <<3>> and receive 52 points.
You press <<3>> and receive 51 points.
You press <<3>> and receive 53 points.
You press <<3>> and receive 55 points.
You press <<3>> and receive 51 points.
You press <<3>> and receive 51 points.
You press <<3>> and receive 55 points.

Environment number 10:
The value of option 21 is 36. You have 10 choices to make in this environment.
You press <<20>> and receive 45 points.
You press <<19>> and receive 24 points.
You press <<20>> and receive 44 points.
You press <<20>> and receive 45 points.
You press <<20>> and receive 45 points.
You press <<20>> and receive 45 points.
You press <<20>> and receive 45 points.
You press <<20>> and receive 45 points.
You press <<20>> and receive 44 points.
You press <<",37
11,26,1,16,0,rough,17,5,82,53,"You will be presented with a series of 16 different environments to explore.
In each trial, you can select an option between numbers 1 and 30 by pressing the corresponding key.
By selecting any of these options, you will earn points associated with each unique option.
Imagine these options 1 through 30 as lying next to each other in an ordered line; options closer to each other tend to have similar rewards as rewards tend to cluster together.
For each environment, you will be able to make either 5 or 10 choices.
When you made all your choices in a given environment, you will start making choices in the next unexplored environment.
The rewards underlying the different options are different in each environment so you will learn them anew for each environment.
Each environment starts with the value of a single option revealed.
When you choose the number corresponding to a different option, you will be told the value of that option and receive those points.
Previously revealed options, including the starting option, can also be reselected, although there may be small changes in the point value.
It is your task to gain as many points as possible across all 16 environments.

Environment number 1:
The value of option 26 is 47. You have 10 choices to make in this environment.
You press <<24>> and receive 27 points.
You press <<27>> and receive 46 points.
You press <<28>> and receive 43 points.
You press <<25>> and receive 33 points.
You press <<26>> and receive 48 points.
You press <<26>> and receive 48 points.
You press <<26>> and receive 47 points.
You press <<26>> and receive 48 points.
You press <<26>> and receive 47 points.
You press <<26>> and receive 48 points.

Environment number 2:
The value of option 17 is 42. You have 10 choices to make in this environment.
You press <<18>> and receive 51 points.
You press <<19>> and receive 48 points.
You press <<16>> and receive 51 points.
You press <<15>> and receive 68 points.
You press <<14>> and receive 43 points.
You press <<13>> and receive 21 points.
You press <<15>> and receive 68 points.
You press <<15>> and receive 68 points.
You press <<15>> and receive 67 points.
You press <<15>> and receive 67 points.

Environment number 3:
The value of option 20 is 65. You have 5 choices to make in this environment.
You press <<19>> and receive 47 points.
You press <<21>> and receive 41 points.
You press <<20>> and receive 66 points.
You press <<20>> and receive 67 points.
You press <<20>> and receive 64 points.

Environment number 4:
The value of option 7 is 73. You have 10 choices to make in this environment.
You press <<8>> and receive 80 points.
You press <<9>> and receive 55 points.
You press <<8>> and receive 78 points.
You press <<8>> and receive 79 points.
You press <<8>> and receive 76 points.
You press <<8>> and receive 78 points.
You press <<8>> and receive 80 points.
You press <<8>> and receive 78 points.
You press <<8>> and receive 80 points.
You press <<8>> and receive 79 points.

Environment number 5:
The value of option 17 is 72. You have 5 choices to make in this environment.
You press <<18>> and receive 53 points.
You press <<17>> and receive 72 points.
You press <<17>> and receive 71 points.
You press <<17>> and receive 69 points.
You press <<17>> and receive 73 points.

Environment number 6:
The value of option 14 is 25. You have 5 choices to make in this environment.
You press <<13>> and receive 41 points.
You press <<12>> and receive 36 points.
You press <<15>> and receive 15 points.
You press <<16>> and receive 23 points.
You press <<13>> and receive 39 points.

Environment number 7:
The value of option 3 is 44. You have 5 choices to make in this environment.
You press <<4>> and receive 45 points.
You press <<5>> and receive 38 points.
You press <<2>> and receive 61 points.
You press <<1>> and receive 62 points.
You press <<1>> and receive 60 points.

Environment number 8:
The value of option 1 is 1. You have 10 choices to make in this environment.
You press <<2>> and receive 12 points.
You press <<3>> and receive 51 points.
You press <<4>> and receive 29 points.
You press <<3>> and receive 49 points.
You press <<3>> and receive 50 points.
You press <<3>> and receive 49 points.
You press <<3>> and receive 49 points.
You press <<3>> and receive 51 points.
You press <<3>> and receive 49 points.
You press <<3>> and receive 49 points.

Environment number 9:
The value of option 1 is 34. You have 10 choices to make in this environment.
You press <<2>> and receive 46 points.
You press <<3>> and receive 53 points.
You press <<4>> and receive 45 points.
You press <<3>> and receive 52 points.
You press <<3>> and receive 51 points.
You press <<3>> and receive 53 points.
You press <<3>> and receive 55 points.
You press <<3>> and receive 51 points.
You press <<3>> and receive 51 points.
You press <<3>> and receive 55 points.

Environment number 10:
The value of option 21 is 36. You have 10 choices to make in this environment.
You press <<20>> and receive 45 points.
You press <<19>> and receive 24 points.
You press <<20>> and receive 44 points.
You press <<20>> and receive 45 points.
You press <<20>> and receive 45 points.
You press <<20>> and receive 45 points.
You press <<20>> and receive 45 points.
You press <<20>> and receive 45 points.
You press <<20>> and receive 44 points.
You press <<20>> and receive 43 points.

Environment number 11:
The value of option 17 is 82. You have 5 choices to make in this environment.
You press <<",37
11,26,2,18,0,rough,17,5,82,62,"You will be presented with a series of 16 different environments to explore.
In each trial, you can select an option between numbers 1 and 30 by pressing the corresponding key.
By selecting any of these options, you will earn points associated with each unique option.
Imagine these options 1 through 30 as lying next to each other in an ordered line; options closer to each other tend to have similar rewards as rewards tend to cluster together.
For each environment, you will be able to make either 5 or 10 choices.
When you made all your choices in a given environment, you will start making choices in the next unexplored environment.
The rewards underlying the different options are different in each environment so you will learn them anew for each environment.
Each environment starts with the value of a single option revealed.
When you choose the number corresponding to a different option, you will be told the value of that option and receive those points.
Previously revealed options, including the starting option, can also be reselected, although there may be small changes in the point value.
It is your task to gain as many points as possible across all 16 environments.

Environment number 1:
The value of option 26 is 47. You have 10 choices to make in this environment.
You press <<24>> and receive 27 points.
You press <<27>> and receive 46 points.
You press <<28>> and receive 43 points.
You press <<25>> and receive 33 points.
You press <<26>> and receive 48 points.
You press <<26>> and receive 48 points.
You press <<26>> and receive 47 points.
You press <<26>> and receive 48 points.
You press <<26>> and receive 47 points.
You press <<26>> and receive 48 points.

Environment number 2:
The value of option 17 is 42. You have 10 choices to make in this environment.
You press <<18>> and receive 51 points.
You press <<19>> and receive 48 points.
You press <<16>> and receive 51 points.
You press <<15>> and receive 68 points.
You press <<14>> and receive 43 points.
You press <<13>> and receive 21 points.
You press <<15>> and receive 68 points.
You press <<15>> and receive 68 points.
You press <<15>> and receive 67 points.
You press <<15>> and receive 67 points.

Environment number 3:
The value of option 20 is 65. You have 5 choices to make in this environment.
You press <<19>> and receive 47 points.
You press <<21>> and receive 41 points.
You press <<20>> and receive 66 points.
You press <<20>> and receive 67 points.
You press <<20>> and receive 64 points.

Environment number 4:
The value of option 7 is 73. You have 10 choices to make in this environment.
You press <<8>> and receive 80 points.
You press <<9>> and receive 55 points.
You press <<8>> and receive 78 points.
You press <<8>> and receive 79 points.
You press <<8>> and receive 76 points.
You press <<8>> and receive 78 points.
You press <<8>> and receive 80 points.
You press <<8>> and receive 78 points.
You press <<8>> and receive 80 points.
You press <<8>> and receive 79 points.

Environment number 5:
The value of option 17 is 72. You have 5 choices to make in this environment.
You press <<18>> and receive 53 points.
You press <<17>> and receive 72 points.
You press <<17>> and receive 71 points.
You press <<17>> and receive 69 points.
You press <<17>> and receive 73 points.

Environment number 6:
The value of option 14 is 25. You have 5 choices to make in this environment.
You press <<13>> and receive 41 points.
You press <<12>> and receive 36 points.
You press <<15>> and receive 15 points.
You press <<16>> and receive 23 points.
You press <<13>> and receive 39 points.

Environment number 7:
The value of option 3 is 44. You have 5 choices to make in this environment.
You press <<4>> and receive 45 points.
You press <<5>> and receive 38 points.
You press <<2>> and receive 61 points.
You press <<1>> and receive 62 points.
You press <<1>> and receive 60 points.

Environment number 8:
The value of option 1 is 1. You have 10 choices to make in this environment.
You press <<2>> and receive 12 points.
You press <<3>> and receive 51 points.
You press <<4>> and receive 29 points.
You press <<3>> and receive 49 points.
You press <<3>> and receive 50 points.
You press <<3>> and receive 49 points.
You press <<3>> and receive 49 points.
You press <<3>> and receive 51 points.
You press <<3>> and receive 49 points.
You press <<3>> and receive 49 points.

Environment number 9:
The value of option 1 is 34. You have 10 choices to make in this environment.
You press <<2>> and receive 46 points.
You press <<3>> and receive 53 points.
You press <<4>> and receive 45 points.
You press <<3>> and receive 52 points.
You press <<3>> and receive 51 points.
You press <<3>> and receive 53 points.
You press <<3>> and receive 55 points.
You press <<3>> and receive 51 points.
You press <<3>> and receive 51 points.
You press <<3>> and receive 55 points.

Environment number 10:
The value of option 21 is 36. You have 10 choices to make in this environment.
You press <<20>> and receive 45 points.
You press <<19>> and receive 24 points.
You press <<20>> and receive 44 points.
You press <<20>> and receive 45 points.
You press <<20>> and receive 45 points.
You press <<20>> and receive 45 points.
You press <<20>> and receive 45 points.
You press <<20>> and receive 45 points.
You press <<20>> and receive 44 points.
You press <<20>> and receive 43 points.

Environment number 11:
The value of option 17 is 82. You have 5 choices to make in this environment.
You press <<16>> and receive 53 points.
You press <<",37
11,26,3,17,0,rough,17,5,82,80,"You will be presented with a series of 16 different environments to explore.
In each trial, you can select an option between numbers 1 and 30 by pressing the corresponding key.
By selecting any of these options, you will earn points associated with each unique option.
Imagine these options 1 through 30 as lying next to each other in an ordered line; options closer to each other tend to have similar rewards as rewards tend to cluster together.
For each environment, you will be able to make either 5 or 10 choices.
When you made all your choices in a given environment, you will start making choices in the next unexplored environment.
The rewards underlying the different options are different in each environment so you will learn them anew for each environment.
Each environment starts with the value of a single option revealed.
When you choose the number corresponding to a different option, you will be told the value of that option and receive those points.
Previously revealed options, including the starting option, can also be reselected, although there may be small changes in the point value.
It is your task to gain as many points as possible across all 16 environments.

Environment number 1:
The value of option 26 is 47. You have 10 choices to make in this environment.
You press <<24>> and receive 27 points.
You press <<27>> and receive 46 points.
You press <<28>> and receive 43 points.
You press <<25>> and receive 33 points.
You press <<26>> and receive 48 points.
You press <<26>> and receive 48 points.
You press <<26>> and receive 47 points.
You press <<26>> and receive 48 points.
You press <<26>> and receive 47 points.
You press <<26>> and receive 48 points.

Environment number 2:
The value of option 17 is 42. You have 10 choices to make in this environment.
You press <<18>> and receive 51 points.
You press <<19>> and receive 48 points.
You press <<16>> and receive 51 points.
You press <<15>> and receive 68 points.
You press <<14>> and receive 43 points.
You press <<13>> and receive 21 points.
You press <<15>> and receive 68 points.
You press <<15>> and receive 68 points.
You press <<15>> and receive 67 points.
You press <<15>> and receive 67 points.

Environment number 3:
The value of option 20 is 65. You have 5 choices to make in this environment.
You press <<19>> and receive 47 points.
You press <<21>> and receive 41 points.
You press <<20>> and receive 66 points.
You press <<20>> and receive 67 points.
You press <<20>> and receive 64 points.

Environment number 4:
The value of option 7 is 73. You have 10 choices to make in this environment.
You press <<8>> and receive 80 points.
You press <<9>> and receive 55 points.
You press <<8>> and receive 78 points.
You press <<8>> and receive 79 points.
You press <<8>> and receive 76 points.
You press <<8>> and receive 78 points.
You press <<8>> and receive 80 points.
You press <<8>> and receive 78 points.
You press <<8>> and receive 80 points.
You press <<8>> and receive 79 points.

Environment number 5:
The value of option 17 is 72. You have 5 choices to make in this environment.
You press <<18>> and receive 53 points.
You press <<17>> and receive 72 points.
You press <<17>> and receive 71 points.
You press <<17>> and receive 69 points.
You press <<17>> and receive 73 points.

Environment number 6:
The value of option 14 is 25. You have 5 choices to make in this environment.
You press <<13>> and receive 41 points.
You press <<12>> and receive 36 points.
You press <<15>> and receive 15 points.
You press <<16>> and receive 23 points.
You press <<13>> and receive 39 points.

Environment number 7:
The value of option 3 is 44. You have 5 choices to make in this environment.
You press <<4>> and receive 45 points.
You press <<5>> and receive 38 points.
You press <<2>> and receive 61 points.
You press <<1>> and receive 62 points.
You press <<1>> and receive 60 points.

Environment number 8:
The value of option 1 is 1. You have 10 choices to make in this environment.
You press <<2>> and receive 12 points.
You press <<3>> and receive 51 points.
You press <<4>> and receive 29 points.
You press <<3>> and receive 49 points.
You press <<3>> and receive 50 points.
You press <<3>> and receive 49 points.
You press <<3>> and receive 49 points.
You press <<3>> and receive 51 points.
You press <<3>> and receive 49 points.
You press <<3>> and receive 49 points.

Environment number 9:
The value of option 1 is 34. You have 10 choices to make in this environment.
You press <<2>> and receive 46 points.
You press <<3>> and receive 53 points.
You press <<4>> and receive 45 points.
You press <<3>> and receive 52 points.
You press <<3>> and receive 51 points.
You press <<3>> and receive 53 points.
You press <<3>> and receive 55 points.
You press <<3>> and receive 51 points.
You press <<3>> and receive 51 points.
You press <<3>> and receive 55 points.

Environment number 10:
The value of option 21 is 36. You have 10 choices to make in this environment.
You press <<20>> and receive 45 points.
You press <<19>> and receive 24 points.
You press <<20>> and receive 44 points.
You press <<20>> and receive 45 points.
You press <<20>> and receive 45 points.
You press <<20>> and receive 45 points.
You press <<20>> and receive 45 points.
You press <<20>> and receive 45 points.
You press <<20>> and receive 44 points.
You press <<20>> and receive 43 points.

Environment number 11:
The value of option 17 is 82. You have 5 choices to make in this environment.
You press <<16>> and receive 53 points.
You press <<18>> and receive 62 points.
You press <<",37
11,26,4,17,0,rough,17,5,82,79,"You will be presented with a series of 16 different environments to explore.
In each trial, you can select an option between numbers 1 and 30 by pressing the corresponding key.
By selecting any of these options, you will earn points associated with each unique option.
Imagine these options 1 through 30 as lying next to each other in an ordered line; options closer to each other tend to have similar rewards as rewards tend to cluster together.
For each environment, you will be able to make either 5 or 10 choices.
When you made all your choices in a given environment, you will start making choices in the next unexplored environment.
The rewards underlying the different options are different in each environment so you will learn them anew for each environment.
Each environment starts with the value of a single option revealed.
When you choose the number corresponding to a different option, you will be told the value of that option and receive those points.
Previously revealed options, including the starting option, can also be reselected, although there may be small changes in the point value.
It is your task to gain as many points as possible across all 16 environments.

Environment number 1:
The value of option 26 is 47. You have 10 choices to make in this environment.
You press <<24>> and receive 27 points.
You press <<27>> and receive 46 points.
You press <<28>> and receive 43 points.
You press <<25>> and receive 33 points.
You press <<26>> and receive 48 points.
You press <<26>> and receive 48 points.
You press <<26>> and receive 47 points.
You press <<26>> and receive 48 points.
You press <<26>> and receive 47 points.
You press <<26>> and receive 48 points.

Environment number 2:
The value of option 17 is 42. You have 10 choices to make in this environment.
You press <<18>> and receive 51 points.
You press <<19>> and receive 48 points.
You press <<16>> and receive 51 points.
You press <<15>> and receive 68 points.
You press <<14>> and receive 43 points.
You press <<13>> and receive 21 points.
You press <<15>> and receive 68 points.
You press <<15>> and receive 68 points.
You press <<15>> and receive 67 points.
You press <<15>> and receive 67 points.

Environment number 3:
The value of option 20 is 65. You have 5 choices to make in this environment.
You press <<19>> and receive 47 points.
You press <<21>> and receive 41 points.
You press <<20>> and receive 66 points.
You press <<20>> and receive 67 points.
You press <<20>> and receive 64 points.

Environment number 4:
The value of option 7 is 73. You have 10 choices to make in this environment.
You press <<8>> and receive 80 points.
You press <<9>> and receive 55 points.
You press <<8>> and receive 78 points.
You press <<8>> and receive 79 points.
You press <<8>> and receive 76 points.
You press <<8>> and receive 78 points.
You press <<8>> and receive 80 points.
You press <<8>> and receive 78 points.
You press <<8>> and receive 80 points.
You press <<8>> and receive 79 points.

Environment number 5:
The value of option 17 is 72. You have 5 choices to make in this environment.
You press <<18>> and receive 53 points.
You press <<17>> and receive 72 points.
You press <<17>> and receive 71 points.
You press <<17>> and receive 69 points.
You press <<17>> and receive 73 points.

Environment number 6:
The value of option 14 is 25. You have 5 choices to make in this environment.
You press <<13>> and receive 41 points.
You press <<12>> and receive 36 points.
You press <<15>> and receive 15 points.
You press <<16>> and receive 23 points.
You press <<13>> and receive 39 points.

Environment number 7:
The value of option 3 is 44. You have 5 choices to make in this environment.
You press <<4>> and receive 45 points.
You press <<5>> and receive 38 points.
You press <<2>> and receive 61 points.
You press <<1>> and receive 62 points.
You press <<1>> and receive 60 points.

Environment number 8:
The value of option 1 is 1. You have 10 choices to make in this environment.
You press <<2>> and receive 12 points.
You press <<3>> and receive 51 points.
You press <<4>> and receive 29 points.
You press <<3>> and receive 49 points.
You press <<3>> and receive 50 points.
You press <<3>> and receive 49 points.
You press <<3>> and receive 49 points.
You press <<3>> and receive 51 points.
You press <<3>> and receive 49 points.
You press <<3>> and receive 49 points.

Environment number 9:
The value of option 1 is 34. You have 10 choices to make in this environment.
You press <<2>> and receive 46 points.
You press <<3>> and receive 53 points.
You press <<4>> and receive 45 points.
You press <<3>> and receive 52 points.
You press <<3>> and receive 51 points.
You press <<3>> and receive 53 points.
You press <<3>> and receive 55 points.
You press <<3>> and receive 51 points.
You press <<3>> and receive 51 points.
You press <<3>> and receive 55 points.

Environment number 10:
The value of option 21 is 36. You have 10 choices to make in this environment.
You press <<20>> and receive 45 points.
You press <<19>> and receive 24 points.
You press <<20>> and receive 44 points.
You press <<20>> and receive 45 points.
You press <<20>> and receive 45 points.
You press <<20>> and receive 45 points.
You press <<20>> and receive 45 points.
You press <<20>> and receive 45 points.
You press <<20>> and receive 44 points.
You press <<20>> and receive 43 points.

Environment number 11:
The value of option 17 is 82. You have 5 choices to make in this environment.
You press <<16>> and receive 53 points.
You press <<18>> and receive 62 points.
You press <<17>> and receive 80 points.
You press <<",37
11,26,5,17,0,rough,17,5,82,79,"You will be presented with a series of 16 different environments to explore.
In each trial, you can select an option between numbers 1 and 30 by pressing the corresponding key.
By selecting any of these options, you will earn points associated with each unique option.
Imagine these options 1 through 30 as lying next to each other in an ordered line; options closer to each other tend to have similar rewards as rewards tend to cluster together.
For each environment, you will be able to make either 5 or 10 choices.
When you made all your choices in a given environment, you will start making choices in the next unexplored environment.
The rewards underlying the different options are different in each environment so you will learn them anew for each environment.
Each environment starts with the value of a single option revealed.
When you choose the number corresponding to a different option, you will be told the value of that option and receive those points.
Previously revealed options, including the starting option, can also be reselected, although there may be small changes in the point value.
It is your task to gain as many points as possible across all 16 environments.

Environment number 1:
The value of option 26 is 47. You have 10 choices to make in this environment.
You press <<24>> and receive 27 points.
You press <<27>> and receive 46 points.
You press <<28>> and receive 43 points.
You press <<25>> and receive 33 points.
You press <<26>> and receive 48 points.
You press <<26>> and receive 48 points.
You press <<26>> and receive 47 points.
You press <<26>> and receive 48 points.
You press <<26>> and receive 47 points.
You press <<26>> and receive 48 points.

Environment number 2:
The value of option 17 is 42. You have 10 choices to make in this environment.
You press <<18>> and receive 51 points.
You press <<19>> and receive 48 points.
You press <<16>> and receive 51 points.
You press <<15>> and receive 68 points.
You press <<14>> and receive 43 points.
You press <<13>> and receive 21 points.
You press <<15>> and receive 68 points.
You press <<15>> and receive 68 points.
You press <<15>> and receive 67 points.
You press <<15>> and receive 67 points.

Environment number 3:
The value of option 20 is 65. You have 5 choices to make in this environment.
You press <<19>> and receive 47 points.
You press <<21>> and receive 41 points.
You press <<20>> and receive 66 points.
You press <<20>> and receive 67 points.
You press <<20>> and receive 64 points.

Environment number 4:
The value of option 7 is 73. You have 10 choices to make in this environment.
You press <<8>> and receive 80 points.
You press <<9>> and receive 55 points.
You press <<8>> and receive 78 points.
You press <<8>> and receive 79 points.
You press <<8>> and receive 76 points.
You press <<8>> and receive 78 points.
You press <<8>> and receive 80 points.
You press <<8>> and receive 78 points.
You press <<8>> and receive 80 points.
You press <<8>> and receive 79 points.

Environment number 5:
The value of option 17 is 72. You have 5 choices to make in this environment.
You press <<18>> and receive 53 points.
You press <<17>> and receive 72 points.
You press <<17>> and receive 71 points.
You press <<17>> and receive 69 points.
You press <<17>> and receive 73 points.

Environment number 6:
The value of option 14 is 25. You have 5 choices to make in this environment.
You press <<13>> and receive 41 points.
You press <<12>> and receive 36 points.
You press <<15>> and receive 15 points.
You press <<16>> and receive 23 points.
You press <<13>> and receive 39 points.

Environment number 7:
The value of option 3 is 44. You have 5 choices to make in this environment.
You press <<4>> and receive 45 points.
You press <<5>> and receive 38 points.
You press <<2>> and receive 61 points.
You press <<1>> and receive 62 points.
You press <<1>> and receive 60 points.

Environment number 8:
The value of option 1 is 1. You have 10 choices to make in this environment.
You press <<2>> and receive 12 points.
You press <<3>> and receive 51 points.
You press <<4>> and receive 29 points.
You press <<3>> and receive 49 points.
You press <<3>> and receive 50 points.
You press <<3>> and receive 49 points.
You press <<3>> and receive 49 points.
You press <<3>> and receive 51 points.
You press <<3>> and receive 49 points.
You press <<3>> and receive 49 points.

Environment number 9:
The value of option 1 is 34. You have 10 choices to make in this environment.
You press <<2>> and receive 46 points.
You press <<3>> and receive 53 points.
You press <<4>> and receive 45 points.
You press <<3>> and receive 52 points.
You press <<3>> and receive 51 points.
You press <<3>> and receive 53 points.
You press <<3>> and receive 55 points.
You press <<3>> and receive 51 points.
You press <<3>> and receive 51 points.
You press <<3>> and receive 55 points.

Environment number 10:
The value of option 21 is 36. You have 10 choices to make in this environment.
You press <<20>> and receive 45 points.
You press <<19>> and receive 24 points.
You press <<20>> and receive 44 points.
You press <<20>> and receive 45 points.
You press <<20>> and receive 45 points.
You press <<20>> and receive 45 points.
You press <<20>> and receive 45 points.
You press <<20>> and receive 45 points.
You press <<20>> and receive 44 points.
You press <<20>> and receive 43 points.

Environment number 11:
The value of option 17 is 82. You have 5 choices to make in this environment.
You press <<16>> and receive 53 points.
You press <<18>> and receive 62 points.
You press <<17>> and receive 80 points.
You press <<17>> and receive 79 points.
You press <<",37
12,10,1,29,0,rough,30,5,71,72,"You will be presented with a series of 16 different environments to explore.
In each trial, you can select an option between numbers 1 and 30 by pressing the corresponding key.
By selecting any of these options, you will earn points associated with each unique option.
Imagine these options 1 through 30 as lying next to each other in an ordered line; options closer to each other tend to have similar rewards as rewards tend to cluster together.
For each environment, you will be able to make either 5 or 10 choices.
When you made all your choices in a given environment, you will start making choices in the next unexplored environment.
The rewards underlying the different options are different in each environment so you will learn them anew for each environment.
Each environment starts with the value of a single option revealed.
When you choose the number corresponding to a different option, you will be told the value of that option and receive those points.
Previously revealed options, including the starting option, can also be reselected, although there may be small changes in the point value.
It is your task to gain as many points as possible across all 16 environments.

Environment number 1:
The value of option 26 is 47. You have 10 choices to make in this environment.
You press <<24>> and receive 27 points.
You press <<27>> and receive 46 points.
You press <<28>> and receive 43 points.
You press <<25>> and receive 33 points.
You press <<26>> and receive 48 points.
You press <<26>> and receive 48 points.
You press <<26>> and receive 47 points.
You press <<26>> and receive 48 points.
You press <<26>> and receive 47 points.
You press <<26>> and receive 48 points.

Environment number 2:
The value of option 17 is 42. You have 10 choices to make in this environment.
You press <<18>> and receive 51 points.
You press <<19>> and receive 48 points.
You press <<16>> and receive 51 points.
You press <<15>> and receive 68 points.
You press <<14>> and receive 43 points.
You press <<13>> and receive 21 points.
You press <<15>> and receive 68 points.
You press <<15>> and receive 68 points.
You press <<15>> and receive 67 points.
You press <<15>> and receive 67 points.

Environment number 3:
The value of option 20 is 65. You have 5 choices to make in this environment.
You press <<19>> and receive 47 points.
You press <<21>> and receive 41 points.
You press <<20>> and receive 66 points.
You press <<20>> and receive 67 points.
You press <<20>> and receive 64 points.

Environment number 4:
The value of option 7 is 73. You have 10 choices to make in this environment.
You press <<8>> and receive 80 points.
You press <<9>> and receive 55 points.
You press <<8>> and receive 78 points.
You press <<8>> and receive 79 points.
You press <<8>> and receive 76 points.
You press <<8>> and receive 78 points.
You press <<8>> and receive 80 points.
You press <<8>> and receive 78 points.
You press <<8>> and receive 80 points.
You press <<8>> and receive 79 points.

Environment number 5:
The value of option 17 is 72. You have 5 choices to make in this environment.
You press <<18>> and receive 53 points.
You press <<17>> and receive 72 points.
You press <<17>> and receive 71 points.
You press <<17>> and receive 69 points.
You press <<17>> and receive 73 points.

Environment number 6:
The value of option 14 is 25. You have 5 choices to make in this environment.
You press <<13>> and receive 41 points.
You press <<12>> and receive 36 points.
You press <<15>> and receive 15 points.
You press <<16>> and receive 23 points.
You press <<13>> and receive 39 points.

Environment number 7:
The value of option 3 is 44. You have 5 choices to make in this environment.
You press <<4>> and receive 45 points.
You press <<5>> and receive 38 points.
You press <<2>> and receive 61 points.
You press <<1>> and receive 62 points.
You press <<1>> and receive 60 points.

Environment number 8:
The value of option 1 is 1. You have 10 choices to make in this environment.
You press <<2>> and receive 12 points.
You press <<3>> and receive 51 points.
You press <<4>> and receive 29 points.
You press <<3>> and receive 49 points.
You press <<3>> and receive 50 points.
You press <<3>> and receive 49 points.
You press <<3>> and receive 49 points.
You press <<3>> and receive 51 points.
You press <<3>> and receive 49 points.
You press <<3>> and receive 49 points.

Environment number 9:
The value of option 1 is 34. You have 10 choices to make in this environment.
You press <<2>> and receive 46 points.
You press <<3>> and receive 53 points.
You press <<4>> and receive 45 points.
You press <<3>> and receive 52 points.
You press <<3>> and receive 51 points.
You press <<3>> and receive 53 points.
You press <<3>> and receive 55 points.
You press <<3>> and receive 51 points.
You press <<3>> and receive 51 points.
You press <<3>> and receive 55 points.

Environment number 10:
The value of option 21 is 36. You have 10 choices to make in this environment.
You press <<20>> and receive 45 points.
You press <<19>> and receive 24 points.
You press <<20>> and receive 44 points.
You press <<20>> and receive 45 points.
You press <<20>> and receive 45 points.
You press <<20>> and receive 45 points.
You press <<20>> and receive 45 points.
You press <<20>> and receive 45 points.
You press <<20>> and receive 44 points.
You press <<20>> and receive 43 points.

Environment number 11:
The value of option 17 is 82. You have 5 choices to make in this environment.
You press <<16>> and receive 53 points.
You press <<18>> and receive 62 points.
You press <<17>> and receive 80 points.
You press <<17>> and receive 79 points.
You press <<17>> and receive 79 points.

Environment number 12:
The value of option 30 is 71. You have 5 choices to make in this environment.
You press <<",37
12,10,2,28,0,rough,30,5,71,55,"You will be presented with a series of 16 different environments to explore.
In each trial, you can select an option between numbers 1 and 30 by pressing the corresponding key.
By selecting any of these options, you will earn points associated with each unique option.
Imagine these options 1 through 30 as lying next to each other in an ordered line; options closer to each other tend to have similar rewards as rewards tend to cluster together.
For each environment, you will be able to make either 5 or 10 choices.
When you made all your choices in a given environment, you will start making choices in the next unexplored environment.
The rewards underlying the different options are different in each environment so you will learn them anew for each environment.
Each environment starts with the value of a single option revealed.
When you choose the number corresponding to a different option, you will be told the value of that option and receive those points.
Previously revealed options, including the starting option, can also be reselected, although there may be small changes in the point value.
It is your task to gain as many points as possible across all 16 environments.

Environment number 1:
The value of option 26 is 47. You have 10 choices to make in this environment.
You press <<24>> and receive 27 points.
You press <<27>> and receive 46 points.
You press <<28>> and receive 43 points.
You press <<25>> and receive 33 points.
You press <<26>> and receive 48 points.
You press <<26>> and receive 48 points.
You press <<26>> and receive 47 points.
You press <<26>> and receive 48 points.
You press <<26>> and receive 47 points.
You press <<26>> and receive 48 points.

Environment number 2:
The value of option 17 is 42. You have 10 choices to make in this environment.
You press <<18>> and receive 51 points.
You press <<19>> and receive 48 points.
You press <<16>> and receive 51 points.
You press <<15>> and receive 68 points.
You press <<14>> and receive 43 points.
You press <<13>> and receive 21 points.
You press <<15>> and receive 68 points.
You press <<15>> and receive 68 points.
You press <<15>> and receive 67 points.
You press <<15>> and receive 67 points.

Environment number 3:
The value of option 20 is 65. You have 5 choices to make in this environment.
You press <<19>> and receive 47 points.
You press <<21>> and receive 41 points.
You press <<20>> and receive 66 points.
You press <<20>> and receive 67 points.
You press <<20>> and receive 64 points.

Environment number 4:
The value of option 7 is 73. You have 10 choices to make in this environment.
You press <<8>> and receive 80 points.
You press <<9>> and receive 55 points.
You press <<8>> and receive 78 points.
You press <<8>> and receive 79 points.
You press <<8>> and receive 76 points.
You press <<8>> and receive 78 points.
You press <<8>> and receive 80 points.
You press <<8>> and receive 78 points.
You press <<8>> and receive 80 points.
You press <<8>> and receive 79 points.

Environment number 5:
The value of option 17 is 72. You have 5 choices to make in this environment.
You press <<18>> and receive 53 points.
You press <<17>> and receive 72 points.
You press <<17>> and receive 71 points.
You press <<17>> and receive 69 points.
You press <<17>> and receive 73 points.

Environment number 6:
The value of option 14 is 25. You have 5 choices to make in this environment.
You press <<13>> and receive 41 points.
You press <<12>> and receive 36 points.
You press <<15>> and receive 15 points.
You press <<16>> and receive 23 points.
You press <<13>> and receive 39 points.

Environment number 7:
The value of option 3 is 44. You have 5 choices to make in this environment.
You press <<4>> and receive 45 points.
You press <<5>> and receive 38 points.
You press <<2>> and receive 61 points.
You press <<1>> and receive 62 points.
You press <<1>> and receive 60 points.

Environment number 8:
The value of option 1 is 1. You have 10 choices to make in this environment.
You press <<2>> and receive 12 points.
You press <<3>> and receive 51 points.
You press <<4>> and receive 29 points.
You press <<3>> and receive 49 points.
You press <<3>> and receive 50 points.
You press <<3>> and receive 49 points.
You press <<3>> and receive 49 points.
You press <<3>> and receive 51 points.
You press <<3>> and receive 49 points.
You press <<3>> and receive 49 points.

Environment number 9:
The value of option 1 is 34. You have 10 choices to make in this environment.
You press <<2>> and receive 46 points.
You press <<3>> and receive 53 points.
You press <<4>> and receive 45 points.
You press <<3>> and receive 52 points.
You press <<3>> and receive 51 points.
You press <<3>> and receive 53 points.
You press <<3>> and receive 55 points.
You press <<3>> and receive 51 points.
You press <<3>> and receive 51 points.
You press <<3>> and receive 55 points.

Environment number 10:
The value of option 21 is 36. You have 10 choices to make in this environment.
You press <<20>> and receive 45 points.
You press <<19>> and receive 24 points.
You press <<20>> and receive 44 points.
You press <<20>> and receive 45 points.
You press <<20>> and receive 45 points.
You press <<20>> and receive 45 points.
You press <<20>> and receive 45 points.
You press <<20>> and receive 45 points.
You press <<20>> and receive 44 points.
You press <<20>> and receive 43 points.

Environment number 11:
The value of option 17 is 82. You have 5 choices to make in this environment.
You press <<16>> and receive 53 points.
You press <<18>> and receive 62 points.
You press <<17>> and receive 80 points.
You press <<17>> and receive 79 points.
You press <<17>> and receive 79 points.

Environment number 12:
The value of option 30 is 71. You have 5 choices to make in this environment.
You press <<29>> and receive 72 points.
You press <<",37
12,10,3,29,0,rough,30,5,71,70,"You will be presented with a series of 16 different environments to explore.
In each trial, you can select an option between numbers 1 and 30 by pressing the corresponding key.
By selecting any of these options, you will earn points associated with each unique option.
Imagine these options 1 through 30 as lying next to each other in an ordered line; options closer to each other tend to have similar rewards as rewards tend to cluster together.
For each environment, you will be able to make either 5 or 10 choices.
When you made all your choices in a given environment, you will start making choices in the next unexplored environment.
The rewards underlying the different options are different in each environment so you will learn them anew for each environment.
Each environment starts with the value of a single option revealed.
When you choose the number corresponding to a different option, you will be told the value of that option and receive those points.
Previously revealed options, including the starting option, can also be reselected, although there may be small changes in the point value.
It is your task to gain as many points as possible across all 16 environments.

Environment number 1:
The value of option 26 is 47. You have 10 choices to make in this environment.
You press <<24>> and receive 27 points.
You press <<27>> and receive 46 points.
You press <<28>> and receive 43 points.
You press <<25>> and receive 33 points.
You press <<26>> and receive 48 points.
You press <<26>> and receive 48 points.
You press <<26>> and receive 47 points.
You press <<26>> and receive 48 points.
You press <<26>> and receive 47 points.
You press <<26>> and receive 48 points.

Environment number 2:
The value of option 17 is 42. You have 10 choices to make in this environment.
You press <<18>> and receive 51 points.
You press <<19>> and receive 48 points.
You press <<16>> and receive 51 points.
You press <<15>> and receive 68 points.
You press <<14>> and receive 43 points.
You press <<13>> and receive 21 points.
You press <<15>> and receive 68 points.
You press <<15>> and receive 68 points.
You press <<15>> and receive 67 points.
You press <<15>> and receive 67 points.

Environment number 3:
The value of option 20 is 65. You have 5 choices to make in this environment.
You press <<19>> and receive 47 points.
You press <<21>> and receive 41 points.
You press <<20>> and receive 66 points.
You press <<20>> and receive 67 points.
You press <<20>> and receive 64 points.

Environment number 4:
The value of option 7 is 73. You have 10 choices to make in this environment.
You press <<8>> and receive 80 points.
You press <<9>> and receive 55 points.
You press <<8>> and receive 78 points.
You press <<8>> and receive 79 points.
You press <<8>> and receive 76 points.
You press <<8>> and receive 78 points.
You press <<8>> and receive 80 points.
You press <<8>> and receive 78 points.
You press <<8>> and receive 80 points.
You press <<8>> and receive 79 points.

Environment number 5:
The value of option 17 is 72. You have 5 choices to make in this environment.
You press <<18>> and receive 53 points.
You press <<17>> and receive 72 points.
You press <<17>> and receive 71 points.
You press <<17>> and receive 69 points.
You press <<17>> and receive 73 points.

Environment number 6:
The value of option 14 is 25. You have 5 choices to make in this environment.
You press <<13>> and receive 41 points.
You press <<12>> and receive 36 points.
You press <<15>> and receive 15 points.
You press <<16>> and receive 23 points.
You press <<13>> and receive 39 points.

Environment number 7:
The value of option 3 is 44. You have 5 choices to make in this environment.
You press <<4>> and receive 45 points.
You press <<5>> and receive 38 points.
You press <<2>> and receive 61 points.
You press <<1>> and receive 62 points.
You press <<1>> and receive 60 points.

Environment number 8:
The value of option 1 is 1. You have 10 choices to make in this environment.
You press <<2>> and receive 12 points.
You press <<3>> and receive 51 points.
You press <<4>> and receive 29 points.
You press <<3>> and receive 49 points.
You press <<3>> and receive 50 points.
You press <<3>> and receive 49 points.
You press <<3>> and receive 49 points.
You press <<3>> and receive 51 points.
You press <<3>> and receive 49 points.
You press <<3>> and receive 49 points.

Environment number 9:
The value of option 1 is 34. You have 10 choices to make in this environment.
You press <<2>> and receive 46 points.
You press <<3>> and receive 53 points.
You press <<4>> and receive 45 points.
You press <<3>> and receive 52 points.
You press <<3>> and receive 51 points.
You press <<3>> and receive 53 points.
You press <<3>> and receive 55 points.
You press <<3>> and receive 51 points.
You press <<3>> and receive 51 points.
You press <<3>> and receive 55 points.

Environment number 10:
The value of option 21 is 36. You have 10 choices to make in this environment.
You press <<20>> and receive 45 points.
You press <<19>> and receive 24 points.
You press <<20>> and receive 44 points.
You press <<20>> and receive 45 points.
You press <<20>> and receive 45 points.
You press <<20>> and receive 45 points.
You press <<20>> and receive 45 points.
You press <<20>> and receive 45 points.
You press <<20>> and receive 44 points.
You press <<20>> and receive 43 points.

Environment number 11:
The value of option 17 is 82. You have 5 choices to make in this environment.
You press <<16>> and receive 53 points.
You press <<18>> and receive 62 points.
You press <<17>> and receive 80 points.
You press <<17>> and receive 79 points.
You press <<17>> and receive 79 points.

Environment number 12:
The value of option 30 is 71. You have 5 choices to make in this environment.
You press <<29>> and receive 72 points.
You press <<28>> and receive 55 points.
You press <<",37
12,10,4,29,0,rough,30,5,71,72,"You will be presented with a series of 16 different environments to explore.
In each trial, you can select an option between numbers 1 and 30 by pressing the corresponding key.
By selecting any of these options, you will earn points associated with each unique option.
Imagine these options 1 through 30 as lying next to each other in an ordered line; options closer to each other tend to have similar rewards as rewards tend to cluster together.
For each environment, you will be able to make either 5 or 10 choices.
When you made all your choices in a given environment, you will start making choices in the next unexplored environment.
The rewards underlying the different options are different in each environment so you will learn them anew for each environment.
Each environment starts with the value of a single option revealed.
When you choose the number corresponding to a different option, you will be told the value of that option and receive those points.
Previously revealed options, including the starting option, can also be reselected, although there may be small changes in the point value.
It is your task to gain as many points as possible across all 16 environments.

Environment number 1:
The value of option 26 is 47. You have 10 choices to make in this environment.
You press <<24>> and receive 27 points.
You press <<27>> and receive 46 points.
You press <<28>> and receive 43 points.
You press <<25>> and receive 33 points.
You press <<26>> and receive 48 points.
You press <<26>> and receive 48 points.
You press <<26>> and receive 47 points.
You press <<26>> and receive 48 points.
You press <<26>> and receive 47 points.
You press <<26>> and receive 48 points.

Environment number 2:
The value of option 17 is 42. You have 10 choices to make in this environment.
You press <<18>> and receive 51 points.
You press <<19>> and receive 48 points.
You press <<16>> and receive 51 points.
You press <<15>> and receive 68 points.
You press <<14>> and receive 43 points.
You press <<13>> and receive 21 points.
You press <<15>> and receive 68 points.
You press <<15>> and receive 68 points.
You press <<15>> and receive 67 points.
You press <<15>> and receive 67 points.

Environment number 3:
The value of option 20 is 65. You have 5 choices to make in this environment.
You press <<19>> and receive 47 points.
You press <<21>> and receive 41 points.
You press <<20>> and receive 66 points.
You press <<20>> and receive 67 points.
You press <<20>> and receive 64 points.

Environment number 4:
The value of option 7 is 73. You have 10 choices to make in this environment.
You press <<8>> and receive 80 points.
You press <<9>> and receive 55 points.
You press <<8>> and receive 78 points.
You press <<8>> and receive 79 points.
You press <<8>> and receive 76 points.
You press <<8>> and receive 78 points.
You press <<8>> and receive 80 points.
You press <<8>> and receive 78 points.
You press <<8>> and receive 80 points.
You press <<8>> and receive 79 points.

Environment number 5:
The value of option 17 is 72. You have 5 choices to make in this environment.
You press <<18>> and receive 53 points.
You press <<17>> and receive 72 points.
You press <<17>> and receive 71 points.
You press <<17>> and receive 69 points.
You press <<17>> and receive 73 points.

Environment number 6:
The value of option 14 is 25. You have 5 choices to make in this environment.
You press <<13>> and receive 41 points.
You press <<12>> and receive 36 points.
You press <<15>> and receive 15 points.
You press <<16>> and receive 23 points.
You press <<13>> and receive 39 points.

Environment number 7:
The value of option 3 is 44. You have 5 choices to make in this environment.
You press <<4>> and receive 45 points.
You press <<5>> and receive 38 points.
You press <<2>> and receive 61 points.
You press <<1>> and receive 62 points.
You press <<1>> and receive 60 points.

Environment number 8:
The value of option 1 is 1. You have 10 choices to make in this environment.
You press <<2>> and receive 12 points.
You press <<3>> and receive 51 points.
You press <<4>> and receive 29 points.
You press <<3>> and receive 49 points.
You press <<3>> and receive 50 points.
You press <<3>> and receive 49 points.
You press <<3>> and receive 49 points.
You press <<3>> and receive 51 points.
You press <<3>> and receive 49 points.
You press <<3>> and receive 49 points.

Environment number 9:
The value of option 1 is 34. You have 10 choices to make in this environment.
You press <<2>> and receive 46 points.
You press <<3>> and receive 53 points.
You press <<4>> and receive 45 points.
You press <<3>> and receive 52 points.
You press <<3>> and receive 51 points.
You press <<3>> and receive 53 points.
You press <<3>> and receive 55 points.
You press <<3>> and receive 51 points.
You press <<3>> and receive 51 points.
You press <<3>> and receive 55 points.

Environment number 10:
The value of option 21 is 36. You have 10 choices to make in this environment.
You press <<20>> and receive 45 points.
You press <<19>> and receive 24 points.
You press <<20>> and receive 44 points.
You press <<20>> and receive 45 points.
You press <<20>> and receive 45 points.
You press <<20>> and receive 45 points.
You press <<20>> and receive 45 points.
You press <<20>> and receive 45 points.
You press <<20>> and receive 44 points.
You press <<20>> and receive 43 points.

Environment number 11:
The value of option 17 is 82. You have 5 choices to make in this environment.
You press <<16>> and receive 53 points.
You press <<18>> and receive 62 points.
You press <<17>> and receive 80 points.
You press <<17>> and receive 79 points.
You press <<17>> and receive 79 points.

Environment number 12:
The value of option 30 is 71. You have 5 choices to make in this environment.
You press <<29>> and receive 72 points.
You press <<28>> and receive 55 points.
You press <<29>> and receive 70 points.
You press <<",37
12,10,5,29,0,rough,30,5,71,73,"You will be presented with a series of 16 different environments to explore.
In each trial, you can select an option between numbers 1 and 30 by pressing the corresponding key.
By selecting any of these options, you will earn points associated with each unique option.
Imagine these options 1 through 30 as lying next to each other in an ordered line; options closer to each other tend to have similar rewards as rewards tend to cluster together.
For each environment, you will be able to make either 5 or 10 choices.
When you made all your choices in a given environment, you will start making choices in the next unexplored environment.
The rewards underlying the different options are different in each environment so you will learn them anew for each environment.
Each environment starts with the value of a single option revealed.
When you choose the number corresponding to a different option, you will be told the value of that option and receive those points.
Previously revealed options, including the starting option, can also be reselected, although there may be small changes in the point value.
It is your task to gain as many points as possible across all 16 environments.

Environment number 1:
The value of option 26 is 47. You have 10 choices to make in this environment.
You press <<24>> and receive 27 points.
You press <<27>> and receive 46 points.
You press <<28>> and receive 43 points.
You press <<25>> and receive 33 points.
You press <<26>> and receive 48 points.
You press <<26>> and receive 48 points.
You press <<26>> and receive 47 points.
You press <<26>> and receive 48 points.
You press <<26>> and receive 47 points.
You press <<26>> and receive 48 points.

Environment number 2:
The value of option 17 is 42. You have 10 choices to make in this environment.
You press <<18>> and receive 51 points.
You press <<19>> and receive 48 points.
You press <<16>> and receive 51 points.
You press <<15>> and receive 68 points.
You press <<14>> and receive 43 points.
You press <<13>> and receive 21 points.
You press <<15>> and receive 68 points.
You press <<15>> and receive 68 points.
You press <<15>> and receive 67 points.
You press <<15>> and receive 67 points.

Environment number 3:
The value of option 20 is 65. You have 5 choices to make in this environment.
You press <<19>> and receive 47 points.
You press <<21>> and receive 41 points.
You press <<20>> and receive 66 points.
You press <<20>> and receive 67 points.
You press <<20>> and receive 64 points.

Environment number 4:
The value of option 7 is 73. You have 10 choices to make in this environment.
You press <<8>> and receive 80 points.
You press <<9>> and receive 55 points.
You press <<8>> and receive 78 points.
You press <<8>> and receive 79 points.
You press <<8>> and receive 76 points.
You press <<8>> and receive 78 points.
You press <<8>> and receive 80 points.
You press <<8>> and receive 78 points.
You press <<8>> and receive 80 points.
You press <<8>> and receive 79 points.

Environment number 5:
The value of option 17 is 72. You have 5 choices to make in this environment.
You press <<18>> and receive 53 points.
You press <<17>> and receive 72 points.
You press <<17>> and receive 71 points.
You press <<17>> and receive 69 points.
You press <<17>> and receive 73 points.

Environment number 6:
The value of option 14 is 25. You have 5 choices to make in this environment.
You press <<13>> and receive 41 points.
You press <<12>> and receive 36 points.
You press <<15>> and receive 15 points.
You press <<16>> and receive 23 points.
You press <<13>> and receive 39 points.

Environment number 7:
The value of option 3 is 44. You have 5 choices to make in this environment.
You press <<4>> and receive 45 points.
You press <<5>> and receive 38 points.
You press <<2>> and receive 61 points.
You press <<1>> and receive 62 points.
You press <<1>> and receive 60 points.

Environment number 8:
The value of option 1 is 1. You have 10 choices to make in this environment.
You press <<2>> and receive 12 points.
You press <<3>> and receive 51 points.
You press <<4>> and receive 29 points.
You press <<3>> and receive 49 points.
You press <<3>> and receive 50 points.
You press <<3>> and receive 49 points.
You press <<3>> and receive 49 points.
You press <<3>> and receive 51 points.
You press <<3>> and receive 49 points.
You press <<3>> and receive 49 points.

Environment number 9:
The value of option 1 is 34. You have 10 choices to make in this environment.
You press <<2>> and receive 46 points.
You press <<3>> and receive 53 points.
You press <<4>> and receive 45 points.
You press <<3>> and receive 52 points.
You press <<3>> and receive 51 points.
You press <<3>> and receive 53 points.
You press <<3>> and receive 55 points.
You press <<3>> and receive 51 points.
You press <<3>> and receive 51 points.
You press <<3>> and receive 55 points.

Environment number 10:
The value of option 21 is 36. You have 10 choices to make in this environment.
You press <<20>> and receive 45 points.
You press <<19>> and receive 24 points.
You press <<20>> and receive 44 points.
You press <<20>> and receive 45 points.
You press <<20>> and receive 45 points.
You press <<20>> and receive 45 points.
You press <<20>> and receive 45 points.
You press <<20>> and receive 45 points.
You press <<20>> and receive 44 points.
You press <<20>> and receive 43 points.

Environment number 11:
The value of option 17 is 82. You have 5 choices to make in this environment.
You press <<16>> and receive 53 points.
You press <<18>> and receive 62 points.
You press <<17>> and receive 80 points.
You press <<17>> and receive 79 points.
You press <<17>> and receive 79 points.

Environment number 12:
The value of option 30 is 71. You have 5 choices to make in this environment.
You press <<29>> and receive 72 points.
You press <<28>> and receive 55 points.
You press <<29>> and receive 70 points.
You press <<29>> and receive 72 points.
You press <<",37
13,13,1,13,0,rough,12,5,25,25,"You will be presented with a series of 16 different environments to explore.
In each trial, you can select an option between numbers 1 and 30 by pressing the corresponding key.
By selecting any of these options, you will earn points associated with each unique option.
Imagine these options 1 through 30 as lying next to each other in an ordered line; options closer to each other tend to have similar rewards as rewards tend to cluster together.
For each environment, you will be able to make either 5 or 10 choices.
When you made all your choices in a given environment, you will start making choices in the next unexplored environment.
The rewards underlying the different options are different in each environment so you will learn them anew for each environment.
Each environment starts with the value of a single option revealed.
When you choose the number corresponding to a different option, you will be told the value of that option and receive those points.
Previously revealed options, including the starting option, can also be reselected, although there may be small changes in the point value.
It is your task to gain as many points as possible across all 16 environments.

Environment number 1:
The value of option 26 is 47. You have 10 choices to make in this environment.
You press <<24>> and receive 27 points.
You press <<27>> and receive 46 points.
You press <<28>> and receive 43 points.
You press <<25>> and receive 33 points.
You press <<26>> and receive 48 points.
You press <<26>> and receive 48 points.
You press <<26>> and receive 47 points.
You press <<26>> and receive 48 points.
You press <<26>> and receive 47 points.
You press <<26>> and receive 48 points.

Environment number 2:
The value of option 17 is 42. You have 10 choices to make in this environment.
You press <<18>> and receive 51 points.
You press <<19>> and receive 48 points.
You press <<16>> and receive 51 points.
You press <<15>> and receive 68 points.
You press <<14>> and receive 43 points.
You press <<13>> and receive 21 points.
You press <<15>> and receive 68 points.
You press <<15>> and receive 68 points.
You press <<15>> and receive 67 points.
You press <<15>> and receive 67 points.

Environment number 3:
The value of option 20 is 65. You have 5 choices to make in this environment.
You press <<19>> and receive 47 points.
You press <<21>> and receive 41 points.
You press <<20>> and receive 66 points.
You press <<20>> and receive 67 points.
You press <<20>> and receive 64 points.

Environment number 4:
The value of option 7 is 73. You have 10 choices to make in this environment.
You press <<8>> and receive 80 points.
You press <<9>> and receive 55 points.
You press <<8>> and receive 78 points.
You press <<8>> and receive 79 points.
You press <<8>> and receive 76 points.
You press <<8>> and receive 78 points.
You press <<8>> and receive 80 points.
You press <<8>> and receive 78 points.
You press <<8>> and receive 80 points.
You press <<8>> and receive 79 points.

Environment number 5:
The value of option 17 is 72. You have 5 choices to make in this environment.
You press <<18>> and receive 53 points.
You press <<17>> and receive 72 points.
You press <<17>> and receive 71 points.
You press <<17>> and receive 69 points.
You press <<17>> and receive 73 points.

Environment number 6:
The value of option 14 is 25. You have 5 choices to make in this environment.
You press <<13>> and receive 41 points.
You press <<12>> and receive 36 points.
You press <<15>> and receive 15 points.
You press <<16>> and receive 23 points.
You press <<13>> and receive 39 points.

Environment number 7:
The value of option 3 is 44. You have 5 choices to make in this environment.
You press <<4>> and receive 45 points.
You press <<5>> and receive 38 points.
You press <<2>> and receive 61 points.
You press <<1>> and receive 62 points.
You press <<1>> and receive 60 points.

Environment number 8:
The value of option 1 is 1. You have 10 choices to make in this environment.
You press <<2>> and receive 12 points.
You press <<3>> and receive 51 points.
You press <<4>> and receive 29 points.
You press <<3>> and receive 49 points.
You press <<3>> and receive 50 points.
You press <<3>> and receive 49 points.
You press <<3>> and receive 49 points.
You press <<3>> and receive 51 points.
You press <<3>> and receive 49 points.
You press <<3>> and receive 49 points.

Environment number 9:
The value of option 1 is 34. You have 10 choices to make in this environment.
You press <<2>> and receive 46 points.
You press <<3>> and receive 53 points.
You press <<4>> and receive 45 points.
You press <<3>> and receive 52 points.
You press <<3>> and receive 51 points.
You press <<3>> and receive 53 points.
You press <<3>> and receive 55 points.
You press <<3>> and receive 51 points.
You press <<3>> and receive 51 points.
You press <<3>> and receive 55 points.

Environment number 10:
The value of option 21 is 36. You have 10 choices to make in this environment.
You press <<20>> and receive 45 points.
You press <<19>> and receive 24 points.
You press <<20>> and receive 44 points.
You press <<20>> and receive 45 points.
You press <<20>> and receive 45 points.
You press <<20>> and receive 45 points.
You press <<20>> and receive 45 points.
You press <<20>> and receive 45 points.
You press <<20>> and receive 44 points.
You press <<20>> and receive 43 points.

Environment number 11:
The value of option 17 is 82. You have 5 choices to make in this environment.
You press <<16>> and receive 53 points.
You press <<18>> and receive 62 points.
You press <<17>> and receive 80 points.
You press <<17>> and receive 79 points.
You press <<17>> and receive 79 points.

Environment number 12:
The value of option 30 is 71. You have 5 choices to make in this environment.
You press <<29>> and receive 72 points.
You press <<28>> and receive 55 points.
You press <<29>> and receive 70 points.
You press <<29>> and receive 72 points.
You press <<29>> and receive 73 points.

Environment number 13:
The value of option 12 is 25. You have 5 choices to make in this environment.
You press <<",37
13,13,2,11,0,rough,12,5,25,19,"You will be presented with a series of 16 different environments to explore.
In each trial, you can select an option between numbers 1 and 30 by pressing the corresponding key.
By selecting any of these options, you will earn points associated with each unique option.
Imagine these options 1 through 30 as lying next to each other in an ordered line; options closer to each other tend to have similar rewards as rewards tend to cluster together.
For each environment, you will be able to make either 5 or 10 choices.
When you made all your choices in a given environment, you will start making choices in the next unexplored environment.
The rewards underlying the different options are different in each environment so you will learn them anew for each environment.
Each environment starts with the value of a single option revealed.
When you choose the number corresponding to a different option, you will be told the value of that option and receive those points.
Previously revealed options, including the starting option, can also be reselected, although there may be small changes in the point value.
It is your task to gain as many points as possible across all 16 environments.

Environment number 1:
The value of option 26 is 47. You have 10 choices to make in this environment.
You press <<24>> and receive 27 points.
You press <<27>> and receive 46 points.
You press <<28>> and receive 43 points.
You press <<25>> and receive 33 points.
You press <<26>> and receive 48 points.
You press <<26>> and receive 48 points.
You press <<26>> and receive 47 points.
You press <<26>> and receive 48 points.
You press <<26>> and receive 47 points.
You press <<26>> and receive 48 points.

Environment number 2:
The value of option 17 is 42. You have 10 choices to make in this environment.
You press <<18>> and receive 51 points.
You press <<19>> and receive 48 points.
You press <<16>> and receive 51 points.
You press <<15>> and receive 68 points.
You press <<14>> and receive 43 points.
You press <<13>> and receive 21 points.
You press <<15>> and receive 68 points.
You press <<15>> and receive 68 points.
You press <<15>> and receive 67 points.
You press <<15>> and receive 67 points.

Environment number 3:
The value of option 20 is 65. You have 5 choices to make in this environment.
You press <<19>> and receive 47 points.
You press <<21>> and receive 41 points.
You press <<20>> and receive 66 points.
You press <<20>> and receive 67 points.
You press <<20>> and receive 64 points.

Environment number 4:
The value of option 7 is 73. You have 10 choices to make in this environment.
You press <<8>> and receive 80 points.
You press <<9>> and receive 55 points.
You press <<8>> and receive 78 points.
You press <<8>> and receive 79 points.
You press <<8>> and receive 76 points.
You press <<8>> and receive 78 points.
You press <<8>> and receive 80 points.
You press <<8>> and receive 78 points.
You press <<8>> and receive 80 points.
You press <<8>> and receive 79 points.

Environment number 5:
The value of option 17 is 72. You have 5 choices to make in this environment.
You press <<18>> and receive 53 points.
You press <<17>> and receive 72 points.
You press <<17>> and receive 71 points.
You press <<17>> and receive 69 points.
You press <<17>> and receive 73 points.

Environment number 6:
The value of option 14 is 25. You have 5 choices to make in this environment.
You press <<13>> and receive 41 points.
You press <<12>> and receive 36 points.
You press <<15>> and receive 15 points.
You press <<16>> and receive 23 points.
You press <<13>> and receive 39 points.

Environment number 7:
The value of option 3 is 44. You have 5 choices to make in this environment.
You press <<4>> and receive 45 points.
You press <<5>> and receive 38 points.
You press <<2>> and receive 61 points.
You press <<1>> and receive 62 points.
You press <<1>> and receive 60 points.

Environment number 8:
The value of option 1 is 1. You have 10 choices to make in this environment.
You press <<2>> and receive 12 points.
You press <<3>> and receive 51 points.
You press <<4>> and receive 29 points.
You press <<3>> and receive 49 points.
You press <<3>> and receive 50 points.
You press <<3>> and receive 49 points.
You press <<3>> and receive 49 points.
You press <<3>> and receive 51 points.
You press <<3>> and receive 49 points.
You press <<3>> and receive 49 points.

Environment number 9:
The value of option 1 is 34. You have 10 choices to make in this environment.
You press <<2>> and receive 46 points.
You press <<3>> and receive 53 points.
You press <<4>> and receive 45 points.
You press <<3>> and receive 52 points.
You press <<3>> and receive 51 points.
You press <<3>> and receive 53 points.
You press <<3>> and receive 55 points.
You press <<3>> and receive 51 points.
You press <<3>> and receive 51 points.
You press <<3>> and receive 55 points.

Environment number 10:
The value of option 21 is 36. You have 10 choices to make in this environment.
You press <<20>> and receive 45 points.
You press <<19>> and receive 24 points.
You press <<20>> and receive 44 points.
You press <<20>> and receive 45 points.
You press <<20>> and receive 45 points.
You press <<20>> and receive 45 points.
You press <<20>> and receive 45 points.
You press <<20>> and receive 45 points.
You press <<20>> and receive 44 points.
You press <<20>> and receive 43 points.

Environment number 11:
The value of option 17 is 82. You have 5 choices to make in this environment.
You press <<16>> and receive 53 points.
You press <<18>> and receive 62 points.
You press <<17>> and receive 80 points.
You press <<17>> and receive 79 points.
You press <<17>> and receive 79 points.

Environment number 12:
The value of option 30 is 71. You have 5 choices to make in this environment.
You press <<29>> and receive 72 points.
You press <<28>> and receive 55 points.
You press <<29>> and receive 70 points.
You press <<29>> and receive 72 points.
You press <<29>> and receive 73 points.

Environment number 13:
The value of option 12 is 25. You have 5 choices to make in this environment.
You press <<13>> and receive 25 points.
You press <<",37
13,13,3,10,0,rough,12,5,25,28,"You will be presented with a series of 16 different environments to explore.
In each trial, you can select an option between numbers 1 and 30 by pressing the corresponding key.
By selecting any of these options, you will earn points associated with each unique option.
Imagine these options 1 through 30 as lying next to each other in an ordered line; options closer to each other tend to have similar rewards as rewards tend to cluster together.
For each environment, you will be able to make either 5 or 10 choices.
When you made all your choices in a given environment, you will start making choices in the next unexplored environment.
The rewards underlying the different options are different in each environment so you will learn them anew for each environment.
Each environment starts with the value of a single option revealed.
When you choose the number corresponding to a different option, you will be told the value of that option and receive those points.
Previously revealed options, including the starting option, can also be reselected, although there may be small changes in the point value.
It is your task to gain as many points as possible across all 16 environments.

Environment number 1:
The value of option 26 is 47. You have 10 choices to make in this environment.
You press <<24>> and receive 27 points.
You press <<27>> and receive 46 points.
You press <<28>> and receive 43 points.
You press <<25>> and receive 33 points.
You press <<26>> and receive 48 points.
You press <<26>> and receive 48 points.
You press <<26>> and receive 47 points.
You press <<26>> and receive 48 points.
You press <<26>> and receive 47 points.
You press <<26>> and receive 48 points.

Environment number 2:
The value of option 17 is 42. You have 10 choices to make in this environment.
You press <<18>> and receive 51 points.
You press <<19>> and receive 48 points.
You press <<16>> and receive 51 points.
You press <<15>> and receive 68 points.
You press <<14>> and receive 43 points.
You press <<13>> and receive 21 points.
You press <<15>> and receive 68 points.
You press <<15>> and receive 68 points.
You press <<15>> and receive 67 points.
You press <<15>> and receive 67 points.

Environment number 3:
The value of option 20 is 65. You have 5 choices to make in this environment.
You press <<19>> and receive 47 points.
You press <<21>> and receive 41 points.
You press <<20>> and receive 66 points.
You press <<20>> and receive 67 points.
You press <<20>> and receive 64 points.

Environment number 4:
The value of option 7 is 73. You have 10 choices to make in this environment.
You press <<8>> and receive 80 points.
You press <<9>> and receive 55 points.
You press <<8>> and receive 78 points.
You press <<8>> and receive 79 points.
You press <<8>> and receive 76 points.
You press <<8>> and receive 78 points.
You press <<8>> and receive 80 points.
You press <<8>> and receive 78 points.
You press <<8>> and receive 80 points.
You press <<8>> and receive 79 points.

Environment number 5:
The value of option 17 is 72. You have 5 choices to make in this environment.
You press <<18>> and receive 53 points.
You press <<17>> and receive 72 points.
You press <<17>> and receive 71 points.
You press <<17>> and receive 69 points.
You press <<17>> and receive 73 points.

Environment number 6:
The value of option 14 is 25. You have 5 choices to make in this environment.
You press <<13>> and receive 41 points.
You press <<12>> and receive 36 points.
You press <<15>> and receive 15 points.
You press <<16>> and receive 23 points.
You press <<13>> and receive 39 points.

Environment number 7:
The value of option 3 is 44. You have 5 choices to make in this environment.
You press <<4>> and receive 45 points.
You press <<5>> and receive 38 points.
You press <<2>> and receive 61 points.
You press <<1>> and receive 62 points.
You press <<1>> and receive 60 points.

Environment number 8:
The value of option 1 is 1. You have 10 choices to make in this environment.
You press <<2>> and receive 12 points.
You press <<3>> and receive 51 points.
You press <<4>> and receive 29 points.
You press <<3>> and receive 49 points.
You press <<3>> and receive 50 points.
You press <<3>> and receive 49 points.
You press <<3>> and receive 49 points.
You press <<3>> and receive 51 points.
You press <<3>> and receive 49 points.
You press <<3>> and receive 49 points.

Environment number 9:
The value of option 1 is 34. You have 10 choices to make in this environment.
You press <<2>> and receive 46 points.
You press <<3>> and receive 53 points.
You press <<4>> and receive 45 points.
You press <<3>> and receive 52 points.
You press <<3>> and receive 51 points.
You press <<3>> and receive 53 points.
You press <<3>> and receive 55 points.
You press <<3>> and receive 51 points.
You press <<3>> and receive 51 points.
You press <<3>> and receive 55 points.

Environment number 10:
The value of option 21 is 36. You have 10 choices to make in this environment.
You press <<20>> and receive 45 points.
You press <<19>> and receive 24 points.
You press <<20>> and receive 44 points.
You press <<20>> and receive 45 points.
You press <<20>> and receive 45 points.
You press <<20>> and receive 45 points.
You press <<20>> and receive 45 points.
You press <<20>> and receive 45 points.
You press <<20>> and receive 44 points.
You press <<20>> and receive 43 points.

Environment number 11:
The value of option 17 is 82. You have 5 choices to make in this environment.
You press <<16>> and receive 53 points.
You press <<18>> and receive 62 points.
You press <<17>> and receive 80 points.
You press <<17>> and receive 79 points.
You press <<17>> and receive 79 points.

Environment number 12:
The value of option 30 is 71. You have 5 choices to make in this environment.
You press <<29>> and receive 72 points.
You press <<28>> and receive 55 points.
You press <<29>> and receive 70 points.
You press <<29>> and receive 72 points.
You press <<29>> and receive 73 points.

Environment number 13:
The value of option 12 is 25. You have 5 choices to make in this environment.
You press <<13>> and receive 25 points.
You press <<11>> and receive 19 points.
You press <<",37
13,13,4,9,0,rough,12,5,25,13,"You will be presented with a series of 16 different environments to explore.
In each trial, you can select an option between numbers 1 and 30 by pressing the corresponding key.
By selecting any of these options, you will earn points associated with each unique option.
Imagine these options 1 through 30 as lying next to each other in an ordered line; options closer to each other tend to have similar rewards as rewards tend to cluster together.
For each environment, you will be able to make either 5 or 10 choices.
When you made all your choices in a given environment, you will start making choices in the next unexplored environment.
The rewards underlying the different options are different in each environment so you will learn them anew for each environment.
Each environment starts with the value of a single option revealed.
When you choose the number corresponding to a different option, you will be told the value of that option and receive those points.
Previously revealed options, including the starting option, can also be reselected, although there may be small changes in the point value.
It is your task to gain as many points as possible across all 16 environments.

Environment number 1:
The value of option 26 is 47. You have 10 choices to make in this environment.
You press <<24>> and receive 27 points.
You press <<27>> and receive 46 points.
You press <<28>> and receive 43 points.
You press <<25>> and receive 33 points.
You press <<26>> and receive 48 points.
You press <<26>> and receive 48 points.
You press <<26>> and receive 47 points.
You press <<26>> and receive 48 points.
You press <<26>> and receive 47 points.
You press <<26>> and receive 48 points.

Environment number 2:
The value of option 17 is 42. You have 10 choices to make in this environment.
You press <<18>> and receive 51 points.
You press <<19>> and receive 48 points.
You press <<16>> and receive 51 points.
You press <<15>> and receive 68 points.
You press <<14>> and receive 43 points.
You press <<13>> and receive 21 points.
You press <<15>> and receive 68 points.
You press <<15>> and receive 68 points.
You press <<15>> and receive 67 points.
You press <<15>> and receive 67 points.

Environment number 3:
The value of option 20 is 65. You have 5 choices to make in this environment.
You press <<19>> and receive 47 points.
You press <<21>> and receive 41 points.
You press <<20>> and receive 66 points.
You press <<20>> and receive 67 points.
You press <<20>> and receive 64 points.

Environment number 4:
The value of option 7 is 73. You have 10 choices to make in this environment.
You press <<8>> and receive 80 points.
You press <<9>> and receive 55 points.
You press <<8>> and receive 78 points.
You press <<8>> and receive 79 points.
You press <<8>> and receive 76 points.
You press <<8>> and receive 78 points.
You press <<8>> and receive 80 points.
You press <<8>> and receive 78 points.
You press <<8>> and receive 80 points.
You press <<8>> and receive 79 points.

Environment number 5:
The value of option 17 is 72. You have 5 choices to make in this environment.
You press <<18>> and receive 53 points.
You press <<17>> and receive 72 points.
You press <<17>> and receive 71 points.
You press <<17>> and receive 69 points.
You press <<17>> and receive 73 points.

Environment number 6:
The value of option 14 is 25. You have 5 choices to make in this environment.
You press <<13>> and receive 41 points.
You press <<12>> and receive 36 points.
You press <<15>> and receive 15 points.
You press <<16>> and receive 23 points.
You press <<13>> and receive 39 points.

Environment number 7:
The value of option 3 is 44. You have 5 choices to make in this environment.
You press <<4>> and receive 45 points.
You press <<5>> and receive 38 points.
You press <<2>> and receive 61 points.
You press <<1>> and receive 62 points.
You press <<1>> and receive 60 points.

Environment number 8:
The value of option 1 is 1. You have 10 choices to make in this environment.
You press <<2>> and receive 12 points.
You press <<3>> and receive 51 points.
You press <<4>> and receive 29 points.
You press <<3>> and receive 49 points.
You press <<3>> and receive 50 points.
You press <<3>> and receive 49 points.
You press <<3>> and receive 49 points.
You press <<3>> and receive 51 points.
You press <<3>> and receive 49 points.
You press <<3>> and receive 49 points.

Environment number 9:
The value of option 1 is 34. You have 10 choices to make in this environment.
You press <<2>> and receive 46 points.
You press <<3>> and receive 53 points.
You press <<4>> and receive 45 points.
You press <<3>> and receive 52 points.
You press <<3>> and receive 51 points.
You press <<3>> and receive 53 points.
You press <<3>> and receive 55 points.
You press <<3>> and receive 51 points.
You press <<3>> and receive 51 points.
You press <<3>> and receive 55 points.

Environment number 10:
The value of option 21 is 36. You have 10 choices to make in this environment.
You press <<20>> and receive 45 points.
You press <<19>> and receive 24 points.
You press <<20>> and receive 44 points.
You press <<20>> and receive 45 points.
You press <<20>> and receive 45 points.
You press <<20>> and receive 45 points.
You press <<20>> and receive 45 points.
You press <<20>> and receive 45 points.
You press <<20>> and receive 44 points.
You press <<20>> and receive 43 points.

Environment number 11:
The value of option 17 is 82. You have 5 choices to make in this environment.
You press <<16>> and receive 53 points.
You press <<18>> and receive 62 points.
You press <<17>> and receive 80 points.
You press <<17>> and receive 79 points.
You press <<17>> and receive 79 points.

Environment number 12:
The value of option 30 is 71. You have 5 choices to make in this environment.
You press <<29>> and receive 72 points.
You press <<28>> and receive 55 points.
You press <<29>> and receive 70 points.
You press <<29>> and receive 72 points.
You press <<29>> and receive 73 points.

Environment number 13:
The value of option 12 is 25. You have 5 choices to make in this environment.
You press <<13>> and receive 25 points.
You press <<11>> and receive 19 points.
You press <<10>> and receive 28 points.
You press <<",37
13,13,5,10,0,rough,12,5,25,27,"You will be presented with a series of 16 different environments to explore.
In each trial, you can select an option between numbers 1 and 30 by pressing the corresponding key.
By selecting any of these options, you will earn points associated with each unique option.
Imagine these options 1 through 30 as lying next to each other in an ordered line; options closer to each other tend to have similar rewards as rewards tend to cluster together.
For each environment, you will be able to make either 5 or 10 choices.
When you made all your choices in a given environment, you will start making choices in the next unexplored environment.
The rewards underlying the different options are different in each environment so you will learn them anew for each environment.
Each environment starts with the value of a single option revealed.
When you choose the number corresponding to a different option, you will be told the value of that option and receive those points.
Previously revealed options, including the starting option, can also be reselected, although there may be small changes in the point value.
It is your task to gain as many points as possible across all 16 environments.

Environment number 1:
The value of option 26 is 47. You have 10 choices to make in this environment.
You press <<24>> and receive 27 points.
You press <<27>> and receive 46 points.
You press <<28>> and receive 43 points.
You press <<25>> and receive 33 points.
You press <<26>> and receive 48 points.
You press <<26>> and receive 48 points.
You press <<26>> and receive 47 points.
You press <<26>> and receive 48 points.
You press <<26>> and receive 47 points.
You press <<26>> and receive 48 points.

Environment number 2:
The value of option 17 is 42. You have 10 choices to make in this environment.
You press <<18>> and receive 51 points.
You press <<19>> and receive 48 points.
You press <<16>> and receive 51 points.
You press <<15>> and receive 68 points.
You press <<14>> and receive 43 points.
You press <<13>> and receive 21 points.
You press <<15>> and receive 68 points.
You press <<15>> and receive 68 points.
You press <<15>> and receive 67 points.
You press <<15>> and receive 67 points.

Environment number 3:
The value of option 20 is 65. You have 5 choices to make in this environment.
You press <<19>> and receive 47 points.
You press <<21>> and receive 41 points.
You press <<20>> and receive 66 points.
You press <<20>> and receive 67 points.
You press <<20>> and receive 64 points.

Environment number 4:
The value of option 7 is 73. You have 10 choices to make in this environment.
You press <<8>> and receive 80 points.
You press <<9>> and receive 55 points.
You press <<8>> and receive 78 points.
You press <<8>> and receive 79 points.
You press <<8>> and receive 76 points.
You press <<8>> and receive 78 points.
You press <<8>> and receive 80 points.
You press <<8>> and receive 78 points.
You press <<8>> and receive 80 points.
You press <<8>> and receive 79 points.

Environment number 5:
The value of option 17 is 72. You have 5 choices to make in this environment.
You press <<18>> and receive 53 points.
You press <<17>> and receive 72 points.
You press <<17>> and receive 71 points.
You press <<17>> and receive 69 points.
You press <<17>> and receive 73 points.

Environment number 6:
The value of option 14 is 25. You have 5 choices to make in this environment.
You press <<13>> and receive 41 points.
You press <<12>> and receive 36 points.
You press <<15>> and receive 15 points.
You press <<16>> and receive 23 points.
You press <<13>> and receive 39 points.

Environment number 7:
The value of option 3 is 44. You have 5 choices to make in this environment.
You press <<4>> and receive 45 points.
You press <<5>> and receive 38 points.
You press <<2>> and receive 61 points.
You press <<1>> and receive 62 points.
You press <<1>> and receive 60 points.

Environment number 8:
The value of option 1 is 1. You have 10 choices to make in this environment.
You press <<2>> and receive 12 points.
You press <<3>> and receive 51 points.
You press <<4>> and receive 29 points.
You press <<3>> and receive 49 points.
You press <<3>> and receive 50 points.
You press <<3>> and receive 49 points.
You press <<3>> and receive 49 points.
You press <<3>> and receive 51 points.
You press <<3>> and receive 49 points.
You press <<3>> and receive 49 points.

Environment number 9:
The value of option 1 is 34. You have 10 choices to make in this environment.
You press <<2>> and receive 46 points.
You press <<3>> and receive 53 points.
You press <<4>> and receive 45 points.
You press <<3>> and receive 52 points.
You press <<3>> and receive 51 points.
You press <<3>> and receive 53 points.
You press <<3>> and receive 55 points.
You press <<3>> and receive 51 points.
You press <<3>> and receive 51 points.
You press <<3>> and receive 55 points.

Environment number 10:
The value of option 21 is 36. You have 10 choices to make in this environment.
You press <<20>> and receive 45 points.
You press <<19>> and receive 24 points.
You press <<20>> and receive 44 points.
You press <<20>> and receive 45 points.
You press <<20>> and receive 45 points.
You press <<20>> and receive 45 points.
You press <<20>> and receive 45 points.
You press <<20>> and receive 45 points.
You press <<20>> and receive 44 points.
You press <<20>> and receive 43 points.

Environment number 11:
The value of option 17 is 82. You have 5 choices to make in this environment.
You press <<16>> and receive 53 points.
You press <<18>> and receive 62 points.
You press <<17>> and receive 80 points.
You press <<17>> and receive 79 points.
You press <<17>> and receive 79 points.

Environment number 12:
The value of option 30 is 71. You have 5 choices to make in this environment.
You press <<29>> and receive 72 points.
You press <<28>> and receive 55 points.
You press <<29>> and receive 70 points.
You press <<29>> and receive 72 points.
You press <<29>> and receive 73 points.

Environment number 13:
The value of option 12 is 25. You have 5 choices to make in this environment.
You press <<13>> and receive 25 points.
You press <<11>> and receive 19 points.
You press <<10>> and receive 28 points.
You press <<9>> and receive 13 points.
You press <<",37
14,36,1,4,0,rough,3,10,59,60,"You will be presented with a series of 16 different environments to explore.
In each trial, you can select an option between numbers 1 and 30 by pressing the corresponding key.
By selecting any of these options, you will earn points associated with each unique option.
Imagine these options 1 through 30 as lying next to each other in an ordered line; options closer to each other tend to have similar rewards as rewards tend to cluster together.
For each environment, you will be able to make either 5 or 10 choices.
When you made all your choices in a given environment, you will start making choices in the next unexplored environment.
The rewards underlying the different options are different in each environment so you will learn them anew for each environment.
Each environment starts with the value of a single option revealed.
When you choose the number corresponding to a different option, you will be told the value of that option and receive those points.
Previously revealed options, including the starting option, can also be reselected, although there may be small changes in the point value.
It is your task to gain as many points as possible across all 16 environments.

Environment number 1:
The value of option 26 is 47. You have 10 choices to make in this environment.
You press <<24>> and receive 27 points.
You press <<27>> and receive 46 points.
You press <<28>> and receive 43 points.
You press <<25>> and receive 33 points.
You press <<26>> and receive 48 points.
You press <<26>> and receive 48 points.
You press <<26>> and receive 47 points.
You press <<26>> and receive 48 points.
You press <<26>> and receive 47 points.
You press <<26>> and receive 48 points.

Environment number 2:
The value of option 17 is 42. You have 10 choices to make in this environment.
You press <<18>> and receive 51 points.
You press <<19>> and receive 48 points.
You press <<16>> and receive 51 points.
You press <<15>> and receive 68 points.
You press <<14>> and receive 43 points.
You press <<13>> and receive 21 points.
You press <<15>> and receive 68 points.
You press <<15>> and receive 68 points.
You press <<15>> and receive 67 points.
You press <<15>> and receive 67 points.

Environment number 3:
The value of option 20 is 65. You have 5 choices to make in this environment.
You press <<19>> and receive 47 points.
You press <<21>> and receive 41 points.
You press <<20>> and receive 66 points.
You press <<20>> and receive 67 points.
You press <<20>> and receive 64 points.

Environment number 4:
The value of option 7 is 73. You have 10 choices to make in this environment.
You press <<8>> and receive 80 points.
You press <<9>> and receive 55 points.
You press <<8>> and receive 78 points.
You press <<8>> and receive 79 points.
You press <<8>> and receive 76 points.
You press <<8>> and receive 78 points.
You press <<8>> and receive 80 points.
You press <<8>> and receive 78 points.
You press <<8>> and receive 80 points.
You press <<8>> and receive 79 points.

Environment number 5:
The value of option 17 is 72. You have 5 choices to make in this environment.
You press <<18>> and receive 53 points.
You press <<17>> and receive 72 points.
You press <<17>> and receive 71 points.
You press <<17>> and receive 69 points.
You press <<17>> and receive 73 points.

Environment number 6:
The value of option 14 is 25. You have 5 choices to make in this environment.
You press <<13>> and receive 41 points.
You press <<12>> and receive 36 points.
You press <<15>> and receive 15 points.
You press <<16>> and receive 23 points.
You press <<13>> and receive 39 points.

Environment number 7:
The value of option 3 is 44. You have 5 choices to make in this environment.
You press <<4>> and receive 45 points.
You press <<5>> and receive 38 points.
You press <<2>> and receive 61 points.
You press <<1>> and receive 62 points.
You press <<1>> and receive 60 points.

Environment number 8:
The value of option 1 is 1. You have 10 choices to make in this environment.
You press <<2>> and receive 12 points.
You press <<3>> and receive 51 points.
You press <<4>> and receive 29 points.
You press <<3>> and receive 49 points.
You press <<3>> and receive 50 points.
You press <<3>> and receive 49 points.
You press <<3>> and receive 49 points.
You press <<3>> and receive 51 points.
You press <<3>> and receive 49 points.
You press <<3>> and receive 49 points.

Environment number 9:
The value of option 1 is 34. You have 10 choices to make in this environment.
You press <<2>> and receive 46 points.
You press <<3>> and receive 53 points.
You press <<4>> and receive 45 points.
You press <<3>> and receive 52 points.
You press <<3>> and receive 51 points.
You press <<3>> and receive 53 points.
You press <<3>> and receive 55 points.
You press <<3>> and receive 51 points.
You press <<3>> and receive 51 points.
You press <<3>> and receive 55 points.

Environment number 10:
The value of option 21 is 36. You have 10 choices to make in this environment.
You press <<20>> and receive 45 points.
You press <<19>> and receive 24 points.
You press <<20>> and receive 44 points.
You press <<20>> and receive 45 points.
You press <<20>> and receive 45 points.
You press <<20>> and receive 45 points.
You press <<20>> and receive 45 points.
You press <<20>> and receive 45 points.
You press <<20>> and receive 44 points.
You press <<20>> and receive 43 points.

Environment number 11:
The value of option 17 is 82. You have 5 choices to make in this environment.
You press <<16>> and receive 53 points.
You press <<18>> and receive 62 points.
You press <<17>> and receive 80 points.
You press <<17>> and receive 79 points.
You press <<17>> and receive 79 points.

Environment number 12:
The value of option 30 is 71. You have 5 choices to make in this environment.
You press <<29>> and receive 72 points.
You press <<28>> and receive 55 points.
You press <<29>> and receive 70 points.
You press <<29>> and receive 72 points.
You press <<29>> and receive 73 points.

Environment number 13:
The value of option 12 is 25. You have 5 choices to make in this environment.
You press <<13>> and receive 25 points.
You press <<11>> and receive 19 points.
You press <<10>> and receive 28 points.
You press <<9>> and receive 13 points.
You press <<10>> and receive 27 points.

Environment number 14:
The value of option 3 is 59. You have 10 choices to make in this environment.
You press <<",37
14,36,2,5,0,rough,3,10,59,58,"You will be presented with a series of 16 different environments to explore.
In each trial, you can select an option between numbers 1 and 30 by pressing the corresponding key.
By selecting any of these options, you will earn points associated with each unique option.
Imagine these options 1 through 30 as lying next to each other in an ordered line; options closer to each other tend to have similar rewards as rewards tend to cluster together.
For each environment, you will be able to make either 5 or 10 choices.
When you made all your choices in a given environment, you will start making choices in the next unexplored environment.
The rewards underlying the different options are different in each environment so you will learn them anew for each environment.
Each environment starts with the value of a single option revealed.
When you choose the number corresponding to a different option, you will be told the value of that option and receive those points.
Previously revealed options, including the starting option, can also be reselected, although there may be small changes in the point value.
It is your task to gain as many points as possible across all 16 environments.

Environment number 1:
The value of option 26 is 47. You have 10 choices to make in this environment.
You press <<24>> and receive 27 points.
You press <<27>> and receive 46 points.
You press <<28>> and receive 43 points.
You press <<25>> and receive 33 points.
You press <<26>> and receive 48 points.
You press <<26>> and receive 48 points.
You press <<26>> and receive 47 points.
You press <<26>> and receive 48 points.
You press <<26>> and receive 47 points.
You press <<26>> and receive 48 points.

Environment number 2:
The value of option 17 is 42. You have 10 choices to make in this environment.
You press <<18>> and receive 51 points.
You press <<19>> and receive 48 points.
You press <<16>> and receive 51 points.
You press <<15>> and receive 68 points.
You press <<14>> and receive 43 points.
You press <<13>> and receive 21 points.
You press <<15>> and receive 68 points.
You press <<15>> and receive 68 points.
You press <<15>> and receive 67 points.
You press <<15>> and receive 67 points.

Environment number 3:
The value of option 20 is 65. You have 5 choices to make in this environment.
You press <<19>> and receive 47 points.
You press <<21>> and receive 41 points.
You press <<20>> and receive 66 points.
You press <<20>> and receive 67 points.
You press <<20>> and receive 64 points.

Environment number 4:
The value of option 7 is 73. You have 10 choices to make in this environment.
You press <<8>> and receive 80 points.
You press <<9>> and receive 55 points.
You press <<8>> and receive 78 points.
You press <<8>> and receive 79 points.
You press <<8>> and receive 76 points.
You press <<8>> and receive 78 points.
You press <<8>> and receive 80 points.
You press <<8>> and receive 78 points.
You press <<8>> and receive 80 points.
You press <<8>> and receive 79 points.

Environment number 5:
The value of option 17 is 72. You have 5 choices to make in this environment.
You press <<18>> and receive 53 points.
You press <<17>> and receive 72 points.
You press <<17>> and receive 71 points.
You press <<17>> and receive 69 points.
You press <<17>> and receive 73 points.

Environment number 6:
The value of option 14 is 25. You have 5 choices to make in this environment.
You press <<13>> and receive 41 points.
You press <<12>> and receive 36 points.
You press <<15>> and receive 15 points.
You press <<16>> and receive 23 points.
You press <<13>> and receive 39 points.

Environment number 7:
The value of option 3 is 44. You have 5 choices to make in this environment.
You press <<4>> and receive 45 points.
You press <<5>> and receive 38 points.
You press <<2>> and receive 61 points.
You press <<1>> and receive 62 points.
You press <<1>> and receive 60 points.

Environment number 8:
The value of option 1 is 1. You have 10 choices to make in this environment.
You press <<2>> and receive 12 points.
You press <<3>> and receive 51 points.
You press <<4>> and receive 29 points.
You press <<3>> and receive 49 points.
You press <<3>> and receive 50 points.
You press <<3>> and receive 49 points.
You press <<3>> and receive 49 points.
You press <<3>> and receive 51 points.
You press <<3>> and receive 49 points.
You press <<3>> and receive 49 points.

Environment number 9:
The value of option 1 is 34. You have 10 choices to make in this environment.
You press <<2>> and receive 46 points.
You press <<3>> and receive 53 points.
You press <<4>> and receive 45 points.
You press <<3>> and receive 52 points.
You press <<3>> and receive 51 points.
You press <<3>> and receive 53 points.
You press <<3>> and receive 55 points.
You press <<3>> and receive 51 points.
You press <<3>> and receive 51 points.
You press <<3>> and receive 55 points.

Environment number 10:
The value of option 21 is 36. You have 10 choices to make in this environment.
You press <<20>> and receive 45 points.
You press <<19>> and receive 24 points.
You press <<20>> and receive 44 points.
You press <<20>> and receive 45 points.
You press <<20>> and receive 45 points.
You press <<20>> and receive 45 points.
You press <<20>> and receive 45 points.
You press <<20>> and receive 45 points.
You press <<20>> and receive 44 points.
You press <<20>> and receive 43 points.

Environment number 11:
The value of option 17 is 82. You have 5 choices to make in this environment.
You press <<16>> and receive 53 points.
You press <<18>> and receive 62 points.
You press <<17>> and receive 80 points.
You press <<17>> and receive 79 points.
You press <<17>> and receive 79 points.

Environment number 12:
The value of option 30 is 71. You have 5 choices to make in this environment.
You press <<29>> and receive 72 points.
You press <<28>> and receive 55 points.
You press <<29>> and receive 70 points.
You press <<29>> and receive 72 points.
You press <<29>> and receive 73 points.

Environment number 13:
The value of option 12 is 25. You have 5 choices to make in this environment.
You press <<13>> and receive 25 points.
You press <<11>> and receive 19 points.
You press <<10>> and receive 28 points.
You press <<9>> and receive 13 points.
You press <<10>> and receive 27 points.

Environment number 14:
The value of option 3 is 59. You have 10 choices to make in this environment.
You press <<4>> and receive 60 points.
You press <<",37
14,36,3,4,0,rough,3,10,59,60,"You will be presented with a series of 16 different environments to explore.
In each trial, you can select an option between numbers 1 and 30 by pressing the corresponding key.
By selecting any of these options, you will earn points associated with each unique option.
Imagine these options 1 through 30 as lying next to each other in an ordered line; options closer to each other tend to have similar rewards as rewards tend to cluster together.
For each environment, you will be able to make either 5 or 10 choices.
When you made all your choices in a given environment, you will start making choices in the next unexplored environment.
The rewards underlying the different options are different in each environment so you will learn them anew for each environment.
Each environment starts with the value of a single option revealed.
When you choose the number corresponding to a different option, you will be told the value of that option and receive those points.
Previously revealed options, including the starting option, can also be reselected, although there may be small changes in the point value.
It is your task to gain as many points as possible across all 16 environments.

Environment number 1:
The value of option 26 is 47. You have 10 choices to make in this environment.
You press <<24>> and receive 27 points.
You press <<27>> and receive 46 points.
You press <<28>> and receive 43 points.
You press <<25>> and receive 33 points.
You press <<26>> and receive 48 points.
You press <<26>> and receive 48 points.
You press <<26>> and receive 47 points.
You press <<26>> and receive 48 points.
You press <<26>> and receive 47 points.
You press <<26>> and receive 48 points.

Environment number 2:
The value of option 17 is 42. You have 10 choices to make in this environment.
You press <<18>> and receive 51 points.
You press <<19>> and receive 48 points.
You press <<16>> and receive 51 points.
You press <<15>> and receive 68 points.
You press <<14>> and receive 43 points.
You press <<13>> and receive 21 points.
You press <<15>> and receive 68 points.
You press <<15>> and receive 68 points.
You press <<15>> and receive 67 points.
You press <<15>> and receive 67 points.

Environment number 3:
The value of option 20 is 65. You have 5 choices to make in this environment.
You press <<19>> and receive 47 points.
You press <<21>> and receive 41 points.
You press <<20>> and receive 66 points.
You press <<20>> and receive 67 points.
You press <<20>> and receive 64 points.

Environment number 4:
The value of option 7 is 73. You have 10 choices to make in this environment.
You press <<8>> and receive 80 points.
You press <<9>> and receive 55 points.
You press <<8>> and receive 78 points.
You press <<8>> and receive 79 points.
You press <<8>> and receive 76 points.
You press <<8>> and receive 78 points.
You press <<8>> and receive 80 points.
You press <<8>> and receive 78 points.
You press <<8>> and receive 80 points.
You press <<8>> and receive 79 points.

Environment number 5:
The value of option 17 is 72. You have 5 choices to make in this environment.
You press <<18>> and receive 53 points.
You press <<17>> and receive 72 points.
You press <<17>> and receive 71 points.
You press <<17>> and receive 69 points.
You press <<17>> and receive 73 points.

Environment number 6:
The value of option 14 is 25. You have 5 choices to make in this environment.
You press <<13>> and receive 41 points.
You press <<12>> and receive 36 points.
You press <<15>> and receive 15 points.
You press <<16>> and receive 23 points.
You press <<13>> and receive 39 points.

Environment number 7:
The value of option 3 is 44. You have 5 choices to make in this environment.
You press <<4>> and receive 45 points.
You press <<5>> and receive 38 points.
You press <<2>> and receive 61 points.
You press <<1>> and receive 62 points.
You press <<1>> and receive 60 points.

Environment number 8:
The value of option 1 is 1. You have 10 choices to make in this environment.
You press <<2>> and receive 12 points.
You press <<3>> and receive 51 points.
You press <<4>> and receive 29 points.
You press <<3>> and receive 49 points.
You press <<3>> and receive 50 points.
You press <<3>> and receive 49 points.
You press <<3>> and receive 49 points.
You press <<3>> and receive 51 points.
You press <<3>> and receive 49 points.
You press <<3>> and receive 49 points.

Environment number 9:
The value of option 1 is 34. You have 10 choices to make in this environment.
You press <<2>> and receive 46 points.
You press <<3>> and receive 53 points.
You press <<4>> and receive 45 points.
You press <<3>> and receive 52 points.
You press <<3>> and receive 51 points.
You press <<3>> and receive 53 points.
You press <<3>> and receive 55 points.
You press <<3>> and receive 51 points.
You press <<3>> and receive 51 points.
You press <<3>> and receive 55 points.

Environment number 10:
The value of option 21 is 36. You have 10 choices to make in this environment.
You press <<20>> and receive 45 points.
You press <<19>> and receive 24 points.
You press <<20>> and receive 44 points.
You press <<20>> and receive 45 points.
You press <<20>> and receive 45 points.
You press <<20>> and receive 45 points.
You press <<20>> and receive 45 points.
You press <<20>> and receive 45 points.
You press <<20>> and receive 44 points.
You press <<20>> and receive 43 points.

Environment number 11:
The value of option 17 is 82. You have 5 choices to make in this environment.
You press <<16>> and receive 53 points.
You press <<18>> and receive 62 points.
You press <<17>> and receive 80 points.
You press <<17>> and receive 79 points.
You press <<17>> and receive 79 points.

Environment number 12:
The value of option 30 is 71. You have 5 choices to make in this environment.
You press <<29>> and receive 72 points.
You press <<28>> and receive 55 points.
You press <<29>> and receive 70 points.
You press <<29>> and receive 72 points.
You press <<29>> and receive 73 points.

Environment number 13:
The value of option 12 is 25. You have 5 choices to make in this environment.
You press <<13>> and receive 25 points.
You press <<11>> and receive 19 points.
You press <<10>> and receive 28 points.
You press <<9>> and receive 13 points.
You press <<10>> and receive 27 points.

Environment number 14:
The value of option 3 is 59. You have 10 choices to make in this environment.
You press <<4>> and receive 60 points.
You press <<5>> and receive 58 points.
You press <<",37
14,36,4,4,0,rough,3,10,59,61,"You will be presented with a series of 16 different environments to explore.
In each trial, you can select an option between numbers 1 and 30 by pressing the corresponding key.
By selecting any of these options, you will earn points associated with each unique option.
Imagine these options 1 through 30 as lying next to each other in an ordered line; options closer to each other tend to have similar rewards as rewards tend to cluster together.
For each environment, you will be able to make either 5 or 10 choices.
When you made all your choices in a given environment, you will start making choices in the next unexplored environment.
The rewards underlying the different options are different in each environment so you will learn them anew for each environment.
Each environment starts with the value of a single option revealed.
When you choose the number corresponding to a different option, you will be told the value of that option and receive those points.
Previously revealed options, including the starting option, can also be reselected, although there may be small changes in the point value.
It is your task to gain as many points as possible across all 16 environments.

Environment number 1:
The value of option 26 is 47. You have 10 choices to make in this environment.
You press <<24>> and receive 27 points.
You press <<27>> and receive 46 points.
You press <<28>> and receive 43 points.
You press <<25>> and receive 33 points.
You press <<26>> and receive 48 points.
You press <<26>> and receive 48 points.
You press <<26>> and receive 47 points.
You press <<26>> and receive 48 points.
You press <<26>> and receive 47 points.
You press <<26>> and receive 48 points.

Environment number 2:
The value of option 17 is 42. You have 10 choices to make in this environment.
You press <<18>> and receive 51 points.
You press <<19>> and receive 48 points.
You press <<16>> and receive 51 points.
You press <<15>> and receive 68 points.
You press <<14>> and receive 43 points.
You press <<13>> and receive 21 points.
You press <<15>> and receive 68 points.
You press <<15>> and receive 68 points.
You press <<15>> and receive 67 points.
You press <<15>> and receive 67 points.

Environment number 3:
The value of option 20 is 65. You have 5 choices to make in this environment.
You press <<19>> and receive 47 points.
You press <<21>> and receive 41 points.
You press <<20>> and receive 66 points.
You press <<20>> and receive 67 points.
You press <<20>> and receive 64 points.

Environment number 4:
The value of option 7 is 73. You have 10 choices to make in this environment.
You press <<8>> and receive 80 points.
You press <<9>> and receive 55 points.
You press <<8>> and receive 78 points.
You press <<8>> and receive 79 points.
You press <<8>> and receive 76 points.
You press <<8>> and receive 78 points.
You press <<8>> and receive 80 points.
You press <<8>> and receive 78 points.
You press <<8>> and receive 80 points.
You press <<8>> and receive 79 points.

Environment number 5:
The value of option 17 is 72. You have 5 choices to make in this environment.
You press <<18>> and receive 53 points.
You press <<17>> and receive 72 points.
You press <<17>> and receive 71 points.
You press <<17>> and receive 69 points.
You press <<17>> and receive 73 points.

Environment number 6:
The value of option 14 is 25. You have 5 choices to make in this environment.
You press <<13>> and receive 41 points.
You press <<12>> and receive 36 points.
You press <<15>> and receive 15 points.
You press <<16>> and receive 23 points.
You press <<13>> and receive 39 points.

Environment number 7:
The value of option 3 is 44. You have 5 choices to make in this environment.
You press <<4>> and receive 45 points.
You press <<5>> and receive 38 points.
You press <<2>> and receive 61 points.
You press <<1>> and receive 62 points.
You press <<1>> and receive 60 points.

Environment number 8:
The value of option 1 is 1. You have 10 choices to make in this environment.
You press <<2>> and receive 12 points.
You press <<3>> and receive 51 points.
You press <<4>> and receive 29 points.
You press <<3>> and receive 49 points.
You press <<3>> and receive 50 points.
You press <<3>> and receive 49 points.
You press <<3>> and receive 49 points.
You press <<3>> and receive 51 points.
You press <<3>> and receive 49 points.
You press <<3>> and receive 49 points.

Environment number 9:
The value of option 1 is 34. You have 10 choices to make in this environment.
You press <<2>> and receive 46 points.
You press <<3>> and receive 53 points.
You press <<4>> and receive 45 points.
You press <<3>> and receive 52 points.
You press <<3>> and receive 51 points.
You press <<3>> and receive 53 points.
You press <<3>> and receive 55 points.
You press <<3>> and receive 51 points.
You press <<3>> and receive 51 points.
You press <<3>> and receive 55 points.

Environment number 10:
The value of option 21 is 36. You have 10 choices to make in this environment.
You press <<20>> and receive 45 points.
You press <<19>> and receive 24 points.
You press <<20>> and receive 44 points.
You press <<20>> and receive 45 points.
You press <<20>> and receive 45 points.
You press <<20>> and receive 45 points.
You press <<20>> and receive 45 points.
You press <<20>> and receive 45 points.
You press <<20>> and receive 44 points.
You press <<20>> and receive 43 points.

Environment number 11:
The value of option 17 is 82. You have 5 choices to make in this environment.
You press <<16>> and receive 53 points.
You press <<18>> and receive 62 points.
You press <<17>> and receive 80 points.
You press <<17>> and receive 79 points.
You press <<17>> and receive 79 points.

Environment number 12:
The value of option 30 is 71. You have 5 choices to make in this environment.
You press <<29>> and receive 72 points.
You press <<28>> and receive 55 points.
You press <<29>> and receive 70 points.
You press <<29>> and receive 72 points.
You press <<29>> and receive 73 points.

Environment number 13:
The value of option 12 is 25. You have 5 choices to make in this environment.
You press <<13>> and receive 25 points.
You press <<11>> and receive 19 points.
You press <<10>> and receive 28 points.
You press <<9>> and receive 13 points.
You press <<10>> and receive 27 points.

Environment number 14:
The value of option 3 is 59. You have 10 choices to make in this environment.
You press <<4>> and receive 60 points.
You press <<5>> and receive 58 points.
You press <<4>> and receive 60 points.
You press <<",37
14,36,5,4,0,rough,3,10,59,59,"You will be presented with a series of 16 different environments to explore.
In each trial, you can select an option between numbers 1 and 30 by pressing the corresponding key.
By selecting any of these options, you will earn points associated with each unique option.
Imagine these options 1 through 30 as lying next to each other in an ordered line; options closer to each other tend to have similar rewards as rewards tend to cluster together.
For each environment, you will be able to make either 5 or 10 choices.
When you made all your choices in a given environment, you will start making choices in the next unexplored environment.
The rewards underlying the different options are different in each environment so you will learn them anew for each environment.
Each environment starts with the value of a single option revealed.
When you choose the number corresponding to a different option, you will be told the value of that option and receive those points.
Previously revealed options, including the starting option, can also be reselected, although there may be small changes in the point value.
It is your task to gain as many points as possible across all 16 environments.

Environment number 1:
The value of option 26 is 47. You have 10 choices to make in this environment.
You press <<24>> and receive 27 points.
You press <<27>> and receive 46 points.
You press <<28>> and receive 43 points.
You press <<25>> and receive 33 points.
You press <<26>> and receive 48 points.
You press <<26>> and receive 48 points.
You press <<26>> and receive 47 points.
You press <<26>> and receive 48 points.
You press <<26>> and receive 47 points.
You press <<26>> and receive 48 points.

Environment number 2:
The value of option 17 is 42. You have 10 choices to make in this environment.
You press <<18>> and receive 51 points.
You press <<19>> and receive 48 points.
You press <<16>> and receive 51 points.
You press <<15>> and receive 68 points.
You press <<14>> and receive 43 points.
You press <<13>> and receive 21 points.
You press <<15>> and receive 68 points.
You press <<15>> and receive 68 points.
You press <<15>> and receive 67 points.
You press <<15>> and receive 67 points.

Environment number 3:
The value of option 20 is 65. You have 5 choices to make in this environment.
You press <<19>> and receive 47 points.
You press <<21>> and receive 41 points.
You press <<20>> and receive 66 points.
You press <<20>> and receive 67 points.
You press <<20>> and receive 64 points.

Environment number 4:
The value of option 7 is 73. You have 10 choices to make in this environment.
You press <<8>> and receive 80 points.
You press <<9>> and receive 55 points.
You press <<8>> and receive 78 points.
You press <<8>> and receive 79 points.
You press <<8>> and receive 76 points.
You press <<8>> and receive 78 points.
You press <<8>> and receive 80 points.
You press <<8>> and receive 78 points.
You press <<8>> and receive 80 points.
You press <<8>> and receive 79 points.

Environment number 5:
The value of option 17 is 72. You have 5 choices to make in this environment.
You press <<18>> and receive 53 points.
You press <<17>> and receive 72 points.
You press <<17>> and receive 71 points.
You press <<17>> and receive 69 points.
You press <<17>> and receive 73 points.

Environment number 6:
The value of option 14 is 25. You have 5 choices to make in this environment.
You press <<13>> and receive 41 points.
You press <<12>> and receive 36 points.
You press <<15>> and receive 15 points.
You press <<16>> and receive 23 points.
You press <<13>> and receive 39 points.

Environment number 7:
The value of option 3 is 44. You have 5 choices to make in this environment.
You press <<4>> and receive 45 points.
You press <<5>> and receive 38 points.
You press <<2>> and receive 61 points.
You press <<1>> and receive 62 points.
You press <<1>> and receive 60 points.

Environment number 8:
The value of option 1 is 1. You have 10 choices to make in this environment.
You press <<2>> and receive 12 points.
You press <<3>> and receive 51 points.
You press <<4>> and receive 29 points.
You press <<3>> and receive 49 points.
You press <<3>> and receive 50 points.
You press <<3>> and receive 49 points.
You press <<3>> and receive 49 points.
You press <<3>> and receive 51 points.
You press <<3>> and receive 49 points.
You press <<3>> and receive 49 points.

Environment number 9:
The value of option 1 is 34. You have 10 choices to make in this environment.
You press <<2>> and receive 46 points.
You press <<3>> and receive 53 points.
You press <<4>> and receive 45 points.
You press <<3>> and receive 52 points.
You press <<3>> and receive 51 points.
You press <<3>> and receive 53 points.
You press <<3>> and receive 55 points.
You press <<3>> and receive 51 points.
You press <<3>> and receive 51 points.
You press <<3>> and receive 55 points.

Environment number 10:
The value of option 21 is 36. You have 10 choices to make in this environment.
You press <<20>> and receive 45 points.
You press <<19>> and receive 24 points.
You press <<20>> and receive 44 points.
You press <<20>> and receive 45 points.
You press <<20>> and receive 45 points.
You press <<20>> and receive 45 points.
You press <<20>> and receive 45 points.
You press <<20>> and receive 45 points.
You press <<20>> and receive 44 points.
You press <<20>> and receive 43 points.

Environment number 11:
The value of option 17 is 82. You have 5 choices to make in this environment.
You press <<16>> and receive 53 points.
You press <<18>> and receive 62 points.
You press <<17>> and receive 80 points.
You press <<17>> and receive 79 points.
You press <<17>> and receive 79 points.

Environment number 12:
The value of option 30 is 71. You have 5 choices to make in this environment.
You press <<29>> and receive 72 points.
You press <<28>> and receive 55 points.
You press <<29>> and receive 70 points.
You press <<29>> and receive 72 points.
You press <<29>> and receive 73 points.

Environment number 13:
The value of option 12 is 25. You have 5 choices to make in this environment.
You press <<13>> and receive 25 points.
You press <<11>> and receive 19 points.
You press <<10>> and receive 28 points.
You press <<9>> and receive 13 points.
You press <<10>> and receive 27 points.

Environment number 14:
The value of option 3 is 59. You have 10 choices to make in this environment.
You press <<4>> and receive 60 points.
You press <<5>> and receive 58 points.
You press <<4>> and receive 60 points.
You press <<4>> and receive 61 points.
You press <<",37
14,36,6,4,0,rough,3,10,59,59,"You will be presented with a series of 16 different environments to explore.
In each trial, you can select an option between numbers 1 and 30 by pressing the corresponding key.
By selecting any of these options, you will earn points associated with each unique option.
Imagine these options 1 through 30 as lying next to each other in an ordered line; options closer to each other tend to have similar rewards as rewards tend to cluster together.
For each environment, you will be able to make either 5 or 10 choices.
When you made all your choices in a given environment, you will start making choices in the next unexplored environment.
The rewards underlying the different options are different in each environment so you will learn them anew for each environment.
Each environment starts with the value of a single option revealed.
When you choose the number corresponding to a different option, you will be told the value of that option and receive those points.
Previously revealed options, including the starting option, can also be reselected, although there may be small changes in the point value.
It is your task to gain as many points as possible across all 16 environments.

Environment number 1:
The value of option 26 is 47. You have 10 choices to make in this environment.
You press <<24>> and receive 27 points.
You press <<27>> and receive 46 points.
You press <<28>> and receive 43 points.
You press <<25>> and receive 33 points.
You press <<26>> and receive 48 points.
You press <<26>> and receive 48 points.
You press <<26>> and receive 47 points.
You press <<26>> and receive 48 points.
You press <<26>> and receive 47 points.
You press <<26>> and receive 48 points.

Environment number 2:
The value of option 17 is 42. You have 10 choices to make in this environment.
You press <<18>> and receive 51 points.
You press <<19>> and receive 48 points.
You press <<16>> and receive 51 points.
You press <<15>> and receive 68 points.
You press <<14>> and receive 43 points.
You press <<13>> and receive 21 points.
You press <<15>> and receive 68 points.
You press <<15>> and receive 68 points.
You press <<15>> and receive 67 points.
You press <<15>> and receive 67 points.

Environment number 3:
The value of option 20 is 65. You have 5 choices to make in this environment.
You press <<19>> and receive 47 points.
You press <<21>> and receive 41 points.
You press <<20>> and receive 66 points.
You press <<20>> and receive 67 points.
You press <<20>> and receive 64 points.

Environment number 4:
The value of option 7 is 73. You have 10 choices to make in this environment.
You press <<8>> and receive 80 points.
You press <<9>> and receive 55 points.
You press <<8>> and receive 78 points.
You press <<8>> and receive 79 points.
You press <<8>> and receive 76 points.
You press <<8>> and receive 78 points.
You press <<8>> and receive 80 points.
You press <<8>> and receive 78 points.
You press <<8>> and receive 80 points.
You press <<8>> and receive 79 points.

Environment number 5:
The value of option 17 is 72. You have 5 choices to make in this environment.
You press <<18>> and receive 53 points.
You press <<17>> and receive 72 points.
You press <<17>> and receive 71 points.
You press <<17>> and receive 69 points.
You press <<17>> and receive 73 points.

Environment number 6:
The value of option 14 is 25. You have 5 choices to make in this environment.
You press <<13>> and receive 41 points.
You press <<12>> and receive 36 points.
You press <<15>> and receive 15 points.
You press <<16>> and receive 23 points.
You press <<13>> and receive 39 points.

Environment number 7:
The value of option 3 is 44. You have 5 choices to make in this environment.
You press <<4>> and receive 45 points.
You press <<5>> and receive 38 points.
You press <<2>> and receive 61 points.
You press <<1>> and receive 62 points.
You press <<1>> and receive 60 points.

Environment number 8:
The value of option 1 is 1. You have 10 choices to make in this environment.
You press <<2>> and receive 12 points.
You press <<3>> and receive 51 points.
You press <<4>> and receive 29 points.
You press <<3>> and receive 49 points.
You press <<3>> and receive 50 points.
You press <<3>> and receive 49 points.
You press <<3>> and receive 49 points.
You press <<3>> and receive 51 points.
You press <<3>> and receive 49 points.
You press <<3>> and receive 49 points.

Environment number 9:
The value of option 1 is 34. You have 10 choices to make in this environment.
You press <<2>> and receive 46 points.
You press <<3>> and receive 53 points.
You press <<4>> and receive 45 points.
You press <<3>> and receive 52 points.
You press <<3>> and receive 51 points.
You press <<3>> and receive 53 points.
You press <<3>> and receive 55 points.
You press <<3>> and receive 51 points.
You press <<3>> and receive 51 points.
You press <<3>> and receive 55 points.

Environment number 10:
The value of option 21 is 36. You have 10 choices to make in this environment.
You press <<20>> and receive 45 points.
You press <<19>> and receive 24 points.
You press <<20>> and receive 44 points.
You press <<20>> and receive 45 points.
You press <<20>> and receive 45 points.
You press <<20>> and receive 45 points.
You press <<20>> and receive 45 points.
You press <<20>> and receive 45 points.
You press <<20>> and receive 44 points.
You press <<20>> and receive 43 points.

Environment number 11:
The value of option 17 is 82. You have 5 choices to make in this environment.
You press <<16>> and receive 53 points.
You press <<18>> and receive 62 points.
You press <<17>> and receive 80 points.
You press <<17>> and receive 79 points.
You press <<17>> and receive 79 points.

Environment number 12:
The value of option 30 is 71. You have 5 choices to make in this environment.
You press <<29>> and receive 72 points.
You press <<28>> and receive 55 points.
You press <<29>> and receive 70 points.
You press <<29>> and receive 72 points.
You press <<29>> and receive 73 points.

Environment number 13:
The value of option 12 is 25. You have 5 choices to make in this environment.
You press <<13>> and receive 25 points.
You press <<11>> and receive 19 points.
You press <<10>> and receive 28 points.
You press <<9>> and receive 13 points.
You press <<10>> and receive 27 points.

Environment number 14:
The value of option 3 is 59. You have 10 choices to make in this environment.
You press <<4>> and receive 60 points.
You press <<5>> and receive 58 points.
You press <<4>> and receive 60 points.
You press <<4>> and receive 61 points.
You press <<4>> and receive 59 points.
You press <<",37
14,36,7,4,0,rough,3,10,59,58,"You will be presented with a series of 16 different environments to explore.
In each trial, you can select an option between numbers 1 and 30 by pressing the corresponding key.
By selecting any of these options, you will earn points associated with each unique option.
Imagine these options 1 through 30 as lying next to each other in an ordered line; options closer to each other tend to have similar rewards as rewards tend to cluster together.
For each environment, you will be able to make either 5 or 10 choices.
When you made all your choices in a given environment, you will start making choices in the next unexplored environment.
The rewards underlying the different options are different in each environment so you will learn them anew for each environment.
Each environment starts with the value of a single option revealed.
When you choose the number corresponding to a different option, you will be told the value of that option and receive those points.
Previously revealed options, including the starting option, can also be reselected, although there may be small changes in the point value.
It is your task to gain as many points as possible across all 16 environments.

Environment number 1:
The value of option 26 is 47. You have 10 choices to make in this environment.
You press <<24>> and receive 27 points.
You press <<27>> and receive 46 points.
You press <<28>> and receive 43 points.
You press <<25>> and receive 33 points.
You press <<26>> and receive 48 points.
You press <<26>> and receive 48 points.
You press <<26>> and receive 47 points.
You press <<26>> and receive 48 points.
You press <<26>> and receive 47 points.
You press <<26>> and receive 48 points.

Environment number 2:
The value of option 17 is 42. You have 10 choices to make in this environment.
You press <<18>> and receive 51 points.
You press <<19>> and receive 48 points.
You press <<16>> and receive 51 points.
You press <<15>> and receive 68 points.
You press <<14>> and receive 43 points.
You press <<13>> and receive 21 points.
You press <<15>> and receive 68 points.
You press <<15>> and receive 68 points.
You press <<15>> and receive 67 points.
You press <<15>> and receive 67 points.

Environment number 3:
The value of option 20 is 65. You have 5 choices to make in this environment.
You press <<19>> and receive 47 points.
You press <<21>> and receive 41 points.
You press <<20>> and receive 66 points.
You press <<20>> and receive 67 points.
You press <<20>> and receive 64 points.

Environment number 4:
The value of option 7 is 73. You have 10 choices to make in this environment.
You press <<8>> and receive 80 points.
You press <<9>> and receive 55 points.
You press <<8>> and receive 78 points.
You press <<8>> and receive 79 points.
You press <<8>> and receive 76 points.
You press <<8>> and receive 78 points.
You press <<8>> and receive 80 points.
You press <<8>> and receive 78 points.
You press <<8>> and receive 80 points.
You press <<8>> and receive 79 points.

Environment number 5:
The value of option 17 is 72. You have 5 choices to make in this environment.
You press <<18>> and receive 53 points.
You press <<17>> and receive 72 points.
You press <<17>> and receive 71 points.
You press <<17>> and receive 69 points.
You press <<17>> and receive 73 points.

Environment number 6:
The value of option 14 is 25. You have 5 choices to make in this environment.
You press <<13>> and receive 41 points.
You press <<12>> and receive 36 points.
You press <<15>> and receive 15 points.
You press <<16>> and receive 23 points.
You press <<13>> and receive 39 points.

Environment number 7:
The value of option 3 is 44. You have 5 choices to make in this environment.
You press <<4>> and receive 45 points.
You press <<5>> and receive 38 points.
You press <<2>> and receive 61 points.
You press <<1>> and receive 62 points.
You press <<1>> and receive 60 points.

Environment number 8:
The value of option 1 is 1. You have 10 choices to make in this environment.
You press <<2>> and receive 12 points.
You press <<3>> and receive 51 points.
You press <<4>> and receive 29 points.
You press <<3>> and receive 49 points.
You press <<3>> and receive 50 points.
You press <<3>> and receive 49 points.
You press <<3>> and receive 49 points.
You press <<3>> and receive 51 points.
You press <<3>> and receive 49 points.
You press <<3>> and receive 49 points.

Environment number 9:
The value of option 1 is 34. You have 10 choices to make in this environment.
You press <<2>> and receive 46 points.
You press <<3>> and receive 53 points.
You press <<4>> and receive 45 points.
You press <<3>> and receive 52 points.
You press <<3>> and receive 51 points.
You press <<3>> and receive 53 points.
You press <<3>> and receive 55 points.
You press <<3>> and receive 51 points.
You press <<3>> and receive 51 points.
You press <<3>> and receive 55 points.

Environment number 10:
The value of option 21 is 36. You have 10 choices to make in this environment.
You press <<20>> and receive 45 points.
You press <<19>> and receive 24 points.
You press <<20>> and receive 44 points.
You press <<20>> and receive 45 points.
You press <<20>> and receive 45 points.
You press <<20>> and receive 45 points.
You press <<20>> and receive 45 points.
You press <<20>> and receive 45 points.
You press <<20>> and receive 44 points.
You press <<20>> and receive 43 points.

Environment number 11:
The value of option 17 is 82. You have 5 choices to make in this environment.
You press <<16>> and receive 53 points.
You press <<18>> and receive 62 points.
You press <<17>> and receive 80 points.
You press <<17>> and receive 79 points.
You press <<17>> and receive 79 points.

Environment number 12:
The value of option 30 is 71. You have 5 choices to make in this environment.
You press <<29>> and receive 72 points.
You press <<28>> and receive 55 points.
You press <<29>> and receive 70 points.
You press <<29>> and receive 72 points.
You press <<29>> and receive 73 points.

Environment number 13:
The value of option 12 is 25. You have 5 choices to make in this environment.
You press <<13>> and receive 25 points.
You press <<11>> and receive 19 points.
You press <<10>> and receive 28 points.
You press <<9>> and receive 13 points.
You press <<10>> and receive 27 points.

Environment number 14:
The value of option 3 is 59. You have 10 choices to make in this environment.
You press <<4>> and receive 60 points.
You press <<5>> and receive 58 points.
You press <<4>> and receive 60 points.
You press <<4>> and receive 61 points.
You press <<4>> and receive 59 points.
You press <<4>> and receive 59 points.
You press <<",37
14,36,8,4,0,rough,3,10,59,59,"You will be presented with a series of 16 different environments to explore.
In each trial, you can select an option between numbers 1 and 30 by pressing the corresponding key.
By selecting any of these options, you will earn points associated with each unique option.
Imagine these options 1 through 30 as lying next to each other in an ordered line; options closer to each other tend to have similar rewards as rewards tend to cluster together.
For each environment, you will be able to make either 5 or 10 choices.
When you made all your choices in a given environment, you will start making choices in the next unexplored environment.
The rewards underlying the different options are different in each environment so you will learn them anew for each environment.
Each environment starts with the value of a single option revealed.
When you choose the number corresponding to a different option, you will be told the value of that option and receive those points.
Previously revealed options, including the starting option, can also be reselected, although there may be small changes in the point value.
It is your task to gain as many points as possible across all 16 environments.

Environment number 1:
The value of option 26 is 47. You have 10 choices to make in this environment.
You press <<24>> and receive 27 points.
You press <<27>> and receive 46 points.
You press <<28>> and receive 43 points.
You press <<25>> and receive 33 points.
You press <<26>> and receive 48 points.
You press <<26>> and receive 48 points.
You press <<26>> and receive 47 points.
You press <<26>> and receive 48 points.
You press <<26>> and receive 47 points.
You press <<26>> and receive 48 points.

Environment number 2:
The value of option 17 is 42. You have 10 choices to make in this environment.
You press <<18>> and receive 51 points.
You press <<19>> and receive 48 points.
You press <<16>> and receive 51 points.
You press <<15>> and receive 68 points.
You press <<14>> and receive 43 points.
You press <<13>> and receive 21 points.
You press <<15>> and receive 68 points.
You press <<15>> and receive 68 points.
You press <<15>> and receive 67 points.
You press <<15>> and receive 67 points.

Environment number 3:
The value of option 20 is 65. You have 5 choices to make in this environment.
You press <<19>> and receive 47 points.
You press <<21>> and receive 41 points.
You press <<20>> and receive 66 points.
You press <<20>> and receive 67 points.
You press <<20>> and receive 64 points.

Environment number 4:
The value of option 7 is 73. You have 10 choices to make in this environment.
You press <<8>> and receive 80 points.
You press <<9>> and receive 55 points.
You press <<8>> and receive 78 points.
You press <<8>> and receive 79 points.
You press <<8>> and receive 76 points.
You press <<8>> and receive 78 points.
You press <<8>> and receive 80 points.
You press <<8>> and receive 78 points.
You press <<8>> and receive 80 points.
You press <<8>> and receive 79 points.

Environment number 5:
The value of option 17 is 72. You have 5 choices to make in this environment.
You press <<18>> and receive 53 points.
You press <<17>> and receive 72 points.
You press <<17>> and receive 71 points.
You press <<17>> and receive 69 points.
You press <<17>> and receive 73 points.

Environment number 6:
The value of option 14 is 25. You have 5 choices to make in this environment.
You press <<13>> and receive 41 points.
You press <<12>> and receive 36 points.
You press <<15>> and receive 15 points.
You press <<16>> and receive 23 points.
You press <<13>> and receive 39 points.

Environment number 7:
The value of option 3 is 44. You have 5 choices to make in this environment.
You press <<4>> and receive 45 points.
You press <<5>> and receive 38 points.
You press <<2>> and receive 61 points.
You press <<1>> and receive 62 points.
You press <<1>> and receive 60 points.

Environment number 8:
The value of option 1 is 1. You have 10 choices to make in this environment.
You press <<2>> and receive 12 points.
You press <<3>> and receive 51 points.
You press <<4>> and receive 29 points.
You press <<3>> and receive 49 points.
You press <<3>> and receive 50 points.
You press <<3>> and receive 49 points.
You press <<3>> and receive 49 points.
You press <<3>> and receive 51 points.
You press <<3>> and receive 49 points.
You press <<3>> and receive 49 points.

Environment number 9:
The value of option 1 is 34. You have 10 choices to make in this environment.
You press <<2>> and receive 46 points.
You press <<3>> and receive 53 points.
You press <<4>> and receive 45 points.
You press <<3>> and receive 52 points.
You press <<3>> and receive 51 points.
You press <<3>> and receive 53 points.
You press <<3>> and receive 55 points.
You press <<3>> and receive 51 points.
You press <<3>> and receive 51 points.
You press <<3>> and receive 55 points.

Environment number 10:
The value of option 21 is 36. You have 10 choices to make in this environment.
You press <<20>> and receive 45 points.
You press <<19>> and receive 24 points.
You press <<20>> and receive 44 points.
You press <<20>> and receive 45 points.
You press <<20>> and receive 45 points.
You press <<20>> and receive 45 points.
You press <<20>> and receive 45 points.
You press <<20>> and receive 45 points.
You press <<20>> and receive 44 points.
You press <<20>> and receive 43 points.

Environment number 11:
The value of option 17 is 82. You have 5 choices to make in this environment.
You press <<16>> and receive 53 points.
You press <<18>> and receive 62 points.
You press <<17>> and receive 80 points.
You press <<17>> and receive 79 points.
You press <<17>> and receive 79 points.

Environment number 12:
The value of option 30 is 71. You have 5 choices to make in this environment.
You press <<29>> and receive 72 points.
You press <<28>> and receive 55 points.
You press <<29>> and receive 70 points.
You press <<29>> and receive 72 points.
You press <<29>> and receive 73 points.

Environment number 13:
The value of option 12 is 25. You have 5 choices to make in this environment.
You press <<13>> and receive 25 points.
You press <<11>> and receive 19 points.
You press <<10>> and receive 28 points.
You press <<9>> and receive 13 points.
You press <<10>> and receive 27 points.

Environment number 14:
The value of option 3 is 59. You have 10 choices to make in this environment.
You press <<4>> and receive 60 points.
You press <<5>> and receive 58 points.
You press <<4>> and receive 60 points.
You press <<4>> and receive 61 points.
You press <<4>> and receive 59 points.
You press <<4>> and receive 59 points.
You press <<4>> and receive 58 points.
You press <<",37
14,36,9,4,0,rough,3,10,59,60,"You will be presented with a series of 16 different environments to explore.
In each trial, you can select an option between numbers 1 and 30 by pressing the corresponding key.
By selecting any of these options, you will earn points associated with each unique option.
Imagine these options 1 through 30 as lying next to each other in an ordered line; options closer to each other tend to have similar rewards as rewards tend to cluster together.
For each environment, you will be able to make either 5 or 10 choices.
When you made all your choices in a given environment, you will start making choices in the next unexplored environment.
The rewards underlying the different options are different in each environment so you will learn them anew for each environment.
Each environment starts with the value of a single option revealed.
When you choose the number corresponding to a different option, you will be told the value of that option and receive those points.
Previously revealed options, including the starting option, can also be reselected, although there may be small changes in the point value.
It is your task to gain as many points as possible across all 16 environments.

Environment number 1:
The value of option 26 is 47. You have 10 choices to make in this environment.
You press <<24>> and receive 27 points.
You press <<27>> and receive 46 points.
You press <<28>> and receive 43 points.
You press <<25>> and receive 33 points.
You press <<26>> and receive 48 points.
You press <<26>> and receive 48 points.
You press <<26>> and receive 47 points.
You press <<26>> and receive 48 points.
You press <<26>> and receive 47 points.
You press <<26>> and receive 48 points.

Environment number 2:
The value of option 17 is 42. You have 10 choices to make in this environment.
You press <<18>> and receive 51 points.
You press <<19>> and receive 48 points.
You press <<16>> and receive 51 points.
You press <<15>> and receive 68 points.
You press <<14>> and receive 43 points.
You press <<13>> and receive 21 points.
You press <<15>> and receive 68 points.
You press <<15>> and receive 68 points.
You press <<15>> and receive 67 points.
You press <<15>> and receive 67 points.

Environment number 3:
The value of option 20 is 65. You have 5 choices to make in this environment.
You press <<19>> and receive 47 points.
You press <<21>> and receive 41 points.
You press <<20>> and receive 66 points.
You press <<20>> and receive 67 points.
You press <<20>> and receive 64 points.

Environment number 4:
The value of option 7 is 73. You have 10 choices to make in this environment.
You press <<8>> and receive 80 points.
You press <<9>> and receive 55 points.
You press <<8>> and receive 78 points.
You press <<8>> and receive 79 points.
You press <<8>> and receive 76 points.
You press <<8>> and receive 78 points.
You press <<8>> and receive 80 points.
You press <<8>> and receive 78 points.
You press <<8>> and receive 80 points.
You press <<8>> and receive 79 points.

Environment number 5:
The value of option 17 is 72. You have 5 choices to make in this environment.
You press <<18>> and receive 53 points.
You press <<17>> and receive 72 points.
You press <<17>> and receive 71 points.
You press <<17>> and receive 69 points.
You press <<17>> and receive 73 points.

Environment number 6:
The value of option 14 is 25. You have 5 choices to make in this environment.
You press <<13>> and receive 41 points.
You press <<12>> and receive 36 points.
You press <<15>> and receive 15 points.
You press <<16>> and receive 23 points.
You press <<13>> and receive 39 points.

Environment number 7:
The value of option 3 is 44. You have 5 choices to make in this environment.
You press <<4>> and receive 45 points.
You press <<5>> and receive 38 points.
You press <<2>> and receive 61 points.
You press <<1>> and receive 62 points.
You press <<1>> and receive 60 points.

Environment number 8:
The value of option 1 is 1. You have 10 choices to make in this environment.
You press <<2>> and receive 12 points.
You press <<3>> and receive 51 points.
You press <<4>> and receive 29 points.
You press <<3>> and receive 49 points.
You press <<3>> and receive 50 points.
You press <<3>> and receive 49 points.
You press <<3>> and receive 49 points.
You press <<3>> and receive 51 points.
You press <<3>> and receive 49 points.
You press <<3>> and receive 49 points.

Environment number 9:
The value of option 1 is 34. You have 10 choices to make in this environment.
You press <<2>> and receive 46 points.
You press <<3>> and receive 53 points.
You press <<4>> and receive 45 points.
You press <<3>> and receive 52 points.
You press <<3>> and receive 51 points.
You press <<3>> and receive 53 points.
You press <<3>> and receive 55 points.
You press <<3>> and receive 51 points.
You press <<3>> and receive 51 points.
You press <<3>> and receive 55 points.

Environment number 10:
The value of option 21 is 36. You have 10 choices to make in this environment.
You press <<20>> and receive 45 points.
You press <<19>> and receive 24 points.
You press <<20>> and receive 44 points.
You press <<20>> and receive 45 points.
You press <<20>> and receive 45 points.
You press <<20>> and receive 45 points.
You press <<20>> and receive 45 points.
You press <<20>> and receive 45 points.
You press <<20>> and receive 44 points.
You press <<20>> and receive 43 points.

Environment number 11:
The value of option 17 is 82. You have 5 choices to make in this environment.
You press <<16>> and receive 53 points.
You press <<18>> and receive 62 points.
You press <<17>> and receive 80 points.
You press <<17>> and receive 79 points.
You press <<17>> and receive 79 points.

Environment number 12:
The value of option 30 is 71. You have 5 choices to make in this environment.
You press <<29>> and receive 72 points.
You press <<28>> and receive 55 points.
You press <<29>> and receive 70 points.
You press <<29>> and receive 72 points.
You press <<29>> and receive 73 points.

Environment number 13:
The value of option 12 is 25. You have 5 choices to make in this environment.
You press <<13>> and receive 25 points.
You press <<11>> and receive 19 points.
You press <<10>> and receive 28 points.
You press <<9>> and receive 13 points.
You press <<10>> and receive 27 points.

Environment number 14:
The value of option 3 is 59. You have 10 choices to make in this environment.
You press <<4>> and receive 60 points.
You press <<5>> and receive 58 points.
You press <<4>> and receive 60 points.
You press <<4>> and receive 61 points.
You press <<4>> and receive 59 points.
You press <<4>> and receive 59 points.
You press <<4>> and receive 58 points.
You press <<4>> and receive 59 points.
You press <<",37
14,36,10,4,0,rough,3,10,59,61,"You will be presented with a series of 16 different environments to explore.
In each trial, you can select an option between numbers 1 and 30 by pressing the corresponding key.
By selecting any of these options, you will earn points associated with each unique option.
Imagine these options 1 through 30 as lying next to each other in an ordered line; options closer to each other tend to have similar rewards as rewards tend to cluster together.
For each environment, you will be able to make either 5 or 10 choices.
When you made all your choices in a given environment, you will start making choices in the next unexplored environment.
The rewards underlying the different options are different in each environment so you will learn them anew for each environment.
Each environment starts with the value of a single option revealed.
When you choose the number corresponding to a different option, you will be told the value of that option and receive those points.
Previously revealed options, including the starting option, can also be reselected, although there may be small changes in the point value.
It is your task to gain as many points as possible across all 16 environments.

Environment number 1:
The value of option 26 is 47. You have 10 choices to make in this environment.
You press <<24>> and receive 27 points.
You press <<27>> and receive 46 points.
You press <<28>> and receive 43 points.
You press <<25>> and receive 33 points.
You press <<26>> and receive 48 points.
You press <<26>> and receive 48 points.
You press <<26>> and receive 47 points.
You press <<26>> and receive 48 points.
You press <<26>> and receive 47 points.
You press <<26>> and receive 48 points.

Environment number 2:
The value of option 17 is 42. You have 10 choices to make in this environment.
You press <<18>> and receive 51 points.
You press <<19>> and receive 48 points.
You press <<16>> and receive 51 points.
You press <<15>> and receive 68 points.
You press <<14>> and receive 43 points.
You press <<13>> and receive 21 points.
You press <<15>> and receive 68 points.
You press <<15>> and receive 68 points.
You press <<15>> and receive 67 points.
You press <<15>> and receive 67 points.

Environment number 3:
The value of option 20 is 65. You have 5 choices to make in this environment.
You press <<19>> and receive 47 points.
You press <<21>> and receive 41 points.
You press <<20>> and receive 66 points.
You press <<20>> and receive 67 points.
You press <<20>> and receive 64 points.

Environment number 4:
The value of option 7 is 73. You have 10 choices to make in this environment.
You press <<8>> and receive 80 points.
You press <<9>> and receive 55 points.
You press <<8>> and receive 78 points.
You press <<8>> and receive 79 points.
You press <<8>> and receive 76 points.
You press <<8>> and receive 78 points.
You press <<8>> and receive 80 points.
You press <<8>> and receive 78 points.
You press <<8>> and receive 80 points.
You press <<8>> and receive 79 points.

Environment number 5:
The value of option 17 is 72. You have 5 choices to make in this environment.
You press <<18>> and receive 53 points.
You press <<17>> and receive 72 points.
You press <<17>> and receive 71 points.
You press <<17>> and receive 69 points.
You press <<17>> and receive 73 points.

Environment number 6:
The value of option 14 is 25. You have 5 choices to make in this environment.
You press <<13>> and receive 41 points.
You press <<12>> and receive 36 points.
You press <<15>> and receive 15 points.
You press <<16>> and receive 23 points.
You press <<13>> and receive 39 points.

Environment number 7:
The value of option 3 is 44. You have 5 choices to make in this environment.
You press <<4>> and receive 45 points.
You press <<5>> and receive 38 points.
You press <<2>> and receive 61 points.
You press <<1>> and receive 62 points.
You press <<1>> and receive 60 points.

Environment number 8:
The value of option 1 is 1. You have 10 choices to make in this environment.
You press <<2>> and receive 12 points.
You press <<3>> and receive 51 points.
You press <<4>> and receive 29 points.
You press <<3>> and receive 49 points.
You press <<3>> and receive 50 points.
You press <<3>> and receive 49 points.
You press <<3>> and receive 49 points.
You press <<3>> and receive 51 points.
You press <<3>> and receive 49 points.
You press <<3>> and receive 49 points.

Environment number 9:
The value of option 1 is 34. You have 10 choices to make in this environment.
You press <<2>> and receive 46 points.
You press <<3>> and receive 53 points.
You press <<4>> and receive 45 points.
You press <<3>> and receive 52 points.
You press <<3>> and receive 51 points.
You press <<3>> and receive 53 points.
You press <<3>> and receive 55 points.
You press <<3>> and receive 51 points.
You press <<3>> and receive 51 points.
You press <<3>> and receive 55 points.

Environment number 10:
The value of option 21 is 36. You have 10 choices to make in this environment.
You press <<20>> and receive 45 points.
You press <<19>> and receive 24 points.
You press <<20>> and receive 44 points.
You press <<20>> and receive 45 points.
You press <<20>> and receive 45 points.
You press <<20>> and receive 45 points.
You press <<20>> and receive 45 points.
You press <<20>> and receive 45 points.
You press <<20>> and receive 44 points.
You press <<20>> and receive 43 points.

Environment number 11:
The value of option 17 is 82. You have 5 choices to make in this environment.
You press <<16>> and receive 53 points.
You press <<18>> and receive 62 points.
You press <<17>> and receive 80 points.
You press <<17>> and receive 79 points.
You press <<17>> and receive 79 points.

Environment number 12:
The value of option 30 is 71. You have 5 choices to make in this environment.
You press <<29>> and receive 72 points.
You press <<28>> and receive 55 points.
You press <<29>> and receive 70 points.
You press <<29>> and receive 72 points.
You press <<29>> and receive 73 points.

Environment number 13:
The value of option 12 is 25. You have 5 choices to make in this environment.
You press <<13>> and receive 25 points.
You press <<11>> and receive 19 points.
You press <<10>> and receive 28 points.
You press <<9>> and receive 13 points.
You press <<10>> and receive 27 points.

Environment number 14:
The value of option 3 is 59. You have 10 choices to make in this environment.
You press <<4>> and receive 60 points.
You press <<5>> and receive 58 points.
You press <<4>> and receive 60 points.
You press <<4>> and receive 61 points.
You press <<4>> and receive 59 points.
You press <<4>> and receive 59 points.
You press <<4>> and receive 58 points.
You press <<4>> and receive 59 points.
You press <<4>> and receive 60 points.
You press <<",37
15,14,1,22,0,rough,23,10,45,19,"You will be presented with a series of 16 different environments to explore.
In each trial, you can select an option between numbers 1 and 30 by pressing the corresponding key.
By selecting any of these options, you will earn points associated with each unique option.
Imagine these options 1 through 30 as lying next to each other in an ordered line; options closer to each other tend to have similar rewards as rewards tend to cluster together.
For each environment, you will be able to make either 5 or 10 choices.
When you made all your choices in a given environment, you will start making choices in the next unexplored environment.
The rewards underlying the different options are different in each environment so you will learn them anew for each environment.
Each environment starts with the value of a single option revealed.
When you choose the number corresponding to a different option, you will be told the value of that option and receive those points.
Previously revealed options, including the starting option, can also be reselected, although there may be small changes in the point value.
It is your task to gain as many points as possible across all 16 environments.

Environment number 1:
The value of option 26 is 47. You have 10 choices to make in this environment.
You press <<24>> and receive 27 points.
You press <<27>> and receive 46 points.
You press <<28>> and receive 43 points.
You press <<25>> and receive 33 points.
You press <<26>> and receive 48 points.
You press <<26>> and receive 48 points.
You press <<26>> and receive 47 points.
You press <<26>> and receive 48 points.
You press <<26>> and receive 47 points.
You press <<26>> and receive 48 points.

Environment number 2:
The value of option 17 is 42. You have 10 choices to make in this environment.
You press <<18>> and receive 51 points.
You press <<19>> and receive 48 points.
You press <<16>> and receive 51 points.
You press <<15>> and receive 68 points.
You press <<14>> and receive 43 points.
You press <<13>> and receive 21 points.
You press <<15>> and receive 68 points.
You press <<15>> and receive 68 points.
You press <<15>> and receive 67 points.
You press <<15>> and receive 67 points.

Environment number 3:
The value of option 20 is 65. You have 5 choices to make in this environment.
You press <<19>> and receive 47 points.
You press <<21>> and receive 41 points.
You press <<20>> and receive 66 points.
You press <<20>> and receive 67 points.
You press <<20>> and receive 64 points.

Environment number 4:
The value of option 7 is 73. You have 10 choices to make in this environment.
You press <<8>> and receive 80 points.
You press <<9>> and receive 55 points.
You press <<8>> and receive 78 points.
You press <<8>> and receive 79 points.
You press <<8>> and receive 76 points.
You press <<8>> and receive 78 points.
You press <<8>> and receive 80 points.
You press <<8>> and receive 78 points.
You press <<8>> and receive 80 points.
You press <<8>> and receive 79 points.

Environment number 5:
The value of option 17 is 72. You have 5 choices to make in this environment.
You press <<18>> and receive 53 points.
You press <<17>> and receive 72 points.
You press <<17>> and receive 71 points.
You press <<17>> and receive 69 points.
You press <<17>> and receive 73 points.

Environment number 6:
The value of option 14 is 25. You have 5 choices to make in this environment.
You press <<13>> and receive 41 points.
You press <<12>> and receive 36 points.
You press <<15>> and receive 15 points.
You press <<16>> and receive 23 points.
You press <<13>> and receive 39 points.

Environment number 7:
The value of option 3 is 44. You have 5 choices to make in this environment.
You press <<4>> and receive 45 points.
You press <<5>> and receive 38 points.
You press <<2>> and receive 61 points.
You press <<1>> and receive 62 points.
You press <<1>> and receive 60 points.

Environment number 8:
The value of option 1 is 1. You have 10 choices to make in this environment.
You press <<2>> and receive 12 points.
You press <<3>> and receive 51 points.
You press <<4>> and receive 29 points.
You press <<3>> and receive 49 points.
You press <<3>> and receive 50 points.
You press <<3>> and receive 49 points.
You press <<3>> and receive 49 points.
You press <<3>> and receive 51 points.
You press <<3>> and receive 49 points.
You press <<3>> and receive 49 points.

Environment number 9:
The value of option 1 is 34. You have 10 choices to make in this environment.
You press <<2>> and receive 46 points.
You press <<3>> and receive 53 points.
You press <<4>> and receive 45 points.
You press <<3>> and receive 52 points.
You press <<3>> and receive 51 points.
You press <<3>> and receive 53 points.
You press <<3>> and receive 55 points.
You press <<3>> and receive 51 points.
You press <<3>> and receive 51 points.
You press <<3>> and receive 55 points.

Environment number 10:
The value of option 21 is 36. You have 10 choices to make in this environment.
You press <<20>> and receive 45 points.
You press <<19>> and receive 24 points.
You press <<20>> and receive 44 points.
You press <<20>> and receive 45 points.
You press <<20>> and receive 45 points.
You press <<20>> and receive 45 points.
You press <<20>> and receive 45 points.
You press <<20>> and receive 45 points.
You press <<20>> and receive 44 points.
You press <<20>> and receive 43 points.

Environment number 11:
The value of option 17 is 82. You have 5 choices to make in this environment.
You press <<16>> and receive 53 points.
You press <<18>> and receive 62 points.
You press <<17>> and receive 80 points.
You press <<17>> and receive 79 points.
You press <<17>> and receive 79 points.

Environment number 12:
The value of option 30 is 71. You have 5 choices to make in this environment.
You press <<29>> and receive 72 points.
You press <<28>> and receive 55 points.
You press <<29>> and receive 70 points.
You press <<29>> and receive 72 points.
You press <<29>> and receive 73 points.

Environment number 13:
The value of option 12 is 25. You have 5 choices to make in this environment.
You press <<13>> and receive 25 points.
You press <<11>> and receive 19 points.
You press <<10>> and receive 28 points.
You press <<9>> and receive 13 points.
You press <<10>> and receive 27 points.

Environment number 14:
The value of option 3 is 59. You have 10 choices to make in this environment.
You press <<4>> and receive 60 points.
You press <<5>> and receive 58 points.
You press <<4>> and receive 60 points.
You press <<4>> and receive 61 points.
You press <<4>> and receive 59 points.
You press <<4>> and receive 59 points.
You press <<4>> and receive 58 points.
You press <<4>> and receive 59 points.
You press <<4>> and receive 60 points.
You press <<4>> and receive 61 points.

Environment number 15:
The value of option 23 is 45. You have 10 choices to make in this environment.
You press <<",37
15,14,2,24,0,rough,23,10,45,56,"You will be presented with a series of 16 different environments to explore.
In each trial, you can select an option between numbers 1 and 30 by pressing the corresponding key.
By selecting any of these options, you will earn points associated with each unique option.
Imagine these options 1 through 30 as lying next to each other in an ordered line; options closer to each other tend to have similar rewards as rewards tend to cluster together.
For each environment, you will be able to make either 5 or 10 choices.
When you made all your choices in a given environment, you will start making choices in the next unexplored environment.
The rewards underlying the different options are different in each environment so you will learn them anew for each environment.
Each environment starts with the value of a single option revealed.
When you choose the number corresponding to a different option, you will be told the value of that option and receive those points.
Previously revealed options, including the starting option, can also be reselected, although there may be small changes in the point value.
It is your task to gain as many points as possible across all 16 environments.

Environment number 1:
The value of option 26 is 47. You have 10 choices to make in this environment.
You press <<24>> and receive 27 points.
You press <<27>> and receive 46 points.
You press <<28>> and receive 43 points.
You press <<25>> and receive 33 points.
You press <<26>> and receive 48 points.
You press <<26>> and receive 48 points.
You press <<26>> and receive 47 points.
You press <<26>> and receive 48 points.
You press <<26>> and receive 47 points.
You press <<26>> and receive 48 points.

Environment number 2:
The value of option 17 is 42. You have 10 choices to make in this environment.
You press <<18>> and receive 51 points.
You press <<19>> and receive 48 points.
You press <<16>> and receive 51 points.
You press <<15>> and receive 68 points.
You press <<14>> and receive 43 points.
You press <<13>> and receive 21 points.
You press <<15>> and receive 68 points.
You press <<15>> and receive 68 points.
You press <<15>> and receive 67 points.
You press <<15>> and receive 67 points.

Environment number 3:
The value of option 20 is 65. You have 5 choices to make in this environment.
You press <<19>> and receive 47 points.
You press <<21>> and receive 41 points.
You press <<20>> and receive 66 points.
You press <<20>> and receive 67 points.
You press <<20>> and receive 64 points.

Environment number 4:
The value of option 7 is 73. You have 10 choices to make in this environment.
You press <<8>> and receive 80 points.
You press <<9>> and receive 55 points.
You press <<8>> and receive 78 points.
You press <<8>> and receive 79 points.
You press <<8>> and receive 76 points.
You press <<8>> and receive 78 points.
You press <<8>> and receive 80 points.
You press <<8>> and receive 78 points.
You press <<8>> and receive 80 points.
You press <<8>> and receive 79 points.

Environment number 5:
The value of option 17 is 72. You have 5 choices to make in this environment.
You press <<18>> and receive 53 points.
You press <<17>> and receive 72 points.
You press <<17>> and receive 71 points.
You press <<17>> and receive 69 points.
You press <<17>> and receive 73 points.

Environment number 6:
The value of option 14 is 25. You have 5 choices to make in this environment.
You press <<13>> and receive 41 points.
You press <<12>> and receive 36 points.
You press <<15>> and receive 15 points.
You press <<16>> and receive 23 points.
You press <<13>> and receive 39 points.

Environment number 7:
The value of option 3 is 44. You have 5 choices to make in this environment.
You press <<4>> and receive 45 points.
You press <<5>> and receive 38 points.
You press <<2>> and receive 61 points.
You press <<1>> and receive 62 points.
You press <<1>> and receive 60 points.

Environment number 8:
The value of option 1 is 1. You have 10 choices to make in this environment.
You press <<2>> and receive 12 points.
You press <<3>> and receive 51 points.
You press <<4>> and receive 29 points.
You press <<3>> and receive 49 points.
You press <<3>> and receive 50 points.
You press <<3>> and receive 49 points.
You press <<3>> and receive 49 points.
You press <<3>> and receive 51 points.
You press <<3>> and receive 49 points.
You press <<3>> and receive 49 points.

Environment number 9:
The value of option 1 is 34. You have 10 choices to make in this environment.
You press <<2>> and receive 46 points.
You press <<3>> and receive 53 points.
You press <<4>> and receive 45 points.
You press <<3>> and receive 52 points.
You press <<3>> and receive 51 points.
You press <<3>> and receive 53 points.
You press <<3>> and receive 55 points.
You press <<3>> and receive 51 points.
You press <<3>> and receive 51 points.
You press <<3>> and receive 55 points.

Environment number 10:
The value of option 21 is 36. You have 10 choices to make in this environment.
You press <<20>> and receive 45 points.
You press <<19>> and receive 24 points.
You press <<20>> and receive 44 points.
You press <<20>> and receive 45 points.
You press <<20>> and receive 45 points.
You press <<20>> and receive 45 points.
You press <<20>> and receive 45 points.
You press <<20>> and receive 45 points.
You press <<20>> and receive 44 points.
You press <<20>> and receive 43 points.

Environment number 11:
The value of option 17 is 82. You have 5 choices to make in this environment.
You press <<16>> and receive 53 points.
You press <<18>> and receive 62 points.
You press <<17>> and receive 80 points.
You press <<17>> and receive 79 points.
You press <<17>> and receive 79 points.

Environment number 12:
The value of option 30 is 71. You have 5 choices to make in this environment.
You press <<29>> and receive 72 points.
You press <<28>> and receive 55 points.
You press <<29>> and receive 70 points.
You press <<29>> and receive 72 points.
You press <<29>> and receive 73 points.

Environment number 13:
The value of option 12 is 25. You have 5 choices to make in this environment.
You press <<13>> and receive 25 points.
You press <<11>> and receive 19 points.
You press <<10>> and receive 28 points.
You press <<9>> and receive 13 points.
You press <<10>> and receive 27 points.

Environment number 14:
The value of option 3 is 59. You have 10 choices to make in this environment.
You press <<4>> and receive 60 points.
You press <<5>> and receive 58 points.
You press <<4>> and receive 60 points.
You press <<4>> and receive 61 points.
You press <<4>> and receive 59 points.
You press <<4>> and receive 59 points.
You press <<4>> and receive 58 points.
You press <<4>> and receive 59 points.
You press <<4>> and receive 60 points.
You press <<4>> and receive 61 points.

Environment number 15:
The value of option 23 is 45. You have 10 choices to make in this environment.
You press <<22>> and receive 19 points.
You press <<",37
15,14,3,25,0,rough,23,10,45,56,"You will be presented with a series of 16 different environments to explore.
In each trial, you can select an option between numbers 1 and 30 by pressing the corresponding key.
By selecting any of these options, you will earn points associated with each unique option.
Imagine these options 1 through 30 as lying next to each other in an ordered line; options closer to each other tend to have similar rewards as rewards tend to cluster together.
For each environment, you will be able to make either 5 or 10 choices.
When you made all your choices in a given environment, you will start making choices in the next unexplored environment.
The rewards underlying the different options are different in each environment so you will learn them anew for each environment.
Each environment starts with the value of a single option revealed.
When you choose the number corresponding to a different option, you will be told the value of that option and receive those points.
Previously revealed options, including the starting option, can also be reselected, although there may be small changes in the point value.
It is your task to gain as many points as possible across all 16 environments.

Environment number 1:
The value of option 26 is 47. You have 10 choices to make in this environment.
You press <<24>> and receive 27 points.
You press <<27>> and receive 46 points.
You press <<28>> and receive 43 points.
You press <<25>> and receive 33 points.
You press <<26>> and receive 48 points.
You press <<26>> and receive 48 points.
You press <<26>> and receive 47 points.
You press <<26>> and receive 48 points.
You press <<26>> and receive 47 points.
You press <<26>> and receive 48 points.

Environment number 2:
The value of option 17 is 42. You have 10 choices to make in this environment.
You press <<18>> and receive 51 points.
You press <<19>> and receive 48 points.
You press <<16>> and receive 51 points.
You press <<15>> and receive 68 points.
You press <<14>> and receive 43 points.
You press <<13>> and receive 21 points.
You press <<15>> and receive 68 points.
You press <<15>> and receive 68 points.
You press <<15>> and receive 67 points.
You press <<15>> and receive 67 points.

Environment number 3:
The value of option 20 is 65. You have 5 choices to make in this environment.
You press <<19>> and receive 47 points.
You press <<21>> and receive 41 points.
You press <<20>> and receive 66 points.
You press <<20>> and receive 67 points.
You press <<20>> and receive 64 points.

Environment number 4:
The value of option 7 is 73. You have 10 choices to make in this environment.
You press <<8>> and receive 80 points.
You press <<9>> and receive 55 points.
You press <<8>> and receive 78 points.
You press <<8>> and receive 79 points.
You press <<8>> and receive 76 points.
You press <<8>> and receive 78 points.
You press <<8>> and receive 80 points.
You press <<8>> and receive 78 points.
You press <<8>> and receive 80 points.
You press <<8>> and receive 79 points.

Environment number 5:
The value of option 17 is 72. You have 5 choices to make in this environment.
You press <<18>> and receive 53 points.
You press <<17>> and receive 72 points.
You press <<17>> and receive 71 points.
You press <<17>> and receive 69 points.
You press <<17>> and receive 73 points.

Environment number 6:
The value of option 14 is 25. You have 5 choices to make in this environment.
You press <<13>> and receive 41 points.
You press <<12>> and receive 36 points.
You press <<15>> and receive 15 points.
You press <<16>> and receive 23 points.
You press <<13>> and receive 39 points.

Environment number 7:
The value of option 3 is 44. You have 5 choices to make in this environment.
You press <<4>> and receive 45 points.
You press <<5>> and receive 38 points.
You press <<2>> and receive 61 points.
You press <<1>> and receive 62 points.
You press <<1>> and receive 60 points.

Environment number 8:
The value of option 1 is 1. You have 10 choices to make in this environment.
You press <<2>> and receive 12 points.
You press <<3>> and receive 51 points.
You press <<4>> and receive 29 points.
You press <<3>> and receive 49 points.
You press <<3>> and receive 50 points.
You press <<3>> and receive 49 points.
You press <<3>> and receive 49 points.
You press <<3>> and receive 51 points.
You press <<3>> and receive 49 points.
You press <<3>> and receive 49 points.

Environment number 9:
The value of option 1 is 34. You have 10 choices to make in this environment.
You press <<2>> and receive 46 points.
You press <<3>> and receive 53 points.
You press <<4>> and receive 45 points.
You press <<3>> and receive 52 points.
You press <<3>> and receive 51 points.
You press <<3>> and receive 53 points.
You press <<3>> and receive 55 points.
You press <<3>> and receive 51 points.
You press <<3>> and receive 51 points.
You press <<3>> and receive 55 points.

Environment number 10:
The value of option 21 is 36. You have 10 choices to make in this environment.
You press <<20>> and receive 45 points.
You press <<19>> and receive 24 points.
You press <<20>> and receive 44 points.
You press <<20>> and receive 45 points.
You press <<20>> and receive 45 points.
You press <<20>> and receive 45 points.
You press <<20>> and receive 45 points.
You press <<20>> and receive 45 points.
You press <<20>> and receive 44 points.
You press <<20>> and receive 43 points.

Environment number 11:
The value of option 17 is 82. You have 5 choices to make in this environment.
You press <<16>> and receive 53 points.
You press <<18>> and receive 62 points.
You press <<17>> and receive 80 points.
You press <<17>> and receive 79 points.
You press <<17>> and receive 79 points.

Environment number 12:
The value of option 30 is 71. You have 5 choices to make in this environment.
You press <<29>> and receive 72 points.
You press <<28>> and receive 55 points.
You press <<29>> and receive 70 points.
You press <<29>> and receive 72 points.
You press <<29>> and receive 73 points.

Environment number 13:
The value of option 12 is 25. You have 5 choices to make in this environment.
You press <<13>> and receive 25 points.
You press <<11>> and receive 19 points.
You press <<10>> and receive 28 points.
You press <<9>> and receive 13 points.
You press <<10>> and receive 27 points.

Environment number 14:
The value of option 3 is 59. You have 10 choices to make in this environment.
You press <<4>> and receive 60 points.
You press <<5>> and receive 58 points.
You press <<4>> and receive 60 points.
You press <<4>> and receive 61 points.
You press <<4>> and receive 59 points.
You press <<4>> and receive 59 points.
You press <<4>> and receive 58 points.
You press <<4>> and receive 59 points.
You press <<4>> and receive 60 points.
You press <<4>> and receive 61 points.

Environment number 15:
The value of option 23 is 45. You have 10 choices to make in this environment.
You press <<22>> and receive 19 points.
You press <<24>> and receive 56 points.
You press <<",37
15,14,4,26,0,rough,23,10,45,40,"You will be presented with a series of 16 different environments to explore.
In each trial, you can select an option between numbers 1 and 30 by pressing the corresponding key.
By selecting any of these options, you will earn points associated with each unique option.
Imagine these options 1 through 30 as lying next to each other in an ordered line; options closer to each other tend to have similar rewards as rewards tend to cluster together.
For each environment, you will be able to make either 5 or 10 choices.
When you made all your choices in a given environment, you will start making choices in the next unexplored environment.
The rewards underlying the different options are different in each environment so you will learn them anew for each environment.
Each environment starts with the value of a single option revealed.
When you choose the number corresponding to a different option, you will be told the value of that option and receive those points.
Previously revealed options, including the starting option, can also be reselected, although there may be small changes in the point value.
It is your task to gain as many points as possible across all 16 environments.

Environment number 1:
The value of option 26 is 47. You have 10 choices to make in this environment.
You press <<24>> and receive 27 points.
You press <<27>> and receive 46 points.
You press <<28>> and receive 43 points.
You press <<25>> and receive 33 points.
You press <<26>> and receive 48 points.
You press <<26>> and receive 48 points.
You press <<26>> and receive 47 points.
You press <<26>> and receive 48 points.
You press <<26>> and receive 47 points.
You press <<26>> and receive 48 points.

Environment number 2:
The value of option 17 is 42. You have 10 choices to make in this environment.
You press <<18>> and receive 51 points.
You press <<19>> and receive 48 points.
You press <<16>> and receive 51 points.
You press <<15>> and receive 68 points.
You press <<14>> and receive 43 points.
You press <<13>> and receive 21 points.
You press <<15>> and receive 68 points.
You press <<15>> and receive 68 points.
You press <<15>> and receive 67 points.
You press <<15>> and receive 67 points.

Environment number 3:
The value of option 20 is 65. You have 5 choices to make in this environment.
You press <<19>> and receive 47 points.
You press <<21>> and receive 41 points.
You press <<20>> and receive 66 points.
You press <<20>> and receive 67 points.
You press <<20>> and receive 64 points.

Environment number 4:
The value of option 7 is 73. You have 10 choices to make in this environment.
You press <<8>> and receive 80 points.
You press <<9>> and receive 55 points.
You press <<8>> and receive 78 points.
You press <<8>> and receive 79 points.
You press <<8>> and receive 76 points.
You press <<8>> and receive 78 points.
You press <<8>> and receive 80 points.
You press <<8>> and receive 78 points.
You press <<8>> and receive 80 points.
You press <<8>> and receive 79 points.

Environment number 5:
The value of option 17 is 72. You have 5 choices to make in this environment.
You press <<18>> and receive 53 points.
You press <<17>> and receive 72 points.
You press <<17>> and receive 71 points.
You press <<17>> and receive 69 points.
You press <<17>> and receive 73 points.

Environment number 6:
The value of option 14 is 25. You have 5 choices to make in this environment.
You press <<13>> and receive 41 points.
You press <<12>> and receive 36 points.
You press <<15>> and receive 15 points.
You press <<16>> and receive 23 points.
You press <<13>> and receive 39 points.

Environment number 7:
The value of option 3 is 44. You have 5 choices to make in this environment.
You press <<4>> and receive 45 points.
You press <<5>> and receive 38 points.
You press <<2>> and receive 61 points.
You press <<1>> and receive 62 points.
You press <<1>> and receive 60 points.

Environment number 8:
The value of option 1 is 1. You have 10 choices to make in this environment.
You press <<2>> and receive 12 points.
You press <<3>> and receive 51 points.
You press <<4>> and receive 29 points.
You press <<3>> and receive 49 points.
You press <<3>> and receive 50 points.
You press <<3>> and receive 49 points.
You press <<3>> and receive 49 points.
You press <<3>> and receive 51 points.
You press <<3>> and receive 49 points.
You press <<3>> and receive 49 points.

Environment number 9:
The value of option 1 is 34. You have 10 choices to make in this environment.
You press <<2>> and receive 46 points.
You press <<3>> and receive 53 points.
You press <<4>> and receive 45 points.
You press <<3>> and receive 52 points.
You press <<3>> and receive 51 points.
You press <<3>> and receive 53 points.
You press <<3>> and receive 55 points.
You press <<3>> and receive 51 points.
You press <<3>> and receive 51 points.
You press <<3>> and receive 55 points.

Environment number 10:
The value of option 21 is 36. You have 10 choices to make in this environment.
You press <<20>> and receive 45 points.
You press <<19>> and receive 24 points.
You press <<20>> and receive 44 points.
You press <<20>> and receive 45 points.
You press <<20>> and receive 45 points.
You press <<20>> and receive 45 points.
You press <<20>> and receive 45 points.
You press <<20>> and receive 45 points.
You press <<20>> and receive 44 points.
You press <<20>> and receive 43 points.

Environment number 11:
The value of option 17 is 82. You have 5 choices to make in this environment.
You press <<16>> and receive 53 points.
You press <<18>> and receive 62 points.
You press <<17>> and receive 80 points.
You press <<17>> and receive 79 points.
You press <<17>> and receive 79 points.

Environment number 12:
The value of option 30 is 71. You have 5 choices to make in this environment.
You press <<29>> and receive 72 points.
You press <<28>> and receive 55 points.
You press <<29>> and receive 70 points.
You press <<29>> and receive 72 points.
You press <<29>> and receive 73 points.

Environment number 13:
The value of option 12 is 25. You have 5 choices to make in this environment.
You press <<13>> and receive 25 points.
You press <<11>> and receive 19 points.
You press <<10>> and receive 28 points.
You press <<9>> and receive 13 points.
You press <<10>> and receive 27 points.

Environment number 14:
The value of option 3 is 59. You have 10 choices to make in this environment.
You press <<4>> and receive 60 points.
You press <<5>> and receive 58 points.
You press <<4>> and receive 60 points.
You press <<4>> and receive 61 points.
You press <<4>> and receive 59 points.
You press <<4>> and receive 59 points.
You press <<4>> and receive 58 points.
You press <<4>> and receive 59 points.
You press <<4>> and receive 60 points.
You press <<4>> and receive 61 points.

Environment number 15:
The value of option 23 is 45. You have 10 choices to make in this environment.
You press <<22>> and receive 19 points.
You press <<24>> and receive 56 points.
You press <<25>> and receive 56 points.
You press <<",37
15,14,5,25,0,rough,23,10,45,54,"You will be presented with a series of 16 different environments to explore.
In each trial, you can select an option between numbers 1 and 30 by pressing the corresponding key.
By selecting any of these options, you will earn points associated with each unique option.
Imagine these options 1 through 30 as lying next to each other in an ordered line; options closer to each other tend to have similar rewards as rewards tend to cluster together.
For each environment, you will be able to make either 5 or 10 choices.
When you made all your choices in a given environment, you will start making choices in the next unexplored environment.
The rewards underlying the different options are different in each environment so you will learn them anew for each environment.
Each environment starts with the value of a single option revealed.
When you choose the number corresponding to a different option, you will be told the value of that option and receive those points.
Previously revealed options, including the starting option, can also be reselected, although there may be small changes in the point value.
It is your task to gain as many points as possible across all 16 environments.

Environment number 1:
The value of option 26 is 47. You have 10 choices to make in this environment.
You press <<24>> and receive 27 points.
You press <<27>> and receive 46 points.
You press <<28>> and receive 43 points.
You press <<25>> and receive 33 points.
You press <<26>> and receive 48 points.
You press <<26>> and receive 48 points.
You press <<26>> and receive 47 points.
You press <<26>> and receive 48 points.
You press <<26>> and receive 47 points.
You press <<26>> and receive 48 points.

Environment number 2:
The value of option 17 is 42. You have 10 choices to make in this environment.
You press <<18>> and receive 51 points.
You press <<19>> and receive 48 points.
You press <<16>> and receive 51 points.
You press <<15>> and receive 68 points.
You press <<14>> and receive 43 points.
You press <<13>> and receive 21 points.
You press <<15>> and receive 68 points.
You press <<15>> and receive 68 points.
You press <<15>> and receive 67 points.
You press <<15>> and receive 67 points.

Environment number 3:
The value of option 20 is 65. You have 5 choices to make in this environment.
You press <<19>> and receive 47 points.
You press <<21>> and receive 41 points.
You press <<20>> and receive 66 points.
You press <<20>> and receive 67 points.
You press <<20>> and receive 64 points.

Environment number 4:
The value of option 7 is 73. You have 10 choices to make in this environment.
You press <<8>> and receive 80 points.
You press <<9>> and receive 55 points.
You press <<8>> and receive 78 points.
You press <<8>> and receive 79 points.
You press <<8>> and receive 76 points.
You press <<8>> and receive 78 points.
You press <<8>> and receive 80 points.
You press <<8>> and receive 78 points.
You press <<8>> and receive 80 points.
You press <<8>> and receive 79 points.

Environment number 5:
The value of option 17 is 72. You have 5 choices to make in this environment.
You press <<18>> and receive 53 points.
You press <<17>> and receive 72 points.
You press <<17>> and receive 71 points.
You press <<17>> and receive 69 points.
You press <<17>> and receive 73 points.

Environment number 6:
The value of option 14 is 25. You have 5 choices to make in this environment.
You press <<13>> and receive 41 points.
You press <<12>> and receive 36 points.
You press <<15>> and receive 15 points.
You press <<16>> and receive 23 points.
You press <<13>> and receive 39 points.

Environment number 7:
The value of option 3 is 44. You have 5 choices to make in this environment.
You press <<4>> and receive 45 points.
You press <<5>> and receive 38 points.
You press <<2>> and receive 61 points.
You press <<1>> and receive 62 points.
You press <<1>> and receive 60 points.

Environment number 8:
The value of option 1 is 1. You have 10 choices to make in this environment.
You press <<2>> and receive 12 points.
You press <<3>> and receive 51 points.
You press <<4>> and receive 29 points.
You press <<3>> and receive 49 points.
You press <<3>> and receive 50 points.
You press <<3>> and receive 49 points.
You press <<3>> and receive 49 points.
You press <<3>> and receive 51 points.
You press <<3>> and receive 49 points.
You press <<3>> and receive 49 points.

Environment number 9:
The value of option 1 is 34. You have 10 choices to make in this environment.
You press <<2>> and receive 46 points.
You press <<3>> and receive 53 points.
You press <<4>> and receive 45 points.
You press <<3>> and receive 52 points.
You press <<3>> and receive 51 points.
You press <<3>> and receive 53 points.
You press <<3>> and receive 55 points.
You press <<3>> and receive 51 points.
You press <<3>> and receive 51 points.
You press <<3>> and receive 55 points.

Environment number 10:
The value of option 21 is 36. You have 10 choices to make in this environment.
You press <<20>> and receive 45 points.
You press <<19>> and receive 24 points.
You press <<20>> and receive 44 points.
You press <<20>> and receive 45 points.
You press <<20>> and receive 45 points.
You press <<20>> and receive 45 points.
You press <<20>> and receive 45 points.
You press <<20>> and receive 45 points.
You press <<20>> and receive 44 points.
You press <<20>> and receive 43 points.

Environment number 11:
The value of option 17 is 82. You have 5 choices to make in this environment.
You press <<16>> and receive 53 points.
You press <<18>> and receive 62 points.
You press <<17>> and receive 80 points.
You press <<17>> and receive 79 points.
You press <<17>> and receive 79 points.

Environment number 12:
The value of option 30 is 71. You have 5 choices to make in this environment.
You press <<29>> and receive 72 points.
You press <<28>> and receive 55 points.
You press <<29>> and receive 70 points.
You press <<29>> and receive 72 points.
You press <<29>> and receive 73 points.

Environment number 13:
The value of option 12 is 25. You have 5 choices to make in this environment.
You press <<13>> and receive 25 points.
You press <<11>> and receive 19 points.
You press <<10>> and receive 28 points.
You press <<9>> and receive 13 points.
You press <<10>> and receive 27 points.

Environment number 14:
The value of option 3 is 59. You have 10 choices to make in this environment.
You press <<4>> and receive 60 points.
You press <<5>> and receive 58 points.
You press <<4>> and receive 60 points.
You press <<4>> and receive 61 points.
You press <<4>> and receive 59 points.
You press <<4>> and receive 59 points.
You press <<4>> and receive 58 points.
You press <<4>> and receive 59 points.
You press <<4>> and receive 60 points.
You press <<4>> and receive 61 points.

Environment number 15:
The value of option 23 is 45. You have 10 choices to make in this environment.
You press <<22>> and receive 19 points.
You press <<24>> and receive 56 points.
You press <<25>> and receive 56 points.
You press <<26>> and receive 40 points.
You press <<",37
15,14,6,25,0,rough,23,10,45,56,"You will be presented with a series of 16 different environments to explore.
In each trial, you can select an option between numbers 1 and 30 by pressing the corresponding key.
By selecting any of these options, you will earn points associated with each unique option.
Imagine these options 1 through 30 as lying next to each other in an ordered line; options closer to each other tend to have similar rewards as rewards tend to cluster together.
For each environment, you will be able to make either 5 or 10 choices.
When you made all your choices in a given environment, you will start making choices in the next unexplored environment.
The rewards underlying the different options are different in each environment so you will learn them anew for each environment.
Each environment starts with the value of a single option revealed.
When you choose the number corresponding to a different option, you will be told the value of that option and receive those points.
Previously revealed options, including the starting option, can also be reselected, although there may be small changes in the point value.
It is your task to gain as many points as possible across all 16 environments.

Environment number 1:
The value of option 26 is 47. You have 10 choices to make in this environment.
You press <<24>> and receive 27 points.
You press <<27>> and receive 46 points.
You press <<28>> and receive 43 points.
You press <<25>> and receive 33 points.
You press <<26>> and receive 48 points.
You press <<26>> and receive 48 points.
You press <<26>> and receive 47 points.
You press <<26>> and receive 48 points.
You press <<26>> and receive 47 points.
You press <<26>> and receive 48 points.

Environment number 2:
The value of option 17 is 42. You have 10 choices to make in this environment.
You press <<18>> and receive 51 points.
You press <<19>> and receive 48 points.
You press <<16>> and receive 51 points.
You press <<15>> and receive 68 points.
You press <<14>> and receive 43 points.
You press <<13>> and receive 21 points.
You press <<15>> and receive 68 points.
You press <<15>> and receive 68 points.
You press <<15>> and receive 67 points.
You press <<15>> and receive 67 points.

Environment number 3:
The value of option 20 is 65. You have 5 choices to make in this environment.
You press <<19>> and receive 47 points.
You press <<21>> and receive 41 points.
You press <<20>> and receive 66 points.
You press <<20>> and receive 67 points.
You press <<20>> and receive 64 points.

Environment number 4:
The value of option 7 is 73. You have 10 choices to make in this environment.
You press <<8>> and receive 80 points.
You press <<9>> and receive 55 points.
You press <<8>> and receive 78 points.
You press <<8>> and receive 79 points.
You press <<8>> and receive 76 points.
You press <<8>> and receive 78 points.
You press <<8>> and receive 80 points.
You press <<8>> and receive 78 points.
You press <<8>> and receive 80 points.
You press <<8>> and receive 79 points.

Environment number 5:
The value of option 17 is 72. You have 5 choices to make in this environment.
You press <<18>> and receive 53 points.
You press <<17>> and receive 72 points.
You press <<17>> and receive 71 points.
You press <<17>> and receive 69 points.
You press <<17>> and receive 73 points.

Environment number 6:
The value of option 14 is 25. You have 5 choices to make in this environment.
You press <<13>> and receive 41 points.
You press <<12>> and receive 36 points.
You press <<15>> and receive 15 points.
You press <<16>> and receive 23 points.
You press <<13>> and receive 39 points.

Environment number 7:
The value of option 3 is 44. You have 5 choices to make in this environment.
You press <<4>> and receive 45 points.
You press <<5>> and receive 38 points.
You press <<2>> and receive 61 points.
You press <<1>> and receive 62 points.
You press <<1>> and receive 60 points.

Environment number 8:
The value of option 1 is 1. You have 10 choices to make in this environment.
You press <<2>> and receive 12 points.
You press <<3>> and receive 51 points.
You press <<4>> and receive 29 points.
You press <<3>> and receive 49 points.
You press <<3>> and receive 50 points.
You press <<3>> and receive 49 points.
You press <<3>> and receive 49 points.
You press <<3>> and receive 51 points.
You press <<3>> and receive 49 points.
You press <<3>> and receive 49 points.

Environment number 9:
The value of option 1 is 34. You have 10 choices to make in this environment.
You press <<2>> and receive 46 points.
You press <<3>> and receive 53 points.
You press <<4>> and receive 45 points.
You press <<3>> and receive 52 points.
You press <<3>> and receive 51 points.
You press <<3>> and receive 53 points.
You press <<3>> and receive 55 points.
You press <<3>> and receive 51 points.
You press <<3>> and receive 51 points.
You press <<3>> and receive 55 points.

Environment number 10:
The value of option 21 is 36. You have 10 choices to make in this environment.
You press <<20>> and receive 45 points.
You press <<19>> and receive 24 points.
You press <<20>> and receive 44 points.
You press <<20>> and receive 45 points.
You press <<20>> and receive 45 points.
You press <<20>> and receive 45 points.
You press <<20>> and receive 45 points.
You press <<20>> and receive 45 points.
You press <<20>> and receive 44 points.
You press <<20>> and receive 43 points.

Environment number 11:
The value of option 17 is 82. You have 5 choices to make in this environment.
You press <<16>> and receive 53 points.
You press <<18>> and receive 62 points.
You press <<17>> and receive 80 points.
You press <<17>> and receive 79 points.
You press <<17>> and receive 79 points.

Environment number 12:
The value of option 30 is 71. You have 5 choices to make in this environment.
You press <<29>> and receive 72 points.
You press <<28>> and receive 55 points.
You press <<29>> and receive 70 points.
You press <<29>> and receive 72 points.
You press <<29>> and receive 73 points.

Environment number 13:
The value of option 12 is 25. You have 5 choices to make in this environment.
You press <<13>> and receive 25 points.
You press <<11>> and receive 19 points.
You press <<10>> and receive 28 points.
You press <<9>> and receive 13 points.
You press <<10>> and receive 27 points.

Environment number 14:
The value of option 3 is 59. You have 10 choices to make in this environment.
You press <<4>> and receive 60 points.
You press <<5>> and receive 58 points.
You press <<4>> and receive 60 points.
You press <<4>> and receive 61 points.
You press <<4>> and receive 59 points.
You press <<4>> and receive 59 points.
You press <<4>> and receive 58 points.
You press <<4>> and receive 59 points.
You press <<4>> and receive 60 points.
You press <<4>> and receive 61 points.

Environment number 15:
The value of option 23 is 45. You have 10 choices to make in this environment.
You press <<22>> and receive 19 points.
You press <<24>> and receive 56 points.
You press <<25>> and receive 56 points.
You press <<26>> and receive 40 points.
You press <<25>> and receive 54 points.
You press <<",37
15,14,7,25,0,rough,23,10,45,53,"You will be presented with a series of 16 different environments to explore.
In each trial, you can select an option between numbers 1 and 30 by pressing the corresponding key.
By selecting any of these options, you will earn points associated with each unique option.
Imagine these options 1 through 30 as lying next to each other in an ordered line; options closer to each other tend to have similar rewards as rewards tend to cluster together.
For each environment, you will be able to make either 5 or 10 choices.
When you made all your choices in a given environment, you will start making choices in the next unexplored environment.
The rewards underlying the different options are different in each environment so you will learn them anew for each environment.
Each environment starts with the value of a single option revealed.
When you choose the number corresponding to a different option, you will be told the value of that option and receive those points.
Previously revealed options, including the starting option, can also be reselected, although there may be small changes in the point value.
It is your task to gain as many points as possible across all 16 environments.

Environment number 1:
The value of option 26 is 47. You have 10 choices to make in this environment.
You press <<24>> and receive 27 points.
You press <<27>> and receive 46 points.
You press <<28>> and receive 43 points.
You press <<25>> and receive 33 points.
You press <<26>> and receive 48 points.
You press <<26>> and receive 48 points.
You press <<26>> and receive 47 points.
You press <<26>> and receive 48 points.
You press <<26>> and receive 47 points.
You press <<26>> and receive 48 points.

Environment number 2:
The value of option 17 is 42. You have 10 choices to make in this environment.
You press <<18>> and receive 51 points.
You press <<19>> and receive 48 points.
You press <<16>> and receive 51 points.
You press <<15>> and receive 68 points.
You press <<14>> and receive 43 points.
You press <<13>> and receive 21 points.
You press <<15>> and receive 68 points.
You press <<15>> and receive 68 points.
You press <<15>> and receive 67 points.
You press <<15>> and receive 67 points.

Environment number 3:
The value of option 20 is 65. You have 5 choices to make in this environment.
You press <<19>> and receive 47 points.
You press <<21>> and receive 41 points.
You press <<20>> and receive 66 points.
You press <<20>> and receive 67 points.
You press <<20>> and receive 64 points.

Environment number 4:
The value of option 7 is 73. You have 10 choices to make in this environment.
You press <<8>> and receive 80 points.
You press <<9>> and receive 55 points.
You press <<8>> and receive 78 points.
You press <<8>> and receive 79 points.
You press <<8>> and receive 76 points.
You press <<8>> and receive 78 points.
You press <<8>> and receive 80 points.
You press <<8>> and receive 78 points.
You press <<8>> and receive 80 points.
You press <<8>> and receive 79 points.

Environment number 5:
The value of option 17 is 72. You have 5 choices to make in this environment.
You press <<18>> and receive 53 points.
You press <<17>> and receive 72 points.
You press <<17>> and receive 71 points.
You press <<17>> and receive 69 points.
You press <<17>> and receive 73 points.

Environment number 6:
The value of option 14 is 25. You have 5 choices to make in this environment.
You press <<13>> and receive 41 points.
You press <<12>> and receive 36 points.
You press <<15>> and receive 15 points.
You press <<16>> and receive 23 points.
You press <<13>> and receive 39 points.

Environment number 7:
The value of option 3 is 44. You have 5 choices to make in this environment.
You press <<4>> and receive 45 points.
You press <<5>> and receive 38 points.
You press <<2>> and receive 61 points.
You press <<1>> and receive 62 points.
You press <<1>> and receive 60 points.

Environment number 8:
The value of option 1 is 1. You have 10 choices to make in this environment.
You press <<2>> and receive 12 points.
You press <<3>> and receive 51 points.
You press <<4>> and receive 29 points.
You press <<3>> and receive 49 points.
You press <<3>> and receive 50 points.
You press <<3>> and receive 49 points.
You press <<3>> and receive 49 points.
You press <<3>> and receive 51 points.
You press <<3>> and receive 49 points.
You press <<3>> and receive 49 points.

Environment number 9:
The value of option 1 is 34. You have 10 choices to make in this environment.
You press <<2>> and receive 46 points.
You press <<3>> and receive 53 points.
You press <<4>> and receive 45 points.
You press <<3>> and receive 52 points.
You press <<3>> and receive 51 points.
You press <<3>> and receive 53 points.
You press <<3>> and receive 55 points.
You press <<3>> and receive 51 points.
You press <<3>> and receive 51 points.
You press <<3>> and receive 55 points.

Environment number 10:
The value of option 21 is 36. You have 10 choices to make in this environment.
You press <<20>> and receive 45 points.
You press <<19>> and receive 24 points.
You press <<20>> and receive 44 points.
You press <<20>> and receive 45 points.
You press <<20>> and receive 45 points.
You press <<20>> and receive 45 points.
You press <<20>> and receive 45 points.
You press <<20>> and receive 45 points.
You press <<20>> and receive 44 points.
You press <<20>> and receive 43 points.

Environment number 11:
The value of option 17 is 82. You have 5 choices to make in this environment.
You press <<16>> and receive 53 points.
You press <<18>> and receive 62 points.
You press <<17>> and receive 80 points.
You press <<17>> and receive 79 points.
You press <<17>> and receive 79 points.

Environment number 12:
The value of option 30 is 71. You have 5 choices to make in this environment.
You press <<29>> and receive 72 points.
You press <<28>> and receive 55 points.
You press <<29>> and receive 70 points.
You press <<29>> and receive 72 points.
You press <<29>> and receive 73 points.

Environment number 13:
The value of option 12 is 25. You have 5 choices to make in this environment.
You press <<13>> and receive 25 points.
You press <<11>> and receive 19 points.
You press <<10>> and receive 28 points.
You press <<9>> and receive 13 points.
You press <<10>> and receive 27 points.

Environment number 14:
The value of option 3 is 59. You have 10 choices to make in this environment.
You press <<4>> and receive 60 points.
You press <<5>> and receive 58 points.
You press <<4>> and receive 60 points.
You press <<4>> and receive 61 points.
You press <<4>> and receive 59 points.
You press <<4>> and receive 59 points.
You press <<4>> and receive 58 points.
You press <<4>> and receive 59 points.
You press <<4>> and receive 60 points.
You press <<4>> and receive 61 points.

Environment number 15:
The value of option 23 is 45. You have 10 choices to make in this environment.
You press <<22>> and receive 19 points.
You press <<24>> and receive 56 points.
You press <<25>> and receive 56 points.
You press <<26>> and receive 40 points.
You press <<25>> and receive 54 points.
You press <<25>> and receive 56 points.
You press <<",37
15,14,8,25,0,rough,23,10,45,54,"You will be presented with a series of 16 different environments to explore.
In each trial, you can select an option between numbers 1 and 30 by pressing the corresponding key.
By selecting any of these options, you will earn points associated with each unique option.
Imagine these options 1 through 30 as lying next to each other in an ordered line; options closer to each other tend to have similar rewards as rewards tend to cluster together.
For each environment, you will be able to make either 5 or 10 choices.
When you made all your choices in a given environment, you will start making choices in the next unexplored environment.
The rewards underlying the different options are different in each environment so you will learn them anew for each environment.
Each environment starts with the value of a single option revealed.
When you choose the number corresponding to a different option, you will be told the value of that option and receive those points.
Previously revealed options, including the starting option, can also be reselected, although there may be small changes in the point value.
It is your task to gain as many points as possible across all 16 environments.

Environment number 1:
The value of option 26 is 47. You have 10 choices to make in this environment.
You press <<24>> and receive 27 points.
You press <<27>> and receive 46 points.
You press <<28>> and receive 43 points.
You press <<25>> and receive 33 points.
You press <<26>> and receive 48 points.
You press <<26>> and receive 48 points.
You press <<26>> and receive 47 points.
You press <<26>> and receive 48 points.
You press <<26>> and receive 47 points.
You press <<26>> and receive 48 points.

Environment number 2:
The value of option 17 is 42. You have 10 choices to make in this environment.
You press <<18>> and receive 51 points.
You press <<19>> and receive 48 points.
You press <<16>> and receive 51 points.
You press <<15>> and receive 68 points.
You press <<14>> and receive 43 points.
You press <<13>> and receive 21 points.
You press <<15>> and receive 68 points.
You press <<15>> and receive 68 points.
You press <<15>> and receive 67 points.
You press <<15>> and receive 67 points.

Environment number 3:
The value of option 20 is 65. You have 5 choices to make in this environment.
You press <<19>> and receive 47 points.
You press <<21>> and receive 41 points.
You press <<20>> and receive 66 points.
You press <<20>> and receive 67 points.
You press <<20>> and receive 64 points.

Environment number 4:
The value of option 7 is 73. You have 10 choices to make in this environment.
You press <<8>> and receive 80 points.
You press <<9>> and receive 55 points.
You press <<8>> and receive 78 points.
You press <<8>> and receive 79 points.
You press <<8>> and receive 76 points.
You press <<8>> and receive 78 points.
You press <<8>> and receive 80 points.
You press <<8>> and receive 78 points.
You press <<8>> and receive 80 points.
You press <<8>> and receive 79 points.

Environment number 5:
The value of option 17 is 72. You have 5 choices to make in this environment.
You press <<18>> and receive 53 points.
You press <<17>> and receive 72 points.
You press <<17>> and receive 71 points.
You press <<17>> and receive 69 points.
You press <<17>> and receive 73 points.

Environment number 6:
The value of option 14 is 25. You have 5 choices to make in this environment.
You press <<13>> and receive 41 points.
You press <<12>> and receive 36 points.
You press <<15>> and receive 15 points.
You press <<16>> and receive 23 points.
You press <<13>> and receive 39 points.

Environment number 7:
The value of option 3 is 44. You have 5 choices to make in this environment.
You press <<4>> and receive 45 points.
You press <<5>> and receive 38 points.
You press <<2>> and receive 61 points.
You press <<1>> and receive 62 points.
You press <<1>> and receive 60 points.

Environment number 8:
The value of option 1 is 1. You have 10 choices to make in this environment.
You press <<2>> and receive 12 points.
You press <<3>> and receive 51 points.
You press <<4>> and receive 29 points.
You press <<3>> and receive 49 points.
You press <<3>> and receive 50 points.
You press <<3>> and receive 49 points.
You press <<3>> and receive 49 points.
You press <<3>> and receive 51 points.
You press <<3>> and receive 49 points.
You press <<3>> and receive 49 points.

Environment number 9:
The value of option 1 is 34. You have 10 choices to make in this environment.
You press <<2>> and receive 46 points.
You press <<3>> and receive 53 points.
You press <<4>> and receive 45 points.
You press <<3>> and receive 52 points.
You press <<3>> and receive 51 points.
You press <<3>> and receive 53 points.
You press <<3>> and receive 55 points.
You press <<3>> and receive 51 points.
You press <<3>> and receive 51 points.
You press <<3>> and receive 55 points.

Environment number 10:
The value of option 21 is 36. You have 10 choices to make in this environment.
You press <<20>> and receive 45 points.
You press <<19>> and receive 24 points.
You press <<20>> and receive 44 points.
You press <<20>> and receive 45 points.
You press <<20>> and receive 45 points.
You press <<20>> and receive 45 points.
You press <<20>> and receive 45 points.
You press <<20>> and receive 45 points.
You press <<20>> and receive 44 points.
You press <<20>> and receive 43 points.

Environment number 11:
The value of option 17 is 82. You have 5 choices to make in this environment.
You press <<16>> and receive 53 points.
You press <<18>> and receive 62 points.
You press <<17>> and receive 80 points.
You press <<17>> and receive 79 points.
You press <<17>> and receive 79 points.

Environment number 12:
The value of option 30 is 71. You have 5 choices to make in this environment.
You press <<29>> and receive 72 points.
You press <<28>> and receive 55 points.
You press <<29>> and receive 70 points.
You press <<29>> and receive 72 points.
You press <<29>> and receive 73 points.

Environment number 13:
The value of option 12 is 25. You have 5 choices to make in this environment.
You press <<13>> and receive 25 points.
You press <<11>> and receive 19 points.
You press <<10>> and receive 28 points.
You press <<9>> and receive 13 points.
You press <<10>> and receive 27 points.

Environment number 14:
The value of option 3 is 59. You have 10 choices to make in this environment.
You press <<4>> and receive 60 points.
You press <<5>> and receive 58 points.
You press <<4>> and receive 60 points.
You press <<4>> and receive 61 points.
You press <<4>> and receive 59 points.
You press <<4>> and receive 59 points.
You press <<4>> and receive 58 points.
You press <<4>> and receive 59 points.
You press <<4>> and receive 60 points.
You press <<4>> and receive 61 points.

Environment number 15:
The value of option 23 is 45. You have 10 choices to make in this environment.
You press <<22>> and receive 19 points.
You press <<24>> and receive 56 points.
You press <<25>> and receive 56 points.
You press <<26>> and receive 40 points.
You press <<25>> and receive 54 points.
You press <<25>> and receive 56 points.
You press <<25>> and receive 53 points.
You press <<",37
15,14,9,25,0,rough,23,10,45,56,"You will be presented with a series of 16 different environments to explore.
In each trial, you can select an option between numbers 1 and 30 by pressing the corresponding key.
By selecting any of these options, you will earn points associated with each unique option.
Imagine these options 1 through 30 as lying next to each other in an ordered line; options closer to each other tend to have similar rewards as rewards tend to cluster together.
For each environment, you will be able to make either 5 or 10 choices.
When you made all your choices in a given environment, you will start making choices in the next unexplored environment.
The rewards underlying the different options are different in each environment so you will learn them anew for each environment.
Each environment starts with the value of a single option revealed.
When you choose the number corresponding to a different option, you will be told the value of that option and receive those points.
Previously revealed options, including the starting option, can also be reselected, although there may be small changes in the point value.
It is your task to gain as many points as possible across all 16 environments.

Environment number 1:
The value of option 26 is 47. You have 10 choices to make in this environment.
You press <<24>> and receive 27 points.
You press <<27>> and receive 46 points.
You press <<28>> and receive 43 points.
You press <<25>> and receive 33 points.
You press <<26>> and receive 48 points.
You press <<26>> and receive 48 points.
You press <<26>> and receive 47 points.
You press <<26>> and receive 48 points.
You press <<26>> and receive 47 points.
You press <<26>> and receive 48 points.

Environment number 2:
The value of option 17 is 42. You have 10 choices to make in this environment.
You press <<18>> and receive 51 points.
You press <<19>> and receive 48 points.
You press <<16>> and receive 51 points.
You press <<15>> and receive 68 points.
You press <<14>> and receive 43 points.
You press <<13>> and receive 21 points.
You press <<15>> and receive 68 points.
You press <<15>> and receive 68 points.
You press <<15>> and receive 67 points.
You press <<15>> and receive 67 points.

Environment number 3:
The value of option 20 is 65. You have 5 choices to make in this environment.
You press <<19>> and receive 47 points.
You press <<21>> and receive 41 points.
You press <<20>> and receive 66 points.
You press <<20>> and receive 67 points.
You press <<20>> and receive 64 points.

Environment number 4:
The value of option 7 is 73. You have 10 choices to make in this environment.
You press <<8>> and receive 80 points.
You press <<9>> and receive 55 points.
You press <<8>> and receive 78 points.
You press <<8>> and receive 79 points.
You press <<8>> and receive 76 points.
You press <<8>> and receive 78 points.
You press <<8>> and receive 80 points.
You press <<8>> and receive 78 points.
You press <<8>> and receive 80 points.
You press <<8>> and receive 79 points.

Environment number 5:
The value of option 17 is 72. You have 5 choices to make in this environment.
You press <<18>> and receive 53 points.
You press <<17>> and receive 72 points.
You press <<17>> and receive 71 points.
You press <<17>> and receive 69 points.
You press <<17>> and receive 73 points.

Environment number 6:
The value of option 14 is 25. You have 5 choices to make in this environment.
You press <<13>> and receive 41 points.
You press <<12>> and receive 36 points.
You press <<15>> and receive 15 points.
You press <<16>> and receive 23 points.
You press <<13>> and receive 39 points.

Environment number 7:
The value of option 3 is 44. You have 5 choices to make in this environment.
You press <<4>> and receive 45 points.
You press <<5>> and receive 38 points.
You press <<2>> and receive 61 points.
You press <<1>> and receive 62 points.
You press <<1>> and receive 60 points.

Environment number 8:
The value of option 1 is 1. You have 10 choices to make in this environment.
You press <<2>> and receive 12 points.
You press <<3>> and receive 51 points.
You press <<4>> and receive 29 points.
You press <<3>> and receive 49 points.
You press <<3>> and receive 50 points.
You press <<3>> and receive 49 points.
You press <<3>> and receive 49 points.
You press <<3>> and receive 51 points.
You press <<3>> and receive 49 points.
You press <<3>> and receive 49 points.

Environment number 9:
The value of option 1 is 34. You have 10 choices to make in this environment.
You press <<2>> and receive 46 points.
You press <<3>> and receive 53 points.
You press <<4>> and receive 45 points.
You press <<3>> and receive 52 points.
You press <<3>> and receive 51 points.
You press <<3>> and receive 53 points.
You press <<3>> and receive 55 points.
You press <<3>> and receive 51 points.
You press <<3>> and receive 51 points.
You press <<3>> and receive 55 points.

Environment number 10:
The value of option 21 is 36. You have 10 choices to make in this environment.
You press <<20>> and receive 45 points.
You press <<19>> and receive 24 points.
You press <<20>> and receive 44 points.
You press <<20>> and receive 45 points.
You press <<20>> and receive 45 points.
You press <<20>> and receive 45 points.
You press <<20>> and receive 45 points.
You press <<20>> and receive 45 points.
You press <<20>> and receive 44 points.
You press <<20>> and receive 43 points.

Environment number 11:
The value of option 17 is 82. You have 5 choices to make in this environment.
You press <<16>> and receive 53 points.
You press <<18>> and receive 62 points.
You press <<17>> and receive 80 points.
You press <<17>> and receive 79 points.
You press <<17>> and receive 79 points.

Environment number 12:
The value of option 30 is 71. You have 5 choices to make in this environment.
You press <<29>> and receive 72 points.
You press <<28>> and receive 55 points.
You press <<29>> and receive 70 points.
You press <<29>> and receive 72 points.
You press <<29>> and receive 73 points.

Environment number 13:
The value of option 12 is 25. You have 5 choices to make in this environment.
You press <<13>> and receive 25 points.
You press <<11>> and receive 19 points.
You press <<10>> and receive 28 points.
You press <<9>> and receive 13 points.
You press <<10>> and receive 27 points.

Environment number 14:
The value of option 3 is 59. You have 10 choices to make in this environment.
You press <<4>> and receive 60 points.
You press <<5>> and receive 58 points.
You press <<4>> and receive 60 points.
You press <<4>> and receive 61 points.
You press <<4>> and receive 59 points.
You press <<4>> and receive 59 points.
You press <<4>> and receive 58 points.
You press <<4>> and receive 59 points.
You press <<4>> and receive 60 points.
You press <<4>> and receive 61 points.

Environment number 15:
The value of option 23 is 45. You have 10 choices to make in this environment.
You press <<22>> and receive 19 points.
You press <<24>> and receive 56 points.
You press <<25>> and receive 56 points.
You press <<26>> and receive 40 points.
You press <<25>> and receive 54 points.
You press <<25>> and receive 56 points.
You press <<25>> and receive 53 points.
You press <<25>> and receive 54 points.
You press <<",37
15,14,10,25,0,rough,23,10,45,55,"You will be presented with a series of 16 different environments to explore.
In each trial, you can select an option between numbers 1 and 30 by pressing the corresponding key.
By selecting any of these options, you will earn points associated with each unique option.
Imagine these options 1 through 30 as lying next to each other in an ordered line; options closer to each other tend to have similar rewards as rewards tend to cluster together.
For each environment, you will be able to make either 5 or 10 choices.
When you made all your choices in a given environment, you will start making choices in the next unexplored environment.
The rewards underlying the different options are different in each environment so you will learn them anew for each environment.
Each environment starts with the value of a single option revealed.
When you choose the number corresponding to a different option, you will be told the value of that option and receive those points.
Previously revealed options, including the starting option, can also be reselected, although there may be small changes in the point value.
It is your task to gain as many points as possible across all 16 environments.

Environment number 1:
The value of option 26 is 47. You have 10 choices to make in this environment.
You press <<24>> and receive 27 points.
You press <<27>> and receive 46 points.
You press <<28>> and receive 43 points.
You press <<25>> and receive 33 points.
You press <<26>> and receive 48 points.
You press <<26>> and receive 48 points.
You press <<26>> and receive 47 points.
You press <<26>> and receive 48 points.
You press <<26>> and receive 47 points.
You press <<26>> and receive 48 points.

Environment number 2:
The value of option 17 is 42. You have 10 choices to make in this environment.
You press <<18>> and receive 51 points.
You press <<19>> and receive 48 points.
You press <<16>> and receive 51 points.
You press <<15>> and receive 68 points.
You press <<14>> and receive 43 points.
You press <<13>> and receive 21 points.
You press <<15>> and receive 68 points.
You press <<15>> and receive 68 points.
You press <<15>> and receive 67 points.
You press <<15>> and receive 67 points.

Environment number 3:
The value of option 20 is 65. You have 5 choices to make in this environment.
You press <<19>> and receive 47 points.
You press <<21>> and receive 41 points.
You press <<20>> and receive 66 points.
You press <<20>> and receive 67 points.
You press <<20>> and receive 64 points.

Environment number 4:
The value of option 7 is 73. You have 10 choices to make in this environment.
You press <<8>> and receive 80 points.
You press <<9>> and receive 55 points.
You press <<8>> and receive 78 points.
You press <<8>> and receive 79 points.
You press <<8>> and receive 76 points.
You press <<8>> and receive 78 points.
You press <<8>> and receive 80 points.
You press <<8>> and receive 78 points.
You press <<8>> and receive 80 points.
You press <<8>> and receive 79 points.

Environment number 5:
The value of option 17 is 72. You have 5 choices to make in this environment.
You press <<18>> and receive 53 points.
You press <<17>> and receive 72 points.
You press <<17>> and receive 71 points.
You press <<17>> and receive 69 points.
You press <<17>> and receive 73 points.

Environment number 6:
The value of option 14 is 25. You have 5 choices to make in this environment.
You press <<13>> and receive 41 points.
You press <<12>> and receive 36 points.
You press <<15>> and receive 15 points.
You press <<16>> and receive 23 points.
You press <<13>> and receive 39 points.

Environment number 7:
The value of option 3 is 44. You have 5 choices to make in this environment.
You press <<4>> and receive 45 points.
You press <<5>> and receive 38 points.
You press <<2>> and receive 61 points.
You press <<1>> and receive 62 points.
You press <<1>> and receive 60 points.

Environment number 8:
The value of option 1 is 1. You have 10 choices to make in this environment.
You press <<2>> and receive 12 points.
You press <<3>> and receive 51 points.
You press <<4>> and receive 29 points.
You press <<3>> and receive 49 points.
You press <<3>> and receive 50 points.
You press <<3>> and receive 49 points.
You press <<3>> and receive 49 points.
You press <<3>> and receive 51 points.
You press <<3>> and receive 49 points.
You press <<3>> and receive 49 points.

Environment number 9:
The value of option 1 is 34. You have 10 choices to make in this environment.
You press <<2>> and receive 46 points.
You press <<3>> and receive 53 points.
You press <<4>> and receive 45 points.
You press <<3>> and receive 52 points.
You press <<3>> and receive 51 points.
You press <<3>> and receive 53 points.
You press <<3>> and receive 55 points.
You press <<3>> and receive 51 points.
You press <<3>> and receive 51 points.
You press <<3>> and receive 55 points.

Environment number 10:
The value of option 21 is 36. You have 10 choices to make in this environment.
You press <<20>> and receive 45 points.
You press <<19>> and receive 24 points.
You press <<20>> and receive 44 points.
You press <<20>> and receive 45 points.
You press <<20>> and receive 45 points.
You press <<20>> and receive 45 points.
You press <<20>> and receive 45 points.
You press <<20>> and receive 45 points.
You press <<20>> and receive 44 points.
You press <<20>> and receive 43 points.

Environment number 11:
The value of option 17 is 82. You have 5 choices to make in this environment.
You press <<16>> and receive 53 points.
You press <<18>> and receive 62 points.
You press <<17>> and receive 80 points.
You press <<17>> and receive 79 points.
You press <<17>> and receive 79 points.

Environment number 12:
The value of option 30 is 71. You have 5 choices to make in this environment.
You press <<29>> and receive 72 points.
You press <<28>> and receive 55 points.
You press <<29>> and receive 70 points.
You press <<29>> and receive 72 points.
You press <<29>> and receive 73 points.

Environment number 13:
The value of option 12 is 25. You have 5 choices to make in this environment.
You press <<13>> and receive 25 points.
You press <<11>> and receive 19 points.
You press <<10>> and receive 28 points.
You press <<9>> and receive 13 points.
You press <<10>> and receive 27 points.

Environment number 14:
The value of option 3 is 59. You have 10 choices to make in this environment.
You press <<4>> and receive 60 points.
You press <<5>> and receive 58 points.
You press <<4>> and receive 60 points.
You press <<4>> and receive 61 points.
You press <<4>> and receive 59 points.
You press <<4>> and receive 59 points.
You press <<4>> and receive 58 points.
You press <<4>> and receive 59 points.
You press <<4>> and receive 60 points.
You press <<4>> and receive 61 points.

Environment number 15:
The value of option 23 is 45. You have 10 choices to make in this environment.
You press <<22>> and receive 19 points.
You press <<24>> and receive 56 points.
You press <<25>> and receive 56 points.
You press <<26>> and receive 40 points.
You press <<25>> and receive 54 points.
You press <<25>> and receive 56 points.
You press <<25>> and receive 53 points.
You press <<25>> and receive 54 points.
You press <<25>> and receive 56 points.
You press <<",37
16,15,1,20,0,rough,19,5,42,39,"You will be presented with a series of 16 different environments to explore.
In each trial, you can select an option between numbers 1 and 30 by pressing the corresponding key.
By selecting any of these options, you will earn points associated with each unique option.
Imagine these options 1 through 30 as lying next to each other in an ordered line; options closer to each other tend to have similar rewards as rewards tend to cluster together.
For each environment, you will be able to make either 5 or 10 choices.
When you made all your choices in a given environment, you will start making choices in the next unexplored environment.
The rewards underlying the different options are different in each environment so you will learn them anew for each environment.
Each environment starts with the value of a single option revealed.
When you choose the number corresponding to a different option, you will be told the value of that option and receive those points.
Previously revealed options, including the starting option, can also be reselected, although there may be small changes in the point value.
It is your task to gain as many points as possible across all 16 environments.

Environment number 1:
The value of option 26 is 47. You have 10 choices to make in this environment.
You press <<24>> and receive 27 points.
You press <<27>> and receive 46 points.
You press <<28>> and receive 43 points.
You press <<25>> and receive 33 points.
You press <<26>> and receive 48 points.
You press <<26>> and receive 48 points.
You press <<26>> and receive 47 points.
You press <<26>> and receive 48 points.
You press <<26>> and receive 47 points.
You press <<26>> and receive 48 points.

Environment number 2:
The value of option 17 is 42. You have 10 choices to make in this environment.
You press <<18>> and receive 51 points.
You press <<19>> and receive 48 points.
You press <<16>> and receive 51 points.
You press <<15>> and receive 68 points.
You press <<14>> and receive 43 points.
You press <<13>> and receive 21 points.
You press <<15>> and receive 68 points.
You press <<15>> and receive 68 points.
You press <<15>> and receive 67 points.
You press <<15>> and receive 67 points.

Environment number 3:
The value of option 20 is 65. You have 5 choices to make in this environment.
You press <<19>> and receive 47 points.
You press <<21>> and receive 41 points.
You press <<20>> and receive 66 points.
You press <<20>> and receive 67 points.
You press <<20>> and receive 64 points.

Environment number 4:
The value of option 7 is 73. You have 10 choices to make in this environment.
You press <<8>> and receive 80 points.
You press <<9>> and receive 55 points.
You press <<8>> and receive 78 points.
You press <<8>> and receive 79 points.
You press <<8>> and receive 76 points.
You press <<8>> and receive 78 points.
You press <<8>> and receive 80 points.
You press <<8>> and receive 78 points.
You press <<8>> and receive 80 points.
You press <<8>> and receive 79 points.

Environment number 5:
The value of option 17 is 72. You have 5 choices to make in this environment.
You press <<18>> and receive 53 points.
You press <<17>> and receive 72 points.
You press <<17>> and receive 71 points.
You press <<17>> and receive 69 points.
You press <<17>> and receive 73 points.

Environment number 6:
The value of option 14 is 25. You have 5 choices to make in this environment.
You press <<13>> and receive 41 points.
You press <<12>> and receive 36 points.
You press <<15>> and receive 15 points.
You press <<16>> and receive 23 points.
You press <<13>> and receive 39 points.

Environment number 7:
The value of option 3 is 44. You have 5 choices to make in this environment.
You press <<4>> and receive 45 points.
You press <<5>> and receive 38 points.
You press <<2>> and receive 61 points.
You press <<1>> and receive 62 points.
You press <<1>> and receive 60 points.

Environment number 8:
The value of option 1 is 1. You have 10 choices to make in this environment.
You press <<2>> and receive 12 points.
You press <<3>> and receive 51 points.
You press <<4>> and receive 29 points.
You press <<3>> and receive 49 points.
You press <<3>> and receive 50 points.
You press <<3>> and receive 49 points.
You press <<3>> and receive 49 points.
You press <<3>> and receive 51 points.
You press <<3>> and receive 49 points.
You press <<3>> and receive 49 points.

Environment number 9:
The value of option 1 is 34. You have 10 choices to make in this environment.
You press <<2>> and receive 46 points.
You press <<3>> and receive 53 points.
You press <<4>> and receive 45 points.
You press <<3>> and receive 52 points.
You press <<3>> and receive 51 points.
You press <<3>> and receive 53 points.
You press <<3>> and receive 55 points.
You press <<3>> and receive 51 points.
You press <<3>> and receive 51 points.
You press <<3>> and receive 55 points.

Environment number 10:
The value of option 21 is 36. You have 10 choices to make in this environment.
You press <<20>> and receive 45 points.
You press <<19>> and receive 24 points.
You press <<20>> and receive 44 points.
You press <<20>> and receive 45 points.
You press <<20>> and receive 45 points.
You press <<20>> and receive 45 points.
You press <<20>> and receive 45 points.
You press <<20>> and receive 45 points.
You press <<20>> and receive 44 points.
You press <<20>> and receive 43 points.

Environment number 11:
The value of option 17 is 82. You have 5 choices to make in this environment.
You press <<16>> and receive 53 points.
You press <<18>> and receive 62 points.
You press <<17>> and receive 80 points.
You press <<17>> and receive 79 points.
You press <<17>> and receive 79 points.

Environment number 12:
The value of option 30 is 71. You have 5 choices to make in this environment.
You press <<29>> and receive 72 points.
You press <<28>> and receive 55 points.
You press <<29>> and receive 70 points.
You press <<29>> and receive 72 points.
You press <<29>> and receive 73 points.

Environment number 13:
The value of option 12 is 25. You have 5 choices to make in this environment.
You press <<13>> and receive 25 points.
You press <<11>> and receive 19 points.
You press <<10>> and receive 28 points.
You press <<9>> and receive 13 points.
You press <<10>> and receive 27 points.

Environment number 14:
The value of option 3 is 59. You have 10 choices to make in this environment.
You press <<4>> and receive 60 points.
You press <<5>> and receive 58 points.
You press <<4>> and receive 60 points.
You press <<4>> and receive 61 points.
You press <<4>> and receive 59 points.
You press <<4>> and receive 59 points.
You press <<4>> and receive 58 points.
You press <<4>> and receive 59 points.
You press <<4>> and receive 60 points.
You press <<4>> and receive 61 points.

Environment number 15:
The value of option 23 is 45. You have 10 choices to make in this environment.
You press <<22>> and receive 19 points.
You press <<24>> and receive 56 points.
You press <<25>> and receive 56 points.
You press <<26>> and receive 40 points.
You press <<25>> and receive 54 points.
You press <<25>> and receive 56 points.
You press <<25>> and receive 53 points.
You press <<25>> and receive 54 points.
You press <<25>> and receive 56 points.
You press <<25>> and receive 55 points.

Environment number 16:
The value of option 19 is 42. You have 5 choices to make in this environment.
You press <<",37
16,15,2,18,0,rough,19,5,42,57,"You will be presented with a series of 16 different environments to explore.
In each trial, you can select an option between numbers 1 and 30 by pressing the corresponding key.
By selecting any of these options, you will earn points associated with each unique option.
Imagine these options 1 through 30 as lying next to each other in an ordered line; options closer to each other tend to have similar rewards as rewards tend to cluster together.
For each environment, you will be able to make either 5 or 10 choices.
When you made all your choices in a given environment, you will start making choices in the next unexplored environment.
The rewards underlying the different options are different in each environment so you will learn them anew for each environment.
Each environment starts with the value of a single option revealed.
When you choose the number corresponding to a different option, you will be told the value of that option and receive those points.
Previously revealed options, including the starting option, can also be reselected, although there may be small changes in the point value.
It is your task to gain as many points as possible across all 16 environments.

Environment number 1:
The value of option 26 is 47. You have 10 choices to make in this environment.
You press <<24>> and receive 27 points.
You press <<27>> and receive 46 points.
You press <<28>> and receive 43 points.
You press <<25>> and receive 33 points.
You press <<26>> and receive 48 points.
You press <<26>> and receive 48 points.
You press <<26>> and receive 47 points.
You press <<26>> and receive 48 points.
You press <<26>> and receive 47 points.
You press <<26>> and receive 48 points.

Environment number 2:
The value of option 17 is 42. You have 10 choices to make in this environment.
You press <<18>> and receive 51 points.
You press <<19>> and receive 48 points.
You press <<16>> and receive 51 points.
You press <<15>> and receive 68 points.
You press <<14>> and receive 43 points.
You press <<13>> and receive 21 points.
You press <<15>> and receive 68 points.
You press <<15>> and receive 68 points.
You press <<15>> and receive 67 points.
You press <<15>> and receive 67 points.

Environment number 3:
The value of option 20 is 65. You have 5 choices to make in this environment.
You press <<19>> and receive 47 points.
You press <<21>> and receive 41 points.
You press <<20>> and receive 66 points.
You press <<20>> and receive 67 points.
You press <<20>> and receive 64 points.

Environment number 4:
The value of option 7 is 73. You have 10 choices to make in this environment.
You press <<8>> and receive 80 points.
You press <<9>> and receive 55 points.
You press <<8>> and receive 78 points.
You press <<8>> and receive 79 points.
You press <<8>> and receive 76 points.
You press <<8>> and receive 78 points.
You press <<8>> and receive 80 points.
You press <<8>> and receive 78 points.
You press <<8>> and receive 80 points.
You press <<8>> and receive 79 points.

Environment number 5:
The value of option 17 is 72. You have 5 choices to make in this environment.
You press <<18>> and receive 53 points.
You press <<17>> and receive 72 points.
You press <<17>> and receive 71 points.
You press <<17>> and receive 69 points.
You press <<17>> and receive 73 points.

Environment number 6:
The value of option 14 is 25. You have 5 choices to make in this environment.
You press <<13>> and receive 41 points.
You press <<12>> and receive 36 points.
You press <<15>> and receive 15 points.
You press <<16>> and receive 23 points.
You press <<13>> and receive 39 points.

Environment number 7:
The value of option 3 is 44. You have 5 choices to make in this environment.
You press <<4>> and receive 45 points.
You press <<5>> and receive 38 points.
You press <<2>> and receive 61 points.
You press <<1>> and receive 62 points.
You press <<1>> and receive 60 points.

Environment number 8:
The value of option 1 is 1. You have 10 choices to make in this environment.
You press <<2>> and receive 12 points.
You press <<3>> and receive 51 points.
You press <<4>> and receive 29 points.
You press <<3>> and receive 49 points.
You press <<3>> and receive 50 points.
You press <<3>> and receive 49 points.
You press <<3>> and receive 49 points.
You press <<3>> and receive 51 points.
You press <<3>> and receive 49 points.
You press <<3>> and receive 49 points.

Environment number 9:
The value of option 1 is 34. You have 10 choices to make in this environment.
You press <<2>> and receive 46 points.
You press <<3>> and receive 53 points.
You press <<4>> and receive 45 points.
You press <<3>> and receive 52 points.
You press <<3>> and receive 51 points.
You press <<3>> and receive 53 points.
You press <<3>> and receive 55 points.
You press <<3>> and receive 51 points.
You press <<3>> and receive 51 points.
You press <<3>> and receive 55 points.

Environment number 10:
The value of option 21 is 36. You have 10 choices to make in this environment.
You press <<20>> and receive 45 points.
You press <<19>> and receive 24 points.
You press <<20>> and receive 44 points.
You press <<20>> and receive 45 points.
You press <<20>> and receive 45 points.
You press <<20>> and receive 45 points.
You press <<20>> and receive 45 points.
You press <<20>> and receive 45 points.
You press <<20>> and receive 44 points.
You press <<20>> and receive 43 points.

Environment number 11:
The value of option 17 is 82. You have 5 choices to make in this environment.
You press <<16>> and receive 53 points.
You press <<18>> and receive 62 points.
You press <<17>> and receive 80 points.
You press <<17>> and receive 79 points.
You press <<17>> and receive 79 points.

Environment number 12:
The value of option 30 is 71. You have 5 choices to make in this environment.
You press <<29>> and receive 72 points.
You press <<28>> and receive 55 points.
You press <<29>> and receive 70 points.
You press <<29>> and receive 72 points.
You press <<29>> and receive 73 points.

Environment number 13:
The value of option 12 is 25. You have 5 choices to make in this environment.
You press <<13>> and receive 25 points.
You press <<11>> and receive 19 points.
You press <<10>> and receive 28 points.
You press <<9>> and receive 13 points.
You press <<10>> and receive 27 points.

Environment number 14:
The value of option 3 is 59. You have 10 choices to make in this environment.
You press <<4>> and receive 60 points.
You press <<5>> and receive 58 points.
You press <<4>> and receive 60 points.
You press <<4>> and receive 61 points.
You press <<4>> and receive 59 points.
You press <<4>> and receive 59 points.
You press <<4>> and receive 58 points.
You press <<4>> and receive 59 points.
You press <<4>> and receive 60 points.
You press <<4>> and receive 61 points.

Environment number 15:
The value of option 23 is 45. You have 10 choices to make in this environment.
You press <<22>> and receive 19 points.
You press <<24>> and receive 56 points.
You press <<25>> and receive 56 points.
You press <<26>> and receive 40 points.
You press <<25>> and receive 54 points.
You press <<25>> and receive 56 points.
You press <<25>> and receive 53 points.
You press <<25>> and receive 54 points.
You press <<25>> and receive 56 points.
You press <<25>> and receive 55 points.

Environment number 16:
The value of option 19 is 42. You have 5 choices to make in this environment.
You press <<20>> and receive 39 points.
You press <<",37
16,15,3,18,0,rough,19,5,42,57,"You will be presented with a series of 16 different environments to explore.
In each trial, you can select an option between numbers 1 and 30 by pressing the corresponding key.
By selecting any of these options, you will earn points associated with each unique option.
Imagine these options 1 through 30 as lying next to each other in an ordered line; options closer to each other tend to have similar rewards as rewards tend to cluster together.
For each environment, you will be able to make either 5 or 10 choices.
When you made all your choices in a given environment, you will start making choices in the next unexplored environment.
The rewards underlying the different options are different in each environment so you will learn them anew for each environment.
Each environment starts with the value of a single option revealed.
When you choose the number corresponding to a different option, you will be told the value of that option and receive those points.
Previously revealed options, including the starting option, can also be reselected, although there may be small changes in the point value.
It is your task to gain as many points as possible across all 16 environments.

Environment number 1:
The value of option 26 is 47. You have 10 choices to make in this environment.
You press <<24>> and receive 27 points.
You press <<27>> and receive 46 points.
You press <<28>> and receive 43 points.
You press <<25>> and receive 33 points.
You press <<26>> and receive 48 points.
You press <<26>> and receive 48 points.
You press <<26>> and receive 47 points.
You press <<26>> and receive 48 points.
You press <<26>> and receive 47 points.
You press <<26>> and receive 48 points.

Environment number 2:
The value of option 17 is 42. You have 10 choices to make in this environment.
You press <<18>> and receive 51 points.
You press <<19>> and receive 48 points.
You press <<16>> and receive 51 points.
You press <<15>> and receive 68 points.
You press <<14>> and receive 43 points.
You press <<13>> and receive 21 points.
You press <<15>> and receive 68 points.
You press <<15>> and receive 68 points.
You press <<15>> and receive 67 points.
You press <<15>> and receive 67 points.

Environment number 3:
The value of option 20 is 65. You have 5 choices to make in this environment.
You press <<19>> and receive 47 points.
You press <<21>> and receive 41 points.
You press <<20>> and receive 66 points.
You press <<20>> and receive 67 points.
You press <<20>> and receive 64 points.

Environment number 4:
The value of option 7 is 73. You have 10 choices to make in this environment.
You press <<8>> and receive 80 points.
You press <<9>> and receive 55 points.
You press <<8>> and receive 78 points.
You press <<8>> and receive 79 points.
You press <<8>> and receive 76 points.
You press <<8>> and receive 78 points.
You press <<8>> and receive 80 points.
You press <<8>> and receive 78 points.
You press <<8>> and receive 80 points.
You press <<8>> and receive 79 points.

Environment number 5:
The value of option 17 is 72. You have 5 choices to make in this environment.
You press <<18>> and receive 53 points.
You press <<17>> and receive 72 points.
You press <<17>> and receive 71 points.
You press <<17>> and receive 69 points.
You press <<17>> and receive 73 points.

Environment number 6:
The value of option 14 is 25. You have 5 choices to make in this environment.
You press <<13>> and receive 41 points.
You press <<12>> and receive 36 points.
You press <<15>> and receive 15 points.
You press <<16>> and receive 23 points.
You press <<13>> and receive 39 points.

Environment number 7:
The value of option 3 is 44. You have 5 choices to make in this environment.
You press <<4>> and receive 45 points.
You press <<5>> and receive 38 points.
You press <<2>> and receive 61 points.
You press <<1>> and receive 62 points.
You press <<1>> and receive 60 points.

Environment number 8:
The value of option 1 is 1. You have 10 choices to make in this environment.
You press <<2>> and receive 12 points.
You press <<3>> and receive 51 points.
You press <<4>> and receive 29 points.
You press <<3>> and receive 49 points.
You press <<3>> and receive 50 points.
You press <<3>> and receive 49 points.
You press <<3>> and receive 49 points.
You press <<3>> and receive 51 points.
You press <<3>> and receive 49 points.
You press <<3>> and receive 49 points.

Environment number 9:
The value of option 1 is 34. You have 10 choices to make in this environment.
You press <<2>> and receive 46 points.
You press <<3>> and receive 53 points.
You press <<4>> and receive 45 points.
You press <<3>> and receive 52 points.
You press <<3>> and receive 51 points.
You press <<3>> and receive 53 points.
You press <<3>> and receive 55 points.
You press <<3>> and receive 51 points.
You press <<3>> and receive 51 points.
You press <<3>> and receive 55 points.

Environment number 10:
The value of option 21 is 36. You have 10 choices to make in this environment.
You press <<20>> and receive 45 points.
You press <<19>> and receive 24 points.
You press <<20>> and receive 44 points.
You press <<20>> and receive 45 points.
You press <<20>> and receive 45 points.
You press <<20>> and receive 45 points.
You press <<20>> and receive 45 points.
You press <<20>> and receive 45 points.
You press <<20>> and receive 44 points.
You press <<20>> and receive 43 points.

Environment number 11:
The value of option 17 is 82. You have 5 choices to make in this environment.
You press <<16>> and receive 53 points.
You press <<18>> and receive 62 points.
You press <<17>> and receive 80 points.
You press <<17>> and receive 79 points.
You press <<17>> and receive 79 points.

Environment number 12:
The value of option 30 is 71. You have 5 choices to make in this environment.
You press <<29>> and receive 72 points.
You press <<28>> and receive 55 points.
You press <<29>> and receive 70 points.
You press <<29>> and receive 72 points.
You press <<29>> and receive 73 points.

Environment number 13:
The value of option 12 is 25. You have 5 choices to make in this environment.
You press <<13>> and receive 25 points.
You press <<11>> and receive 19 points.
You press <<10>> and receive 28 points.
You press <<9>> and receive 13 points.
You press <<10>> and receive 27 points.

Environment number 14:
The value of option 3 is 59. You have 10 choices to make in this environment.
You press <<4>> and receive 60 points.
You press <<5>> and receive 58 points.
You press <<4>> and receive 60 points.
You press <<4>> and receive 61 points.
You press <<4>> and receive 59 points.
You press <<4>> and receive 59 points.
You press <<4>> and receive 58 points.
You press <<4>> and receive 59 points.
You press <<4>> and receive 60 points.
You press <<4>> and receive 61 points.

Environment number 15:
The value of option 23 is 45. You have 10 choices to make in this environment.
You press <<22>> and receive 19 points.
You press <<24>> and receive 56 points.
You press <<25>> and receive 56 points.
You press <<26>> and receive 40 points.
You press <<25>> and receive 54 points.
You press <<25>> and receive 56 points.
You press <<25>> and receive 53 points.
You press <<25>> and receive 54 points.
You press <<25>> and receive 56 points.
You press <<25>> and receive 55 points.

Environment number 16:
The value of option 19 is 42. You have 5 choices to make in this environment.
You press <<20>> and receive 39 points.
You press <<18>> and receive 57 points.
You press <<",37
16,15,4,18,0,rough,19,5,42,57,"You will be presented with a series of 16 different environments to explore.
In each trial, you can select an option between numbers 1 and 30 by pressing the corresponding key.
By selecting any of these options, you will earn points associated with each unique option.
Imagine these options 1 through 30 as lying next to each other in an ordered line; options closer to each other tend to have similar rewards as rewards tend to cluster together.
For each environment, you will be able to make either 5 or 10 choices.
When you made all your choices in a given environment, you will start making choices in the next unexplored environment.
The rewards underlying the different options are different in each environment so you will learn them anew for each environment.
Each environment starts with the value of a single option revealed.
When you choose the number corresponding to a different option, you will be told the value of that option and receive those points.
Previously revealed options, including the starting option, can also be reselected, although there may be small changes in the point value.
It is your task to gain as many points as possible across all 16 environments.

Environment number 1:
The value of option 26 is 47. You have 10 choices to make in this environment.
You press <<24>> and receive 27 points.
You press <<27>> and receive 46 points.
You press <<28>> and receive 43 points.
You press <<25>> and receive 33 points.
You press <<26>> and receive 48 points.
You press <<26>> and receive 48 points.
You press <<26>> and receive 47 points.
You press <<26>> and receive 48 points.
You press <<26>> and receive 47 points.
You press <<26>> and receive 48 points.

Environment number 2:
The value of option 17 is 42. You have 10 choices to make in this environment.
You press <<18>> and receive 51 points.
You press <<19>> and receive 48 points.
You press <<16>> and receive 51 points.
You press <<15>> and receive 68 points.
You press <<14>> and receive 43 points.
You press <<13>> and receive 21 points.
You press <<15>> and receive 68 points.
You press <<15>> and receive 68 points.
You press <<15>> and receive 67 points.
You press <<15>> and receive 67 points.

Environment number 3:
The value of option 20 is 65. You have 5 choices to make in this environment.
You press <<19>> and receive 47 points.
You press <<21>> and receive 41 points.
You press <<20>> and receive 66 points.
You press <<20>> and receive 67 points.
You press <<20>> and receive 64 points.

Environment number 4:
The value of option 7 is 73. You have 10 choices to make in this environment.
You press <<8>> and receive 80 points.
You press <<9>> and receive 55 points.
You press <<8>> and receive 78 points.
You press <<8>> and receive 79 points.
You press <<8>> and receive 76 points.
You press <<8>> and receive 78 points.
You press <<8>> and receive 80 points.
You press <<8>> and receive 78 points.
You press <<8>> and receive 80 points.
You press <<8>> and receive 79 points.

Environment number 5:
The value of option 17 is 72. You have 5 choices to make in this environment.
You press <<18>> and receive 53 points.
You press <<17>> and receive 72 points.
You press <<17>> and receive 71 points.
You press <<17>> and receive 69 points.
You press <<17>> and receive 73 points.

Environment number 6:
The value of option 14 is 25. You have 5 choices to make in this environment.
You press <<13>> and receive 41 points.
You press <<12>> and receive 36 points.
You press <<15>> and receive 15 points.
You press <<16>> and receive 23 points.
You press <<13>> and receive 39 points.

Environment number 7:
The value of option 3 is 44. You have 5 choices to make in this environment.
You press <<4>> and receive 45 points.
You press <<5>> and receive 38 points.
You press <<2>> and receive 61 points.
You press <<1>> and receive 62 points.
You press <<1>> and receive 60 points.

Environment number 8:
The value of option 1 is 1. You have 10 choices to make in this environment.
You press <<2>> and receive 12 points.
You press <<3>> and receive 51 points.
You press <<4>> and receive 29 points.
You press <<3>> and receive 49 points.
You press <<3>> and receive 50 points.
You press <<3>> and receive 49 points.
You press <<3>> and receive 49 points.
You press <<3>> and receive 51 points.
You press <<3>> and receive 49 points.
You press <<3>> and receive 49 points.

Environment number 9:
The value of option 1 is 34. You have 10 choices to make in this environment.
You press <<2>> and receive 46 points.
You press <<3>> and receive 53 points.
You press <<4>> and receive 45 points.
You press <<3>> and receive 52 points.
You press <<3>> and receive 51 points.
You press <<3>> and receive 53 points.
You press <<3>> and receive 55 points.
You press <<3>> and receive 51 points.
You press <<3>> and receive 51 points.
You press <<3>> and receive 55 points.

Environment number 10:
The value of option 21 is 36. You have 10 choices to make in this environment.
You press <<20>> and receive 45 points.
You press <<19>> and receive 24 points.
You press <<20>> and receive 44 points.
You press <<20>> and receive 45 points.
You press <<20>> and receive 45 points.
You press <<20>> and receive 45 points.
You press <<20>> and receive 45 points.
You press <<20>> and receive 45 points.
You press <<20>> and receive 44 points.
You press <<20>> and receive 43 points.

Environment number 11:
The value of option 17 is 82. You have 5 choices to make in this environment.
You press <<16>> and receive 53 points.
You press <<18>> and receive 62 points.
You press <<17>> and receive 80 points.
You press <<17>> and receive 79 points.
You press <<17>> and receive 79 points.

Environment number 12:
The value of option 30 is 71. You have 5 choices to make in this environment.
You press <<29>> and receive 72 points.
You press <<28>> and receive 55 points.
You press <<29>> and receive 70 points.
You press <<29>> and receive 72 points.
You press <<29>> and receive 73 points.

Environment number 13:
The value of option 12 is 25. You have 5 choices to make in this environment.
You press <<13>> and receive 25 points.
You press <<11>> and receive 19 points.
You press <<10>> and receive 28 points.
You press <<9>> and receive 13 points.
You press <<10>> and receive 27 points.

Environment number 14:
The value of option 3 is 59. You have 10 choices to make in this environment.
You press <<4>> and receive 60 points.
You press <<5>> and receive 58 points.
You press <<4>> and receive 60 points.
You press <<4>> and receive 61 points.
You press <<4>> and receive 59 points.
You press <<4>> and receive 59 points.
You press <<4>> and receive 58 points.
You press <<4>> and receive 59 points.
You press <<4>> and receive 60 points.
You press <<4>> and receive 61 points.

Environment number 15:
The value of option 23 is 45. You have 10 choices to make in this environment.
You press <<22>> and receive 19 points.
You press <<24>> and receive 56 points.
You press <<25>> and receive 56 points.
You press <<26>> and receive 40 points.
You press <<25>> and receive 54 points.
You press <<25>> and receive 56 points.
You press <<25>> and receive 53 points.
You press <<25>> and receive 54 points.
You press <<25>> and receive 56 points.
You press <<25>> and receive 55 points.

Environment number 16:
The value of option 19 is 42. You have 5 choices to make in this environment.
You press <<20>> and receive 39 points.
You press <<18>> and receive 57 points.
You press <<18>> and receive 57 points.
You press <<",37
16,15,5,18,0,rough,19,5,42,56,"You will be presented with a series of 16 different environments to explore.
In each trial, you can select an option between numbers 1 and 30 by pressing the corresponding key.
By selecting any of these options, you will earn points associated with each unique option.
Imagine these options 1 through 30 as lying next to each other in an ordered line; options closer to each other tend to have similar rewards as rewards tend to cluster together.
For each environment, you will be able to make either 5 or 10 choices.
When you made all your choices in a given environment, you will start making choices in the next unexplored environment.
The rewards underlying the different options are different in each environment so you will learn them anew for each environment.
Each environment starts with the value of a single option revealed.
When you choose the number corresponding to a different option, you will be told the value of that option and receive those points.
Previously revealed options, including the starting option, can also be reselected, although there may be small changes in the point value.
It is your task to gain as many points as possible across all 16 environments.

Environment number 1:
The value of option 26 is 47. You have 10 choices to make in this environment.
You press <<24>> and receive 27 points.
You press <<27>> and receive 46 points.
You press <<28>> and receive 43 points.
You press <<25>> and receive 33 points.
You press <<26>> and receive 48 points.
You press <<26>> and receive 48 points.
You press <<26>> and receive 47 points.
You press <<26>> and receive 48 points.
You press <<26>> and receive 47 points.
You press <<26>> and receive 48 points.

Environment number 2:
The value of option 17 is 42. You have 10 choices to make in this environment.
You press <<18>> and receive 51 points.
You press <<19>> and receive 48 points.
You press <<16>> and receive 51 points.
You press <<15>> and receive 68 points.
You press <<14>> and receive 43 points.
You press <<13>> and receive 21 points.
You press <<15>> and receive 68 points.
You press <<15>> and receive 68 points.
You press <<15>> and receive 67 points.
You press <<15>> and receive 67 points.

Environment number 3:
The value of option 20 is 65. You have 5 choices to make in this environment.
You press <<19>> and receive 47 points.
You press <<21>> and receive 41 points.
You press <<20>> and receive 66 points.
You press <<20>> and receive 67 points.
You press <<20>> and receive 64 points.

Environment number 4:
The value of option 7 is 73. You have 10 choices to make in this environment.
You press <<8>> and receive 80 points.
You press <<9>> and receive 55 points.
You press <<8>> and receive 78 points.
You press <<8>> and receive 79 points.
You press <<8>> and receive 76 points.
You press <<8>> and receive 78 points.
You press <<8>> and receive 80 points.
You press <<8>> and receive 78 points.
You press <<8>> and receive 80 points.
You press <<8>> and receive 79 points.

Environment number 5:
The value of option 17 is 72. You have 5 choices to make in this environment.
You press <<18>> and receive 53 points.
You press <<17>> and receive 72 points.
You press <<17>> and receive 71 points.
You press <<17>> and receive 69 points.
You press <<17>> and receive 73 points.

Environment number 6:
The value of option 14 is 25. You have 5 choices to make in this environment.
You press <<13>> and receive 41 points.
You press <<12>> and receive 36 points.
You press <<15>> and receive 15 points.
You press <<16>> and receive 23 points.
You press <<13>> and receive 39 points.

Environment number 7:
The value of option 3 is 44. You have 5 choices to make in this environment.
You press <<4>> and receive 45 points.
You press <<5>> and receive 38 points.
You press <<2>> and receive 61 points.
You press <<1>> and receive 62 points.
You press <<1>> and receive 60 points.

Environment number 8:
The value of option 1 is 1. You have 10 choices to make in this environment.
You press <<2>> and receive 12 points.
You press <<3>> and receive 51 points.
You press <<4>> and receive 29 points.
You press <<3>> and receive 49 points.
You press <<3>> and receive 50 points.
You press <<3>> and receive 49 points.
You press <<3>> and receive 49 points.
You press <<3>> and receive 51 points.
You press <<3>> and receive 49 points.
You press <<3>> and receive 49 points.

Environment number 9:
The value of option 1 is 34. You have 10 choices to make in this environment.
You press <<2>> and receive 46 points.
You press <<3>> and receive 53 points.
You press <<4>> and receive 45 points.
You press <<3>> and receive 52 points.
You press <<3>> and receive 51 points.
You press <<3>> and receive 53 points.
You press <<3>> and receive 55 points.
You press <<3>> and receive 51 points.
You press <<3>> and receive 51 points.
You press <<3>> and receive 55 points.

Environment number 10:
The value of option 21 is 36. You have 10 choices to make in this environment.
You press <<20>> and receive 45 points.
You press <<19>> and receive 24 points.
You press <<20>> and receive 44 points.
You press <<20>> and receive 45 points.
You press <<20>> and receive 45 points.
You press <<20>> and receive 45 points.
You press <<20>> and receive 45 points.
You press <<20>> and receive 45 points.
You press <<20>> and receive 44 points.
You press <<20>> and receive 43 points.

Environment number 11:
The value of option 17 is 82. You have 5 choices to make in this environment.
You press <<16>> and receive 53 points.
You press <<18>> and receive 62 points.
You press <<17>> and receive 80 points.
You press <<17>> and receive 79 points.
You press <<17>> and receive 79 points.

Environment number 12:
The value of option 30 is 71. You have 5 choices to make in this environment.
You press <<29>> and receive 72 points.
You press <<28>> and receive 55 points.
You press <<29>> and receive 70 points.
You press <<29>> and receive 72 points.
You press <<29>> and receive 73 points.

Environment number 13:
The value of option 12 is 25. You have 5 choices to make in this environment.
You press <<13>> and receive 25 points.
You press <<11>> and receive 19 points.
You press <<10>> and receive 28 points.
You press <<9>> and receive 13 points.
You press <<10>> and receive 27 points.

Environment number 14:
The value of option 3 is 59. You have 10 choices to make in this environment.
You press <<4>> and receive 60 points.
You press <<5>> and receive 58 points.
You press <<4>> and receive 60 points.
You press <<4>> and receive 61 points.
You press <<4>> and receive 59 points.
You press <<4>> and receive 59 points.
You press <<4>> and receive 58 points.
You press <<4>> and receive 59 points.
You press <<4>> and receive 60 points.
You press <<4>> and receive 61 points.

Environment number 15:
The value of option 23 is 45. You have 10 choices to make in this environment.
You press <<22>> and receive 19 points.
You press <<24>> and receive 56 points.
You press <<25>> and receive 56 points.
You press <<26>> and receive 40 points.
You press <<25>> and receive 54 points.
You press <<25>> and receive 56 points.
You press <<25>> and receive 53 points.
You press <<25>> and receive 54 points.
You press <<25>> and receive 56 points.
You press <<25>> and receive 55 points.

Environment number 16:
The value of option 19 is 42. You have 5 choices to make in this environment.
You press <<20>> and receive 39 points.
You press <<18>> and receive 57 points.
You press <<18>> and receive 57 points.
You press <<18>> and receive 57 points.
You press <<",37
