env_idx,env_id,trial,choice,scenario,kernel,init_option,horizon,init_reward,reward,prompt,random_seed
1,18,1,29,1,smooth,30,5,51,56,"You will be presented with a series of 16 different environments to explore.
In each trial, you can select an option between numbers 1 and 30 by pressing the corresponding key.
By selecting any of these options, you will earn points associated with each unique option.
Imagine these options 1 through 30 as lying next to each other in an ordered line; options closer to each other tend to have similar rewards as rewards tend to cluster together.
For each environment, you will be able to make either 5 or 10 choices.
When you made all your choices in a given environment, you will start making choices in the next unexplored environment.
The rewards underlying the different options are different in each environment so you will learn them anew for each environment.
Each environment starts with the value of a single option revealed.
When you choose the number corresponding to a different option, you will be told the value of that option and receive those points.
Previously revealed options, including the starting option, can also be reselected, although there may be small changes in the point value.
It is your task to to learn where the largest reward is in each of the 16 environments.

Environment number 1:
The value of option 30 is 51. You have 5 choices to make in this environment.
You press <<",45
1,18,2,28,1,smooth,30,5,51,52,"You will be presented with a series of 16 different environments to explore.
In each trial, you can select an option between numbers 1 and 30 by pressing the corresponding key.
By selecting any of these options, you will earn points associated with each unique option.
Imagine these options 1 through 30 as lying next to each other in an ordered line; options closer to each other tend to have similar rewards as rewards tend to cluster together.
For each environment, you will be able to make either 5 or 10 choices.
When you made all your choices in a given environment, you will start making choices in the next unexplored environment.
The rewards underlying the different options are different in each environment so you will learn them anew for each environment.
Each environment starts with the value of a single option revealed.
When you choose the number corresponding to a different option, you will be told the value of that option and receive those points.
Previously revealed options, including the starting option, can also be reselected, although there may be small changes in the point value.
It is your task to to learn where the largest reward is in each of the 16 environments.

Environment number 1:
The value of option 30 is 51. You have 5 choices to make in this environment.
You press <<29>> and receive 56 points.
You press <<",45
1,18,3,27,1,smooth,30,5,51,43,"You will be presented with a series of 16 different environments to explore.
In each trial, you can select an option between numbers 1 and 30 by pressing the corresponding key.
By selecting any of these options, you will earn points associated with each unique option.
Imagine these options 1 through 30 as lying next to each other in an ordered line; options closer to each other tend to have similar rewards as rewards tend to cluster together.
For each environment, you will be able to make either 5 or 10 choices.
When you made all your choices in a given environment, you will start making choices in the next unexplored environment.
The rewards underlying the different options are different in each environment so you will learn them anew for each environment.
Each environment starts with the value of a single option revealed.
When you choose the number corresponding to a different option, you will be told the value of that option and receive those points.
Previously revealed options, including the starting option, can also be reselected, although there may be small changes in the point value.
It is your task to to learn where the largest reward is in each of the 16 environments.

Environment number 1:
The value of option 30 is 51. You have 5 choices to make in this environment.
You press <<29>> and receive 56 points.
You press <<28>> and receive 52 points.
You press <<",45
1,18,4,26,1,smooth,30,5,51,34,"You will be presented with a series of 16 different environments to explore.
In each trial, you can select an option between numbers 1 and 30 by pressing the corresponding key.
By selecting any of these options, you will earn points associated with each unique option.
Imagine these options 1 through 30 as lying next to each other in an ordered line; options closer to each other tend to have similar rewards as rewards tend to cluster together.
For each environment, you will be able to make either 5 or 10 choices.
When you made all your choices in a given environment, you will start making choices in the next unexplored environment.
The rewards underlying the different options are different in each environment so you will learn them anew for each environment.
Each environment starts with the value of a single option revealed.
When you choose the number corresponding to a different option, you will be told the value of that option and receive those points.
Previously revealed options, including the starting option, can also be reselected, although there may be small changes in the point value.
It is your task to to learn where the largest reward is in each of the 16 environments.

Environment number 1:
The value of option 30 is 51. You have 5 choices to make in this environment.
You press <<29>> and receive 56 points.
You press <<28>> and receive 52 points.
You press <<27>> and receive 43 points.
You press <<",45
1,18,5,25,1,smooth,30,5,51,27,"You will be presented with a series of 16 different environments to explore.
In each trial, you can select an option between numbers 1 and 30 by pressing the corresponding key.
By selecting any of these options, you will earn points associated with each unique option.
Imagine these options 1 through 30 as lying next to each other in an ordered line; options closer to each other tend to have similar rewards as rewards tend to cluster together.
For each environment, you will be able to make either 5 or 10 choices.
When you made all your choices in a given environment, you will start making choices in the next unexplored environment.
The rewards underlying the different options are different in each environment so you will learn them anew for each environment.
Each environment starts with the value of a single option revealed.
When you choose the number corresponding to a different option, you will be told the value of that option and receive those points.
Previously revealed options, including the starting option, can also be reselected, although there may be small changes in the point value.
It is your task to to learn where the largest reward is in each of the 16 environments.

Environment number 1:
The value of option 30 is 51. You have 5 choices to make in this environment.
You press <<29>> and receive 56 points.
You press <<28>> and receive 52 points.
You press <<27>> and receive 43 points.
You press <<26>> and receive 34 points.
You press <<",45
2,27,1,26,1,smooth,2,5,18,0,"You will be presented with a series of 16 different environments to explore.
In each trial, you can select an option between numbers 1 and 30 by pressing the corresponding key.
By selecting any of these options, you will earn points associated with each unique option.
Imagine these options 1 through 30 as lying next to each other in an ordered line; options closer to each other tend to have similar rewards as rewards tend to cluster together.
For each environment, you will be able to make either 5 or 10 choices.
When you made all your choices in a given environment, you will start making choices in the next unexplored environment.
The rewards underlying the different options are different in each environment so you will learn them anew for each environment.
Each environment starts with the value of a single option revealed.
When you choose the number corresponding to a different option, you will be told the value of that option and receive those points.
Previously revealed options, including the starting option, can also be reselected, although there may be small changes in the point value.
It is your task to to learn where the largest reward is in each of the 16 environments.

Environment number 1:
The value of option 30 is 51. You have 5 choices to make in this environment.
You press <<29>> and receive 56 points.
You press <<28>> and receive 52 points.
You press <<27>> and receive 43 points.
You press <<26>> and receive 34 points.
You press <<25>> and receive 27 points.

Environment number 2:
The value of option 2 is 18. You have 5 choices to make in this environment.
You press <<",45
2,27,2,15,1,smooth,2,5,18,5,"You will be presented with a series of 16 different environments to explore.
In each trial, you can select an option between numbers 1 and 30 by pressing the corresponding key.
By selecting any of these options, you will earn points associated with each unique option.
Imagine these options 1 through 30 as lying next to each other in an ordered line; options closer to each other tend to have similar rewards as rewards tend to cluster together.
For each environment, you will be able to make either 5 or 10 choices.
When you made all your choices in a given environment, you will start making choices in the next unexplored environment.
The rewards underlying the different options are different in each environment so you will learn them anew for each environment.
Each environment starts with the value of a single option revealed.
When you choose the number corresponding to a different option, you will be told the value of that option and receive those points.
Previously revealed options, including the starting option, can also be reselected, although there may be small changes in the point value.
It is your task to to learn where the largest reward is in each of the 16 environments.

Environment number 1:
The value of option 30 is 51. You have 5 choices to make in this environment.
You press <<29>> and receive 56 points.
You press <<28>> and receive 52 points.
You press <<27>> and receive 43 points.
You press <<26>> and receive 34 points.
You press <<25>> and receive 27 points.

Environment number 2:
The value of option 2 is 18. You have 5 choices to make in this environment.
You press <<26>> and receive 0 points.
You press <<",45
2,27,3,7,1,smooth,2,5,18,59,"You will be presented with a series of 16 different environments to explore.
In each trial, you can select an option between numbers 1 and 30 by pressing the corresponding key.
By selecting any of these options, you will earn points associated with each unique option.
Imagine these options 1 through 30 as lying next to each other in an ordered line; options closer to each other tend to have similar rewards as rewards tend to cluster together.
For each environment, you will be able to make either 5 or 10 choices.
When you made all your choices in a given environment, you will start making choices in the next unexplored environment.
The rewards underlying the different options are different in each environment so you will learn them anew for each environment.
Each environment starts with the value of a single option revealed.
When you choose the number corresponding to a different option, you will be told the value of that option and receive those points.
Previously revealed options, including the starting option, can also be reselected, although there may be small changes in the point value.
It is your task to to learn where the largest reward is in each of the 16 environments.

Environment number 1:
The value of option 30 is 51. You have 5 choices to make in this environment.
You press <<29>> and receive 56 points.
You press <<28>> and receive 52 points.
You press <<27>> and receive 43 points.
You press <<26>> and receive 34 points.
You press <<25>> and receive 27 points.

Environment number 2:
The value of option 2 is 18. You have 5 choices to make in this environment.
You press <<26>> and receive 0 points.
You press <<15>> and receive 5 points.
You press <<",45
2,27,4,8,1,smooth,2,5,18,74,"You will be presented with a series of 16 different environments to explore.
In each trial, you can select an option between numbers 1 and 30 by pressing the corresponding key.
By selecting any of these options, you will earn points associated with each unique option.
Imagine these options 1 through 30 as lying next to each other in an ordered line; options closer to each other tend to have similar rewards as rewards tend to cluster together.
For each environment, you will be able to make either 5 or 10 choices.
When you made all your choices in a given environment, you will start making choices in the next unexplored environment.
The rewards underlying the different options are different in each environment so you will learn them anew for each environment.
Each environment starts with the value of a single option revealed.
When you choose the number corresponding to a different option, you will be told the value of that option and receive those points.
Previously revealed options, including the starting option, can also be reselected, although there may be small changes in the point value.
It is your task to to learn where the largest reward is in each of the 16 environments.

Environment number 1:
The value of option 30 is 51. You have 5 choices to make in this environment.
You press <<29>> and receive 56 points.
You press <<28>> and receive 52 points.
You press <<27>> and receive 43 points.
You press <<26>> and receive 34 points.
You press <<25>> and receive 27 points.

Environment number 2:
The value of option 2 is 18. You have 5 choices to make in this environment.
You press <<26>> and receive 0 points.
You press <<15>> and receive 5 points.
You press <<7>> and receive 59 points.
You press <<",45
2,27,5,9,1,smooth,2,5,18,72,"You will be presented with a series of 16 different environments to explore.
In each trial, you can select an option between numbers 1 and 30 by pressing the corresponding key.
By selecting any of these options, you will earn points associated with each unique option.
Imagine these options 1 through 30 as lying next to each other in an ordered line; options closer to each other tend to have similar rewards as rewards tend to cluster together.
For each environment, you will be able to make either 5 or 10 choices.
When you made all your choices in a given environment, you will start making choices in the next unexplored environment.
The rewards underlying the different options are different in each environment so you will learn them anew for each environment.
Each environment starts with the value of a single option revealed.
When you choose the number corresponding to a different option, you will be told the value of that option and receive those points.
Previously revealed options, including the starting option, can also be reselected, although there may be small changes in the point value.
It is your task to to learn where the largest reward is in each of the 16 environments.

Environment number 1:
The value of option 30 is 51. You have 5 choices to make in this environment.
You press <<29>> and receive 56 points.
You press <<28>> and receive 52 points.
You press <<27>> and receive 43 points.
You press <<26>> and receive 34 points.
You press <<25>> and receive 27 points.

Environment number 2:
The value of option 2 is 18. You have 5 choices to make in this environment.
You press <<26>> and receive 0 points.
You press <<15>> and receive 5 points.
You press <<7>> and receive 59 points.
You press <<8>> and receive 74 points.
You press <<",45
3,32,1,16,1,smooth,6,10,14,28,"You will be presented with a series of 16 different environments to explore.
In each trial, you can select an option between numbers 1 and 30 by pressing the corresponding key.
By selecting any of these options, you will earn points associated with each unique option.
Imagine these options 1 through 30 as lying next to each other in an ordered line; options closer to each other tend to have similar rewards as rewards tend to cluster together.
For each environment, you will be able to make either 5 or 10 choices.
When you made all your choices in a given environment, you will start making choices in the next unexplored environment.
The rewards underlying the different options are different in each environment so you will learn them anew for each environment.
Each environment starts with the value of a single option revealed.
When you choose the number corresponding to a different option, you will be told the value of that option and receive those points.
Previously revealed options, including the starting option, can also be reselected, although there may be small changes in the point value.
It is your task to to learn where the largest reward is in each of the 16 environments.

Environment number 1:
The value of option 30 is 51. You have 5 choices to make in this environment.
You press <<29>> and receive 56 points.
You press <<28>> and receive 52 points.
You press <<27>> and receive 43 points.
You press <<26>> and receive 34 points.
You press <<25>> and receive 27 points.

Environment number 2:
The value of option 2 is 18. You have 5 choices to make in this environment.
You press <<26>> and receive 0 points.
You press <<15>> and receive 5 points.
You press <<7>> and receive 59 points.
You press <<8>> and receive 74 points.
You press <<9>> and receive 72 points.

Environment number 3:
The value of option 6 is 14. You have 10 choices to make in this environment.
You press <<",45
3,32,2,25,1,smooth,6,10,14,1,"You will be presented with a series of 16 different environments to explore.
In each trial, you can select an option between numbers 1 and 30 by pressing the corresponding key.
By selecting any of these options, you will earn points associated with each unique option.
Imagine these options 1 through 30 as lying next to each other in an ordered line; options closer to each other tend to have similar rewards as rewards tend to cluster together.
For each environment, you will be able to make either 5 or 10 choices.
When you made all your choices in a given environment, you will start making choices in the next unexplored environment.
The rewards underlying the different options are different in each environment so you will learn them anew for each environment.
Each environment starts with the value of a single option revealed.
When you choose the number corresponding to a different option, you will be told the value of that option and receive those points.
Previously revealed options, including the starting option, can also be reselected, although there may be small changes in the point value.
It is your task to to learn where the largest reward is in each of the 16 environments.

Environment number 1:
The value of option 30 is 51. You have 5 choices to make in this environment.
You press <<29>> and receive 56 points.
You press <<28>> and receive 52 points.
You press <<27>> and receive 43 points.
You press <<26>> and receive 34 points.
You press <<25>> and receive 27 points.

Environment number 2:
The value of option 2 is 18. You have 5 choices to make in this environment.
You press <<26>> and receive 0 points.
You press <<15>> and receive 5 points.
You press <<7>> and receive 59 points.
You press <<8>> and receive 74 points.
You press <<9>> and receive 72 points.

Environment number 3:
The value of option 6 is 14. You have 10 choices to make in this environment.
You press <<16>> and receive 28 points.
You press <<",45
3,32,3,10,1,smooth,6,10,14,29,"You will be presented with a series of 16 different environments to explore.
In each trial, you can select an option between numbers 1 and 30 by pressing the corresponding key.
By selecting any of these options, you will earn points associated with each unique option.
Imagine these options 1 through 30 as lying next to each other in an ordered line; options closer to each other tend to have similar rewards as rewards tend to cluster together.
For each environment, you will be able to make either 5 or 10 choices.
When you made all your choices in a given environment, you will start making choices in the next unexplored environment.
The rewards underlying the different options are different in each environment so you will learn them anew for each environment.
Each environment starts with the value of a single option revealed.
When you choose the number corresponding to a different option, you will be told the value of that option and receive those points.
Previously revealed options, including the starting option, can also be reselected, although there may be small changes in the point value.
It is your task to to learn where the largest reward is in each of the 16 environments.

Environment number 1:
The value of option 30 is 51. You have 5 choices to make in this environment.
You press <<29>> and receive 56 points.
You press <<28>> and receive 52 points.
You press <<27>> and receive 43 points.
You press <<26>> and receive 34 points.
You press <<25>> and receive 27 points.

Environment number 2:
The value of option 2 is 18. You have 5 choices to make in this environment.
You press <<26>> and receive 0 points.
You press <<15>> and receive 5 points.
You press <<7>> and receive 59 points.
You press <<8>> and receive 74 points.
You press <<9>> and receive 72 points.

Environment number 3:
The value of option 6 is 14. You have 10 choices to make in this environment.
You press <<16>> and receive 28 points.
You press <<25>> and receive 1 points.
You press <<",45
3,32,4,5,1,smooth,6,10,14,26,"You will be presented with a series of 16 different environments to explore.
In each trial, you can select an option between numbers 1 and 30 by pressing the corresponding key.
By selecting any of these options, you will earn points associated with each unique option.
Imagine these options 1 through 30 as lying next to each other in an ordered line; options closer to each other tend to have similar rewards as rewards tend to cluster together.
For each environment, you will be able to make either 5 or 10 choices.
When you made all your choices in a given environment, you will start making choices in the next unexplored environment.
The rewards underlying the different options are different in each environment so you will learn them anew for each environment.
Each environment starts with the value of a single option revealed.
When you choose the number corresponding to a different option, you will be told the value of that option and receive those points.
Previously revealed options, including the starting option, can also be reselected, although there may be small changes in the point value.
It is your task to to learn where the largest reward is in each of the 16 environments.

Environment number 1:
The value of option 30 is 51. You have 5 choices to make in this environment.
You press <<29>> and receive 56 points.
You press <<28>> and receive 52 points.
You press <<27>> and receive 43 points.
You press <<26>> and receive 34 points.
You press <<25>> and receive 27 points.

Environment number 2:
The value of option 2 is 18. You have 5 choices to make in this environment.
You press <<26>> and receive 0 points.
You press <<15>> and receive 5 points.
You press <<7>> and receive 59 points.
You press <<8>> and receive 74 points.
You press <<9>> and receive 72 points.

Environment number 3:
The value of option 6 is 14. You have 10 choices to make in this environment.
You press <<16>> and receive 28 points.
You press <<25>> and receive 1 points.
You press <<10>> and receive 29 points.
You press <<",45
3,32,5,4,1,smooth,6,10,14,31,"You will be presented with a series of 16 different environments to explore.
In each trial, you can select an option between numbers 1 and 30 by pressing the corresponding key.
By selecting any of these options, you will earn points associated with each unique option.
Imagine these options 1 through 30 as lying next to each other in an ordered line; options closer to each other tend to have similar rewards as rewards tend to cluster together.
For each environment, you will be able to make either 5 or 10 choices.
When you made all your choices in a given environment, you will start making choices in the next unexplored environment.
The rewards underlying the different options are different in each environment so you will learn them anew for each environment.
Each environment starts with the value of a single option revealed.
When you choose the number corresponding to a different option, you will be told the value of that option and receive those points.
Previously revealed options, including the starting option, can also be reselected, although there may be small changes in the point value.
It is your task to to learn where the largest reward is in each of the 16 environments.

Environment number 1:
The value of option 30 is 51. You have 5 choices to make in this environment.
You press <<29>> and receive 56 points.
You press <<28>> and receive 52 points.
You press <<27>> and receive 43 points.
You press <<26>> and receive 34 points.
You press <<25>> and receive 27 points.

Environment number 2:
The value of option 2 is 18. You have 5 choices to make in this environment.
You press <<26>> and receive 0 points.
You press <<15>> and receive 5 points.
You press <<7>> and receive 59 points.
You press <<8>> and receive 74 points.
You press <<9>> and receive 72 points.

Environment number 3:
The value of option 6 is 14. You have 10 choices to make in this environment.
You press <<16>> and receive 28 points.
You press <<25>> and receive 1 points.
You press <<10>> and receive 29 points.
You press <<5>> and receive 26 points.
You press <<",45
3,32,6,3,1,smooth,6,10,14,30,"You will be presented with a series of 16 different environments to explore.
In each trial, you can select an option between numbers 1 and 30 by pressing the corresponding key.
By selecting any of these options, you will earn points associated with each unique option.
Imagine these options 1 through 30 as lying next to each other in an ordered line; options closer to each other tend to have similar rewards as rewards tend to cluster together.
For each environment, you will be able to make either 5 or 10 choices.
When you made all your choices in a given environment, you will start making choices in the next unexplored environment.
The rewards underlying the different options are different in each environment so you will learn them anew for each environment.
Each environment starts with the value of a single option revealed.
When you choose the number corresponding to a different option, you will be told the value of that option and receive those points.
Previously revealed options, including the starting option, can also be reselected, although there may be small changes in the point value.
It is your task to to learn where the largest reward is in each of the 16 environments.

Environment number 1:
The value of option 30 is 51. You have 5 choices to make in this environment.
You press <<29>> and receive 56 points.
You press <<28>> and receive 52 points.
You press <<27>> and receive 43 points.
You press <<26>> and receive 34 points.
You press <<25>> and receive 27 points.

Environment number 2:
The value of option 2 is 18. You have 5 choices to make in this environment.
You press <<26>> and receive 0 points.
You press <<15>> and receive 5 points.
You press <<7>> and receive 59 points.
You press <<8>> and receive 74 points.
You press <<9>> and receive 72 points.

Environment number 3:
The value of option 6 is 14. You have 10 choices to make in this environment.
You press <<16>> and receive 28 points.
You press <<25>> and receive 1 points.
You press <<10>> and receive 29 points.
You press <<5>> and receive 26 points.
You press <<4>> and receive 31 points.
You press <<",45
3,32,7,2,1,smooth,6,10,14,36,"You will be presented with a series of 16 different environments to explore.
In each trial, you can select an option between numbers 1 and 30 by pressing the corresponding key.
By selecting any of these options, you will earn points associated with each unique option.
Imagine these options 1 through 30 as lying next to each other in an ordered line; options closer to each other tend to have similar rewards as rewards tend to cluster together.
For each environment, you will be able to make either 5 or 10 choices.
When you made all your choices in a given environment, you will start making choices in the next unexplored environment.
The rewards underlying the different options are different in each environment so you will learn them anew for each environment.
Each environment starts with the value of a single option revealed.
When you choose the number corresponding to a different option, you will be told the value of that option and receive those points.
Previously revealed options, including the starting option, can also be reselected, although there may be small changes in the point value.
It is your task to to learn where the largest reward is in each of the 16 environments.

Environment number 1:
The value of option 30 is 51. You have 5 choices to make in this environment.
You press <<29>> and receive 56 points.
You press <<28>> and receive 52 points.
You press <<27>> and receive 43 points.
You press <<26>> and receive 34 points.
You press <<25>> and receive 27 points.

Environment number 2:
The value of option 2 is 18. You have 5 choices to make in this environment.
You press <<26>> and receive 0 points.
You press <<15>> and receive 5 points.
You press <<7>> and receive 59 points.
You press <<8>> and receive 74 points.
You press <<9>> and receive 72 points.

Environment number 3:
The value of option 6 is 14. You have 10 choices to make in this environment.
You press <<16>> and receive 28 points.
You press <<25>> and receive 1 points.
You press <<10>> and receive 29 points.
You press <<5>> and receive 26 points.
You press <<4>> and receive 31 points.
You press <<3>> and receive 30 points.
You press <<",45
3,32,8,1,1,smooth,6,10,14,43,"You will be presented with a series of 16 different environments to explore.
In each trial, you can select an option between numbers 1 and 30 by pressing the corresponding key.
By selecting any of these options, you will earn points associated with each unique option.
Imagine these options 1 through 30 as lying next to each other in an ordered line; options closer to each other tend to have similar rewards as rewards tend to cluster together.
For each environment, you will be able to make either 5 or 10 choices.
When you made all your choices in a given environment, you will start making choices in the next unexplored environment.
The rewards underlying the different options are different in each environment so you will learn them anew for each environment.
Each environment starts with the value of a single option revealed.
When you choose the number corresponding to a different option, you will be told the value of that option and receive those points.
Previously revealed options, including the starting option, can also be reselected, although there may be small changes in the point value.
It is your task to to learn where the largest reward is in each of the 16 environments.

Environment number 1:
The value of option 30 is 51. You have 5 choices to make in this environment.
You press <<29>> and receive 56 points.
You press <<28>> and receive 52 points.
You press <<27>> and receive 43 points.
You press <<26>> and receive 34 points.
You press <<25>> and receive 27 points.

Environment number 2:
The value of option 2 is 18. You have 5 choices to make in this environment.
You press <<26>> and receive 0 points.
You press <<15>> and receive 5 points.
You press <<7>> and receive 59 points.
You press <<8>> and receive 74 points.
You press <<9>> and receive 72 points.

Environment number 3:
The value of option 6 is 14. You have 10 choices to make in this environment.
You press <<16>> and receive 28 points.
You press <<25>> and receive 1 points.
You press <<10>> and receive 29 points.
You press <<5>> and receive 26 points.
You press <<4>> and receive 31 points.
You press <<3>> and receive 30 points.
You press <<2>> and receive 36 points.
You press <<",45
3,32,9,1,1,smooth,6,10,14,42,"You will be presented with a series of 16 different environments to explore.
In each trial, you can select an option between numbers 1 and 30 by pressing the corresponding key.
By selecting any of these options, you will earn points associated with each unique option.
Imagine these options 1 through 30 as lying next to each other in an ordered line; options closer to each other tend to have similar rewards as rewards tend to cluster together.
For each environment, you will be able to make either 5 or 10 choices.
When you made all your choices in a given environment, you will start making choices in the next unexplored environment.
The rewards underlying the different options are different in each environment so you will learn them anew for each environment.
Each environment starts with the value of a single option revealed.
When you choose the number corresponding to a different option, you will be told the value of that option and receive those points.
Previously revealed options, including the starting option, can also be reselected, although there may be small changes in the point value.
It is your task to to learn where the largest reward is in each of the 16 environments.

Environment number 1:
The value of option 30 is 51. You have 5 choices to make in this environment.
You press <<29>> and receive 56 points.
You press <<28>> and receive 52 points.
You press <<27>> and receive 43 points.
You press <<26>> and receive 34 points.
You press <<25>> and receive 27 points.

Environment number 2:
The value of option 2 is 18. You have 5 choices to make in this environment.
You press <<26>> and receive 0 points.
You press <<15>> and receive 5 points.
You press <<7>> and receive 59 points.
You press <<8>> and receive 74 points.
You press <<9>> and receive 72 points.

Environment number 3:
The value of option 6 is 14. You have 10 choices to make in this environment.
You press <<16>> and receive 28 points.
You press <<25>> and receive 1 points.
You press <<10>> and receive 29 points.
You press <<5>> and receive 26 points.
You press <<4>> and receive 31 points.
You press <<3>> and receive 30 points.
You press <<2>> and receive 36 points.
You press <<1>> and receive 43 points.
You press <<",45
3,32,10,1,1,smooth,6,10,14,43,"You will be presented with a series of 16 different environments to explore.
In each trial, you can select an option between numbers 1 and 30 by pressing the corresponding key.
By selecting any of these options, you will earn points associated with each unique option.
Imagine these options 1 through 30 as lying next to each other in an ordered line; options closer to each other tend to have similar rewards as rewards tend to cluster together.
For each environment, you will be able to make either 5 or 10 choices.
When you made all your choices in a given environment, you will start making choices in the next unexplored environment.
The rewards underlying the different options are different in each environment so you will learn them anew for each environment.
Each environment starts with the value of a single option revealed.
When you choose the number corresponding to a different option, you will be told the value of that option and receive those points.
Previously revealed options, including the starting option, can also be reselected, although there may be small changes in the point value.
It is your task to to learn where the largest reward is in each of the 16 environments.

Environment number 1:
The value of option 30 is 51. You have 5 choices to make in this environment.
You press <<29>> and receive 56 points.
You press <<28>> and receive 52 points.
You press <<27>> and receive 43 points.
You press <<26>> and receive 34 points.
You press <<25>> and receive 27 points.

Environment number 2:
The value of option 2 is 18. You have 5 choices to make in this environment.
You press <<26>> and receive 0 points.
You press <<15>> and receive 5 points.
You press <<7>> and receive 59 points.
You press <<8>> and receive 74 points.
You press <<9>> and receive 72 points.

Environment number 3:
The value of option 6 is 14. You have 10 choices to make in this environment.
You press <<16>> and receive 28 points.
You press <<25>> and receive 1 points.
You press <<10>> and receive 29 points.
You press <<5>> and receive 26 points.
You press <<4>> and receive 31 points.
You press <<3>> and receive 30 points.
You press <<2>> and receive 36 points.
You press <<1>> and receive 43 points.
You press <<1>> and receive 42 points.
You press <<",45
4,17,1,5,1,smooth,11,10,38,52,"You will be presented with a series of 16 different environments to explore.
In each trial, you can select an option between numbers 1 and 30 by pressing the corresponding key.
By selecting any of these options, you will earn points associated with each unique option.
Imagine these options 1 through 30 as lying next to each other in an ordered line; options closer to each other tend to have similar rewards as rewards tend to cluster together.
For each environment, you will be able to make either 5 or 10 choices.
When you made all your choices in a given environment, you will start making choices in the next unexplored environment.
The rewards underlying the different options are different in each environment so you will learn them anew for each environment.
Each environment starts with the value of a single option revealed.
When you choose the number corresponding to a different option, you will be told the value of that option and receive those points.
Previously revealed options, including the starting option, can also be reselected, although there may be small changes in the point value.
It is your task to to learn where the largest reward is in each of the 16 environments.

Environment number 1:
The value of option 30 is 51. You have 5 choices to make in this environment.
You press <<29>> and receive 56 points.
You press <<28>> and receive 52 points.
You press <<27>> and receive 43 points.
You press <<26>> and receive 34 points.
You press <<25>> and receive 27 points.

Environment number 2:
The value of option 2 is 18. You have 5 choices to make in this environment.
You press <<26>> and receive 0 points.
You press <<15>> and receive 5 points.
You press <<7>> and receive 59 points.
You press <<8>> and receive 74 points.
You press <<9>> and receive 72 points.

Environment number 3:
The value of option 6 is 14. You have 10 choices to make in this environment.
You press <<16>> and receive 28 points.
You press <<25>> and receive 1 points.
You press <<10>> and receive 29 points.
You press <<5>> and receive 26 points.
You press <<4>> and receive 31 points.
You press <<3>> and receive 30 points.
You press <<2>> and receive 36 points.
You press <<1>> and receive 43 points.
You press <<1>> and receive 42 points.
You press <<1>> and receive 43 points.

Environment number 4:
The value of option 11 is 38. You have 10 choices to make in this environment.
You press <<",45
4,17,2,3,1,smooth,11,10,38,60,"You will be presented with a series of 16 different environments to explore.
In each trial, you can select an option between numbers 1 and 30 by pressing the corresponding key.
By selecting any of these options, you will earn points associated with each unique option.
Imagine these options 1 through 30 as lying next to each other in an ordered line; options closer to each other tend to have similar rewards as rewards tend to cluster together.
For each environment, you will be able to make either 5 or 10 choices.
When you made all your choices in a given environment, you will start making choices in the next unexplored environment.
The rewards underlying the different options are different in each environment so you will learn them anew for each environment.
Each environment starts with the value of a single option revealed.
When you choose the number corresponding to a different option, you will be told the value of that option and receive those points.
Previously revealed options, including the starting option, can also be reselected, although there may be small changes in the point value.
It is your task to to learn where the largest reward is in each of the 16 environments.

Environment number 1:
The value of option 30 is 51. You have 5 choices to make in this environment.
You press <<29>> and receive 56 points.
You press <<28>> and receive 52 points.
You press <<27>> and receive 43 points.
You press <<26>> and receive 34 points.
You press <<25>> and receive 27 points.

Environment number 2:
The value of option 2 is 18. You have 5 choices to make in this environment.
You press <<26>> and receive 0 points.
You press <<15>> and receive 5 points.
You press <<7>> and receive 59 points.
You press <<8>> and receive 74 points.
You press <<9>> and receive 72 points.

Environment number 3:
The value of option 6 is 14. You have 10 choices to make in this environment.
You press <<16>> and receive 28 points.
You press <<25>> and receive 1 points.
You press <<10>> and receive 29 points.
You press <<5>> and receive 26 points.
You press <<4>> and receive 31 points.
You press <<3>> and receive 30 points.
You press <<2>> and receive 36 points.
You press <<1>> and receive 43 points.
You press <<1>> and receive 42 points.
You press <<1>> and receive 43 points.

Environment number 4:
The value of option 11 is 38. You have 10 choices to make in this environment.
You press <<5>> and receive 52 points.
You press <<",45
4,17,3,3,1,smooth,11,10,38,58,"You will be presented with a series of 16 different environments to explore.
In each trial, you can select an option between numbers 1 and 30 by pressing the corresponding key.
By selecting any of these options, you will earn points associated with each unique option.
Imagine these options 1 through 30 as lying next to each other in an ordered line; options closer to each other tend to have similar rewards as rewards tend to cluster together.
For each environment, you will be able to make either 5 or 10 choices.
When you made all your choices in a given environment, you will start making choices in the next unexplored environment.
The rewards underlying the different options are different in each environment so you will learn them anew for each environment.
Each environment starts with the value of a single option revealed.
When you choose the number corresponding to a different option, you will be told the value of that option and receive those points.
Previously revealed options, including the starting option, can also be reselected, although there may be small changes in the point value.
It is your task to to learn where the largest reward is in each of the 16 environments.

Environment number 1:
The value of option 30 is 51. You have 5 choices to make in this environment.
You press <<29>> and receive 56 points.
You press <<28>> and receive 52 points.
You press <<27>> and receive 43 points.
You press <<26>> and receive 34 points.
You press <<25>> and receive 27 points.

Environment number 2:
The value of option 2 is 18. You have 5 choices to make in this environment.
You press <<26>> and receive 0 points.
You press <<15>> and receive 5 points.
You press <<7>> and receive 59 points.
You press <<8>> and receive 74 points.
You press <<9>> and receive 72 points.

Environment number 3:
The value of option 6 is 14. You have 10 choices to make in this environment.
You press <<16>> and receive 28 points.
You press <<25>> and receive 1 points.
You press <<10>> and receive 29 points.
You press <<5>> and receive 26 points.
You press <<4>> and receive 31 points.
You press <<3>> and receive 30 points.
You press <<2>> and receive 36 points.
You press <<1>> and receive 43 points.
You press <<1>> and receive 42 points.
You press <<1>> and receive 43 points.

Environment number 4:
The value of option 11 is 38. You have 10 choices to make in this environment.
You press <<5>> and receive 52 points.
You press <<3>> and receive 60 points.
You press <<",45
4,17,4,3,1,smooth,11,10,38,59,"You will be presented with a series of 16 different environments to explore.
In each trial, you can select an option between numbers 1 and 30 by pressing the corresponding key.
By selecting any of these options, you will earn points associated with each unique option.
Imagine these options 1 through 30 as lying next to each other in an ordered line; options closer to each other tend to have similar rewards as rewards tend to cluster together.
For each environment, you will be able to make either 5 or 10 choices.
When you made all your choices in a given environment, you will start making choices in the next unexplored environment.
The rewards underlying the different options are different in each environment so you will learn them anew for each environment.
Each environment starts with the value of a single option revealed.
When you choose the number corresponding to a different option, you will be told the value of that option and receive those points.
Previously revealed options, including the starting option, can also be reselected, although there may be small changes in the point value.
It is your task to to learn where the largest reward is in each of the 16 environments.

Environment number 1:
The value of option 30 is 51. You have 5 choices to make in this environment.
You press <<29>> and receive 56 points.
You press <<28>> and receive 52 points.
You press <<27>> and receive 43 points.
You press <<26>> and receive 34 points.
You press <<25>> and receive 27 points.

Environment number 2:
The value of option 2 is 18. You have 5 choices to make in this environment.
You press <<26>> and receive 0 points.
You press <<15>> and receive 5 points.
You press <<7>> and receive 59 points.
You press <<8>> and receive 74 points.
You press <<9>> and receive 72 points.

Environment number 3:
The value of option 6 is 14. You have 10 choices to make in this environment.
You press <<16>> and receive 28 points.
You press <<25>> and receive 1 points.
You press <<10>> and receive 29 points.
You press <<5>> and receive 26 points.
You press <<4>> and receive 31 points.
You press <<3>> and receive 30 points.
You press <<2>> and receive 36 points.
You press <<1>> and receive 43 points.
You press <<1>> and receive 42 points.
You press <<1>> and receive 43 points.

Environment number 4:
The value of option 11 is 38. You have 10 choices to make in this environment.
You press <<5>> and receive 52 points.
You press <<3>> and receive 60 points.
You press <<3>> and receive 58 points.
You press <<",45
4,17,5,3,1,smooth,11,10,38,61,"You will be presented with a series of 16 different environments to explore.
In each trial, you can select an option between numbers 1 and 30 by pressing the corresponding key.
By selecting any of these options, you will earn points associated with each unique option.
Imagine these options 1 through 30 as lying next to each other in an ordered line; options closer to each other tend to have similar rewards as rewards tend to cluster together.
For each environment, you will be able to make either 5 or 10 choices.
When you made all your choices in a given environment, you will start making choices in the next unexplored environment.
The rewards underlying the different options are different in each environment so you will learn them anew for each environment.
Each environment starts with the value of a single option revealed.
When you choose the number corresponding to a different option, you will be told the value of that option and receive those points.
Previously revealed options, including the starting option, can also be reselected, although there may be small changes in the point value.
It is your task to to learn where the largest reward is in each of the 16 environments.

Environment number 1:
The value of option 30 is 51. You have 5 choices to make in this environment.
You press <<29>> and receive 56 points.
You press <<28>> and receive 52 points.
You press <<27>> and receive 43 points.
You press <<26>> and receive 34 points.
You press <<25>> and receive 27 points.

Environment number 2:
The value of option 2 is 18. You have 5 choices to make in this environment.
You press <<26>> and receive 0 points.
You press <<15>> and receive 5 points.
You press <<7>> and receive 59 points.
You press <<8>> and receive 74 points.
You press <<9>> and receive 72 points.

Environment number 3:
The value of option 6 is 14. You have 10 choices to make in this environment.
You press <<16>> and receive 28 points.
You press <<25>> and receive 1 points.
You press <<10>> and receive 29 points.
You press <<5>> and receive 26 points.
You press <<4>> and receive 31 points.
You press <<3>> and receive 30 points.
You press <<2>> and receive 36 points.
You press <<1>> and receive 43 points.
You press <<1>> and receive 42 points.
You press <<1>> and receive 43 points.

Environment number 4:
The value of option 11 is 38. You have 10 choices to make in this environment.
You press <<5>> and receive 52 points.
You press <<3>> and receive 60 points.
You press <<3>> and receive 58 points.
You press <<3>> and receive 59 points.
You press <<",45
4,17,6,3,1,smooth,11,10,38,57,"You will be presented with a series of 16 different environments to explore.
In each trial, you can select an option between numbers 1 and 30 by pressing the corresponding key.
By selecting any of these options, you will earn points associated with each unique option.
Imagine these options 1 through 30 as lying next to each other in an ordered line; options closer to each other tend to have similar rewards as rewards tend to cluster together.
For each environment, you will be able to make either 5 or 10 choices.
When you made all your choices in a given environment, you will start making choices in the next unexplored environment.
The rewards underlying the different options are different in each environment so you will learn them anew for each environment.
Each environment starts with the value of a single option revealed.
When you choose the number corresponding to a different option, you will be told the value of that option and receive those points.
Previously revealed options, including the starting option, can also be reselected, although there may be small changes in the point value.
It is your task to to learn where the largest reward is in each of the 16 environments.

Environment number 1:
The value of option 30 is 51. You have 5 choices to make in this environment.
You press <<29>> and receive 56 points.
You press <<28>> and receive 52 points.
You press <<27>> and receive 43 points.
You press <<26>> and receive 34 points.
You press <<25>> and receive 27 points.

Environment number 2:
The value of option 2 is 18. You have 5 choices to make in this environment.
You press <<26>> and receive 0 points.
You press <<15>> and receive 5 points.
You press <<7>> and receive 59 points.
You press <<8>> and receive 74 points.
You press <<9>> and receive 72 points.

Environment number 3:
The value of option 6 is 14. You have 10 choices to make in this environment.
You press <<16>> and receive 28 points.
You press <<25>> and receive 1 points.
You press <<10>> and receive 29 points.
You press <<5>> and receive 26 points.
You press <<4>> and receive 31 points.
You press <<3>> and receive 30 points.
You press <<2>> and receive 36 points.
You press <<1>> and receive 43 points.
You press <<1>> and receive 42 points.
You press <<1>> and receive 43 points.

Environment number 4:
The value of option 11 is 38. You have 10 choices to make in this environment.
You press <<5>> and receive 52 points.
You press <<3>> and receive 60 points.
You press <<3>> and receive 58 points.
You press <<3>> and receive 59 points.
You press <<3>> and receive 61 points.
You press <<",45
4,17,7,3,1,smooth,11,10,38,58,"You will be presented with a series of 16 different environments to explore.
In each trial, you can select an option between numbers 1 and 30 by pressing the corresponding key.
By selecting any of these options, you will earn points associated with each unique option.
Imagine these options 1 through 30 as lying next to each other in an ordered line; options closer to each other tend to have similar rewards as rewards tend to cluster together.
For each environment, you will be able to make either 5 or 10 choices.
When you made all your choices in a given environment, you will start making choices in the next unexplored environment.
The rewards underlying the different options are different in each environment so you will learn them anew for each environment.
Each environment starts with the value of a single option revealed.
When you choose the number corresponding to a different option, you will be told the value of that option and receive those points.
Previously revealed options, including the starting option, can also be reselected, although there may be small changes in the point value.
It is your task to to learn where the largest reward is in each of the 16 environments.

Environment number 1:
The value of option 30 is 51. You have 5 choices to make in this environment.
You press <<29>> and receive 56 points.
You press <<28>> and receive 52 points.
You press <<27>> and receive 43 points.
You press <<26>> and receive 34 points.
You press <<25>> and receive 27 points.

Environment number 2:
The value of option 2 is 18. You have 5 choices to make in this environment.
You press <<26>> and receive 0 points.
You press <<15>> and receive 5 points.
You press <<7>> and receive 59 points.
You press <<8>> and receive 74 points.
You press <<9>> and receive 72 points.

Environment number 3:
The value of option 6 is 14. You have 10 choices to make in this environment.
You press <<16>> and receive 28 points.
You press <<25>> and receive 1 points.
You press <<10>> and receive 29 points.
You press <<5>> and receive 26 points.
You press <<4>> and receive 31 points.
You press <<3>> and receive 30 points.
You press <<2>> and receive 36 points.
You press <<1>> and receive 43 points.
You press <<1>> and receive 42 points.
You press <<1>> and receive 43 points.

Environment number 4:
The value of option 11 is 38. You have 10 choices to make in this environment.
You press <<5>> and receive 52 points.
You press <<3>> and receive 60 points.
You press <<3>> and receive 58 points.
You press <<3>> and receive 59 points.
You press <<3>> and receive 61 points.
You press <<3>> and receive 57 points.
You press <<",45
4,17,8,3,1,smooth,11,10,38,58,"You will be presented with a series of 16 different environments to explore.
In each trial, you can select an option between numbers 1 and 30 by pressing the corresponding key.
By selecting any of these options, you will earn points associated with each unique option.
Imagine these options 1 through 30 as lying next to each other in an ordered line; options closer to each other tend to have similar rewards as rewards tend to cluster together.
For each environment, you will be able to make either 5 or 10 choices.
When you made all your choices in a given environment, you will start making choices in the next unexplored environment.
The rewards underlying the different options are different in each environment so you will learn them anew for each environment.
Each environment starts with the value of a single option revealed.
When you choose the number corresponding to a different option, you will be told the value of that option and receive those points.
Previously revealed options, including the starting option, can also be reselected, although there may be small changes in the point value.
It is your task to to learn where the largest reward is in each of the 16 environments.

Environment number 1:
The value of option 30 is 51. You have 5 choices to make in this environment.
You press <<29>> and receive 56 points.
You press <<28>> and receive 52 points.
You press <<27>> and receive 43 points.
You press <<26>> and receive 34 points.
You press <<25>> and receive 27 points.

Environment number 2:
The value of option 2 is 18. You have 5 choices to make in this environment.
You press <<26>> and receive 0 points.
You press <<15>> and receive 5 points.
You press <<7>> and receive 59 points.
You press <<8>> and receive 74 points.
You press <<9>> and receive 72 points.

Environment number 3:
The value of option 6 is 14. You have 10 choices to make in this environment.
You press <<16>> and receive 28 points.
You press <<25>> and receive 1 points.
You press <<10>> and receive 29 points.
You press <<5>> and receive 26 points.
You press <<4>> and receive 31 points.
You press <<3>> and receive 30 points.
You press <<2>> and receive 36 points.
You press <<1>> and receive 43 points.
You press <<1>> and receive 42 points.
You press <<1>> and receive 43 points.

Environment number 4:
The value of option 11 is 38. You have 10 choices to make in this environment.
You press <<5>> and receive 52 points.
You press <<3>> and receive 60 points.
You press <<3>> and receive 58 points.
You press <<3>> and receive 59 points.
You press <<3>> and receive 61 points.
You press <<3>> and receive 57 points.
You press <<3>> and receive 58 points.
You press <<",45
4,17,9,3,1,smooth,11,10,38,58,"You will be presented with a series of 16 different environments to explore.
In each trial, you can select an option between numbers 1 and 30 by pressing the corresponding key.
By selecting any of these options, you will earn points associated with each unique option.
Imagine these options 1 through 30 as lying next to each other in an ordered line; options closer to each other tend to have similar rewards as rewards tend to cluster together.
For each environment, you will be able to make either 5 or 10 choices.
When you made all your choices in a given environment, you will start making choices in the next unexplored environment.
The rewards underlying the different options are different in each environment so you will learn them anew for each environment.
Each environment starts with the value of a single option revealed.
When you choose the number corresponding to a different option, you will be told the value of that option and receive those points.
Previously revealed options, including the starting option, can also be reselected, although there may be small changes in the point value.
It is your task to to learn where the largest reward is in each of the 16 environments.

Environment number 1:
The value of option 30 is 51. You have 5 choices to make in this environment.
You press <<29>> and receive 56 points.
You press <<28>> and receive 52 points.
You press <<27>> and receive 43 points.
You press <<26>> and receive 34 points.
You press <<25>> and receive 27 points.

Environment number 2:
The value of option 2 is 18. You have 5 choices to make in this environment.
You press <<26>> and receive 0 points.
You press <<15>> and receive 5 points.
You press <<7>> and receive 59 points.
You press <<8>> and receive 74 points.
You press <<9>> and receive 72 points.

Environment number 3:
The value of option 6 is 14. You have 10 choices to make in this environment.
You press <<16>> and receive 28 points.
You press <<25>> and receive 1 points.
You press <<10>> and receive 29 points.
You press <<5>> and receive 26 points.
You press <<4>> and receive 31 points.
You press <<3>> and receive 30 points.
You press <<2>> and receive 36 points.
You press <<1>> and receive 43 points.
You press <<1>> and receive 42 points.
You press <<1>> and receive 43 points.

Environment number 4:
The value of option 11 is 38. You have 10 choices to make in this environment.
You press <<5>> and receive 52 points.
You press <<3>> and receive 60 points.
You press <<3>> and receive 58 points.
You press <<3>> and receive 59 points.
You press <<3>> and receive 61 points.
You press <<3>> and receive 57 points.
You press <<3>> and receive 58 points.
You press <<3>> and receive 58 points.
You press <<",45
4,17,10,3,1,smooth,11,10,38,60,"You will be presented with a series of 16 different environments to explore.
In each trial, you can select an option between numbers 1 and 30 by pressing the corresponding key.
By selecting any of these options, you will earn points associated with each unique option.
Imagine these options 1 through 30 as lying next to each other in an ordered line; options closer to each other tend to have similar rewards as rewards tend to cluster together.
For each environment, you will be able to make either 5 or 10 choices.
When you made all your choices in a given environment, you will start making choices in the next unexplored environment.
The rewards underlying the different options are different in each environment so you will learn them anew for each environment.
Each environment starts with the value of a single option revealed.
When you choose the number corresponding to a different option, you will be told the value of that option and receive those points.
Previously revealed options, including the starting option, can also be reselected, although there may be small changes in the point value.
It is your task to to learn where the largest reward is in each of the 16 environments.

Environment number 1:
The value of option 30 is 51. You have 5 choices to make in this environment.
You press <<29>> and receive 56 points.
You press <<28>> and receive 52 points.
You press <<27>> and receive 43 points.
You press <<26>> and receive 34 points.
You press <<25>> and receive 27 points.

Environment number 2:
The value of option 2 is 18. You have 5 choices to make in this environment.
You press <<26>> and receive 0 points.
You press <<15>> and receive 5 points.
You press <<7>> and receive 59 points.
You press <<8>> and receive 74 points.
You press <<9>> and receive 72 points.

Environment number 3:
The value of option 6 is 14. You have 10 choices to make in this environment.
You press <<16>> and receive 28 points.
You press <<25>> and receive 1 points.
You press <<10>> and receive 29 points.
You press <<5>> and receive 26 points.
You press <<4>> and receive 31 points.
You press <<3>> and receive 30 points.
You press <<2>> and receive 36 points.
You press <<1>> and receive 43 points.
You press <<1>> and receive 42 points.
You press <<1>> and receive 43 points.

Environment number 4:
The value of option 11 is 38. You have 10 choices to make in this environment.
You press <<5>> and receive 52 points.
You press <<3>> and receive 60 points.
You press <<3>> and receive 58 points.
You press <<3>> and receive 59 points.
You press <<3>> and receive 61 points.
You press <<3>> and receive 57 points.
You press <<3>> and receive 58 points.
You press <<3>> and receive 58 points.
You press <<3>> and receive 58 points.
You press <<",45
5,6,1,28,1,smooth,9,10,6,42,"You will be presented with a series of 16 different environments to explore.
In each trial, you can select an option between numbers 1 and 30 by pressing the corresponding key.
By selecting any of these options, you will earn points associated with each unique option.
Imagine these options 1 through 30 as lying next to each other in an ordered line; options closer to each other tend to have similar rewards as rewards tend to cluster together.
For each environment, you will be able to make either 5 or 10 choices.
When you made all your choices in a given environment, you will start making choices in the next unexplored environment.
The rewards underlying the different options are different in each environment so you will learn them anew for each environment.
Each environment starts with the value of a single option revealed.
When you choose the number corresponding to a different option, you will be told the value of that option and receive those points.
Previously revealed options, including the starting option, can also be reselected, although there may be small changes in the point value.
It is your task to to learn where the largest reward is in each of the 16 environments.

Environment number 1:
The value of option 30 is 51. You have 5 choices to make in this environment.
You press <<29>> and receive 56 points.
You press <<28>> and receive 52 points.
You press <<27>> and receive 43 points.
You press <<26>> and receive 34 points.
You press <<25>> and receive 27 points.

Environment number 2:
The value of option 2 is 18. You have 5 choices to make in this environment.
You press <<26>> and receive 0 points.
You press <<15>> and receive 5 points.
You press <<7>> and receive 59 points.
You press <<8>> and receive 74 points.
You press <<9>> and receive 72 points.

Environment number 3:
The value of option 6 is 14. You have 10 choices to make in this environment.
You press <<16>> and receive 28 points.
You press <<25>> and receive 1 points.
You press <<10>> and receive 29 points.
You press <<5>> and receive 26 points.
You press <<4>> and receive 31 points.
You press <<3>> and receive 30 points.
You press <<2>> and receive 36 points.
You press <<1>> and receive 43 points.
You press <<1>> and receive 42 points.
You press <<1>> and receive 43 points.

Environment number 4:
The value of option 11 is 38. You have 10 choices to make in this environment.
You press <<5>> and receive 52 points.
You press <<3>> and receive 60 points.
You press <<3>> and receive 58 points.
You press <<3>> and receive 59 points.
You press <<3>> and receive 61 points.
You press <<3>> and receive 57 points.
You press <<3>> and receive 58 points.
You press <<3>> and receive 58 points.
You press <<3>> and receive 58 points.
You press <<3>> and receive 60 points.

Environment number 5:
The value of option 9 is 6. You have 10 choices to make in this environment.
You press <<",45
5,6,2,27,1,smooth,9,10,6,39,"You will be presented with a series of 16 different environments to explore.
In each trial, you can select an option between numbers 1 and 30 by pressing the corresponding key.
By selecting any of these options, you will earn points associated with each unique option.
Imagine these options 1 through 30 as lying next to each other in an ordered line; options closer to each other tend to have similar rewards as rewards tend to cluster together.
For each environment, you will be able to make either 5 or 10 choices.
When you made all your choices in a given environment, you will start making choices in the next unexplored environment.
The rewards underlying the different options are different in each environment so you will learn them anew for each environment.
Each environment starts with the value of a single option revealed.
When you choose the number corresponding to a different option, you will be told the value of that option and receive those points.
Previously revealed options, including the starting option, can also be reselected, although there may be small changes in the point value.
It is your task to to learn where the largest reward is in each of the 16 environments.

Environment number 1:
The value of option 30 is 51. You have 5 choices to make in this environment.
You press <<29>> and receive 56 points.
You press <<28>> and receive 52 points.
You press <<27>> and receive 43 points.
You press <<26>> and receive 34 points.
You press <<25>> and receive 27 points.

Environment number 2:
The value of option 2 is 18. You have 5 choices to make in this environment.
You press <<26>> and receive 0 points.
You press <<15>> and receive 5 points.
You press <<7>> and receive 59 points.
You press <<8>> and receive 74 points.
You press <<9>> and receive 72 points.

Environment number 3:
The value of option 6 is 14. You have 10 choices to make in this environment.
You press <<16>> and receive 28 points.
You press <<25>> and receive 1 points.
You press <<10>> and receive 29 points.
You press <<5>> and receive 26 points.
You press <<4>> and receive 31 points.
You press <<3>> and receive 30 points.
You press <<2>> and receive 36 points.
You press <<1>> and receive 43 points.
You press <<1>> and receive 42 points.
You press <<1>> and receive 43 points.

Environment number 4:
The value of option 11 is 38. You have 10 choices to make in this environment.
You press <<5>> and receive 52 points.
You press <<3>> and receive 60 points.
You press <<3>> and receive 58 points.
You press <<3>> and receive 59 points.
You press <<3>> and receive 61 points.
You press <<3>> and receive 57 points.
You press <<3>> and receive 58 points.
You press <<3>> and receive 58 points.
You press <<3>> and receive 58 points.
You press <<3>> and receive 60 points.

Environment number 5:
The value of option 9 is 6. You have 10 choices to make in this environment.
You press <<28>> and receive 42 points.
You press <<",45
5,6,3,29,1,smooth,9,10,6,43,"You will be presented with a series of 16 different environments to explore.
In each trial, you can select an option between numbers 1 and 30 by pressing the corresponding key.
By selecting any of these options, you will earn points associated with each unique option.
Imagine these options 1 through 30 as lying next to each other in an ordered line; options closer to each other tend to have similar rewards as rewards tend to cluster together.
For each environment, you will be able to make either 5 or 10 choices.
When you made all your choices in a given environment, you will start making choices in the next unexplored environment.
The rewards underlying the different options are different in each environment so you will learn them anew for each environment.
Each environment starts with the value of a single option revealed.
When you choose the number corresponding to a different option, you will be told the value of that option and receive those points.
Previously revealed options, including the starting option, can also be reselected, although there may be small changes in the point value.
It is your task to to learn where the largest reward is in each of the 16 environments.

Environment number 1:
The value of option 30 is 51. You have 5 choices to make in this environment.
You press <<29>> and receive 56 points.
You press <<28>> and receive 52 points.
You press <<27>> and receive 43 points.
You press <<26>> and receive 34 points.
You press <<25>> and receive 27 points.

Environment number 2:
The value of option 2 is 18. You have 5 choices to make in this environment.
You press <<26>> and receive 0 points.
You press <<15>> and receive 5 points.
You press <<7>> and receive 59 points.
You press <<8>> and receive 74 points.
You press <<9>> and receive 72 points.

Environment number 3:
The value of option 6 is 14. You have 10 choices to make in this environment.
You press <<16>> and receive 28 points.
You press <<25>> and receive 1 points.
You press <<10>> and receive 29 points.
You press <<5>> and receive 26 points.
You press <<4>> and receive 31 points.
You press <<3>> and receive 30 points.
You press <<2>> and receive 36 points.
You press <<1>> and receive 43 points.
You press <<1>> and receive 42 points.
You press <<1>> and receive 43 points.

Environment number 4:
The value of option 11 is 38. You have 10 choices to make in this environment.
You press <<5>> and receive 52 points.
You press <<3>> and receive 60 points.
You press <<3>> and receive 58 points.
You press <<3>> and receive 59 points.
You press <<3>> and receive 61 points.
You press <<3>> and receive 57 points.
You press <<3>> and receive 58 points.
You press <<3>> and receive 58 points.
You press <<3>> and receive 58 points.
You press <<3>> and receive 60 points.

Environment number 5:
The value of option 9 is 6. You have 10 choices to make in this environment.
You press <<28>> and receive 42 points.
You press <<27>> and receive 39 points.
You press <<",45
5,6,4,29,1,smooth,9,10,6,42,"You will be presented with a series of 16 different environments to explore.
In each trial, you can select an option between numbers 1 and 30 by pressing the corresponding key.
By selecting any of these options, you will earn points associated with each unique option.
Imagine these options 1 through 30 as lying next to each other in an ordered line; options closer to each other tend to have similar rewards as rewards tend to cluster together.
For each environment, you will be able to make either 5 or 10 choices.
When you made all your choices in a given environment, you will start making choices in the next unexplored environment.
The rewards underlying the different options are different in each environment so you will learn them anew for each environment.
Each environment starts with the value of a single option revealed.
When you choose the number corresponding to a different option, you will be told the value of that option and receive those points.
Previously revealed options, including the starting option, can also be reselected, although there may be small changes in the point value.
It is your task to to learn where the largest reward is in each of the 16 environments.

Environment number 1:
The value of option 30 is 51. You have 5 choices to make in this environment.
You press <<29>> and receive 56 points.
You press <<28>> and receive 52 points.
You press <<27>> and receive 43 points.
You press <<26>> and receive 34 points.
You press <<25>> and receive 27 points.

Environment number 2:
The value of option 2 is 18. You have 5 choices to make in this environment.
You press <<26>> and receive 0 points.
You press <<15>> and receive 5 points.
You press <<7>> and receive 59 points.
You press <<8>> and receive 74 points.
You press <<9>> and receive 72 points.

Environment number 3:
The value of option 6 is 14. You have 10 choices to make in this environment.
You press <<16>> and receive 28 points.
You press <<25>> and receive 1 points.
You press <<10>> and receive 29 points.
You press <<5>> and receive 26 points.
You press <<4>> and receive 31 points.
You press <<3>> and receive 30 points.
You press <<2>> and receive 36 points.
You press <<1>> and receive 43 points.
You press <<1>> and receive 42 points.
You press <<1>> and receive 43 points.

Environment number 4:
The value of option 11 is 38. You have 10 choices to make in this environment.
You press <<5>> and receive 52 points.
You press <<3>> and receive 60 points.
You press <<3>> and receive 58 points.
You press <<3>> and receive 59 points.
You press <<3>> and receive 61 points.
You press <<3>> and receive 57 points.
You press <<3>> and receive 58 points.
You press <<3>> and receive 58 points.
You press <<3>> and receive 58 points.
You press <<3>> and receive 60 points.

Environment number 5:
The value of option 9 is 6. You have 10 choices to make in this environment.
You press <<28>> and receive 42 points.
You press <<27>> and receive 39 points.
You press <<29>> and receive 43 points.
You press <<",45
5,6,5,29,1,smooth,9,10,6,42,"You will be presented with a series of 16 different environments to explore.
In each trial, you can select an option between numbers 1 and 30 by pressing the corresponding key.
By selecting any of these options, you will earn points associated with each unique option.
Imagine these options 1 through 30 as lying next to each other in an ordered line; options closer to each other tend to have similar rewards as rewards tend to cluster together.
For each environment, you will be able to make either 5 or 10 choices.
When you made all your choices in a given environment, you will start making choices in the next unexplored environment.
The rewards underlying the different options are different in each environment so you will learn them anew for each environment.
Each environment starts with the value of a single option revealed.
When you choose the number corresponding to a different option, you will be told the value of that option and receive those points.
Previously revealed options, including the starting option, can also be reselected, although there may be small changes in the point value.
It is your task to to learn where the largest reward is in each of the 16 environments.

Environment number 1:
The value of option 30 is 51. You have 5 choices to make in this environment.
You press <<29>> and receive 56 points.
You press <<28>> and receive 52 points.
You press <<27>> and receive 43 points.
You press <<26>> and receive 34 points.
You press <<25>> and receive 27 points.

Environment number 2:
The value of option 2 is 18. You have 5 choices to make in this environment.
You press <<26>> and receive 0 points.
You press <<15>> and receive 5 points.
You press <<7>> and receive 59 points.
You press <<8>> and receive 74 points.
You press <<9>> and receive 72 points.

Environment number 3:
The value of option 6 is 14. You have 10 choices to make in this environment.
You press <<16>> and receive 28 points.
You press <<25>> and receive 1 points.
You press <<10>> and receive 29 points.
You press <<5>> and receive 26 points.
You press <<4>> and receive 31 points.
You press <<3>> and receive 30 points.
You press <<2>> and receive 36 points.
You press <<1>> and receive 43 points.
You press <<1>> and receive 42 points.
You press <<1>> and receive 43 points.

Environment number 4:
The value of option 11 is 38. You have 10 choices to make in this environment.
You press <<5>> and receive 52 points.
You press <<3>> and receive 60 points.
You press <<3>> and receive 58 points.
You press <<3>> and receive 59 points.
You press <<3>> and receive 61 points.
You press <<3>> and receive 57 points.
You press <<3>> and receive 58 points.
You press <<3>> and receive 58 points.
You press <<3>> and receive 58 points.
You press <<3>> and receive 60 points.

Environment number 5:
The value of option 9 is 6. You have 10 choices to make in this environment.
You press <<28>> and receive 42 points.
You press <<27>> and receive 39 points.
You press <<29>> and receive 43 points.
You press <<29>> and receive 42 points.
You press <<",45
5,6,6,29,1,smooth,9,10,6,43,"You will be presented with a series of 16 different environments to explore.
In each trial, you can select an option between numbers 1 and 30 by pressing the corresponding key.
By selecting any of these options, you will earn points associated with each unique option.
Imagine these options 1 through 30 as lying next to each other in an ordered line; options closer to each other tend to have similar rewards as rewards tend to cluster together.
For each environment, you will be able to make either 5 or 10 choices.
When you made all your choices in a given environment, you will start making choices in the next unexplored environment.
The rewards underlying the different options are different in each environment so you will learn them anew for each environment.
Each environment starts with the value of a single option revealed.
When you choose the number corresponding to a different option, you will be told the value of that option and receive those points.
Previously revealed options, including the starting option, can also be reselected, although there may be small changes in the point value.
It is your task to to learn where the largest reward is in each of the 16 environments.

Environment number 1:
The value of option 30 is 51. You have 5 choices to make in this environment.
You press <<29>> and receive 56 points.
You press <<28>> and receive 52 points.
You press <<27>> and receive 43 points.
You press <<26>> and receive 34 points.
You press <<25>> and receive 27 points.

Environment number 2:
The value of option 2 is 18. You have 5 choices to make in this environment.
You press <<26>> and receive 0 points.
You press <<15>> and receive 5 points.
You press <<7>> and receive 59 points.
You press <<8>> and receive 74 points.
You press <<9>> and receive 72 points.

Environment number 3:
The value of option 6 is 14. You have 10 choices to make in this environment.
You press <<16>> and receive 28 points.
You press <<25>> and receive 1 points.
You press <<10>> and receive 29 points.
You press <<5>> and receive 26 points.
You press <<4>> and receive 31 points.
You press <<3>> and receive 30 points.
You press <<2>> and receive 36 points.
You press <<1>> and receive 43 points.
You press <<1>> and receive 42 points.
You press <<1>> and receive 43 points.

Environment number 4:
The value of option 11 is 38. You have 10 choices to make in this environment.
You press <<5>> and receive 52 points.
You press <<3>> and receive 60 points.
You press <<3>> and receive 58 points.
You press <<3>> and receive 59 points.
You press <<3>> and receive 61 points.
You press <<3>> and receive 57 points.
You press <<3>> and receive 58 points.
You press <<3>> and receive 58 points.
You press <<3>> and receive 58 points.
You press <<3>> and receive 60 points.

Environment number 5:
The value of option 9 is 6. You have 10 choices to make in this environment.
You press <<28>> and receive 42 points.
You press <<27>> and receive 39 points.
You press <<29>> and receive 43 points.
You press <<29>> and receive 42 points.
You press <<29>> and receive 42 points.
You press <<",45
5,6,7,29,1,smooth,9,10,6,43,"You will be presented with a series of 16 different environments to explore.
In each trial, you can select an option between numbers 1 and 30 by pressing the corresponding key.
By selecting any of these options, you will earn points associated with each unique option.
Imagine these options 1 through 30 as lying next to each other in an ordered line; options closer to each other tend to have similar rewards as rewards tend to cluster together.
For each environment, you will be able to make either 5 or 10 choices.
When you made all your choices in a given environment, you will start making choices in the next unexplored environment.
The rewards underlying the different options are different in each environment so you will learn them anew for each environment.
Each environment starts with the value of a single option revealed.
When you choose the number corresponding to a different option, you will be told the value of that option and receive those points.
Previously revealed options, including the starting option, can also be reselected, although there may be small changes in the point value.
It is your task to to learn where the largest reward is in each of the 16 environments.

Environment number 1:
The value of option 30 is 51. You have 5 choices to make in this environment.
You press <<29>> and receive 56 points.
You press <<28>> and receive 52 points.
You press <<27>> and receive 43 points.
You press <<26>> and receive 34 points.
You press <<25>> and receive 27 points.

Environment number 2:
The value of option 2 is 18. You have 5 choices to make in this environment.
You press <<26>> and receive 0 points.
You press <<15>> and receive 5 points.
You press <<7>> and receive 59 points.
You press <<8>> and receive 74 points.
You press <<9>> and receive 72 points.

Environment number 3:
The value of option 6 is 14. You have 10 choices to make in this environment.
You press <<16>> and receive 28 points.
You press <<25>> and receive 1 points.
You press <<10>> and receive 29 points.
You press <<5>> and receive 26 points.
You press <<4>> and receive 31 points.
You press <<3>> and receive 30 points.
You press <<2>> and receive 36 points.
You press <<1>> and receive 43 points.
You press <<1>> and receive 42 points.
You press <<1>> and receive 43 points.

Environment number 4:
The value of option 11 is 38. You have 10 choices to make in this environment.
You press <<5>> and receive 52 points.
You press <<3>> and receive 60 points.
You press <<3>> and receive 58 points.
You press <<3>> and receive 59 points.
You press <<3>> and receive 61 points.
You press <<3>> and receive 57 points.
You press <<3>> and receive 58 points.
You press <<3>> and receive 58 points.
You press <<3>> and receive 58 points.
You press <<3>> and receive 60 points.

Environment number 5:
The value of option 9 is 6. You have 10 choices to make in this environment.
You press <<28>> and receive 42 points.
You press <<27>> and receive 39 points.
You press <<29>> and receive 43 points.
You press <<29>> and receive 42 points.
You press <<29>> and receive 42 points.
You press <<29>> and receive 43 points.
You press <<",45
5,6,8,29,1,smooth,9,10,6,42,"You will be presented with a series of 16 different environments to explore.
In each trial, you can select an option between numbers 1 and 30 by pressing the corresponding key.
By selecting any of these options, you will earn points associated with each unique option.
Imagine these options 1 through 30 as lying next to each other in an ordered line; options closer to each other tend to have similar rewards as rewards tend to cluster together.
For each environment, you will be able to make either 5 or 10 choices.
When you made all your choices in a given environment, you will start making choices in the next unexplored environment.
The rewards underlying the different options are different in each environment so you will learn them anew for each environment.
Each environment starts with the value of a single option revealed.
When you choose the number corresponding to a different option, you will be told the value of that option and receive those points.
Previously revealed options, including the starting option, can also be reselected, although there may be small changes in the point value.
It is your task to to learn where the largest reward is in each of the 16 environments.

Environment number 1:
The value of option 30 is 51. You have 5 choices to make in this environment.
You press <<29>> and receive 56 points.
You press <<28>> and receive 52 points.
You press <<27>> and receive 43 points.
You press <<26>> and receive 34 points.
You press <<25>> and receive 27 points.

Environment number 2:
The value of option 2 is 18. You have 5 choices to make in this environment.
You press <<26>> and receive 0 points.
You press <<15>> and receive 5 points.
You press <<7>> and receive 59 points.
You press <<8>> and receive 74 points.
You press <<9>> and receive 72 points.

Environment number 3:
The value of option 6 is 14. You have 10 choices to make in this environment.
You press <<16>> and receive 28 points.
You press <<25>> and receive 1 points.
You press <<10>> and receive 29 points.
You press <<5>> and receive 26 points.
You press <<4>> and receive 31 points.
You press <<3>> and receive 30 points.
You press <<2>> and receive 36 points.
You press <<1>> and receive 43 points.
You press <<1>> and receive 42 points.
You press <<1>> and receive 43 points.

Environment number 4:
The value of option 11 is 38. You have 10 choices to make in this environment.
You press <<5>> and receive 52 points.
You press <<3>> and receive 60 points.
You press <<3>> and receive 58 points.
You press <<3>> and receive 59 points.
You press <<3>> and receive 61 points.
You press <<3>> and receive 57 points.
You press <<3>> and receive 58 points.
You press <<3>> and receive 58 points.
You press <<3>> and receive 58 points.
You press <<3>> and receive 60 points.

Environment number 5:
The value of option 9 is 6. You have 10 choices to make in this environment.
You press <<28>> and receive 42 points.
You press <<27>> and receive 39 points.
You press <<29>> and receive 43 points.
You press <<29>> and receive 42 points.
You press <<29>> and receive 42 points.
You press <<29>> and receive 43 points.
You press <<29>> and receive 43 points.
You press <<",45
5,6,9,29,1,smooth,9,10,6,42,"You will be presented with a series of 16 different environments to explore.
In each trial, you can select an option between numbers 1 and 30 by pressing the corresponding key.
By selecting any of these options, you will earn points associated with each unique option.
Imagine these options 1 through 30 as lying next to each other in an ordered line; options closer to each other tend to have similar rewards as rewards tend to cluster together.
For each environment, you will be able to make either 5 or 10 choices.
When you made all your choices in a given environment, you will start making choices in the next unexplored environment.
The rewards underlying the different options are different in each environment so you will learn them anew for each environment.
Each environment starts with the value of a single option revealed.
When you choose the number corresponding to a different option, you will be told the value of that option and receive those points.
Previously revealed options, including the starting option, can also be reselected, although there may be small changes in the point value.
It is your task to to learn where the largest reward is in each of the 16 environments.

Environment number 1:
The value of option 30 is 51. You have 5 choices to make in this environment.
You press <<29>> and receive 56 points.
You press <<28>> and receive 52 points.
You press <<27>> and receive 43 points.
You press <<26>> and receive 34 points.
You press <<25>> and receive 27 points.

Environment number 2:
The value of option 2 is 18. You have 5 choices to make in this environment.
You press <<26>> and receive 0 points.
You press <<15>> and receive 5 points.
You press <<7>> and receive 59 points.
You press <<8>> and receive 74 points.
You press <<9>> and receive 72 points.

Environment number 3:
The value of option 6 is 14. You have 10 choices to make in this environment.
You press <<16>> and receive 28 points.
You press <<25>> and receive 1 points.
You press <<10>> and receive 29 points.
You press <<5>> and receive 26 points.
You press <<4>> and receive 31 points.
You press <<3>> and receive 30 points.
You press <<2>> and receive 36 points.
You press <<1>> and receive 43 points.
You press <<1>> and receive 42 points.
You press <<1>> and receive 43 points.

Environment number 4:
The value of option 11 is 38. You have 10 choices to make in this environment.
You press <<5>> and receive 52 points.
You press <<3>> and receive 60 points.
You press <<3>> and receive 58 points.
You press <<3>> and receive 59 points.
You press <<3>> and receive 61 points.
You press <<3>> and receive 57 points.
You press <<3>> and receive 58 points.
You press <<3>> and receive 58 points.
You press <<3>> and receive 58 points.
You press <<3>> and receive 60 points.

Environment number 5:
The value of option 9 is 6. You have 10 choices to make in this environment.
You press <<28>> and receive 42 points.
You press <<27>> and receive 39 points.
You press <<29>> and receive 43 points.
You press <<29>> and receive 42 points.
You press <<29>> and receive 42 points.
You press <<29>> and receive 43 points.
You press <<29>> and receive 43 points.
You press <<29>> and receive 42 points.
You press <<",45
5,6,10,29,1,smooth,9,10,6,42,"You will be presented with a series of 16 different environments to explore.
In each trial, you can select an option between numbers 1 and 30 by pressing the corresponding key.
By selecting any of these options, you will earn points associated with each unique option.
Imagine these options 1 through 30 as lying next to each other in an ordered line; options closer to each other tend to have similar rewards as rewards tend to cluster together.
For each environment, you will be able to make either 5 or 10 choices.
When you made all your choices in a given environment, you will start making choices in the next unexplored environment.
The rewards underlying the different options are different in each environment so you will learn them anew for each environment.
Each environment starts with the value of a single option revealed.
When you choose the number corresponding to a different option, you will be told the value of that option and receive those points.
Previously revealed options, including the starting option, can also be reselected, although there may be small changes in the point value.
It is your task to to learn where the largest reward is in each of the 16 environments.

Environment number 1:
The value of option 30 is 51. You have 5 choices to make in this environment.
You press <<29>> and receive 56 points.
You press <<28>> and receive 52 points.
You press <<27>> and receive 43 points.
You press <<26>> and receive 34 points.
You press <<25>> and receive 27 points.

Environment number 2:
The value of option 2 is 18. You have 5 choices to make in this environment.
You press <<26>> and receive 0 points.
You press <<15>> and receive 5 points.
You press <<7>> and receive 59 points.
You press <<8>> and receive 74 points.
You press <<9>> and receive 72 points.

Environment number 3:
The value of option 6 is 14. You have 10 choices to make in this environment.
You press <<16>> and receive 28 points.
You press <<25>> and receive 1 points.
You press <<10>> and receive 29 points.
You press <<5>> and receive 26 points.
You press <<4>> and receive 31 points.
You press <<3>> and receive 30 points.
You press <<2>> and receive 36 points.
You press <<1>> and receive 43 points.
You press <<1>> and receive 42 points.
You press <<1>> and receive 43 points.

Environment number 4:
The value of option 11 is 38. You have 10 choices to make in this environment.
You press <<5>> and receive 52 points.
You press <<3>> and receive 60 points.
You press <<3>> and receive 58 points.
You press <<3>> and receive 59 points.
You press <<3>> and receive 61 points.
You press <<3>> and receive 57 points.
You press <<3>> and receive 58 points.
You press <<3>> and receive 58 points.
You press <<3>> and receive 58 points.
You press <<3>> and receive 60 points.

Environment number 5:
The value of option 9 is 6. You have 10 choices to make in this environment.
You press <<28>> and receive 42 points.
You press <<27>> and receive 39 points.
You press <<29>> and receive 43 points.
You press <<29>> and receive 42 points.
You press <<29>> and receive 42 points.
You press <<29>> and receive 43 points.
You press <<29>> and receive 43 points.
You press <<29>> and receive 42 points.
You press <<29>> and receive 42 points.
You press <<",45
6,20,1,11,1,smooth,12,10,55,65,"You will be presented with a series of 16 different environments to explore.
In each trial, you can select an option between numbers 1 and 30 by pressing the corresponding key.
By selecting any of these options, you will earn points associated with each unique option.
Imagine these options 1 through 30 as lying next to each other in an ordered line; options closer to each other tend to have similar rewards as rewards tend to cluster together.
For each environment, you will be able to make either 5 or 10 choices.
When you made all your choices in a given environment, you will start making choices in the next unexplored environment.
The rewards underlying the different options are different in each environment so you will learn them anew for each environment.
Each environment starts with the value of a single option revealed.
When you choose the number corresponding to a different option, you will be told the value of that option and receive those points.
Previously revealed options, including the starting option, can also be reselected, although there may be small changes in the point value.
It is your task to to learn where the largest reward is in each of the 16 environments.

Environment number 1:
The value of option 30 is 51. You have 5 choices to make in this environment.
You press <<29>> and receive 56 points.
You press <<28>> and receive 52 points.
You press <<27>> and receive 43 points.
You press <<26>> and receive 34 points.
You press <<25>> and receive 27 points.

Environment number 2:
The value of option 2 is 18. You have 5 choices to make in this environment.
You press <<26>> and receive 0 points.
You press <<15>> and receive 5 points.
You press <<7>> and receive 59 points.
You press <<8>> and receive 74 points.
You press <<9>> and receive 72 points.

Environment number 3:
The value of option 6 is 14. You have 10 choices to make in this environment.
You press <<16>> and receive 28 points.
You press <<25>> and receive 1 points.
You press <<10>> and receive 29 points.
You press <<5>> and receive 26 points.
You press <<4>> and receive 31 points.
You press <<3>> and receive 30 points.
You press <<2>> and receive 36 points.
You press <<1>> and receive 43 points.
You press <<1>> and receive 42 points.
You press <<1>> and receive 43 points.

Environment number 4:
The value of option 11 is 38. You have 10 choices to make in this environment.
You press <<5>> and receive 52 points.
You press <<3>> and receive 60 points.
You press <<3>> and receive 58 points.
You press <<3>> and receive 59 points.
You press <<3>> and receive 61 points.
You press <<3>> and receive 57 points.
You press <<3>> and receive 58 points.
You press <<3>> and receive 58 points.
You press <<3>> and receive 58 points.
You press <<3>> and receive 60 points.

Environment number 5:
The value of option 9 is 6. You have 10 choices to make in this environment.
You press <<28>> and receive 42 points.
You press <<27>> and receive 39 points.
You press <<29>> and receive 43 points.
You press <<29>> and receive 42 points.
You press <<29>> and receive 42 points.
You press <<29>> and receive 43 points.
You press <<29>> and receive 43 points.
You press <<29>> and receive 42 points.
You press <<29>> and receive 42 points.
You press <<29>> and receive 42 points.

Environment number 6:
The value of option 12 is 55. You have 10 choices to make in this environment.
You press <<",45
6,20,2,10,1,smooth,12,10,55,72,"You will be presented with a series of 16 different environments to explore.
In each trial, you can select an option between numbers 1 and 30 by pressing the corresponding key.
By selecting any of these options, you will earn points associated with each unique option.
Imagine these options 1 through 30 as lying next to each other in an ordered line; options closer to each other tend to have similar rewards as rewards tend to cluster together.
For each environment, you will be able to make either 5 or 10 choices.
When you made all your choices in a given environment, you will start making choices in the next unexplored environment.
The rewards underlying the different options are different in each environment so you will learn them anew for each environment.
Each environment starts with the value of a single option revealed.
When you choose the number corresponding to a different option, you will be told the value of that option and receive those points.
Previously revealed options, including the starting option, can also be reselected, although there may be small changes in the point value.
It is your task to to learn where the largest reward is in each of the 16 environments.

Environment number 1:
The value of option 30 is 51. You have 5 choices to make in this environment.
You press <<29>> and receive 56 points.
You press <<28>> and receive 52 points.
You press <<27>> and receive 43 points.
You press <<26>> and receive 34 points.
You press <<25>> and receive 27 points.

Environment number 2:
The value of option 2 is 18. You have 5 choices to make in this environment.
You press <<26>> and receive 0 points.
You press <<15>> and receive 5 points.
You press <<7>> and receive 59 points.
You press <<8>> and receive 74 points.
You press <<9>> and receive 72 points.

Environment number 3:
The value of option 6 is 14. You have 10 choices to make in this environment.
You press <<16>> and receive 28 points.
You press <<25>> and receive 1 points.
You press <<10>> and receive 29 points.
You press <<5>> and receive 26 points.
You press <<4>> and receive 31 points.
You press <<3>> and receive 30 points.
You press <<2>> and receive 36 points.
You press <<1>> and receive 43 points.
You press <<1>> and receive 42 points.
You press <<1>> and receive 43 points.

Environment number 4:
The value of option 11 is 38. You have 10 choices to make in this environment.
You press <<5>> and receive 52 points.
You press <<3>> and receive 60 points.
You press <<3>> and receive 58 points.
You press <<3>> and receive 59 points.
You press <<3>> and receive 61 points.
You press <<3>> and receive 57 points.
You press <<3>> and receive 58 points.
You press <<3>> and receive 58 points.
You press <<3>> and receive 58 points.
You press <<3>> and receive 60 points.

Environment number 5:
The value of option 9 is 6. You have 10 choices to make in this environment.
You press <<28>> and receive 42 points.
You press <<27>> and receive 39 points.
You press <<29>> and receive 43 points.
You press <<29>> and receive 42 points.
You press <<29>> and receive 42 points.
You press <<29>> and receive 43 points.
You press <<29>> and receive 43 points.
You press <<29>> and receive 42 points.
You press <<29>> and receive 42 points.
You press <<29>> and receive 42 points.

Environment number 6:
The value of option 12 is 55. You have 10 choices to make in this environment.
You press <<11>> and receive 65 points.
You press <<",45
6,20,3,9,1,smooth,12,10,55,72,"You will be presented with a series of 16 different environments to explore.
In each trial, you can select an option between numbers 1 and 30 by pressing the corresponding key.
By selecting any of these options, you will earn points associated with each unique option.
Imagine these options 1 through 30 as lying next to each other in an ordered line; options closer to each other tend to have similar rewards as rewards tend to cluster together.
For each environment, you will be able to make either 5 or 10 choices.
When you made all your choices in a given environment, you will start making choices in the next unexplored environment.
The rewards underlying the different options are different in each environment so you will learn them anew for each environment.
Each environment starts with the value of a single option revealed.
When you choose the number corresponding to a different option, you will be told the value of that option and receive those points.
Previously revealed options, including the starting option, can also be reselected, although there may be small changes in the point value.
It is your task to to learn where the largest reward is in each of the 16 environments.

Environment number 1:
The value of option 30 is 51. You have 5 choices to make in this environment.
You press <<29>> and receive 56 points.
You press <<28>> and receive 52 points.
You press <<27>> and receive 43 points.
You press <<26>> and receive 34 points.
You press <<25>> and receive 27 points.

Environment number 2:
The value of option 2 is 18. You have 5 choices to make in this environment.
You press <<26>> and receive 0 points.
You press <<15>> and receive 5 points.
You press <<7>> and receive 59 points.
You press <<8>> and receive 74 points.
You press <<9>> and receive 72 points.

Environment number 3:
The value of option 6 is 14. You have 10 choices to make in this environment.
You press <<16>> and receive 28 points.
You press <<25>> and receive 1 points.
You press <<10>> and receive 29 points.
You press <<5>> and receive 26 points.
You press <<4>> and receive 31 points.
You press <<3>> and receive 30 points.
You press <<2>> and receive 36 points.
You press <<1>> and receive 43 points.
You press <<1>> and receive 42 points.
You press <<1>> and receive 43 points.

Environment number 4:
The value of option 11 is 38. You have 10 choices to make in this environment.
You press <<5>> and receive 52 points.
You press <<3>> and receive 60 points.
You press <<3>> and receive 58 points.
You press <<3>> and receive 59 points.
You press <<3>> and receive 61 points.
You press <<3>> and receive 57 points.
You press <<3>> and receive 58 points.
You press <<3>> and receive 58 points.
You press <<3>> and receive 58 points.
You press <<3>> and receive 60 points.

Environment number 5:
The value of option 9 is 6. You have 10 choices to make in this environment.
You press <<28>> and receive 42 points.
You press <<27>> and receive 39 points.
You press <<29>> and receive 43 points.
You press <<29>> and receive 42 points.
You press <<29>> and receive 42 points.
You press <<29>> and receive 43 points.
You press <<29>> and receive 43 points.
You press <<29>> and receive 42 points.
You press <<29>> and receive 42 points.
You press <<29>> and receive 42 points.

Environment number 6:
The value of option 12 is 55. You have 10 choices to make in this environment.
You press <<11>> and receive 65 points.
You press <<10>> and receive 72 points.
You press <<",45
6,20,4,9,1,smooth,12,10,55,69,"You will be presented with a series of 16 different environments to explore.
In each trial, you can select an option between numbers 1 and 30 by pressing the corresponding key.
By selecting any of these options, you will earn points associated with each unique option.
Imagine these options 1 through 30 as lying next to each other in an ordered line; options closer to each other tend to have similar rewards as rewards tend to cluster together.
For each environment, you will be able to make either 5 or 10 choices.
When you made all your choices in a given environment, you will start making choices in the next unexplored environment.
The rewards underlying the different options are different in each environment so you will learn them anew for each environment.
Each environment starts with the value of a single option revealed.
When you choose the number corresponding to a different option, you will be told the value of that option and receive those points.
Previously revealed options, including the starting option, can also be reselected, although there may be small changes in the point value.
It is your task to to learn where the largest reward is in each of the 16 environments.

Environment number 1:
The value of option 30 is 51. You have 5 choices to make in this environment.
You press <<29>> and receive 56 points.
You press <<28>> and receive 52 points.
You press <<27>> and receive 43 points.
You press <<26>> and receive 34 points.
You press <<25>> and receive 27 points.

Environment number 2:
The value of option 2 is 18. You have 5 choices to make in this environment.
You press <<26>> and receive 0 points.
You press <<15>> and receive 5 points.
You press <<7>> and receive 59 points.
You press <<8>> and receive 74 points.
You press <<9>> and receive 72 points.

Environment number 3:
The value of option 6 is 14. You have 10 choices to make in this environment.
You press <<16>> and receive 28 points.
You press <<25>> and receive 1 points.
You press <<10>> and receive 29 points.
You press <<5>> and receive 26 points.
You press <<4>> and receive 31 points.
You press <<3>> and receive 30 points.
You press <<2>> and receive 36 points.
You press <<1>> and receive 43 points.
You press <<1>> and receive 42 points.
You press <<1>> and receive 43 points.

Environment number 4:
The value of option 11 is 38. You have 10 choices to make in this environment.
You press <<5>> and receive 52 points.
You press <<3>> and receive 60 points.
You press <<3>> and receive 58 points.
You press <<3>> and receive 59 points.
You press <<3>> and receive 61 points.
You press <<3>> and receive 57 points.
You press <<3>> and receive 58 points.
You press <<3>> and receive 58 points.
You press <<3>> and receive 58 points.
You press <<3>> and receive 60 points.

Environment number 5:
The value of option 9 is 6. You have 10 choices to make in this environment.
You press <<28>> and receive 42 points.
You press <<27>> and receive 39 points.
You press <<29>> and receive 43 points.
You press <<29>> and receive 42 points.
You press <<29>> and receive 42 points.
You press <<29>> and receive 43 points.
You press <<29>> and receive 43 points.
You press <<29>> and receive 42 points.
You press <<29>> and receive 42 points.
You press <<29>> and receive 42 points.

Environment number 6:
The value of option 12 is 55. You have 10 choices to make in this environment.
You press <<11>> and receive 65 points.
You press <<10>> and receive 72 points.
You press <<9>> and receive 72 points.
You press <<",45
6,20,5,9,1,smooth,12,10,55,70,"You will be presented with a series of 16 different environments to explore.
In each trial, you can select an option between numbers 1 and 30 by pressing the corresponding key.
By selecting any of these options, you will earn points associated with each unique option.
Imagine these options 1 through 30 as lying next to each other in an ordered line; options closer to each other tend to have similar rewards as rewards tend to cluster together.
For each environment, you will be able to make either 5 or 10 choices.
When you made all your choices in a given environment, you will start making choices in the next unexplored environment.
The rewards underlying the different options are different in each environment so you will learn them anew for each environment.
Each environment starts with the value of a single option revealed.
When you choose the number corresponding to a different option, you will be told the value of that option and receive those points.
Previously revealed options, including the starting option, can also be reselected, although there may be small changes in the point value.
It is your task to to learn where the largest reward is in each of the 16 environments.

Environment number 1:
The value of option 30 is 51. You have 5 choices to make in this environment.
You press <<29>> and receive 56 points.
You press <<28>> and receive 52 points.
You press <<27>> and receive 43 points.
You press <<26>> and receive 34 points.
You press <<25>> and receive 27 points.

Environment number 2:
The value of option 2 is 18. You have 5 choices to make in this environment.
You press <<26>> and receive 0 points.
You press <<15>> and receive 5 points.
You press <<7>> and receive 59 points.
You press <<8>> and receive 74 points.
You press <<9>> and receive 72 points.

Environment number 3:
The value of option 6 is 14. You have 10 choices to make in this environment.
You press <<16>> and receive 28 points.
You press <<25>> and receive 1 points.
You press <<10>> and receive 29 points.
You press <<5>> and receive 26 points.
You press <<4>> and receive 31 points.
You press <<3>> and receive 30 points.
You press <<2>> and receive 36 points.
You press <<1>> and receive 43 points.
You press <<1>> and receive 42 points.
You press <<1>> and receive 43 points.

Environment number 4:
The value of option 11 is 38. You have 10 choices to make in this environment.
You press <<5>> and receive 52 points.
You press <<3>> and receive 60 points.
You press <<3>> and receive 58 points.
You press <<3>> and receive 59 points.
You press <<3>> and receive 61 points.
You press <<3>> and receive 57 points.
You press <<3>> and receive 58 points.
You press <<3>> and receive 58 points.
You press <<3>> and receive 58 points.
You press <<3>> and receive 60 points.

Environment number 5:
The value of option 9 is 6. You have 10 choices to make in this environment.
You press <<28>> and receive 42 points.
You press <<27>> and receive 39 points.
You press <<29>> and receive 43 points.
You press <<29>> and receive 42 points.
You press <<29>> and receive 42 points.
You press <<29>> and receive 43 points.
You press <<29>> and receive 43 points.
You press <<29>> and receive 42 points.
You press <<29>> and receive 42 points.
You press <<29>> and receive 42 points.

Environment number 6:
The value of option 12 is 55. You have 10 choices to make in this environment.
You press <<11>> and receive 65 points.
You press <<10>> and receive 72 points.
You press <<9>> and receive 72 points.
You press <<9>> and receive 69 points.
You press <<",45
6,20,6,9,1,smooth,12,10,55,72,"You will be presented with a series of 16 different environments to explore.
In each trial, you can select an option between numbers 1 and 30 by pressing the corresponding key.
By selecting any of these options, you will earn points associated with each unique option.
Imagine these options 1 through 30 as lying next to each other in an ordered line; options closer to each other tend to have similar rewards as rewards tend to cluster together.
For each environment, you will be able to make either 5 or 10 choices.
When you made all your choices in a given environment, you will start making choices in the next unexplored environment.
The rewards underlying the different options are different in each environment so you will learn them anew for each environment.
Each environment starts with the value of a single option revealed.
When you choose the number corresponding to a different option, you will be told the value of that option and receive those points.
Previously revealed options, including the starting option, can also be reselected, although there may be small changes in the point value.
It is your task to to learn where the largest reward is in each of the 16 environments.

Environment number 1:
The value of option 30 is 51. You have 5 choices to make in this environment.
You press <<29>> and receive 56 points.
You press <<28>> and receive 52 points.
You press <<27>> and receive 43 points.
You press <<26>> and receive 34 points.
You press <<25>> and receive 27 points.

Environment number 2:
The value of option 2 is 18. You have 5 choices to make in this environment.
You press <<26>> and receive 0 points.
You press <<15>> and receive 5 points.
You press <<7>> and receive 59 points.
You press <<8>> and receive 74 points.
You press <<9>> and receive 72 points.

Environment number 3:
The value of option 6 is 14. You have 10 choices to make in this environment.
You press <<16>> and receive 28 points.
You press <<25>> and receive 1 points.
You press <<10>> and receive 29 points.
You press <<5>> and receive 26 points.
You press <<4>> and receive 31 points.
You press <<3>> and receive 30 points.
You press <<2>> and receive 36 points.
You press <<1>> and receive 43 points.
You press <<1>> and receive 42 points.
You press <<1>> and receive 43 points.

Environment number 4:
The value of option 11 is 38. You have 10 choices to make in this environment.
You press <<5>> and receive 52 points.
You press <<3>> and receive 60 points.
You press <<3>> and receive 58 points.
You press <<3>> and receive 59 points.
You press <<3>> and receive 61 points.
You press <<3>> and receive 57 points.
You press <<3>> and receive 58 points.
You press <<3>> and receive 58 points.
You press <<3>> and receive 58 points.
You press <<3>> and receive 60 points.

Environment number 5:
The value of option 9 is 6. You have 10 choices to make in this environment.
You press <<28>> and receive 42 points.
You press <<27>> and receive 39 points.
You press <<29>> and receive 43 points.
You press <<29>> and receive 42 points.
You press <<29>> and receive 42 points.
You press <<29>> and receive 43 points.
You press <<29>> and receive 43 points.
You press <<29>> and receive 42 points.
You press <<29>> and receive 42 points.
You press <<29>> and receive 42 points.

Environment number 6:
The value of option 12 is 55. You have 10 choices to make in this environment.
You press <<11>> and receive 65 points.
You press <<10>> and receive 72 points.
You press <<9>> and receive 72 points.
You press <<9>> and receive 69 points.
You press <<9>> and receive 70 points.
You press <<",45
6,20,7,9,1,smooth,12,10,55,70,"You will be presented with a series of 16 different environments to explore.
In each trial, you can select an option between numbers 1 and 30 by pressing the corresponding key.
By selecting any of these options, you will earn points associated with each unique option.
Imagine these options 1 through 30 as lying next to each other in an ordered line; options closer to each other tend to have similar rewards as rewards tend to cluster together.
For each environment, you will be able to make either 5 or 10 choices.
When you made all your choices in a given environment, you will start making choices in the next unexplored environment.
The rewards underlying the different options are different in each environment so you will learn them anew for each environment.
Each environment starts with the value of a single option revealed.
When you choose the number corresponding to a different option, you will be told the value of that option and receive those points.
Previously revealed options, including the starting option, can also be reselected, although there may be small changes in the point value.
It is your task to to learn where the largest reward is in each of the 16 environments.

Environment number 1:
The value of option 30 is 51. You have 5 choices to make in this environment.
You press <<29>> and receive 56 points.
You press <<28>> and receive 52 points.
You press <<27>> and receive 43 points.
You press <<26>> and receive 34 points.
You press <<25>> and receive 27 points.

Environment number 2:
The value of option 2 is 18. You have 5 choices to make in this environment.
You press <<26>> and receive 0 points.
You press <<15>> and receive 5 points.
You press <<7>> and receive 59 points.
You press <<8>> and receive 74 points.
You press <<9>> and receive 72 points.

Environment number 3:
The value of option 6 is 14. You have 10 choices to make in this environment.
You press <<16>> and receive 28 points.
You press <<25>> and receive 1 points.
You press <<10>> and receive 29 points.
You press <<5>> and receive 26 points.
You press <<4>> and receive 31 points.
You press <<3>> and receive 30 points.
You press <<2>> and receive 36 points.
You press <<1>> and receive 43 points.
You press <<1>> and receive 42 points.
You press <<1>> and receive 43 points.

Environment number 4:
The value of option 11 is 38. You have 10 choices to make in this environment.
You press <<5>> and receive 52 points.
You press <<3>> and receive 60 points.
You press <<3>> and receive 58 points.
You press <<3>> and receive 59 points.
You press <<3>> and receive 61 points.
You press <<3>> and receive 57 points.
You press <<3>> and receive 58 points.
You press <<3>> and receive 58 points.
You press <<3>> and receive 58 points.
You press <<3>> and receive 60 points.

Environment number 5:
The value of option 9 is 6. You have 10 choices to make in this environment.
You press <<28>> and receive 42 points.
You press <<27>> and receive 39 points.
You press <<29>> and receive 43 points.
You press <<29>> and receive 42 points.
You press <<29>> and receive 42 points.
You press <<29>> and receive 43 points.
You press <<29>> and receive 43 points.
You press <<29>> and receive 42 points.
You press <<29>> and receive 42 points.
You press <<29>> and receive 42 points.

Environment number 6:
The value of option 12 is 55. You have 10 choices to make in this environment.
You press <<11>> and receive 65 points.
You press <<10>> and receive 72 points.
You press <<9>> and receive 72 points.
You press <<9>> and receive 69 points.
You press <<9>> and receive 70 points.
You press <<9>> and receive 72 points.
You press <<",45
6,20,8,9,1,smooth,12,10,55,70,"You will be presented with a series of 16 different environments to explore.
In each trial, you can select an option between numbers 1 and 30 by pressing the corresponding key.
By selecting any of these options, you will earn points associated with each unique option.
Imagine these options 1 through 30 as lying next to each other in an ordered line; options closer to each other tend to have similar rewards as rewards tend to cluster together.
For each environment, you will be able to make either 5 or 10 choices.
When you made all your choices in a given environment, you will start making choices in the next unexplored environment.
The rewards underlying the different options are different in each environment so you will learn them anew for each environment.
Each environment starts with the value of a single option revealed.
When you choose the number corresponding to a different option, you will be told the value of that option and receive those points.
Previously revealed options, including the starting option, can also be reselected, although there may be small changes in the point value.
It is your task to to learn where the largest reward is in each of the 16 environments.

Environment number 1:
The value of option 30 is 51. You have 5 choices to make in this environment.
You press <<29>> and receive 56 points.
You press <<28>> and receive 52 points.
You press <<27>> and receive 43 points.
You press <<26>> and receive 34 points.
You press <<25>> and receive 27 points.

Environment number 2:
The value of option 2 is 18. You have 5 choices to make in this environment.
You press <<26>> and receive 0 points.
You press <<15>> and receive 5 points.
You press <<7>> and receive 59 points.
You press <<8>> and receive 74 points.
You press <<9>> and receive 72 points.

Environment number 3:
The value of option 6 is 14. You have 10 choices to make in this environment.
You press <<16>> and receive 28 points.
You press <<25>> and receive 1 points.
You press <<10>> and receive 29 points.
You press <<5>> and receive 26 points.
You press <<4>> and receive 31 points.
You press <<3>> and receive 30 points.
You press <<2>> and receive 36 points.
You press <<1>> and receive 43 points.
You press <<1>> and receive 42 points.
You press <<1>> and receive 43 points.

Environment number 4:
The value of option 11 is 38. You have 10 choices to make in this environment.
You press <<5>> and receive 52 points.
You press <<3>> and receive 60 points.
You press <<3>> and receive 58 points.
You press <<3>> and receive 59 points.
You press <<3>> and receive 61 points.
You press <<3>> and receive 57 points.
You press <<3>> and receive 58 points.
You press <<3>> and receive 58 points.
You press <<3>> and receive 58 points.
You press <<3>> and receive 60 points.

Environment number 5:
The value of option 9 is 6. You have 10 choices to make in this environment.
You press <<28>> and receive 42 points.
You press <<27>> and receive 39 points.
You press <<29>> and receive 43 points.
You press <<29>> and receive 42 points.
You press <<29>> and receive 42 points.
You press <<29>> and receive 43 points.
You press <<29>> and receive 43 points.
You press <<29>> and receive 42 points.
You press <<29>> and receive 42 points.
You press <<29>> and receive 42 points.

Environment number 6:
The value of option 12 is 55. You have 10 choices to make in this environment.
You press <<11>> and receive 65 points.
You press <<10>> and receive 72 points.
You press <<9>> and receive 72 points.
You press <<9>> and receive 69 points.
You press <<9>> and receive 70 points.
You press <<9>> and receive 72 points.
You press <<9>> and receive 70 points.
You press <<",45
6,20,9,9,1,smooth,12,10,55,71,"You will be presented with a series of 16 different environments to explore.
In each trial, you can select an option between numbers 1 and 30 by pressing the corresponding key.
By selecting any of these options, you will earn points associated with each unique option.
Imagine these options 1 through 30 as lying next to each other in an ordered line; options closer to each other tend to have similar rewards as rewards tend to cluster together.
For each environment, you will be able to make either 5 or 10 choices.
When you made all your choices in a given environment, you will start making choices in the next unexplored environment.
The rewards underlying the different options are different in each environment so you will learn them anew for each environment.
Each environment starts with the value of a single option revealed.
When you choose the number corresponding to a different option, you will be told the value of that option and receive those points.
Previously revealed options, including the starting option, can also be reselected, although there may be small changes in the point value.
It is your task to to learn where the largest reward is in each of the 16 environments.

Environment number 1:
The value of option 30 is 51. You have 5 choices to make in this environment.
You press <<29>> and receive 56 points.
You press <<28>> and receive 52 points.
You press <<27>> and receive 43 points.
You press <<26>> and receive 34 points.
You press <<25>> and receive 27 points.

Environment number 2:
The value of option 2 is 18. You have 5 choices to make in this environment.
You press <<26>> and receive 0 points.
You press <<15>> and receive 5 points.
You press <<7>> and receive 59 points.
You press <<8>> and receive 74 points.
You press <<9>> and receive 72 points.

Environment number 3:
The value of option 6 is 14. You have 10 choices to make in this environment.
You press <<16>> and receive 28 points.
You press <<25>> and receive 1 points.
You press <<10>> and receive 29 points.
You press <<5>> and receive 26 points.
You press <<4>> and receive 31 points.
You press <<3>> and receive 30 points.
You press <<2>> and receive 36 points.
You press <<1>> and receive 43 points.
You press <<1>> and receive 42 points.
You press <<1>> and receive 43 points.

Environment number 4:
The value of option 11 is 38. You have 10 choices to make in this environment.
You press <<5>> and receive 52 points.
You press <<3>> and receive 60 points.
You press <<3>> and receive 58 points.
You press <<3>> and receive 59 points.
You press <<3>> and receive 61 points.
You press <<3>> and receive 57 points.
You press <<3>> and receive 58 points.
You press <<3>> and receive 58 points.
You press <<3>> and receive 58 points.
You press <<3>> and receive 60 points.

Environment number 5:
The value of option 9 is 6. You have 10 choices to make in this environment.
You press <<28>> and receive 42 points.
You press <<27>> and receive 39 points.
You press <<29>> and receive 43 points.
You press <<29>> and receive 42 points.
You press <<29>> and receive 42 points.
You press <<29>> and receive 43 points.
You press <<29>> and receive 43 points.
You press <<29>> and receive 42 points.
You press <<29>> and receive 42 points.
You press <<29>> and receive 42 points.

Environment number 6:
The value of option 12 is 55. You have 10 choices to make in this environment.
You press <<11>> and receive 65 points.
You press <<10>> and receive 72 points.
You press <<9>> and receive 72 points.
You press <<9>> and receive 69 points.
You press <<9>> and receive 70 points.
You press <<9>> and receive 72 points.
You press <<9>> and receive 70 points.
You press <<9>> and receive 70 points.
You press <<",45
6,20,10,9,1,smooth,12,10,55,70,"You will be presented with a series of 16 different environments to explore.
In each trial, you can select an option between numbers 1 and 30 by pressing the corresponding key.
By selecting any of these options, you will earn points associated with each unique option.
Imagine these options 1 through 30 as lying next to each other in an ordered line; options closer to each other tend to have similar rewards as rewards tend to cluster together.
For each environment, you will be able to make either 5 or 10 choices.
When you made all your choices in a given environment, you will start making choices in the next unexplored environment.
The rewards underlying the different options are different in each environment so you will learn them anew for each environment.
Each environment starts with the value of a single option revealed.
When you choose the number corresponding to a different option, you will be told the value of that option and receive those points.
Previously revealed options, including the starting option, can also be reselected, although there may be small changes in the point value.
It is your task to to learn where the largest reward is in each of the 16 environments.

Environment number 1:
The value of option 30 is 51. You have 5 choices to make in this environment.
You press <<29>> and receive 56 points.
You press <<28>> and receive 52 points.
You press <<27>> and receive 43 points.
You press <<26>> and receive 34 points.
You press <<25>> and receive 27 points.

Environment number 2:
The value of option 2 is 18. You have 5 choices to make in this environment.
You press <<26>> and receive 0 points.
You press <<15>> and receive 5 points.
You press <<7>> and receive 59 points.
You press <<8>> and receive 74 points.
You press <<9>> and receive 72 points.

Environment number 3:
The value of option 6 is 14. You have 10 choices to make in this environment.
You press <<16>> and receive 28 points.
You press <<25>> and receive 1 points.
You press <<10>> and receive 29 points.
You press <<5>> and receive 26 points.
You press <<4>> and receive 31 points.
You press <<3>> and receive 30 points.
You press <<2>> and receive 36 points.
You press <<1>> and receive 43 points.
You press <<1>> and receive 42 points.
You press <<1>> and receive 43 points.

Environment number 4:
The value of option 11 is 38. You have 10 choices to make in this environment.
You press <<5>> and receive 52 points.
You press <<3>> and receive 60 points.
You press <<3>> and receive 58 points.
You press <<3>> and receive 59 points.
You press <<3>> and receive 61 points.
You press <<3>> and receive 57 points.
You press <<3>> and receive 58 points.
You press <<3>> and receive 58 points.
You press <<3>> and receive 58 points.
You press <<3>> and receive 60 points.

Environment number 5:
The value of option 9 is 6. You have 10 choices to make in this environment.
You press <<28>> and receive 42 points.
You press <<27>> and receive 39 points.
You press <<29>> and receive 43 points.
You press <<29>> and receive 42 points.
You press <<29>> and receive 42 points.
You press <<29>> and receive 43 points.
You press <<29>> and receive 43 points.
You press <<29>> and receive 42 points.
You press <<29>> and receive 42 points.
You press <<29>> and receive 42 points.

Environment number 6:
The value of option 12 is 55. You have 10 choices to make in this environment.
You press <<11>> and receive 65 points.
You press <<10>> and receive 72 points.
You press <<9>> and receive 72 points.
You press <<9>> and receive 69 points.
You press <<9>> and receive 70 points.
You press <<9>> and receive 72 points.
You press <<9>> and receive 70 points.
You press <<9>> and receive 70 points.
You press <<9>> and receive 71 points.
You press <<",45
7,22,1,24,1,smooth,25,5,54,39,"You will be presented with a series of 16 different environments to explore.
In each trial, you can select an option between numbers 1 and 30 by pressing the corresponding key.
By selecting any of these options, you will earn points associated with each unique option.
Imagine these options 1 through 30 as lying next to each other in an ordered line; options closer to each other tend to have similar rewards as rewards tend to cluster together.
For each environment, you will be able to make either 5 or 10 choices.
When you made all your choices in a given environment, you will start making choices in the next unexplored environment.
The rewards underlying the different options are different in each environment so you will learn them anew for each environment.
Each environment starts with the value of a single option revealed.
When you choose the number corresponding to a different option, you will be told the value of that option and receive those points.
Previously revealed options, including the starting option, can also be reselected, although there may be small changes in the point value.
It is your task to to learn where the largest reward is in each of the 16 environments.

Environment number 1:
The value of option 30 is 51. You have 5 choices to make in this environment.
You press <<29>> and receive 56 points.
You press <<28>> and receive 52 points.
You press <<27>> and receive 43 points.
You press <<26>> and receive 34 points.
You press <<25>> and receive 27 points.

Environment number 2:
The value of option 2 is 18. You have 5 choices to make in this environment.
You press <<26>> and receive 0 points.
You press <<15>> and receive 5 points.
You press <<7>> and receive 59 points.
You press <<8>> and receive 74 points.
You press <<9>> and receive 72 points.

Environment number 3:
The value of option 6 is 14. You have 10 choices to make in this environment.
You press <<16>> and receive 28 points.
You press <<25>> and receive 1 points.
You press <<10>> and receive 29 points.
You press <<5>> and receive 26 points.
You press <<4>> and receive 31 points.
You press <<3>> and receive 30 points.
You press <<2>> and receive 36 points.
You press <<1>> and receive 43 points.
You press <<1>> and receive 42 points.
You press <<1>> and receive 43 points.

Environment number 4:
The value of option 11 is 38. You have 10 choices to make in this environment.
You press <<5>> and receive 52 points.
You press <<3>> and receive 60 points.
You press <<3>> and receive 58 points.
You press <<3>> and receive 59 points.
You press <<3>> and receive 61 points.
You press <<3>> and receive 57 points.
You press <<3>> and receive 58 points.
You press <<3>> and receive 58 points.
You press <<3>> and receive 58 points.
You press <<3>> and receive 60 points.

Environment number 5:
The value of option 9 is 6. You have 10 choices to make in this environment.
You press <<28>> and receive 42 points.
You press <<27>> and receive 39 points.
You press <<29>> and receive 43 points.
You press <<29>> and receive 42 points.
You press <<29>> and receive 42 points.
You press <<29>> and receive 43 points.
You press <<29>> and receive 43 points.
You press <<29>> and receive 42 points.
You press <<29>> and receive 42 points.
You press <<29>> and receive 42 points.

Environment number 6:
The value of option 12 is 55. You have 10 choices to make in this environment.
You press <<11>> and receive 65 points.
You press <<10>> and receive 72 points.
You press <<9>> and receive 72 points.
You press <<9>> and receive 69 points.
You press <<9>> and receive 70 points.
You press <<9>> and receive 72 points.
You press <<9>> and receive 70 points.
You press <<9>> and receive 70 points.
You press <<9>> and receive 71 points.
You press <<9>> and receive 70 points.

Environment number 7:
The value of option 25 is 54. You have 5 choices to make in this environment.
You press <<",45
7,22,2,26,1,smooth,25,5,54,68,"You will be presented with a series of 16 different environments to explore.
In each trial, you can select an option between numbers 1 and 30 by pressing the corresponding key.
By selecting any of these options, you will earn points associated with each unique option.
Imagine these options 1 through 30 as lying next to each other in an ordered line; options closer to each other tend to have similar rewards as rewards tend to cluster together.
For each environment, you will be able to make either 5 or 10 choices.
When you made all your choices in a given environment, you will start making choices in the next unexplored environment.
The rewards underlying the different options are different in each environment so you will learn them anew for each environment.
Each environment starts with the value of a single option revealed.
When you choose the number corresponding to a different option, you will be told the value of that option and receive those points.
Previously revealed options, including the starting option, can also be reselected, although there may be small changes in the point value.
It is your task to to learn where the largest reward is in each of the 16 environments.

Environment number 1:
The value of option 30 is 51. You have 5 choices to make in this environment.
You press <<29>> and receive 56 points.
You press <<28>> and receive 52 points.
You press <<27>> and receive 43 points.
You press <<26>> and receive 34 points.
You press <<25>> and receive 27 points.

Environment number 2:
The value of option 2 is 18. You have 5 choices to make in this environment.
You press <<26>> and receive 0 points.
You press <<15>> and receive 5 points.
You press <<7>> and receive 59 points.
You press <<8>> and receive 74 points.
You press <<9>> and receive 72 points.

Environment number 3:
The value of option 6 is 14. You have 10 choices to make in this environment.
You press <<16>> and receive 28 points.
You press <<25>> and receive 1 points.
You press <<10>> and receive 29 points.
You press <<5>> and receive 26 points.
You press <<4>> and receive 31 points.
You press <<3>> and receive 30 points.
You press <<2>> and receive 36 points.
You press <<1>> and receive 43 points.
You press <<1>> and receive 42 points.
You press <<1>> and receive 43 points.

Environment number 4:
The value of option 11 is 38. You have 10 choices to make in this environment.
You press <<5>> and receive 52 points.
You press <<3>> and receive 60 points.
You press <<3>> and receive 58 points.
You press <<3>> and receive 59 points.
You press <<3>> and receive 61 points.
You press <<3>> and receive 57 points.
You press <<3>> and receive 58 points.
You press <<3>> and receive 58 points.
You press <<3>> and receive 58 points.
You press <<3>> and receive 60 points.

Environment number 5:
The value of option 9 is 6. You have 10 choices to make in this environment.
You press <<28>> and receive 42 points.
You press <<27>> and receive 39 points.
You press <<29>> and receive 43 points.
You press <<29>> and receive 42 points.
You press <<29>> and receive 42 points.
You press <<29>> and receive 43 points.
You press <<29>> and receive 43 points.
You press <<29>> and receive 42 points.
You press <<29>> and receive 42 points.
You press <<29>> and receive 42 points.

Environment number 6:
The value of option 12 is 55. You have 10 choices to make in this environment.
You press <<11>> and receive 65 points.
You press <<10>> and receive 72 points.
You press <<9>> and receive 72 points.
You press <<9>> and receive 69 points.
You press <<9>> and receive 70 points.
You press <<9>> and receive 72 points.
You press <<9>> and receive 70 points.
You press <<9>> and receive 70 points.
You press <<9>> and receive 71 points.
You press <<9>> and receive 70 points.

Environment number 7:
The value of option 25 is 54. You have 5 choices to make in this environment.
You press <<24>> and receive 39 points.
You press <<",45
7,22,3,27,1,smooth,25,5,54,71,"You will be presented with a series of 16 different environments to explore.
In each trial, you can select an option between numbers 1 and 30 by pressing the corresponding key.
By selecting any of these options, you will earn points associated with each unique option.
Imagine these options 1 through 30 as lying next to each other in an ordered line; options closer to each other tend to have similar rewards as rewards tend to cluster together.
For each environment, you will be able to make either 5 or 10 choices.
When you made all your choices in a given environment, you will start making choices in the next unexplored environment.
The rewards underlying the different options are different in each environment so you will learn them anew for each environment.
Each environment starts with the value of a single option revealed.
When you choose the number corresponding to a different option, you will be told the value of that option and receive those points.
Previously revealed options, including the starting option, can also be reselected, although there may be small changes in the point value.
It is your task to to learn where the largest reward is in each of the 16 environments.

Environment number 1:
The value of option 30 is 51. You have 5 choices to make in this environment.
You press <<29>> and receive 56 points.
You press <<28>> and receive 52 points.
You press <<27>> and receive 43 points.
You press <<26>> and receive 34 points.
You press <<25>> and receive 27 points.

Environment number 2:
The value of option 2 is 18. You have 5 choices to make in this environment.
You press <<26>> and receive 0 points.
You press <<15>> and receive 5 points.
You press <<7>> and receive 59 points.
You press <<8>> and receive 74 points.
You press <<9>> and receive 72 points.

Environment number 3:
The value of option 6 is 14. You have 10 choices to make in this environment.
You press <<16>> and receive 28 points.
You press <<25>> and receive 1 points.
You press <<10>> and receive 29 points.
You press <<5>> and receive 26 points.
You press <<4>> and receive 31 points.
You press <<3>> and receive 30 points.
You press <<2>> and receive 36 points.
You press <<1>> and receive 43 points.
You press <<1>> and receive 42 points.
You press <<1>> and receive 43 points.

Environment number 4:
The value of option 11 is 38. You have 10 choices to make in this environment.
You press <<5>> and receive 52 points.
You press <<3>> and receive 60 points.
You press <<3>> and receive 58 points.
You press <<3>> and receive 59 points.
You press <<3>> and receive 61 points.
You press <<3>> and receive 57 points.
You press <<3>> and receive 58 points.
You press <<3>> and receive 58 points.
You press <<3>> and receive 58 points.
You press <<3>> and receive 60 points.

Environment number 5:
The value of option 9 is 6. You have 10 choices to make in this environment.
You press <<28>> and receive 42 points.
You press <<27>> and receive 39 points.
You press <<29>> and receive 43 points.
You press <<29>> and receive 42 points.
You press <<29>> and receive 42 points.
You press <<29>> and receive 43 points.
You press <<29>> and receive 43 points.
You press <<29>> and receive 42 points.
You press <<29>> and receive 42 points.
You press <<29>> and receive 42 points.

Environment number 6:
The value of option 12 is 55. You have 10 choices to make in this environment.
You press <<11>> and receive 65 points.
You press <<10>> and receive 72 points.
You press <<9>> and receive 72 points.
You press <<9>> and receive 69 points.
You press <<9>> and receive 70 points.
You press <<9>> and receive 72 points.
You press <<9>> and receive 70 points.
You press <<9>> and receive 70 points.
You press <<9>> and receive 71 points.
You press <<9>> and receive 70 points.

Environment number 7:
The value of option 25 is 54. You have 5 choices to make in this environment.
You press <<24>> and receive 39 points.
You press <<26>> and receive 68 points.
You press <<",45
7,22,4,28,1,smooth,25,5,54,65,"You will be presented with a series of 16 different environments to explore.
In each trial, you can select an option between numbers 1 and 30 by pressing the corresponding key.
By selecting any of these options, you will earn points associated with each unique option.
Imagine these options 1 through 30 as lying next to each other in an ordered line; options closer to each other tend to have similar rewards as rewards tend to cluster together.
For each environment, you will be able to make either 5 or 10 choices.
When you made all your choices in a given environment, you will start making choices in the next unexplored environment.
The rewards underlying the different options are different in each environment so you will learn them anew for each environment.
Each environment starts with the value of a single option revealed.
When you choose the number corresponding to a different option, you will be told the value of that option and receive those points.
Previously revealed options, including the starting option, can also be reselected, although there may be small changes in the point value.
It is your task to to learn where the largest reward is in each of the 16 environments.

Environment number 1:
The value of option 30 is 51. You have 5 choices to make in this environment.
You press <<29>> and receive 56 points.
You press <<28>> and receive 52 points.
You press <<27>> and receive 43 points.
You press <<26>> and receive 34 points.
You press <<25>> and receive 27 points.

Environment number 2:
The value of option 2 is 18. You have 5 choices to make in this environment.
You press <<26>> and receive 0 points.
You press <<15>> and receive 5 points.
You press <<7>> and receive 59 points.
You press <<8>> and receive 74 points.
You press <<9>> and receive 72 points.

Environment number 3:
The value of option 6 is 14. You have 10 choices to make in this environment.
You press <<16>> and receive 28 points.
You press <<25>> and receive 1 points.
You press <<10>> and receive 29 points.
You press <<5>> and receive 26 points.
You press <<4>> and receive 31 points.
You press <<3>> and receive 30 points.
You press <<2>> and receive 36 points.
You press <<1>> and receive 43 points.
You press <<1>> and receive 42 points.
You press <<1>> and receive 43 points.

Environment number 4:
The value of option 11 is 38. You have 10 choices to make in this environment.
You press <<5>> and receive 52 points.
You press <<3>> and receive 60 points.
You press <<3>> and receive 58 points.
You press <<3>> and receive 59 points.
You press <<3>> and receive 61 points.
You press <<3>> and receive 57 points.
You press <<3>> and receive 58 points.
You press <<3>> and receive 58 points.
You press <<3>> and receive 58 points.
You press <<3>> and receive 60 points.

Environment number 5:
The value of option 9 is 6. You have 10 choices to make in this environment.
You press <<28>> and receive 42 points.
You press <<27>> and receive 39 points.
You press <<29>> and receive 43 points.
You press <<29>> and receive 42 points.
You press <<29>> and receive 42 points.
You press <<29>> and receive 43 points.
You press <<29>> and receive 43 points.
You press <<29>> and receive 42 points.
You press <<29>> and receive 42 points.
You press <<29>> and receive 42 points.

Environment number 6:
The value of option 12 is 55. You have 10 choices to make in this environment.
You press <<11>> and receive 65 points.
You press <<10>> and receive 72 points.
You press <<9>> and receive 72 points.
You press <<9>> and receive 69 points.
You press <<9>> and receive 70 points.
You press <<9>> and receive 72 points.
You press <<9>> and receive 70 points.
You press <<9>> and receive 70 points.
You press <<9>> and receive 71 points.
You press <<9>> and receive 70 points.

Environment number 7:
The value of option 25 is 54. You have 5 choices to make in this environment.
You press <<24>> and receive 39 points.
You press <<26>> and receive 68 points.
You press <<27>> and receive 71 points.
You press <<",45
7,22,5,27,1,smooth,25,5,54,70,"You will be presented with a series of 16 different environments to explore.
In each trial, you can select an option between numbers 1 and 30 by pressing the corresponding key.
By selecting any of these options, you will earn points associated with each unique option.
Imagine these options 1 through 30 as lying next to each other in an ordered line; options closer to each other tend to have similar rewards as rewards tend to cluster together.
For each environment, you will be able to make either 5 or 10 choices.
When you made all your choices in a given environment, you will start making choices in the next unexplored environment.
The rewards underlying the different options are different in each environment so you will learn them anew for each environment.
Each environment starts with the value of a single option revealed.
When you choose the number corresponding to a different option, you will be told the value of that option and receive those points.
Previously revealed options, including the starting option, can also be reselected, although there may be small changes in the point value.
It is your task to to learn where the largest reward is in each of the 16 environments.

Environment number 1:
The value of option 30 is 51. You have 5 choices to make in this environment.
You press <<29>> and receive 56 points.
You press <<28>> and receive 52 points.
You press <<27>> and receive 43 points.
You press <<26>> and receive 34 points.
You press <<25>> and receive 27 points.

Environment number 2:
The value of option 2 is 18. You have 5 choices to make in this environment.
You press <<26>> and receive 0 points.
You press <<15>> and receive 5 points.
You press <<7>> and receive 59 points.
You press <<8>> and receive 74 points.
You press <<9>> and receive 72 points.

Environment number 3:
The value of option 6 is 14. You have 10 choices to make in this environment.
You press <<16>> and receive 28 points.
You press <<25>> and receive 1 points.
You press <<10>> and receive 29 points.
You press <<5>> and receive 26 points.
You press <<4>> and receive 31 points.
You press <<3>> and receive 30 points.
You press <<2>> and receive 36 points.
You press <<1>> and receive 43 points.
You press <<1>> and receive 42 points.
You press <<1>> and receive 43 points.

Environment number 4:
The value of option 11 is 38. You have 10 choices to make in this environment.
You press <<5>> and receive 52 points.
You press <<3>> and receive 60 points.
You press <<3>> and receive 58 points.
You press <<3>> and receive 59 points.
You press <<3>> and receive 61 points.
You press <<3>> and receive 57 points.
You press <<3>> and receive 58 points.
You press <<3>> and receive 58 points.
You press <<3>> and receive 58 points.
You press <<3>> and receive 60 points.

Environment number 5:
The value of option 9 is 6. You have 10 choices to make in this environment.
You press <<28>> and receive 42 points.
You press <<27>> and receive 39 points.
You press <<29>> and receive 43 points.
You press <<29>> and receive 42 points.
You press <<29>> and receive 42 points.
You press <<29>> and receive 43 points.
You press <<29>> and receive 43 points.
You press <<29>> and receive 42 points.
You press <<29>> and receive 42 points.
You press <<29>> and receive 42 points.

Environment number 6:
The value of option 12 is 55. You have 10 choices to make in this environment.
You press <<11>> and receive 65 points.
You press <<10>> and receive 72 points.
You press <<9>> and receive 72 points.
You press <<9>> and receive 69 points.
You press <<9>> and receive 70 points.
You press <<9>> and receive 72 points.
You press <<9>> and receive 70 points.
You press <<9>> and receive 70 points.
You press <<9>> and receive 71 points.
You press <<9>> and receive 70 points.

Environment number 7:
The value of option 25 is 54. You have 5 choices to make in this environment.
You press <<24>> and receive 39 points.
You press <<26>> and receive 68 points.
You press <<27>> and receive 71 points.
You press <<28>> and receive 65 points.
You press <<",45
8,2,1,23,1,smooth,24,5,78,77,"You will be presented with a series of 16 different environments to explore.
In each trial, you can select an option between numbers 1 and 30 by pressing the corresponding key.
By selecting any of these options, you will earn points associated with each unique option.
Imagine these options 1 through 30 as lying next to each other in an ordered line; options closer to each other tend to have similar rewards as rewards tend to cluster together.
For each environment, you will be able to make either 5 or 10 choices.
When you made all your choices in a given environment, you will start making choices in the next unexplored environment.
The rewards underlying the different options are different in each environment so you will learn them anew for each environment.
Each environment starts with the value of a single option revealed.
When you choose the number corresponding to a different option, you will be told the value of that option and receive those points.
Previously revealed options, including the starting option, can also be reselected, although there may be small changes in the point value.
It is your task to to learn where the largest reward is in each of the 16 environments.

Environment number 1:
The value of option 30 is 51. You have 5 choices to make in this environment.
You press <<29>> and receive 56 points.
You press <<28>> and receive 52 points.
You press <<27>> and receive 43 points.
You press <<26>> and receive 34 points.
You press <<25>> and receive 27 points.

Environment number 2:
The value of option 2 is 18. You have 5 choices to make in this environment.
You press <<26>> and receive 0 points.
You press <<15>> and receive 5 points.
You press <<7>> and receive 59 points.
You press <<8>> and receive 74 points.
You press <<9>> and receive 72 points.

Environment number 3:
The value of option 6 is 14. You have 10 choices to make in this environment.
You press <<16>> and receive 28 points.
You press <<25>> and receive 1 points.
You press <<10>> and receive 29 points.
You press <<5>> and receive 26 points.
You press <<4>> and receive 31 points.
You press <<3>> and receive 30 points.
You press <<2>> and receive 36 points.
You press <<1>> and receive 43 points.
You press <<1>> and receive 42 points.
You press <<1>> and receive 43 points.

Environment number 4:
The value of option 11 is 38. You have 10 choices to make in this environment.
You press <<5>> and receive 52 points.
You press <<3>> and receive 60 points.
You press <<3>> and receive 58 points.
You press <<3>> and receive 59 points.
You press <<3>> and receive 61 points.
You press <<3>> and receive 57 points.
You press <<3>> and receive 58 points.
You press <<3>> and receive 58 points.
You press <<3>> and receive 58 points.
You press <<3>> and receive 60 points.

Environment number 5:
The value of option 9 is 6. You have 10 choices to make in this environment.
You press <<28>> and receive 42 points.
You press <<27>> and receive 39 points.
You press <<29>> and receive 43 points.
You press <<29>> and receive 42 points.
You press <<29>> and receive 42 points.
You press <<29>> and receive 43 points.
You press <<29>> and receive 43 points.
You press <<29>> and receive 42 points.
You press <<29>> and receive 42 points.
You press <<29>> and receive 42 points.

Environment number 6:
The value of option 12 is 55. You have 10 choices to make in this environment.
You press <<11>> and receive 65 points.
You press <<10>> and receive 72 points.
You press <<9>> and receive 72 points.
You press <<9>> and receive 69 points.
You press <<9>> and receive 70 points.
You press <<9>> and receive 72 points.
You press <<9>> and receive 70 points.
You press <<9>> and receive 70 points.
You press <<9>> and receive 71 points.
You press <<9>> and receive 70 points.

Environment number 7:
The value of option 25 is 54. You have 5 choices to make in this environment.
You press <<24>> and receive 39 points.
You press <<26>> and receive 68 points.
You press <<27>> and receive 71 points.
You press <<28>> and receive 65 points.
You press <<27>> and receive 70 points.

Environment number 8:
The value of option 24 is 78. You have 5 choices to make in this environment.
You press <<",45
8,2,2,25,1,smooth,24,5,78,79,"You will be presented with a series of 16 different environments to explore.
In each trial, you can select an option between numbers 1 and 30 by pressing the corresponding key.
By selecting any of these options, you will earn points associated with each unique option.
Imagine these options 1 through 30 as lying next to each other in an ordered line; options closer to each other tend to have similar rewards as rewards tend to cluster together.
For each environment, you will be able to make either 5 or 10 choices.
When you made all your choices in a given environment, you will start making choices in the next unexplored environment.
The rewards underlying the different options are different in each environment so you will learn them anew for each environment.
Each environment starts with the value of a single option revealed.
When you choose the number corresponding to a different option, you will be told the value of that option and receive those points.
Previously revealed options, including the starting option, can also be reselected, although there may be small changes in the point value.
It is your task to to learn where the largest reward is in each of the 16 environments.

Environment number 1:
The value of option 30 is 51. You have 5 choices to make in this environment.
You press <<29>> and receive 56 points.
You press <<28>> and receive 52 points.
You press <<27>> and receive 43 points.
You press <<26>> and receive 34 points.
You press <<25>> and receive 27 points.

Environment number 2:
The value of option 2 is 18. You have 5 choices to make in this environment.
You press <<26>> and receive 0 points.
You press <<15>> and receive 5 points.
You press <<7>> and receive 59 points.
You press <<8>> and receive 74 points.
You press <<9>> and receive 72 points.

Environment number 3:
The value of option 6 is 14. You have 10 choices to make in this environment.
You press <<16>> and receive 28 points.
You press <<25>> and receive 1 points.
You press <<10>> and receive 29 points.
You press <<5>> and receive 26 points.
You press <<4>> and receive 31 points.
You press <<3>> and receive 30 points.
You press <<2>> and receive 36 points.
You press <<1>> and receive 43 points.
You press <<1>> and receive 42 points.
You press <<1>> and receive 43 points.

Environment number 4:
The value of option 11 is 38. You have 10 choices to make in this environment.
You press <<5>> and receive 52 points.
You press <<3>> and receive 60 points.
You press <<3>> and receive 58 points.
You press <<3>> and receive 59 points.
You press <<3>> and receive 61 points.
You press <<3>> and receive 57 points.
You press <<3>> and receive 58 points.
You press <<3>> and receive 58 points.
You press <<3>> and receive 58 points.
You press <<3>> and receive 60 points.

Environment number 5:
The value of option 9 is 6. You have 10 choices to make in this environment.
You press <<28>> and receive 42 points.
You press <<27>> and receive 39 points.
You press <<29>> and receive 43 points.
You press <<29>> and receive 42 points.
You press <<29>> and receive 42 points.
You press <<29>> and receive 43 points.
You press <<29>> and receive 43 points.
You press <<29>> and receive 42 points.
You press <<29>> and receive 42 points.
You press <<29>> and receive 42 points.

Environment number 6:
The value of option 12 is 55. You have 10 choices to make in this environment.
You press <<11>> and receive 65 points.
You press <<10>> and receive 72 points.
You press <<9>> and receive 72 points.
You press <<9>> and receive 69 points.
You press <<9>> and receive 70 points.
You press <<9>> and receive 72 points.
You press <<9>> and receive 70 points.
You press <<9>> and receive 70 points.
You press <<9>> and receive 71 points.
You press <<9>> and receive 70 points.

Environment number 7:
The value of option 25 is 54. You have 5 choices to make in this environment.
You press <<24>> and receive 39 points.
You press <<26>> and receive 68 points.
You press <<27>> and receive 71 points.
You press <<28>> and receive 65 points.
You press <<27>> and receive 70 points.

Environment number 8:
The value of option 24 is 78. You have 5 choices to make in this environment.
You press <<23>> and receive 77 points.
You press <<",45
8,2,3,26,1,smooth,24,5,78,65,"You will be presented with a series of 16 different environments to explore.
In each trial, you can select an option between numbers 1 and 30 by pressing the corresponding key.
By selecting any of these options, you will earn points associated with each unique option.
Imagine these options 1 through 30 as lying next to each other in an ordered line; options closer to each other tend to have similar rewards as rewards tend to cluster together.
For each environment, you will be able to make either 5 or 10 choices.
When you made all your choices in a given environment, you will start making choices in the next unexplored environment.
The rewards underlying the different options are different in each environment so you will learn them anew for each environment.
Each environment starts with the value of a single option revealed.
When you choose the number corresponding to a different option, you will be told the value of that option and receive those points.
Previously revealed options, including the starting option, can also be reselected, although there may be small changes in the point value.
It is your task to to learn where the largest reward is in each of the 16 environments.

Environment number 1:
The value of option 30 is 51. You have 5 choices to make in this environment.
You press <<29>> and receive 56 points.
You press <<28>> and receive 52 points.
You press <<27>> and receive 43 points.
You press <<26>> and receive 34 points.
You press <<25>> and receive 27 points.

Environment number 2:
The value of option 2 is 18. You have 5 choices to make in this environment.
You press <<26>> and receive 0 points.
You press <<15>> and receive 5 points.
You press <<7>> and receive 59 points.
You press <<8>> and receive 74 points.
You press <<9>> and receive 72 points.

Environment number 3:
The value of option 6 is 14. You have 10 choices to make in this environment.
You press <<16>> and receive 28 points.
You press <<25>> and receive 1 points.
You press <<10>> and receive 29 points.
You press <<5>> and receive 26 points.
You press <<4>> and receive 31 points.
You press <<3>> and receive 30 points.
You press <<2>> and receive 36 points.
You press <<1>> and receive 43 points.
You press <<1>> and receive 42 points.
You press <<1>> and receive 43 points.

Environment number 4:
The value of option 11 is 38. You have 10 choices to make in this environment.
You press <<5>> and receive 52 points.
You press <<3>> and receive 60 points.
You press <<3>> and receive 58 points.
You press <<3>> and receive 59 points.
You press <<3>> and receive 61 points.
You press <<3>> and receive 57 points.
You press <<3>> and receive 58 points.
You press <<3>> and receive 58 points.
You press <<3>> and receive 58 points.
You press <<3>> and receive 60 points.

Environment number 5:
The value of option 9 is 6. You have 10 choices to make in this environment.
You press <<28>> and receive 42 points.
You press <<27>> and receive 39 points.
You press <<29>> and receive 43 points.
You press <<29>> and receive 42 points.
You press <<29>> and receive 42 points.
You press <<29>> and receive 43 points.
You press <<29>> and receive 43 points.
You press <<29>> and receive 42 points.
You press <<29>> and receive 42 points.
You press <<29>> and receive 42 points.

Environment number 6:
The value of option 12 is 55. You have 10 choices to make in this environment.
You press <<11>> and receive 65 points.
You press <<10>> and receive 72 points.
You press <<9>> and receive 72 points.
You press <<9>> and receive 69 points.
You press <<9>> and receive 70 points.
You press <<9>> and receive 72 points.
You press <<9>> and receive 70 points.
You press <<9>> and receive 70 points.
You press <<9>> and receive 71 points.
You press <<9>> and receive 70 points.

Environment number 7:
The value of option 25 is 54. You have 5 choices to make in this environment.
You press <<24>> and receive 39 points.
You press <<26>> and receive 68 points.
You press <<27>> and receive 71 points.
You press <<28>> and receive 65 points.
You press <<27>> and receive 70 points.

Environment number 8:
The value of option 24 is 78. You have 5 choices to make in this environment.
You press <<23>> and receive 77 points.
You press <<25>> and receive 79 points.
You press <<",45
8,2,4,25,1,smooth,24,5,78,79,"You will be presented with a series of 16 different environments to explore.
In each trial, you can select an option between numbers 1 and 30 by pressing the corresponding key.
By selecting any of these options, you will earn points associated with each unique option.
Imagine these options 1 through 30 as lying next to each other in an ordered line; options closer to each other tend to have similar rewards as rewards tend to cluster together.
For each environment, you will be able to make either 5 or 10 choices.
When you made all your choices in a given environment, you will start making choices in the next unexplored environment.
The rewards underlying the different options are different in each environment so you will learn them anew for each environment.
Each environment starts with the value of a single option revealed.
When you choose the number corresponding to a different option, you will be told the value of that option and receive those points.
Previously revealed options, including the starting option, can also be reselected, although there may be small changes in the point value.
It is your task to to learn where the largest reward is in each of the 16 environments.

Environment number 1:
The value of option 30 is 51. You have 5 choices to make in this environment.
You press <<29>> and receive 56 points.
You press <<28>> and receive 52 points.
You press <<27>> and receive 43 points.
You press <<26>> and receive 34 points.
You press <<25>> and receive 27 points.

Environment number 2:
The value of option 2 is 18. You have 5 choices to make in this environment.
You press <<26>> and receive 0 points.
You press <<15>> and receive 5 points.
You press <<7>> and receive 59 points.
You press <<8>> and receive 74 points.
You press <<9>> and receive 72 points.

Environment number 3:
The value of option 6 is 14. You have 10 choices to make in this environment.
You press <<16>> and receive 28 points.
You press <<25>> and receive 1 points.
You press <<10>> and receive 29 points.
You press <<5>> and receive 26 points.
You press <<4>> and receive 31 points.
You press <<3>> and receive 30 points.
You press <<2>> and receive 36 points.
You press <<1>> and receive 43 points.
You press <<1>> and receive 42 points.
You press <<1>> and receive 43 points.

Environment number 4:
The value of option 11 is 38. You have 10 choices to make in this environment.
You press <<5>> and receive 52 points.
You press <<3>> and receive 60 points.
You press <<3>> and receive 58 points.
You press <<3>> and receive 59 points.
You press <<3>> and receive 61 points.
You press <<3>> and receive 57 points.
You press <<3>> and receive 58 points.
You press <<3>> and receive 58 points.
You press <<3>> and receive 58 points.
You press <<3>> and receive 60 points.

Environment number 5:
The value of option 9 is 6. You have 10 choices to make in this environment.
You press <<28>> and receive 42 points.
You press <<27>> and receive 39 points.
You press <<29>> and receive 43 points.
You press <<29>> and receive 42 points.
You press <<29>> and receive 42 points.
You press <<29>> and receive 43 points.
You press <<29>> and receive 43 points.
You press <<29>> and receive 42 points.
You press <<29>> and receive 42 points.
You press <<29>> and receive 42 points.

Environment number 6:
The value of option 12 is 55. You have 10 choices to make in this environment.
You press <<11>> and receive 65 points.
You press <<10>> and receive 72 points.
You press <<9>> and receive 72 points.
You press <<9>> and receive 69 points.
You press <<9>> and receive 70 points.
You press <<9>> and receive 72 points.
You press <<9>> and receive 70 points.
You press <<9>> and receive 70 points.
You press <<9>> and receive 71 points.
You press <<9>> and receive 70 points.

Environment number 7:
The value of option 25 is 54. You have 5 choices to make in this environment.
You press <<24>> and receive 39 points.
You press <<26>> and receive 68 points.
You press <<27>> and receive 71 points.
You press <<28>> and receive 65 points.
You press <<27>> and receive 70 points.

Environment number 8:
The value of option 24 is 78. You have 5 choices to make in this environment.
You press <<23>> and receive 77 points.
You press <<25>> and receive 79 points.
You press <<26>> and receive 65 points.
You press <<",45
8,2,5,25,1,smooth,24,5,78,78,"You will be presented with a series of 16 different environments to explore.
In each trial, you can select an option between numbers 1 and 30 by pressing the corresponding key.
By selecting any of these options, you will earn points associated with each unique option.
Imagine these options 1 through 30 as lying next to each other in an ordered line; options closer to each other tend to have similar rewards as rewards tend to cluster together.
For each environment, you will be able to make either 5 or 10 choices.
When you made all your choices in a given environment, you will start making choices in the next unexplored environment.
The rewards underlying the different options are different in each environment so you will learn them anew for each environment.
Each environment starts with the value of a single option revealed.
When you choose the number corresponding to a different option, you will be told the value of that option and receive those points.
Previously revealed options, including the starting option, can also be reselected, although there may be small changes in the point value.
It is your task to to learn where the largest reward is in each of the 16 environments.

Environment number 1:
The value of option 30 is 51. You have 5 choices to make in this environment.
You press <<29>> and receive 56 points.
You press <<28>> and receive 52 points.
You press <<27>> and receive 43 points.
You press <<26>> and receive 34 points.
You press <<25>> and receive 27 points.

Environment number 2:
The value of option 2 is 18. You have 5 choices to make in this environment.
You press <<26>> and receive 0 points.
You press <<15>> and receive 5 points.
You press <<7>> and receive 59 points.
You press <<8>> and receive 74 points.
You press <<9>> and receive 72 points.

Environment number 3:
The value of option 6 is 14. You have 10 choices to make in this environment.
You press <<16>> and receive 28 points.
You press <<25>> and receive 1 points.
You press <<10>> and receive 29 points.
You press <<5>> and receive 26 points.
You press <<4>> and receive 31 points.
You press <<3>> and receive 30 points.
You press <<2>> and receive 36 points.
You press <<1>> and receive 43 points.
You press <<1>> and receive 42 points.
You press <<1>> and receive 43 points.

Environment number 4:
The value of option 11 is 38. You have 10 choices to make in this environment.
You press <<5>> and receive 52 points.
You press <<3>> and receive 60 points.
You press <<3>> and receive 58 points.
You press <<3>> and receive 59 points.
You press <<3>> and receive 61 points.
You press <<3>> and receive 57 points.
You press <<3>> and receive 58 points.
You press <<3>> and receive 58 points.
You press <<3>> and receive 58 points.
You press <<3>> and receive 60 points.

Environment number 5:
The value of option 9 is 6. You have 10 choices to make in this environment.
You press <<28>> and receive 42 points.
You press <<27>> and receive 39 points.
You press <<29>> and receive 43 points.
You press <<29>> and receive 42 points.
You press <<29>> and receive 42 points.
You press <<29>> and receive 43 points.
You press <<29>> and receive 43 points.
You press <<29>> and receive 42 points.
You press <<29>> and receive 42 points.
You press <<29>> and receive 42 points.

Environment number 6:
The value of option 12 is 55. You have 10 choices to make in this environment.
You press <<11>> and receive 65 points.
You press <<10>> and receive 72 points.
You press <<9>> and receive 72 points.
You press <<9>> and receive 69 points.
You press <<9>> and receive 70 points.
You press <<9>> and receive 72 points.
You press <<9>> and receive 70 points.
You press <<9>> and receive 70 points.
You press <<9>> and receive 71 points.
You press <<9>> and receive 70 points.

Environment number 7:
The value of option 25 is 54. You have 5 choices to make in this environment.
You press <<24>> and receive 39 points.
You press <<26>> and receive 68 points.
You press <<27>> and receive 71 points.
You press <<28>> and receive 65 points.
You press <<27>> and receive 70 points.

Environment number 8:
The value of option 24 is 78. You have 5 choices to make in this environment.
You press <<23>> and receive 77 points.
You press <<25>> and receive 79 points.
You press <<26>> and receive 65 points.
You press <<25>> and receive 79 points.
You press <<",45
9,5,1,10,1,smooth,11,5,59,69,"You will be presented with a series of 16 different environments to explore.
In each trial, you can select an option between numbers 1 and 30 by pressing the corresponding key.
By selecting any of these options, you will earn points associated with each unique option.
Imagine these options 1 through 30 as lying next to each other in an ordered line; options closer to each other tend to have similar rewards as rewards tend to cluster together.
For each environment, you will be able to make either 5 or 10 choices.
When you made all your choices in a given environment, you will start making choices in the next unexplored environment.
The rewards underlying the different options are different in each environment so you will learn them anew for each environment.
Each environment starts with the value of a single option revealed.
When you choose the number corresponding to a different option, you will be told the value of that option and receive those points.
Previously revealed options, including the starting option, can also be reselected, although there may be small changes in the point value.
It is your task to to learn where the largest reward is in each of the 16 environments.

Environment number 1:
The value of option 30 is 51. You have 5 choices to make in this environment.
You press <<29>> and receive 56 points.
You press <<28>> and receive 52 points.
You press <<27>> and receive 43 points.
You press <<26>> and receive 34 points.
You press <<25>> and receive 27 points.

Environment number 2:
The value of option 2 is 18. You have 5 choices to make in this environment.
You press <<26>> and receive 0 points.
You press <<15>> and receive 5 points.
You press <<7>> and receive 59 points.
You press <<8>> and receive 74 points.
You press <<9>> and receive 72 points.

Environment number 3:
The value of option 6 is 14. You have 10 choices to make in this environment.
You press <<16>> and receive 28 points.
You press <<25>> and receive 1 points.
You press <<10>> and receive 29 points.
You press <<5>> and receive 26 points.
You press <<4>> and receive 31 points.
You press <<3>> and receive 30 points.
You press <<2>> and receive 36 points.
You press <<1>> and receive 43 points.
You press <<1>> and receive 42 points.
You press <<1>> and receive 43 points.

Environment number 4:
The value of option 11 is 38. You have 10 choices to make in this environment.
You press <<5>> and receive 52 points.
You press <<3>> and receive 60 points.
You press <<3>> and receive 58 points.
You press <<3>> and receive 59 points.
You press <<3>> and receive 61 points.
You press <<3>> and receive 57 points.
You press <<3>> and receive 58 points.
You press <<3>> and receive 58 points.
You press <<3>> and receive 58 points.
You press <<3>> and receive 60 points.

Environment number 5:
The value of option 9 is 6. You have 10 choices to make in this environment.
You press <<28>> and receive 42 points.
You press <<27>> and receive 39 points.
You press <<29>> and receive 43 points.
You press <<29>> and receive 42 points.
You press <<29>> and receive 42 points.
You press <<29>> and receive 43 points.
You press <<29>> and receive 43 points.
You press <<29>> and receive 42 points.
You press <<29>> and receive 42 points.
You press <<29>> and receive 42 points.

Environment number 6:
The value of option 12 is 55. You have 10 choices to make in this environment.
You press <<11>> and receive 65 points.
You press <<10>> and receive 72 points.
You press <<9>> and receive 72 points.
You press <<9>> and receive 69 points.
You press <<9>> and receive 70 points.
You press <<9>> and receive 72 points.
You press <<9>> and receive 70 points.
You press <<9>> and receive 70 points.
You press <<9>> and receive 71 points.
You press <<9>> and receive 70 points.

Environment number 7:
The value of option 25 is 54. You have 5 choices to make in this environment.
You press <<24>> and receive 39 points.
You press <<26>> and receive 68 points.
You press <<27>> and receive 71 points.
You press <<28>> and receive 65 points.
You press <<27>> and receive 70 points.

Environment number 8:
The value of option 24 is 78. You have 5 choices to make in this environment.
You press <<23>> and receive 77 points.
You press <<25>> and receive 79 points.
You press <<26>> and receive 65 points.
You press <<25>> and receive 79 points.
You press <<25>> and receive 78 points.

Environment number 9:
The value of option 11 is 59. You have 5 choices to make in this environment.
You press <<",45
9,5,2,9,1,smooth,11,5,59,68,"You will be presented with a series of 16 different environments to explore.
In each trial, you can select an option between numbers 1 and 30 by pressing the corresponding key.
By selecting any of these options, you will earn points associated with each unique option.
Imagine these options 1 through 30 as lying next to each other in an ordered line; options closer to each other tend to have similar rewards as rewards tend to cluster together.
For each environment, you will be able to make either 5 or 10 choices.
When you made all your choices in a given environment, you will start making choices in the next unexplored environment.
The rewards underlying the different options are different in each environment so you will learn them anew for each environment.
Each environment starts with the value of a single option revealed.
When you choose the number corresponding to a different option, you will be told the value of that option and receive those points.
Previously revealed options, including the starting option, can also be reselected, although there may be small changes in the point value.
It is your task to to learn where the largest reward is in each of the 16 environments.

Environment number 1:
The value of option 30 is 51. You have 5 choices to make in this environment.
You press <<29>> and receive 56 points.
You press <<28>> and receive 52 points.
You press <<27>> and receive 43 points.
You press <<26>> and receive 34 points.
You press <<25>> and receive 27 points.

Environment number 2:
The value of option 2 is 18. You have 5 choices to make in this environment.
You press <<26>> and receive 0 points.
You press <<15>> and receive 5 points.
You press <<7>> and receive 59 points.
You press <<8>> and receive 74 points.
You press <<9>> and receive 72 points.

Environment number 3:
The value of option 6 is 14. You have 10 choices to make in this environment.
You press <<16>> and receive 28 points.
You press <<25>> and receive 1 points.
You press <<10>> and receive 29 points.
You press <<5>> and receive 26 points.
You press <<4>> and receive 31 points.
You press <<3>> and receive 30 points.
You press <<2>> and receive 36 points.
You press <<1>> and receive 43 points.
You press <<1>> and receive 42 points.
You press <<1>> and receive 43 points.

Environment number 4:
The value of option 11 is 38. You have 10 choices to make in this environment.
You press <<5>> and receive 52 points.
You press <<3>> and receive 60 points.
You press <<3>> and receive 58 points.
You press <<3>> and receive 59 points.
You press <<3>> and receive 61 points.
You press <<3>> and receive 57 points.
You press <<3>> and receive 58 points.
You press <<3>> and receive 58 points.
You press <<3>> and receive 58 points.
You press <<3>> and receive 60 points.

Environment number 5:
The value of option 9 is 6. You have 10 choices to make in this environment.
You press <<28>> and receive 42 points.
You press <<27>> and receive 39 points.
You press <<29>> and receive 43 points.
You press <<29>> and receive 42 points.
You press <<29>> and receive 42 points.
You press <<29>> and receive 43 points.
You press <<29>> and receive 43 points.
You press <<29>> and receive 42 points.
You press <<29>> and receive 42 points.
You press <<29>> and receive 42 points.

Environment number 6:
The value of option 12 is 55. You have 10 choices to make in this environment.
You press <<11>> and receive 65 points.
You press <<10>> and receive 72 points.
You press <<9>> and receive 72 points.
You press <<9>> and receive 69 points.
You press <<9>> and receive 70 points.
You press <<9>> and receive 72 points.
You press <<9>> and receive 70 points.
You press <<9>> and receive 70 points.
You press <<9>> and receive 71 points.
You press <<9>> and receive 70 points.

Environment number 7:
The value of option 25 is 54. You have 5 choices to make in this environment.
You press <<24>> and receive 39 points.
You press <<26>> and receive 68 points.
You press <<27>> and receive 71 points.
You press <<28>> and receive 65 points.
You press <<27>> and receive 70 points.

Environment number 8:
The value of option 24 is 78. You have 5 choices to make in this environment.
You press <<23>> and receive 77 points.
You press <<25>> and receive 79 points.
You press <<26>> and receive 65 points.
You press <<25>> and receive 79 points.
You press <<25>> and receive 78 points.

Environment number 9:
The value of option 11 is 59. You have 5 choices to make in this environment.
You press <<10>> and receive 69 points.
You press <<",45
9,5,3,8,1,smooth,11,5,59,60,"You will be presented with a series of 16 different environments to explore.
In each trial, you can select an option between numbers 1 and 30 by pressing the corresponding key.
By selecting any of these options, you will earn points associated with each unique option.
Imagine these options 1 through 30 as lying next to each other in an ordered line; options closer to each other tend to have similar rewards as rewards tend to cluster together.
For each environment, you will be able to make either 5 or 10 choices.
When you made all your choices in a given environment, you will start making choices in the next unexplored environment.
The rewards underlying the different options are different in each environment so you will learn them anew for each environment.
Each environment starts with the value of a single option revealed.
When you choose the number corresponding to a different option, you will be told the value of that option and receive those points.
Previously revealed options, including the starting option, can also be reselected, although there may be small changes in the point value.
It is your task to to learn where the largest reward is in each of the 16 environments.

Environment number 1:
The value of option 30 is 51. You have 5 choices to make in this environment.
You press <<29>> and receive 56 points.
You press <<28>> and receive 52 points.
You press <<27>> and receive 43 points.
You press <<26>> and receive 34 points.
You press <<25>> and receive 27 points.

Environment number 2:
The value of option 2 is 18. You have 5 choices to make in this environment.
You press <<26>> and receive 0 points.
You press <<15>> and receive 5 points.
You press <<7>> and receive 59 points.
You press <<8>> and receive 74 points.
You press <<9>> and receive 72 points.

Environment number 3:
The value of option 6 is 14. You have 10 choices to make in this environment.
You press <<16>> and receive 28 points.
You press <<25>> and receive 1 points.
You press <<10>> and receive 29 points.
You press <<5>> and receive 26 points.
You press <<4>> and receive 31 points.
You press <<3>> and receive 30 points.
You press <<2>> and receive 36 points.
You press <<1>> and receive 43 points.
You press <<1>> and receive 42 points.
You press <<1>> and receive 43 points.

Environment number 4:
The value of option 11 is 38. You have 10 choices to make in this environment.
You press <<5>> and receive 52 points.
You press <<3>> and receive 60 points.
You press <<3>> and receive 58 points.
You press <<3>> and receive 59 points.
You press <<3>> and receive 61 points.
You press <<3>> and receive 57 points.
You press <<3>> and receive 58 points.
You press <<3>> and receive 58 points.
You press <<3>> and receive 58 points.
You press <<3>> and receive 60 points.

Environment number 5:
The value of option 9 is 6. You have 10 choices to make in this environment.
You press <<28>> and receive 42 points.
You press <<27>> and receive 39 points.
You press <<29>> and receive 43 points.
You press <<29>> and receive 42 points.
You press <<29>> and receive 42 points.
You press <<29>> and receive 43 points.
You press <<29>> and receive 43 points.
You press <<29>> and receive 42 points.
You press <<29>> and receive 42 points.
You press <<29>> and receive 42 points.

Environment number 6:
The value of option 12 is 55. You have 10 choices to make in this environment.
You press <<11>> and receive 65 points.
You press <<10>> and receive 72 points.
You press <<9>> and receive 72 points.
You press <<9>> and receive 69 points.
You press <<9>> and receive 70 points.
You press <<9>> and receive 72 points.
You press <<9>> and receive 70 points.
You press <<9>> and receive 70 points.
You press <<9>> and receive 71 points.
You press <<9>> and receive 70 points.

Environment number 7:
The value of option 25 is 54. You have 5 choices to make in this environment.
You press <<24>> and receive 39 points.
You press <<26>> and receive 68 points.
You press <<27>> and receive 71 points.
You press <<28>> and receive 65 points.
You press <<27>> and receive 70 points.

Environment number 8:
The value of option 24 is 78. You have 5 choices to make in this environment.
You press <<23>> and receive 77 points.
You press <<25>> and receive 79 points.
You press <<26>> and receive 65 points.
You press <<25>> and receive 79 points.
You press <<25>> and receive 78 points.

Environment number 9:
The value of option 11 is 59. You have 5 choices to make in this environment.
You press <<10>> and receive 69 points.
You press <<9>> and receive 68 points.
You press <<",45
9,5,4,7,1,smooth,11,5,59,52,"You will be presented with a series of 16 different environments to explore.
In each trial, you can select an option between numbers 1 and 30 by pressing the corresponding key.
By selecting any of these options, you will earn points associated with each unique option.
Imagine these options 1 through 30 as lying next to each other in an ordered line; options closer to each other tend to have similar rewards as rewards tend to cluster together.
For each environment, you will be able to make either 5 or 10 choices.
When you made all your choices in a given environment, you will start making choices in the next unexplored environment.
The rewards underlying the different options are different in each environment so you will learn them anew for each environment.
Each environment starts with the value of a single option revealed.
When you choose the number corresponding to a different option, you will be told the value of that option and receive those points.
Previously revealed options, including the starting option, can also be reselected, although there may be small changes in the point value.
It is your task to to learn where the largest reward is in each of the 16 environments.

Environment number 1:
The value of option 30 is 51. You have 5 choices to make in this environment.
You press <<29>> and receive 56 points.
You press <<28>> and receive 52 points.
You press <<27>> and receive 43 points.
You press <<26>> and receive 34 points.
You press <<25>> and receive 27 points.

Environment number 2:
The value of option 2 is 18. You have 5 choices to make in this environment.
You press <<26>> and receive 0 points.
You press <<15>> and receive 5 points.
You press <<7>> and receive 59 points.
You press <<8>> and receive 74 points.
You press <<9>> and receive 72 points.

Environment number 3:
The value of option 6 is 14. You have 10 choices to make in this environment.
You press <<16>> and receive 28 points.
You press <<25>> and receive 1 points.
You press <<10>> and receive 29 points.
You press <<5>> and receive 26 points.
You press <<4>> and receive 31 points.
You press <<3>> and receive 30 points.
You press <<2>> and receive 36 points.
You press <<1>> and receive 43 points.
You press <<1>> and receive 42 points.
You press <<1>> and receive 43 points.

Environment number 4:
The value of option 11 is 38. You have 10 choices to make in this environment.
You press <<5>> and receive 52 points.
You press <<3>> and receive 60 points.
You press <<3>> and receive 58 points.
You press <<3>> and receive 59 points.
You press <<3>> and receive 61 points.
You press <<3>> and receive 57 points.
You press <<3>> and receive 58 points.
You press <<3>> and receive 58 points.
You press <<3>> and receive 58 points.
You press <<3>> and receive 60 points.

Environment number 5:
The value of option 9 is 6. You have 10 choices to make in this environment.
You press <<28>> and receive 42 points.
You press <<27>> and receive 39 points.
You press <<29>> and receive 43 points.
You press <<29>> and receive 42 points.
You press <<29>> and receive 42 points.
You press <<29>> and receive 43 points.
You press <<29>> and receive 43 points.
You press <<29>> and receive 42 points.
You press <<29>> and receive 42 points.
You press <<29>> and receive 42 points.

Environment number 6:
The value of option 12 is 55. You have 10 choices to make in this environment.
You press <<11>> and receive 65 points.
You press <<10>> and receive 72 points.
You press <<9>> and receive 72 points.
You press <<9>> and receive 69 points.
You press <<9>> and receive 70 points.
You press <<9>> and receive 72 points.
You press <<9>> and receive 70 points.
You press <<9>> and receive 70 points.
You press <<9>> and receive 71 points.
You press <<9>> and receive 70 points.

Environment number 7:
The value of option 25 is 54. You have 5 choices to make in this environment.
You press <<24>> and receive 39 points.
You press <<26>> and receive 68 points.
You press <<27>> and receive 71 points.
You press <<28>> and receive 65 points.
You press <<27>> and receive 70 points.

Environment number 8:
The value of option 24 is 78. You have 5 choices to make in this environment.
You press <<23>> and receive 77 points.
You press <<25>> and receive 79 points.
You press <<26>> and receive 65 points.
You press <<25>> and receive 79 points.
You press <<25>> and receive 78 points.

Environment number 9:
The value of option 11 is 59. You have 5 choices to make in this environment.
You press <<10>> and receive 69 points.
You press <<9>> and receive 68 points.
You press <<8>> and receive 60 points.
You press <<",45
9,5,5,10,1,smooth,11,5,59,70,"You will be presented with a series of 16 different environments to explore.
In each trial, you can select an option between numbers 1 and 30 by pressing the corresponding key.
By selecting any of these options, you will earn points associated with each unique option.
Imagine these options 1 through 30 as lying next to each other in an ordered line; options closer to each other tend to have similar rewards as rewards tend to cluster together.
For each environment, you will be able to make either 5 or 10 choices.
When you made all your choices in a given environment, you will start making choices in the next unexplored environment.
The rewards underlying the different options are different in each environment so you will learn them anew for each environment.
Each environment starts with the value of a single option revealed.
When you choose the number corresponding to a different option, you will be told the value of that option and receive those points.
Previously revealed options, including the starting option, can also be reselected, although there may be small changes in the point value.
It is your task to to learn where the largest reward is in each of the 16 environments.

Environment number 1:
The value of option 30 is 51. You have 5 choices to make in this environment.
You press <<29>> and receive 56 points.
You press <<28>> and receive 52 points.
You press <<27>> and receive 43 points.
You press <<26>> and receive 34 points.
You press <<25>> and receive 27 points.

Environment number 2:
The value of option 2 is 18. You have 5 choices to make in this environment.
You press <<26>> and receive 0 points.
You press <<15>> and receive 5 points.
You press <<7>> and receive 59 points.
You press <<8>> and receive 74 points.
You press <<9>> and receive 72 points.

Environment number 3:
The value of option 6 is 14. You have 10 choices to make in this environment.
You press <<16>> and receive 28 points.
You press <<25>> and receive 1 points.
You press <<10>> and receive 29 points.
You press <<5>> and receive 26 points.
You press <<4>> and receive 31 points.
You press <<3>> and receive 30 points.
You press <<2>> and receive 36 points.
You press <<1>> and receive 43 points.
You press <<1>> and receive 42 points.
You press <<1>> and receive 43 points.

Environment number 4:
The value of option 11 is 38. You have 10 choices to make in this environment.
You press <<5>> and receive 52 points.
You press <<3>> and receive 60 points.
You press <<3>> and receive 58 points.
You press <<3>> and receive 59 points.
You press <<3>> and receive 61 points.
You press <<3>> and receive 57 points.
You press <<3>> and receive 58 points.
You press <<3>> and receive 58 points.
You press <<3>> and receive 58 points.
You press <<3>> and receive 60 points.

Environment number 5:
The value of option 9 is 6. You have 10 choices to make in this environment.
You press <<28>> and receive 42 points.
You press <<27>> and receive 39 points.
You press <<29>> and receive 43 points.
You press <<29>> and receive 42 points.
You press <<29>> and receive 42 points.
You press <<29>> and receive 43 points.
You press <<29>> and receive 43 points.
You press <<29>> and receive 42 points.
You press <<29>> and receive 42 points.
You press <<29>> and receive 42 points.

Environment number 6:
The value of option 12 is 55. You have 10 choices to make in this environment.
You press <<11>> and receive 65 points.
You press <<10>> and receive 72 points.
You press <<9>> and receive 72 points.
You press <<9>> and receive 69 points.
You press <<9>> and receive 70 points.
You press <<9>> and receive 72 points.
You press <<9>> and receive 70 points.
You press <<9>> and receive 70 points.
You press <<9>> and receive 71 points.
You press <<9>> and receive 70 points.

Environment number 7:
The value of option 25 is 54. You have 5 choices to make in this environment.
You press <<24>> and receive 39 points.
You press <<26>> and receive 68 points.
You press <<27>> and receive 71 points.
You press <<28>> and receive 65 points.
You press <<27>> and receive 70 points.

Environment number 8:
The value of option 24 is 78. You have 5 choices to make in this environment.
You press <<23>> and receive 77 points.
You press <<25>> and receive 79 points.
You press <<26>> and receive 65 points.
You press <<25>> and receive 79 points.
You press <<25>> and receive 78 points.

Environment number 9:
The value of option 11 is 59. You have 5 choices to make in this environment.
You press <<10>> and receive 69 points.
You press <<9>> and receive 68 points.
You press <<8>> and receive 60 points.
You press <<7>> and receive 52 points.
You press <<",45
10,16,1,13,1,smooth,4,10,47,41,"You will be presented with a series of 16 different environments to explore.
In each trial, you can select an option between numbers 1 and 30 by pressing the corresponding key.
By selecting any of these options, you will earn points associated with each unique option.
Imagine these options 1 through 30 as lying next to each other in an ordered line; options closer to each other tend to have similar rewards as rewards tend to cluster together.
For each environment, you will be able to make either 5 or 10 choices.
When you made all your choices in a given environment, you will start making choices in the next unexplored environment.
The rewards underlying the different options are different in each environment so you will learn them anew for each environment.
Each environment starts with the value of a single option revealed.
When you choose the number corresponding to a different option, you will be told the value of that option and receive those points.
Previously revealed options, including the starting option, can also be reselected, although there may be small changes in the point value.
It is your task to to learn where the largest reward is in each of the 16 environments.

Environment number 1:
The value of option 30 is 51. You have 5 choices to make in this environment.
You press <<29>> and receive 56 points.
You press <<28>> and receive 52 points.
You press <<27>> and receive 43 points.
You press <<26>> and receive 34 points.
You press <<25>> and receive 27 points.

Environment number 2:
The value of option 2 is 18. You have 5 choices to make in this environment.
You press <<26>> and receive 0 points.
You press <<15>> and receive 5 points.
You press <<7>> and receive 59 points.
You press <<8>> and receive 74 points.
You press <<9>> and receive 72 points.

Environment number 3:
The value of option 6 is 14. You have 10 choices to make in this environment.
You press <<16>> and receive 28 points.
You press <<25>> and receive 1 points.
You press <<10>> and receive 29 points.
You press <<5>> and receive 26 points.
You press <<4>> and receive 31 points.
You press <<3>> and receive 30 points.
You press <<2>> and receive 36 points.
You press <<1>> and receive 43 points.
You press <<1>> and receive 42 points.
You press <<1>> and receive 43 points.

Environment number 4:
The value of option 11 is 38. You have 10 choices to make in this environment.
You press <<5>> and receive 52 points.
You press <<3>> and receive 60 points.
You press <<3>> and receive 58 points.
You press <<3>> and receive 59 points.
You press <<3>> and receive 61 points.
You press <<3>> and receive 57 points.
You press <<3>> and receive 58 points.
You press <<3>> and receive 58 points.
You press <<3>> and receive 58 points.
You press <<3>> and receive 60 points.

Environment number 5:
The value of option 9 is 6. You have 10 choices to make in this environment.
You press <<28>> and receive 42 points.
You press <<27>> and receive 39 points.
You press <<29>> and receive 43 points.
You press <<29>> and receive 42 points.
You press <<29>> and receive 42 points.
You press <<29>> and receive 43 points.
You press <<29>> and receive 43 points.
You press <<29>> and receive 42 points.
You press <<29>> and receive 42 points.
You press <<29>> and receive 42 points.

Environment number 6:
The value of option 12 is 55. You have 10 choices to make in this environment.
You press <<11>> and receive 65 points.
You press <<10>> and receive 72 points.
You press <<9>> and receive 72 points.
You press <<9>> and receive 69 points.
You press <<9>> and receive 70 points.
You press <<9>> and receive 72 points.
You press <<9>> and receive 70 points.
You press <<9>> and receive 70 points.
You press <<9>> and receive 71 points.
You press <<9>> and receive 70 points.

Environment number 7:
The value of option 25 is 54. You have 5 choices to make in this environment.
You press <<24>> and receive 39 points.
You press <<26>> and receive 68 points.
You press <<27>> and receive 71 points.
You press <<28>> and receive 65 points.
You press <<27>> and receive 70 points.

Environment number 8:
The value of option 24 is 78. You have 5 choices to make in this environment.
You press <<23>> and receive 77 points.
You press <<25>> and receive 79 points.
You press <<26>> and receive 65 points.
You press <<25>> and receive 79 points.
You press <<25>> and receive 78 points.

Environment number 9:
The value of option 11 is 59. You have 5 choices to make in this environment.
You press <<10>> and receive 69 points.
You press <<9>> and receive 68 points.
You press <<8>> and receive 60 points.
You press <<7>> and receive 52 points.
You press <<10>> and receive 70 points.

Environment number 10:
The value of option 4 is 47. You have 10 choices to make in this environment.
You press <<",45
10,16,2,24,1,smooth,4,10,47,37,"You will be presented with a series of 16 different environments to explore.
In each trial, you can select an option between numbers 1 and 30 by pressing the corresponding key.
By selecting any of these options, you will earn points associated with each unique option.
Imagine these options 1 through 30 as lying next to each other in an ordered line; options closer to each other tend to have similar rewards as rewards tend to cluster together.
For each environment, you will be able to make either 5 or 10 choices.
When you made all your choices in a given environment, you will start making choices in the next unexplored environment.
The rewards underlying the different options are different in each environment so you will learn them anew for each environment.
Each environment starts with the value of a single option revealed.
When you choose the number corresponding to a different option, you will be told the value of that option and receive those points.
Previously revealed options, including the starting option, can also be reselected, although there may be small changes in the point value.
It is your task to to learn where the largest reward is in each of the 16 environments.

Environment number 1:
The value of option 30 is 51. You have 5 choices to make in this environment.
You press <<29>> and receive 56 points.
You press <<28>> and receive 52 points.
You press <<27>> and receive 43 points.
You press <<26>> and receive 34 points.
You press <<25>> and receive 27 points.

Environment number 2:
The value of option 2 is 18. You have 5 choices to make in this environment.
You press <<26>> and receive 0 points.
You press <<15>> and receive 5 points.
You press <<7>> and receive 59 points.
You press <<8>> and receive 74 points.
You press <<9>> and receive 72 points.

Environment number 3:
The value of option 6 is 14. You have 10 choices to make in this environment.
You press <<16>> and receive 28 points.
You press <<25>> and receive 1 points.
You press <<10>> and receive 29 points.
You press <<5>> and receive 26 points.
You press <<4>> and receive 31 points.
You press <<3>> and receive 30 points.
You press <<2>> and receive 36 points.
You press <<1>> and receive 43 points.
You press <<1>> and receive 42 points.
You press <<1>> and receive 43 points.

Environment number 4:
The value of option 11 is 38. You have 10 choices to make in this environment.
You press <<5>> and receive 52 points.
You press <<3>> and receive 60 points.
You press <<3>> and receive 58 points.
You press <<3>> and receive 59 points.
You press <<3>> and receive 61 points.
You press <<3>> and receive 57 points.
You press <<3>> and receive 58 points.
You press <<3>> and receive 58 points.
You press <<3>> and receive 58 points.
You press <<3>> and receive 60 points.

Environment number 5:
The value of option 9 is 6. You have 10 choices to make in this environment.
You press <<28>> and receive 42 points.
You press <<27>> and receive 39 points.
You press <<29>> and receive 43 points.
You press <<29>> and receive 42 points.
You press <<29>> and receive 42 points.
You press <<29>> and receive 43 points.
You press <<29>> and receive 43 points.
You press <<29>> and receive 42 points.
You press <<29>> and receive 42 points.
You press <<29>> and receive 42 points.

Environment number 6:
The value of option 12 is 55. You have 10 choices to make in this environment.
You press <<11>> and receive 65 points.
You press <<10>> and receive 72 points.
You press <<9>> and receive 72 points.
You press <<9>> and receive 69 points.
You press <<9>> and receive 70 points.
You press <<9>> and receive 72 points.
You press <<9>> and receive 70 points.
You press <<9>> and receive 70 points.
You press <<9>> and receive 71 points.
You press <<9>> and receive 70 points.

Environment number 7:
The value of option 25 is 54. You have 5 choices to make in this environment.
You press <<24>> and receive 39 points.
You press <<26>> and receive 68 points.
You press <<27>> and receive 71 points.
You press <<28>> and receive 65 points.
You press <<27>> and receive 70 points.

Environment number 8:
The value of option 24 is 78. You have 5 choices to make in this environment.
You press <<23>> and receive 77 points.
You press <<25>> and receive 79 points.
You press <<26>> and receive 65 points.
You press <<25>> and receive 79 points.
You press <<25>> and receive 78 points.

Environment number 9:
The value of option 11 is 59. You have 5 choices to make in this environment.
You press <<10>> and receive 69 points.
You press <<9>> and receive 68 points.
You press <<8>> and receive 60 points.
You press <<7>> and receive 52 points.
You press <<10>> and receive 70 points.

Environment number 10:
The value of option 4 is 47. You have 10 choices to make in this environment.
You press <<13>> and receive 41 points.
You press <<",45
10,16,3,18,1,smooth,4,10,47,24,"You will be presented with a series of 16 different environments to explore.
In each trial, you can select an option between numbers 1 and 30 by pressing the corresponding key.
By selecting any of these options, you will earn points associated with each unique option.
Imagine these options 1 through 30 as lying next to each other in an ordered line; options closer to each other tend to have similar rewards as rewards tend to cluster together.
For each environment, you will be able to make either 5 or 10 choices.
When you made all your choices in a given environment, you will start making choices in the next unexplored environment.
The rewards underlying the different options are different in each environment so you will learn them anew for each environment.
Each environment starts with the value of a single option revealed.
When you choose the number corresponding to a different option, you will be told the value of that option and receive those points.
Previously revealed options, including the starting option, can also be reselected, although there may be small changes in the point value.
It is your task to to learn where the largest reward is in each of the 16 environments.

Environment number 1:
The value of option 30 is 51. You have 5 choices to make in this environment.
You press <<29>> and receive 56 points.
You press <<28>> and receive 52 points.
You press <<27>> and receive 43 points.
You press <<26>> and receive 34 points.
You press <<25>> and receive 27 points.

Environment number 2:
The value of option 2 is 18. You have 5 choices to make in this environment.
You press <<26>> and receive 0 points.
You press <<15>> and receive 5 points.
You press <<7>> and receive 59 points.
You press <<8>> and receive 74 points.
You press <<9>> and receive 72 points.

Environment number 3:
The value of option 6 is 14. You have 10 choices to make in this environment.
You press <<16>> and receive 28 points.
You press <<25>> and receive 1 points.
You press <<10>> and receive 29 points.
You press <<5>> and receive 26 points.
You press <<4>> and receive 31 points.
You press <<3>> and receive 30 points.
You press <<2>> and receive 36 points.
You press <<1>> and receive 43 points.
You press <<1>> and receive 42 points.
You press <<1>> and receive 43 points.

Environment number 4:
The value of option 11 is 38. You have 10 choices to make in this environment.
You press <<5>> and receive 52 points.
You press <<3>> and receive 60 points.
You press <<3>> and receive 58 points.
You press <<3>> and receive 59 points.
You press <<3>> and receive 61 points.
You press <<3>> and receive 57 points.
You press <<3>> and receive 58 points.
You press <<3>> and receive 58 points.
You press <<3>> and receive 58 points.
You press <<3>> and receive 60 points.

Environment number 5:
The value of option 9 is 6. You have 10 choices to make in this environment.
You press <<28>> and receive 42 points.
You press <<27>> and receive 39 points.
You press <<29>> and receive 43 points.
You press <<29>> and receive 42 points.
You press <<29>> and receive 42 points.
You press <<29>> and receive 43 points.
You press <<29>> and receive 43 points.
You press <<29>> and receive 42 points.
You press <<29>> and receive 42 points.
You press <<29>> and receive 42 points.

Environment number 6:
The value of option 12 is 55. You have 10 choices to make in this environment.
You press <<11>> and receive 65 points.
You press <<10>> and receive 72 points.
You press <<9>> and receive 72 points.
You press <<9>> and receive 69 points.
You press <<9>> and receive 70 points.
You press <<9>> and receive 72 points.
You press <<9>> and receive 70 points.
You press <<9>> and receive 70 points.
You press <<9>> and receive 71 points.
You press <<9>> and receive 70 points.

Environment number 7:
The value of option 25 is 54. You have 5 choices to make in this environment.
You press <<24>> and receive 39 points.
You press <<26>> and receive 68 points.
You press <<27>> and receive 71 points.
You press <<28>> and receive 65 points.
You press <<27>> and receive 70 points.

Environment number 8:
The value of option 24 is 78. You have 5 choices to make in this environment.
You press <<23>> and receive 77 points.
You press <<25>> and receive 79 points.
You press <<26>> and receive 65 points.
You press <<25>> and receive 79 points.
You press <<25>> and receive 78 points.

Environment number 9:
The value of option 11 is 59. You have 5 choices to make in this environment.
You press <<10>> and receive 69 points.
You press <<9>> and receive 68 points.
You press <<8>> and receive 60 points.
You press <<7>> and receive 52 points.
You press <<10>> and receive 70 points.

Environment number 10:
The value of option 4 is 47. You have 10 choices to make in this environment.
You press <<13>> and receive 41 points.
You press <<24>> and receive 37 points.
You press <<",45
10,16,4,4,1,smooth,4,10,47,48,"You will be presented with a series of 16 different environments to explore.
In each trial, you can select an option between numbers 1 and 30 by pressing the corresponding key.
By selecting any of these options, you will earn points associated with each unique option.
Imagine these options 1 through 30 as lying next to each other in an ordered line; options closer to each other tend to have similar rewards as rewards tend to cluster together.
For each environment, you will be able to make either 5 or 10 choices.
When you made all your choices in a given environment, you will start making choices in the next unexplored environment.
The rewards underlying the different options are different in each environment so you will learn them anew for each environment.
Each environment starts with the value of a single option revealed.
When you choose the number corresponding to a different option, you will be told the value of that option and receive those points.
Previously revealed options, including the starting option, can also be reselected, although there may be small changes in the point value.
It is your task to to learn where the largest reward is in each of the 16 environments.

Environment number 1:
The value of option 30 is 51. You have 5 choices to make in this environment.
You press <<29>> and receive 56 points.
You press <<28>> and receive 52 points.
You press <<27>> and receive 43 points.
You press <<26>> and receive 34 points.
You press <<25>> and receive 27 points.

Environment number 2:
The value of option 2 is 18. You have 5 choices to make in this environment.
You press <<26>> and receive 0 points.
You press <<15>> and receive 5 points.
You press <<7>> and receive 59 points.
You press <<8>> and receive 74 points.
You press <<9>> and receive 72 points.

Environment number 3:
The value of option 6 is 14. You have 10 choices to make in this environment.
You press <<16>> and receive 28 points.
You press <<25>> and receive 1 points.
You press <<10>> and receive 29 points.
You press <<5>> and receive 26 points.
You press <<4>> and receive 31 points.
You press <<3>> and receive 30 points.
You press <<2>> and receive 36 points.
You press <<1>> and receive 43 points.
You press <<1>> and receive 42 points.
You press <<1>> and receive 43 points.

Environment number 4:
The value of option 11 is 38. You have 10 choices to make in this environment.
You press <<5>> and receive 52 points.
You press <<3>> and receive 60 points.
You press <<3>> and receive 58 points.
You press <<3>> and receive 59 points.
You press <<3>> and receive 61 points.
You press <<3>> and receive 57 points.
You press <<3>> and receive 58 points.
You press <<3>> and receive 58 points.
You press <<3>> and receive 58 points.
You press <<3>> and receive 60 points.

Environment number 5:
The value of option 9 is 6. You have 10 choices to make in this environment.
You press <<28>> and receive 42 points.
You press <<27>> and receive 39 points.
You press <<29>> and receive 43 points.
You press <<29>> and receive 42 points.
You press <<29>> and receive 42 points.
You press <<29>> and receive 43 points.
You press <<29>> and receive 43 points.
You press <<29>> and receive 42 points.
You press <<29>> and receive 42 points.
You press <<29>> and receive 42 points.

Environment number 6:
The value of option 12 is 55. You have 10 choices to make in this environment.
You press <<11>> and receive 65 points.
You press <<10>> and receive 72 points.
You press <<9>> and receive 72 points.
You press <<9>> and receive 69 points.
You press <<9>> and receive 70 points.
You press <<9>> and receive 72 points.
You press <<9>> and receive 70 points.
You press <<9>> and receive 70 points.
You press <<9>> and receive 71 points.
You press <<9>> and receive 70 points.

Environment number 7:
The value of option 25 is 54. You have 5 choices to make in this environment.
You press <<24>> and receive 39 points.
You press <<26>> and receive 68 points.
You press <<27>> and receive 71 points.
You press <<28>> and receive 65 points.
You press <<27>> and receive 70 points.

Environment number 8:
The value of option 24 is 78. You have 5 choices to make in this environment.
You press <<23>> and receive 77 points.
You press <<25>> and receive 79 points.
You press <<26>> and receive 65 points.
You press <<25>> and receive 79 points.
You press <<25>> and receive 78 points.

Environment number 9:
The value of option 11 is 59. You have 5 choices to make in this environment.
You press <<10>> and receive 69 points.
You press <<9>> and receive 68 points.
You press <<8>> and receive 60 points.
You press <<7>> and receive 52 points.
You press <<10>> and receive 70 points.

Environment number 10:
The value of option 4 is 47. You have 10 choices to make in this environment.
You press <<13>> and receive 41 points.
You press <<24>> and receive 37 points.
You press <<18>> and receive 24 points.
You press <<",45
10,16,5,3,1,smooth,4,10,47,38,"You will be presented with a series of 16 different environments to explore.
In each trial, you can select an option between numbers 1 and 30 by pressing the corresponding key.
By selecting any of these options, you will earn points associated with each unique option.
Imagine these options 1 through 30 as lying next to each other in an ordered line; options closer to each other tend to have similar rewards as rewards tend to cluster together.
For each environment, you will be able to make either 5 or 10 choices.
When you made all your choices in a given environment, you will start making choices in the next unexplored environment.
The rewards underlying the different options are different in each environment so you will learn them anew for each environment.
Each environment starts with the value of a single option revealed.
When you choose the number corresponding to a different option, you will be told the value of that option and receive those points.
Previously revealed options, including the starting option, can also be reselected, although there may be small changes in the point value.
It is your task to to learn where the largest reward is in each of the 16 environments.

Environment number 1:
The value of option 30 is 51. You have 5 choices to make in this environment.
You press <<29>> and receive 56 points.
You press <<28>> and receive 52 points.
You press <<27>> and receive 43 points.
You press <<26>> and receive 34 points.
You press <<25>> and receive 27 points.

Environment number 2:
The value of option 2 is 18. You have 5 choices to make in this environment.
You press <<26>> and receive 0 points.
You press <<15>> and receive 5 points.
You press <<7>> and receive 59 points.
You press <<8>> and receive 74 points.
You press <<9>> and receive 72 points.

Environment number 3:
The value of option 6 is 14. You have 10 choices to make in this environment.
You press <<16>> and receive 28 points.
You press <<25>> and receive 1 points.
You press <<10>> and receive 29 points.
You press <<5>> and receive 26 points.
You press <<4>> and receive 31 points.
You press <<3>> and receive 30 points.
You press <<2>> and receive 36 points.
You press <<1>> and receive 43 points.
You press <<1>> and receive 42 points.
You press <<1>> and receive 43 points.

Environment number 4:
The value of option 11 is 38. You have 10 choices to make in this environment.
You press <<5>> and receive 52 points.
You press <<3>> and receive 60 points.
You press <<3>> and receive 58 points.
You press <<3>> and receive 59 points.
You press <<3>> and receive 61 points.
You press <<3>> and receive 57 points.
You press <<3>> and receive 58 points.
You press <<3>> and receive 58 points.
You press <<3>> and receive 58 points.
You press <<3>> and receive 60 points.

Environment number 5:
The value of option 9 is 6. You have 10 choices to make in this environment.
You press <<28>> and receive 42 points.
You press <<27>> and receive 39 points.
You press <<29>> and receive 43 points.
You press <<29>> and receive 42 points.
You press <<29>> and receive 42 points.
You press <<29>> and receive 43 points.
You press <<29>> and receive 43 points.
You press <<29>> and receive 42 points.
You press <<29>> and receive 42 points.
You press <<29>> and receive 42 points.

Environment number 6:
The value of option 12 is 55. You have 10 choices to make in this environment.
You press <<11>> and receive 65 points.
You press <<10>> and receive 72 points.
You press <<9>> and receive 72 points.
You press <<9>> and receive 69 points.
You press <<9>> and receive 70 points.
You press <<9>> and receive 72 points.
You press <<9>> and receive 70 points.
You press <<9>> and receive 70 points.
You press <<9>> and receive 71 points.
You press <<9>> and receive 70 points.

Environment number 7:
The value of option 25 is 54. You have 5 choices to make in this environment.
You press <<24>> and receive 39 points.
You press <<26>> and receive 68 points.
You press <<27>> and receive 71 points.
You press <<28>> and receive 65 points.
You press <<27>> and receive 70 points.

Environment number 8:
The value of option 24 is 78. You have 5 choices to make in this environment.
You press <<23>> and receive 77 points.
You press <<25>> and receive 79 points.
You press <<26>> and receive 65 points.
You press <<25>> and receive 79 points.
You press <<25>> and receive 78 points.

Environment number 9:
The value of option 11 is 59. You have 5 choices to make in this environment.
You press <<10>> and receive 69 points.
You press <<9>> and receive 68 points.
You press <<8>> and receive 60 points.
You press <<7>> and receive 52 points.
You press <<10>> and receive 70 points.

Environment number 10:
The value of option 4 is 47. You have 10 choices to make in this environment.
You press <<13>> and receive 41 points.
You press <<24>> and receive 37 points.
You press <<18>> and receive 24 points.
You press <<4>> and receive 48 points.
You press <<",45
10,16,6,5,1,smooth,4,10,47,56,"You will be presented with a series of 16 different environments to explore.
In each trial, you can select an option between numbers 1 and 30 by pressing the corresponding key.
By selecting any of these options, you will earn points associated with each unique option.
Imagine these options 1 through 30 as lying next to each other in an ordered line; options closer to each other tend to have similar rewards as rewards tend to cluster together.
For each environment, you will be able to make either 5 or 10 choices.
When you made all your choices in a given environment, you will start making choices in the next unexplored environment.
The rewards underlying the different options are different in each environment so you will learn them anew for each environment.
Each environment starts with the value of a single option revealed.
When you choose the number corresponding to a different option, you will be told the value of that option and receive those points.
Previously revealed options, including the starting option, can also be reselected, although there may be small changes in the point value.
It is your task to to learn where the largest reward is in each of the 16 environments.

Environment number 1:
The value of option 30 is 51. You have 5 choices to make in this environment.
You press <<29>> and receive 56 points.
You press <<28>> and receive 52 points.
You press <<27>> and receive 43 points.
You press <<26>> and receive 34 points.
You press <<25>> and receive 27 points.

Environment number 2:
The value of option 2 is 18. You have 5 choices to make in this environment.
You press <<26>> and receive 0 points.
You press <<15>> and receive 5 points.
You press <<7>> and receive 59 points.
You press <<8>> and receive 74 points.
You press <<9>> and receive 72 points.

Environment number 3:
The value of option 6 is 14. You have 10 choices to make in this environment.
You press <<16>> and receive 28 points.
You press <<25>> and receive 1 points.
You press <<10>> and receive 29 points.
You press <<5>> and receive 26 points.
You press <<4>> and receive 31 points.
You press <<3>> and receive 30 points.
You press <<2>> and receive 36 points.
You press <<1>> and receive 43 points.
You press <<1>> and receive 42 points.
You press <<1>> and receive 43 points.

Environment number 4:
The value of option 11 is 38. You have 10 choices to make in this environment.
You press <<5>> and receive 52 points.
You press <<3>> and receive 60 points.
You press <<3>> and receive 58 points.
You press <<3>> and receive 59 points.
You press <<3>> and receive 61 points.
You press <<3>> and receive 57 points.
You press <<3>> and receive 58 points.
You press <<3>> and receive 58 points.
You press <<3>> and receive 58 points.
You press <<3>> and receive 60 points.

Environment number 5:
The value of option 9 is 6. You have 10 choices to make in this environment.
You press <<28>> and receive 42 points.
You press <<27>> and receive 39 points.
You press <<29>> and receive 43 points.
You press <<29>> and receive 42 points.
You press <<29>> and receive 42 points.
You press <<29>> and receive 43 points.
You press <<29>> and receive 43 points.
You press <<29>> and receive 42 points.
You press <<29>> and receive 42 points.
You press <<29>> and receive 42 points.

Environment number 6:
The value of option 12 is 55. You have 10 choices to make in this environment.
You press <<11>> and receive 65 points.
You press <<10>> and receive 72 points.
You press <<9>> and receive 72 points.
You press <<9>> and receive 69 points.
You press <<9>> and receive 70 points.
You press <<9>> and receive 72 points.
You press <<9>> and receive 70 points.
You press <<9>> and receive 70 points.
You press <<9>> and receive 71 points.
You press <<9>> and receive 70 points.

Environment number 7:
The value of option 25 is 54. You have 5 choices to make in this environment.
You press <<24>> and receive 39 points.
You press <<26>> and receive 68 points.
You press <<27>> and receive 71 points.
You press <<28>> and receive 65 points.
You press <<27>> and receive 70 points.

Environment number 8:
The value of option 24 is 78. You have 5 choices to make in this environment.
You press <<23>> and receive 77 points.
You press <<25>> and receive 79 points.
You press <<26>> and receive 65 points.
You press <<25>> and receive 79 points.
You press <<25>> and receive 78 points.

Environment number 9:
The value of option 11 is 59. You have 5 choices to make in this environment.
You press <<10>> and receive 69 points.
You press <<9>> and receive 68 points.
You press <<8>> and receive 60 points.
You press <<7>> and receive 52 points.
You press <<10>> and receive 70 points.

Environment number 10:
The value of option 4 is 47. You have 10 choices to make in this environment.
You press <<13>> and receive 41 points.
You press <<24>> and receive 37 points.
You press <<18>> and receive 24 points.
You press <<4>> and receive 48 points.
You press <<3>> and receive 38 points.
You press <<",45
10,16,7,6,1,smooth,4,10,47,65,"You will be presented with a series of 16 different environments to explore.
In each trial, you can select an option between numbers 1 and 30 by pressing the corresponding key.
By selecting any of these options, you will earn points associated with each unique option.
Imagine these options 1 through 30 as lying next to each other in an ordered line; options closer to each other tend to have similar rewards as rewards tend to cluster together.
For each environment, you will be able to make either 5 or 10 choices.
When you made all your choices in a given environment, you will start making choices in the next unexplored environment.
The rewards underlying the different options are different in each environment so you will learn them anew for each environment.
Each environment starts with the value of a single option revealed.
When you choose the number corresponding to a different option, you will be told the value of that option and receive those points.
Previously revealed options, including the starting option, can also be reselected, although there may be small changes in the point value.
It is your task to to learn where the largest reward is in each of the 16 environments.

Environment number 1:
The value of option 30 is 51. You have 5 choices to make in this environment.
You press <<29>> and receive 56 points.
You press <<28>> and receive 52 points.
You press <<27>> and receive 43 points.
You press <<26>> and receive 34 points.
You press <<25>> and receive 27 points.

Environment number 2:
The value of option 2 is 18. You have 5 choices to make in this environment.
You press <<26>> and receive 0 points.
You press <<15>> and receive 5 points.
You press <<7>> and receive 59 points.
You press <<8>> and receive 74 points.
You press <<9>> and receive 72 points.

Environment number 3:
The value of option 6 is 14. You have 10 choices to make in this environment.
You press <<16>> and receive 28 points.
You press <<25>> and receive 1 points.
You press <<10>> and receive 29 points.
You press <<5>> and receive 26 points.
You press <<4>> and receive 31 points.
You press <<3>> and receive 30 points.
You press <<2>> and receive 36 points.
You press <<1>> and receive 43 points.
You press <<1>> and receive 42 points.
You press <<1>> and receive 43 points.

Environment number 4:
The value of option 11 is 38. You have 10 choices to make in this environment.
You press <<5>> and receive 52 points.
You press <<3>> and receive 60 points.
You press <<3>> and receive 58 points.
You press <<3>> and receive 59 points.
You press <<3>> and receive 61 points.
You press <<3>> and receive 57 points.
You press <<3>> and receive 58 points.
You press <<3>> and receive 58 points.
You press <<3>> and receive 58 points.
You press <<3>> and receive 60 points.

Environment number 5:
The value of option 9 is 6. You have 10 choices to make in this environment.
You press <<28>> and receive 42 points.
You press <<27>> and receive 39 points.
You press <<29>> and receive 43 points.
You press <<29>> and receive 42 points.
You press <<29>> and receive 42 points.
You press <<29>> and receive 43 points.
You press <<29>> and receive 43 points.
You press <<29>> and receive 42 points.
You press <<29>> and receive 42 points.
You press <<29>> and receive 42 points.

Environment number 6:
The value of option 12 is 55. You have 10 choices to make in this environment.
You press <<11>> and receive 65 points.
You press <<10>> and receive 72 points.
You press <<9>> and receive 72 points.
You press <<9>> and receive 69 points.
You press <<9>> and receive 70 points.
You press <<9>> and receive 72 points.
You press <<9>> and receive 70 points.
You press <<9>> and receive 70 points.
You press <<9>> and receive 71 points.
You press <<9>> and receive 70 points.

Environment number 7:
The value of option 25 is 54. You have 5 choices to make in this environment.
You press <<24>> and receive 39 points.
You press <<26>> and receive 68 points.
You press <<27>> and receive 71 points.
You press <<28>> and receive 65 points.
You press <<27>> and receive 70 points.

Environment number 8:
The value of option 24 is 78. You have 5 choices to make in this environment.
You press <<23>> and receive 77 points.
You press <<25>> and receive 79 points.
You press <<26>> and receive 65 points.
You press <<25>> and receive 79 points.
You press <<25>> and receive 78 points.

Environment number 9:
The value of option 11 is 59. You have 5 choices to make in this environment.
You press <<10>> and receive 69 points.
You press <<9>> and receive 68 points.
You press <<8>> and receive 60 points.
You press <<7>> and receive 52 points.
You press <<10>> and receive 70 points.

Environment number 10:
The value of option 4 is 47. You have 10 choices to make in this environment.
You press <<13>> and receive 41 points.
You press <<24>> and receive 37 points.
You press <<18>> and receive 24 points.
You press <<4>> and receive 48 points.
You press <<3>> and receive 38 points.
You press <<5>> and receive 56 points.
You press <<",45
10,16,8,7,1,smooth,4,10,47,63,"You will be presented with a series of 16 different environments to explore.
In each trial, you can select an option between numbers 1 and 30 by pressing the corresponding key.
By selecting any of these options, you will earn points associated with each unique option.
Imagine these options 1 through 30 as lying next to each other in an ordered line; options closer to each other tend to have similar rewards as rewards tend to cluster together.
For each environment, you will be able to make either 5 or 10 choices.
When you made all your choices in a given environment, you will start making choices in the next unexplored environment.
The rewards underlying the different options are different in each environment so you will learn them anew for each environment.
Each environment starts with the value of a single option revealed.
When you choose the number corresponding to a different option, you will be told the value of that option and receive those points.
Previously revealed options, including the starting option, can also be reselected, although there may be small changes in the point value.
It is your task to to learn where the largest reward is in each of the 16 environments.

Environment number 1:
The value of option 30 is 51. You have 5 choices to make in this environment.
You press <<29>> and receive 56 points.
You press <<28>> and receive 52 points.
You press <<27>> and receive 43 points.
You press <<26>> and receive 34 points.
You press <<25>> and receive 27 points.

Environment number 2:
The value of option 2 is 18. You have 5 choices to make in this environment.
You press <<26>> and receive 0 points.
You press <<15>> and receive 5 points.
You press <<7>> and receive 59 points.
You press <<8>> and receive 74 points.
You press <<9>> and receive 72 points.

Environment number 3:
The value of option 6 is 14. You have 10 choices to make in this environment.
You press <<16>> and receive 28 points.
You press <<25>> and receive 1 points.
You press <<10>> and receive 29 points.
You press <<5>> and receive 26 points.
You press <<4>> and receive 31 points.
You press <<3>> and receive 30 points.
You press <<2>> and receive 36 points.
You press <<1>> and receive 43 points.
You press <<1>> and receive 42 points.
You press <<1>> and receive 43 points.

Environment number 4:
The value of option 11 is 38. You have 10 choices to make in this environment.
You press <<5>> and receive 52 points.
You press <<3>> and receive 60 points.
You press <<3>> and receive 58 points.
You press <<3>> and receive 59 points.
You press <<3>> and receive 61 points.
You press <<3>> and receive 57 points.
You press <<3>> and receive 58 points.
You press <<3>> and receive 58 points.
You press <<3>> and receive 58 points.
You press <<3>> and receive 60 points.

Environment number 5:
The value of option 9 is 6. You have 10 choices to make in this environment.
You press <<28>> and receive 42 points.
You press <<27>> and receive 39 points.
You press <<29>> and receive 43 points.
You press <<29>> and receive 42 points.
You press <<29>> and receive 42 points.
You press <<29>> and receive 43 points.
You press <<29>> and receive 43 points.
You press <<29>> and receive 42 points.
You press <<29>> and receive 42 points.
You press <<29>> and receive 42 points.

Environment number 6:
The value of option 12 is 55. You have 10 choices to make in this environment.
You press <<11>> and receive 65 points.
You press <<10>> and receive 72 points.
You press <<9>> and receive 72 points.
You press <<9>> and receive 69 points.
You press <<9>> and receive 70 points.
You press <<9>> and receive 72 points.
You press <<9>> and receive 70 points.
You press <<9>> and receive 70 points.
You press <<9>> and receive 71 points.
You press <<9>> and receive 70 points.

Environment number 7:
The value of option 25 is 54. You have 5 choices to make in this environment.
You press <<24>> and receive 39 points.
You press <<26>> and receive 68 points.
You press <<27>> and receive 71 points.
You press <<28>> and receive 65 points.
You press <<27>> and receive 70 points.

Environment number 8:
The value of option 24 is 78. You have 5 choices to make in this environment.
You press <<23>> and receive 77 points.
You press <<25>> and receive 79 points.
You press <<26>> and receive 65 points.
You press <<25>> and receive 79 points.
You press <<25>> and receive 78 points.

Environment number 9:
The value of option 11 is 59. You have 5 choices to make in this environment.
You press <<10>> and receive 69 points.
You press <<9>> and receive 68 points.
You press <<8>> and receive 60 points.
You press <<7>> and receive 52 points.
You press <<10>> and receive 70 points.

Environment number 10:
The value of option 4 is 47. You have 10 choices to make in this environment.
You press <<13>> and receive 41 points.
You press <<24>> and receive 37 points.
You press <<18>> and receive 24 points.
You press <<4>> and receive 48 points.
You press <<3>> and receive 38 points.
You press <<5>> and receive 56 points.
You press <<6>> and receive 65 points.
You press <<",45
10,16,9,6,1,smooth,4,10,47,65,"You will be presented with a series of 16 different environments to explore.
In each trial, you can select an option between numbers 1 and 30 by pressing the corresponding key.
By selecting any of these options, you will earn points associated with each unique option.
Imagine these options 1 through 30 as lying next to each other in an ordered line; options closer to each other tend to have similar rewards as rewards tend to cluster together.
For each environment, you will be able to make either 5 or 10 choices.
When you made all your choices in a given environment, you will start making choices in the next unexplored environment.
The rewards underlying the different options are different in each environment so you will learn them anew for each environment.
Each environment starts with the value of a single option revealed.
When you choose the number corresponding to a different option, you will be told the value of that option and receive those points.
Previously revealed options, including the starting option, can also be reselected, although there may be small changes in the point value.
It is your task to to learn where the largest reward is in each of the 16 environments.

Environment number 1:
The value of option 30 is 51. You have 5 choices to make in this environment.
You press <<29>> and receive 56 points.
You press <<28>> and receive 52 points.
You press <<27>> and receive 43 points.
You press <<26>> and receive 34 points.
You press <<25>> and receive 27 points.

Environment number 2:
The value of option 2 is 18. You have 5 choices to make in this environment.
You press <<26>> and receive 0 points.
You press <<15>> and receive 5 points.
You press <<7>> and receive 59 points.
You press <<8>> and receive 74 points.
You press <<9>> and receive 72 points.

Environment number 3:
The value of option 6 is 14. You have 10 choices to make in this environment.
You press <<16>> and receive 28 points.
You press <<25>> and receive 1 points.
You press <<10>> and receive 29 points.
You press <<5>> and receive 26 points.
You press <<4>> and receive 31 points.
You press <<3>> and receive 30 points.
You press <<2>> and receive 36 points.
You press <<1>> and receive 43 points.
You press <<1>> and receive 42 points.
You press <<1>> and receive 43 points.

Environment number 4:
The value of option 11 is 38. You have 10 choices to make in this environment.
You press <<5>> and receive 52 points.
You press <<3>> and receive 60 points.
You press <<3>> and receive 58 points.
You press <<3>> and receive 59 points.
You press <<3>> and receive 61 points.
You press <<3>> and receive 57 points.
You press <<3>> and receive 58 points.
You press <<3>> and receive 58 points.
You press <<3>> and receive 58 points.
You press <<3>> and receive 60 points.

Environment number 5:
The value of option 9 is 6. You have 10 choices to make in this environment.
You press <<28>> and receive 42 points.
You press <<27>> and receive 39 points.
You press <<29>> and receive 43 points.
You press <<29>> and receive 42 points.
You press <<29>> and receive 42 points.
You press <<29>> and receive 43 points.
You press <<29>> and receive 43 points.
You press <<29>> and receive 42 points.
You press <<29>> and receive 42 points.
You press <<29>> and receive 42 points.

Environment number 6:
The value of option 12 is 55. You have 10 choices to make in this environment.
You press <<11>> and receive 65 points.
You press <<10>> and receive 72 points.
You press <<9>> and receive 72 points.
You press <<9>> and receive 69 points.
You press <<9>> and receive 70 points.
You press <<9>> and receive 72 points.
You press <<9>> and receive 70 points.
You press <<9>> and receive 70 points.
You press <<9>> and receive 71 points.
You press <<9>> and receive 70 points.

Environment number 7:
The value of option 25 is 54. You have 5 choices to make in this environment.
You press <<24>> and receive 39 points.
You press <<26>> and receive 68 points.
You press <<27>> and receive 71 points.
You press <<28>> and receive 65 points.
You press <<27>> and receive 70 points.

Environment number 8:
The value of option 24 is 78. You have 5 choices to make in this environment.
You press <<23>> and receive 77 points.
You press <<25>> and receive 79 points.
You press <<26>> and receive 65 points.
You press <<25>> and receive 79 points.
You press <<25>> and receive 78 points.

Environment number 9:
The value of option 11 is 59. You have 5 choices to make in this environment.
You press <<10>> and receive 69 points.
You press <<9>> and receive 68 points.
You press <<8>> and receive 60 points.
You press <<7>> and receive 52 points.
You press <<10>> and receive 70 points.

Environment number 10:
The value of option 4 is 47. You have 10 choices to make in this environment.
You press <<13>> and receive 41 points.
You press <<24>> and receive 37 points.
You press <<18>> and receive 24 points.
You press <<4>> and receive 48 points.
You press <<3>> and receive 38 points.
You press <<5>> and receive 56 points.
You press <<6>> and receive 65 points.
You press <<7>> and receive 63 points.
You press <<",45
10,16,10,6,1,smooth,4,10,47,65,"You will be presented with a series of 16 different environments to explore.
In each trial, you can select an option between numbers 1 and 30 by pressing the corresponding key.
By selecting any of these options, you will earn points associated with each unique option.
Imagine these options 1 through 30 as lying next to each other in an ordered line; options closer to each other tend to have similar rewards as rewards tend to cluster together.
For each environment, you will be able to make either 5 or 10 choices.
When you made all your choices in a given environment, you will start making choices in the next unexplored environment.
The rewards underlying the different options are different in each environment so you will learn them anew for each environment.
Each environment starts with the value of a single option revealed.
When you choose the number corresponding to a different option, you will be told the value of that option and receive those points.
Previously revealed options, including the starting option, can also be reselected, although there may be small changes in the point value.
It is your task to to learn where the largest reward is in each of the 16 environments.

Environment number 1:
The value of option 30 is 51. You have 5 choices to make in this environment.
You press <<29>> and receive 56 points.
You press <<28>> and receive 52 points.
You press <<27>> and receive 43 points.
You press <<26>> and receive 34 points.
You press <<25>> and receive 27 points.

Environment number 2:
The value of option 2 is 18. You have 5 choices to make in this environment.
You press <<26>> and receive 0 points.
You press <<15>> and receive 5 points.
You press <<7>> and receive 59 points.
You press <<8>> and receive 74 points.
You press <<9>> and receive 72 points.

Environment number 3:
The value of option 6 is 14. You have 10 choices to make in this environment.
You press <<16>> and receive 28 points.
You press <<25>> and receive 1 points.
You press <<10>> and receive 29 points.
You press <<5>> and receive 26 points.
You press <<4>> and receive 31 points.
You press <<3>> and receive 30 points.
You press <<2>> and receive 36 points.
You press <<1>> and receive 43 points.
You press <<1>> and receive 42 points.
You press <<1>> and receive 43 points.

Environment number 4:
The value of option 11 is 38. You have 10 choices to make in this environment.
You press <<5>> and receive 52 points.
You press <<3>> and receive 60 points.
You press <<3>> and receive 58 points.
You press <<3>> and receive 59 points.
You press <<3>> and receive 61 points.
You press <<3>> and receive 57 points.
You press <<3>> and receive 58 points.
You press <<3>> and receive 58 points.
You press <<3>> and receive 58 points.
You press <<3>> and receive 60 points.

Environment number 5:
The value of option 9 is 6. You have 10 choices to make in this environment.
You press <<28>> and receive 42 points.
You press <<27>> and receive 39 points.
You press <<29>> and receive 43 points.
You press <<29>> and receive 42 points.
You press <<29>> and receive 42 points.
You press <<29>> and receive 43 points.
You press <<29>> and receive 43 points.
You press <<29>> and receive 42 points.
You press <<29>> and receive 42 points.
You press <<29>> and receive 42 points.

Environment number 6:
The value of option 12 is 55. You have 10 choices to make in this environment.
You press <<11>> and receive 65 points.
You press <<10>> and receive 72 points.
You press <<9>> and receive 72 points.
You press <<9>> and receive 69 points.
You press <<9>> and receive 70 points.
You press <<9>> and receive 72 points.
You press <<9>> and receive 70 points.
You press <<9>> and receive 70 points.
You press <<9>> and receive 71 points.
You press <<9>> and receive 70 points.

Environment number 7:
The value of option 25 is 54. You have 5 choices to make in this environment.
You press <<24>> and receive 39 points.
You press <<26>> and receive 68 points.
You press <<27>> and receive 71 points.
You press <<28>> and receive 65 points.
You press <<27>> and receive 70 points.

Environment number 8:
The value of option 24 is 78. You have 5 choices to make in this environment.
You press <<23>> and receive 77 points.
You press <<25>> and receive 79 points.
You press <<26>> and receive 65 points.
You press <<25>> and receive 79 points.
You press <<25>> and receive 78 points.

Environment number 9:
The value of option 11 is 59. You have 5 choices to make in this environment.
You press <<10>> and receive 69 points.
You press <<9>> and receive 68 points.
You press <<8>> and receive 60 points.
You press <<7>> and receive 52 points.
You press <<10>> and receive 70 points.

Environment number 10:
The value of option 4 is 47. You have 10 choices to make in this environment.
You press <<13>> and receive 41 points.
You press <<24>> and receive 37 points.
You press <<18>> and receive 24 points.
You press <<4>> and receive 48 points.
You press <<3>> and receive 38 points.
You press <<5>> and receive 56 points.
You press <<6>> and receive 65 points.
You press <<7>> and receive 63 points.
You press <<6>> and receive 65 points.
You press <<",45
11,1,1,15,1,smooth,14,5,43,39,"You will be presented with a series of 16 different environments to explore.
In each trial, you can select an option between numbers 1 and 30 by pressing the corresponding key.
By selecting any of these options, you will earn points associated with each unique option.
Imagine these options 1 through 30 as lying next to each other in an ordered line; options closer to each other tend to have similar rewards as rewards tend to cluster together.
For each environment, you will be able to make either 5 or 10 choices.
When you made all your choices in a given environment, you will start making choices in the next unexplored environment.
The rewards underlying the different options are different in each environment so you will learn them anew for each environment.
Each environment starts with the value of a single option revealed.
When you choose the number corresponding to a different option, you will be told the value of that option and receive those points.
Previously revealed options, including the starting option, can also be reselected, although there may be small changes in the point value.
It is your task to to learn where the largest reward is in each of the 16 environments.

Environment number 1:
The value of option 30 is 51. You have 5 choices to make in this environment.
You press <<29>> and receive 56 points.
You press <<28>> and receive 52 points.
You press <<27>> and receive 43 points.
You press <<26>> and receive 34 points.
You press <<25>> and receive 27 points.

Environment number 2:
The value of option 2 is 18. You have 5 choices to make in this environment.
You press <<26>> and receive 0 points.
You press <<15>> and receive 5 points.
You press <<7>> and receive 59 points.
You press <<8>> and receive 74 points.
You press <<9>> and receive 72 points.

Environment number 3:
The value of option 6 is 14. You have 10 choices to make in this environment.
You press <<16>> and receive 28 points.
You press <<25>> and receive 1 points.
You press <<10>> and receive 29 points.
You press <<5>> and receive 26 points.
You press <<4>> and receive 31 points.
You press <<3>> and receive 30 points.
You press <<2>> and receive 36 points.
You press <<1>> and receive 43 points.
You press <<1>> and receive 42 points.
You press <<1>> and receive 43 points.

Environment number 4:
The value of option 11 is 38. You have 10 choices to make in this environment.
You press <<5>> and receive 52 points.
You press <<3>> and receive 60 points.
You press <<3>> and receive 58 points.
You press <<3>> and receive 59 points.
You press <<3>> and receive 61 points.
You press <<3>> and receive 57 points.
You press <<3>> and receive 58 points.
You press <<3>> and receive 58 points.
You press <<3>> and receive 58 points.
You press <<3>> and receive 60 points.

Environment number 5:
The value of option 9 is 6. You have 10 choices to make in this environment.
You press <<28>> and receive 42 points.
You press <<27>> and receive 39 points.
You press <<29>> and receive 43 points.
You press <<29>> and receive 42 points.
You press <<29>> and receive 42 points.
You press <<29>> and receive 43 points.
You press <<29>> and receive 43 points.
You press <<29>> and receive 42 points.
You press <<29>> and receive 42 points.
You press <<29>> and receive 42 points.

Environment number 6:
The value of option 12 is 55. You have 10 choices to make in this environment.
You press <<11>> and receive 65 points.
You press <<10>> and receive 72 points.
You press <<9>> and receive 72 points.
You press <<9>> and receive 69 points.
You press <<9>> and receive 70 points.
You press <<9>> and receive 72 points.
You press <<9>> and receive 70 points.
You press <<9>> and receive 70 points.
You press <<9>> and receive 71 points.
You press <<9>> and receive 70 points.

Environment number 7:
The value of option 25 is 54. You have 5 choices to make in this environment.
You press <<24>> and receive 39 points.
You press <<26>> and receive 68 points.
You press <<27>> and receive 71 points.
You press <<28>> and receive 65 points.
You press <<27>> and receive 70 points.

Environment number 8:
The value of option 24 is 78. You have 5 choices to make in this environment.
You press <<23>> and receive 77 points.
You press <<25>> and receive 79 points.
You press <<26>> and receive 65 points.
You press <<25>> and receive 79 points.
You press <<25>> and receive 78 points.

Environment number 9:
The value of option 11 is 59. You have 5 choices to make in this environment.
You press <<10>> and receive 69 points.
You press <<9>> and receive 68 points.
You press <<8>> and receive 60 points.
You press <<7>> and receive 52 points.
You press <<10>> and receive 70 points.

Environment number 10:
The value of option 4 is 47. You have 10 choices to make in this environment.
You press <<13>> and receive 41 points.
You press <<24>> and receive 37 points.
You press <<18>> and receive 24 points.
You press <<4>> and receive 48 points.
You press <<3>> and receive 38 points.
You press <<5>> and receive 56 points.
You press <<6>> and receive 65 points.
You press <<7>> and receive 63 points.
You press <<6>> and receive 65 points.
You press <<6>> and receive 65 points.

Environment number 11:
The value of option 14 is 43. You have 5 choices to make in this environment.
You press <<",45
11,1,2,13,1,smooth,14,5,43,53,"You will be presented with a series of 16 different environments to explore.
In each trial, you can select an option between numbers 1 and 30 by pressing the corresponding key.
By selecting any of these options, you will earn points associated with each unique option.
Imagine these options 1 through 30 as lying next to each other in an ordered line; options closer to each other tend to have similar rewards as rewards tend to cluster together.
For each environment, you will be able to make either 5 or 10 choices.
When you made all your choices in a given environment, you will start making choices in the next unexplored environment.
The rewards underlying the different options are different in each environment so you will learn them anew for each environment.
Each environment starts with the value of a single option revealed.
When you choose the number corresponding to a different option, you will be told the value of that option and receive those points.
Previously revealed options, including the starting option, can also be reselected, although there may be small changes in the point value.
It is your task to to learn where the largest reward is in each of the 16 environments.

Environment number 1:
The value of option 30 is 51. You have 5 choices to make in this environment.
You press <<29>> and receive 56 points.
You press <<28>> and receive 52 points.
You press <<27>> and receive 43 points.
You press <<26>> and receive 34 points.
You press <<25>> and receive 27 points.

Environment number 2:
The value of option 2 is 18. You have 5 choices to make in this environment.
You press <<26>> and receive 0 points.
You press <<15>> and receive 5 points.
You press <<7>> and receive 59 points.
You press <<8>> and receive 74 points.
You press <<9>> and receive 72 points.

Environment number 3:
The value of option 6 is 14. You have 10 choices to make in this environment.
You press <<16>> and receive 28 points.
You press <<25>> and receive 1 points.
You press <<10>> and receive 29 points.
You press <<5>> and receive 26 points.
You press <<4>> and receive 31 points.
You press <<3>> and receive 30 points.
You press <<2>> and receive 36 points.
You press <<1>> and receive 43 points.
You press <<1>> and receive 42 points.
You press <<1>> and receive 43 points.

Environment number 4:
The value of option 11 is 38. You have 10 choices to make in this environment.
You press <<5>> and receive 52 points.
You press <<3>> and receive 60 points.
You press <<3>> and receive 58 points.
You press <<3>> and receive 59 points.
You press <<3>> and receive 61 points.
You press <<3>> and receive 57 points.
You press <<3>> and receive 58 points.
You press <<3>> and receive 58 points.
You press <<3>> and receive 58 points.
You press <<3>> and receive 60 points.

Environment number 5:
The value of option 9 is 6. You have 10 choices to make in this environment.
You press <<28>> and receive 42 points.
You press <<27>> and receive 39 points.
You press <<29>> and receive 43 points.
You press <<29>> and receive 42 points.
You press <<29>> and receive 42 points.
You press <<29>> and receive 43 points.
You press <<29>> and receive 43 points.
You press <<29>> and receive 42 points.
You press <<29>> and receive 42 points.
You press <<29>> and receive 42 points.

Environment number 6:
The value of option 12 is 55. You have 10 choices to make in this environment.
You press <<11>> and receive 65 points.
You press <<10>> and receive 72 points.
You press <<9>> and receive 72 points.
You press <<9>> and receive 69 points.
You press <<9>> and receive 70 points.
You press <<9>> and receive 72 points.
You press <<9>> and receive 70 points.
You press <<9>> and receive 70 points.
You press <<9>> and receive 71 points.
You press <<9>> and receive 70 points.

Environment number 7:
The value of option 25 is 54. You have 5 choices to make in this environment.
You press <<24>> and receive 39 points.
You press <<26>> and receive 68 points.
You press <<27>> and receive 71 points.
You press <<28>> and receive 65 points.
You press <<27>> and receive 70 points.

Environment number 8:
The value of option 24 is 78. You have 5 choices to make in this environment.
You press <<23>> and receive 77 points.
You press <<25>> and receive 79 points.
You press <<26>> and receive 65 points.
You press <<25>> and receive 79 points.
You press <<25>> and receive 78 points.

Environment number 9:
The value of option 11 is 59. You have 5 choices to make in this environment.
You press <<10>> and receive 69 points.
You press <<9>> and receive 68 points.
You press <<8>> and receive 60 points.
You press <<7>> and receive 52 points.
You press <<10>> and receive 70 points.

Environment number 10:
The value of option 4 is 47. You have 10 choices to make in this environment.
You press <<13>> and receive 41 points.
You press <<24>> and receive 37 points.
You press <<18>> and receive 24 points.
You press <<4>> and receive 48 points.
You press <<3>> and receive 38 points.
You press <<5>> and receive 56 points.
You press <<6>> and receive 65 points.
You press <<7>> and receive 63 points.
You press <<6>> and receive 65 points.
You press <<6>> and receive 65 points.

Environment number 11:
The value of option 14 is 43. You have 5 choices to make in this environment.
You press <<15>> and receive 39 points.
You press <<",45
11,1,3,12,1,smooth,14,5,43,64,"You will be presented with a series of 16 different environments to explore.
In each trial, you can select an option between numbers 1 and 30 by pressing the corresponding key.
By selecting any of these options, you will earn points associated with each unique option.
Imagine these options 1 through 30 as lying next to each other in an ordered line; options closer to each other tend to have similar rewards as rewards tend to cluster together.
For each environment, you will be able to make either 5 or 10 choices.
When you made all your choices in a given environment, you will start making choices in the next unexplored environment.
The rewards underlying the different options are different in each environment so you will learn them anew for each environment.
Each environment starts with the value of a single option revealed.
When you choose the number corresponding to a different option, you will be told the value of that option and receive those points.
Previously revealed options, including the starting option, can also be reselected, although there may be small changes in the point value.
It is your task to to learn where the largest reward is in each of the 16 environments.

Environment number 1:
The value of option 30 is 51. You have 5 choices to make in this environment.
You press <<29>> and receive 56 points.
You press <<28>> and receive 52 points.
You press <<27>> and receive 43 points.
You press <<26>> and receive 34 points.
You press <<25>> and receive 27 points.

Environment number 2:
The value of option 2 is 18. You have 5 choices to make in this environment.
You press <<26>> and receive 0 points.
You press <<15>> and receive 5 points.
You press <<7>> and receive 59 points.
You press <<8>> and receive 74 points.
You press <<9>> and receive 72 points.

Environment number 3:
The value of option 6 is 14. You have 10 choices to make in this environment.
You press <<16>> and receive 28 points.
You press <<25>> and receive 1 points.
You press <<10>> and receive 29 points.
You press <<5>> and receive 26 points.
You press <<4>> and receive 31 points.
You press <<3>> and receive 30 points.
You press <<2>> and receive 36 points.
You press <<1>> and receive 43 points.
You press <<1>> and receive 42 points.
You press <<1>> and receive 43 points.

Environment number 4:
The value of option 11 is 38. You have 10 choices to make in this environment.
You press <<5>> and receive 52 points.
You press <<3>> and receive 60 points.
You press <<3>> and receive 58 points.
You press <<3>> and receive 59 points.
You press <<3>> and receive 61 points.
You press <<3>> and receive 57 points.
You press <<3>> and receive 58 points.
You press <<3>> and receive 58 points.
You press <<3>> and receive 58 points.
You press <<3>> and receive 60 points.

Environment number 5:
The value of option 9 is 6. You have 10 choices to make in this environment.
You press <<28>> and receive 42 points.
You press <<27>> and receive 39 points.
You press <<29>> and receive 43 points.
You press <<29>> and receive 42 points.
You press <<29>> and receive 42 points.
You press <<29>> and receive 43 points.
You press <<29>> and receive 43 points.
You press <<29>> and receive 42 points.
You press <<29>> and receive 42 points.
You press <<29>> and receive 42 points.

Environment number 6:
The value of option 12 is 55. You have 10 choices to make in this environment.
You press <<11>> and receive 65 points.
You press <<10>> and receive 72 points.
You press <<9>> and receive 72 points.
You press <<9>> and receive 69 points.
You press <<9>> and receive 70 points.
You press <<9>> and receive 72 points.
You press <<9>> and receive 70 points.
You press <<9>> and receive 70 points.
You press <<9>> and receive 71 points.
You press <<9>> and receive 70 points.

Environment number 7:
The value of option 25 is 54. You have 5 choices to make in this environment.
You press <<24>> and receive 39 points.
You press <<26>> and receive 68 points.
You press <<27>> and receive 71 points.
You press <<28>> and receive 65 points.
You press <<27>> and receive 70 points.

Environment number 8:
The value of option 24 is 78. You have 5 choices to make in this environment.
You press <<23>> and receive 77 points.
You press <<25>> and receive 79 points.
You press <<26>> and receive 65 points.
You press <<25>> and receive 79 points.
You press <<25>> and receive 78 points.

Environment number 9:
The value of option 11 is 59. You have 5 choices to make in this environment.
You press <<10>> and receive 69 points.
You press <<9>> and receive 68 points.
You press <<8>> and receive 60 points.
You press <<7>> and receive 52 points.
You press <<10>> and receive 70 points.

Environment number 10:
The value of option 4 is 47. You have 10 choices to make in this environment.
You press <<13>> and receive 41 points.
You press <<24>> and receive 37 points.
You press <<18>> and receive 24 points.
You press <<4>> and receive 48 points.
You press <<3>> and receive 38 points.
You press <<5>> and receive 56 points.
You press <<6>> and receive 65 points.
You press <<7>> and receive 63 points.
You press <<6>> and receive 65 points.
You press <<6>> and receive 65 points.

Environment number 11:
The value of option 14 is 43. You have 5 choices to make in this environment.
You press <<15>> and receive 39 points.
You press <<13>> and receive 53 points.
You press <<",45
11,1,4,11,1,smooth,14,5,43,70,"You will be presented with a series of 16 different environments to explore.
In each trial, you can select an option between numbers 1 and 30 by pressing the corresponding key.
By selecting any of these options, you will earn points associated with each unique option.
Imagine these options 1 through 30 as lying next to each other in an ordered line; options closer to each other tend to have similar rewards as rewards tend to cluster together.
For each environment, you will be able to make either 5 or 10 choices.
When you made all your choices in a given environment, you will start making choices in the next unexplored environment.
The rewards underlying the different options are different in each environment so you will learn them anew for each environment.
Each environment starts with the value of a single option revealed.
When you choose the number corresponding to a different option, you will be told the value of that option and receive those points.
Previously revealed options, including the starting option, can also be reselected, although there may be small changes in the point value.
It is your task to to learn where the largest reward is in each of the 16 environments.

Environment number 1:
The value of option 30 is 51. You have 5 choices to make in this environment.
You press <<29>> and receive 56 points.
You press <<28>> and receive 52 points.
You press <<27>> and receive 43 points.
You press <<26>> and receive 34 points.
You press <<25>> and receive 27 points.

Environment number 2:
The value of option 2 is 18. You have 5 choices to make in this environment.
You press <<26>> and receive 0 points.
You press <<15>> and receive 5 points.
You press <<7>> and receive 59 points.
You press <<8>> and receive 74 points.
You press <<9>> and receive 72 points.

Environment number 3:
The value of option 6 is 14. You have 10 choices to make in this environment.
You press <<16>> and receive 28 points.
You press <<25>> and receive 1 points.
You press <<10>> and receive 29 points.
You press <<5>> and receive 26 points.
You press <<4>> and receive 31 points.
You press <<3>> and receive 30 points.
You press <<2>> and receive 36 points.
You press <<1>> and receive 43 points.
You press <<1>> and receive 42 points.
You press <<1>> and receive 43 points.

Environment number 4:
The value of option 11 is 38. You have 10 choices to make in this environment.
You press <<5>> and receive 52 points.
You press <<3>> and receive 60 points.
You press <<3>> and receive 58 points.
You press <<3>> and receive 59 points.
You press <<3>> and receive 61 points.
You press <<3>> and receive 57 points.
You press <<3>> and receive 58 points.
You press <<3>> and receive 58 points.
You press <<3>> and receive 58 points.
You press <<3>> and receive 60 points.

Environment number 5:
The value of option 9 is 6. You have 10 choices to make in this environment.
You press <<28>> and receive 42 points.
You press <<27>> and receive 39 points.
You press <<29>> and receive 43 points.
You press <<29>> and receive 42 points.
You press <<29>> and receive 42 points.
You press <<29>> and receive 43 points.
You press <<29>> and receive 43 points.
You press <<29>> and receive 42 points.
You press <<29>> and receive 42 points.
You press <<29>> and receive 42 points.

Environment number 6:
The value of option 12 is 55. You have 10 choices to make in this environment.
You press <<11>> and receive 65 points.
You press <<10>> and receive 72 points.
You press <<9>> and receive 72 points.
You press <<9>> and receive 69 points.
You press <<9>> and receive 70 points.
You press <<9>> and receive 72 points.
You press <<9>> and receive 70 points.
You press <<9>> and receive 70 points.
You press <<9>> and receive 71 points.
You press <<9>> and receive 70 points.

Environment number 7:
The value of option 25 is 54. You have 5 choices to make in this environment.
You press <<24>> and receive 39 points.
You press <<26>> and receive 68 points.
You press <<27>> and receive 71 points.
You press <<28>> and receive 65 points.
You press <<27>> and receive 70 points.

Environment number 8:
The value of option 24 is 78. You have 5 choices to make in this environment.
You press <<23>> and receive 77 points.
You press <<25>> and receive 79 points.
You press <<26>> and receive 65 points.
You press <<25>> and receive 79 points.
You press <<25>> and receive 78 points.

Environment number 9:
The value of option 11 is 59. You have 5 choices to make in this environment.
You press <<10>> and receive 69 points.
You press <<9>> and receive 68 points.
You press <<8>> and receive 60 points.
You press <<7>> and receive 52 points.
You press <<10>> and receive 70 points.

Environment number 10:
The value of option 4 is 47. You have 10 choices to make in this environment.
You press <<13>> and receive 41 points.
You press <<24>> and receive 37 points.
You press <<18>> and receive 24 points.
You press <<4>> and receive 48 points.
You press <<3>> and receive 38 points.
You press <<5>> and receive 56 points.
You press <<6>> and receive 65 points.
You press <<7>> and receive 63 points.
You press <<6>> and receive 65 points.
You press <<6>> and receive 65 points.

Environment number 11:
The value of option 14 is 43. You have 5 choices to make in this environment.
You press <<15>> and receive 39 points.
You press <<13>> and receive 53 points.
You press <<12>> and receive 64 points.
You press <<",45
11,1,5,10,1,smooth,14,5,43,64,"You will be presented with a series of 16 different environments to explore.
In each trial, you can select an option between numbers 1 and 30 by pressing the corresponding key.
By selecting any of these options, you will earn points associated with each unique option.
Imagine these options 1 through 30 as lying next to each other in an ordered line; options closer to each other tend to have similar rewards as rewards tend to cluster together.
For each environment, you will be able to make either 5 or 10 choices.
When you made all your choices in a given environment, you will start making choices in the next unexplored environment.
The rewards underlying the different options are different in each environment so you will learn them anew for each environment.
Each environment starts with the value of a single option revealed.
When you choose the number corresponding to a different option, you will be told the value of that option and receive those points.
Previously revealed options, including the starting option, can also be reselected, although there may be small changes in the point value.
It is your task to to learn where the largest reward is in each of the 16 environments.

Environment number 1:
The value of option 30 is 51. You have 5 choices to make in this environment.
You press <<29>> and receive 56 points.
You press <<28>> and receive 52 points.
You press <<27>> and receive 43 points.
You press <<26>> and receive 34 points.
You press <<25>> and receive 27 points.

Environment number 2:
The value of option 2 is 18. You have 5 choices to make in this environment.
You press <<26>> and receive 0 points.
You press <<15>> and receive 5 points.
You press <<7>> and receive 59 points.
You press <<8>> and receive 74 points.
You press <<9>> and receive 72 points.

Environment number 3:
The value of option 6 is 14. You have 10 choices to make in this environment.
You press <<16>> and receive 28 points.
You press <<25>> and receive 1 points.
You press <<10>> and receive 29 points.
You press <<5>> and receive 26 points.
You press <<4>> and receive 31 points.
You press <<3>> and receive 30 points.
You press <<2>> and receive 36 points.
You press <<1>> and receive 43 points.
You press <<1>> and receive 42 points.
You press <<1>> and receive 43 points.

Environment number 4:
The value of option 11 is 38. You have 10 choices to make in this environment.
You press <<5>> and receive 52 points.
You press <<3>> and receive 60 points.
You press <<3>> and receive 58 points.
You press <<3>> and receive 59 points.
You press <<3>> and receive 61 points.
You press <<3>> and receive 57 points.
You press <<3>> and receive 58 points.
You press <<3>> and receive 58 points.
You press <<3>> and receive 58 points.
You press <<3>> and receive 60 points.

Environment number 5:
The value of option 9 is 6. You have 10 choices to make in this environment.
You press <<28>> and receive 42 points.
You press <<27>> and receive 39 points.
You press <<29>> and receive 43 points.
You press <<29>> and receive 42 points.
You press <<29>> and receive 42 points.
You press <<29>> and receive 43 points.
You press <<29>> and receive 43 points.
You press <<29>> and receive 42 points.
You press <<29>> and receive 42 points.
You press <<29>> and receive 42 points.

Environment number 6:
The value of option 12 is 55. You have 10 choices to make in this environment.
You press <<11>> and receive 65 points.
You press <<10>> and receive 72 points.
You press <<9>> and receive 72 points.
You press <<9>> and receive 69 points.
You press <<9>> and receive 70 points.
You press <<9>> and receive 72 points.
You press <<9>> and receive 70 points.
You press <<9>> and receive 70 points.
You press <<9>> and receive 71 points.
You press <<9>> and receive 70 points.

Environment number 7:
The value of option 25 is 54. You have 5 choices to make in this environment.
You press <<24>> and receive 39 points.
You press <<26>> and receive 68 points.
You press <<27>> and receive 71 points.
You press <<28>> and receive 65 points.
You press <<27>> and receive 70 points.

Environment number 8:
The value of option 24 is 78. You have 5 choices to make in this environment.
You press <<23>> and receive 77 points.
You press <<25>> and receive 79 points.
You press <<26>> and receive 65 points.
You press <<25>> and receive 79 points.
You press <<25>> and receive 78 points.

Environment number 9:
The value of option 11 is 59. You have 5 choices to make in this environment.
You press <<10>> and receive 69 points.
You press <<9>> and receive 68 points.
You press <<8>> and receive 60 points.
You press <<7>> and receive 52 points.
You press <<10>> and receive 70 points.

Environment number 10:
The value of option 4 is 47. You have 10 choices to make in this environment.
You press <<13>> and receive 41 points.
You press <<24>> and receive 37 points.
You press <<18>> and receive 24 points.
You press <<4>> and receive 48 points.
You press <<3>> and receive 38 points.
You press <<5>> and receive 56 points.
You press <<6>> and receive 65 points.
You press <<7>> and receive 63 points.
You press <<6>> and receive 65 points.
You press <<6>> and receive 65 points.

Environment number 11:
The value of option 14 is 43. You have 5 choices to make in this environment.
You press <<15>> and receive 39 points.
You press <<13>> and receive 53 points.
You press <<12>> and receive 64 points.
You press <<11>> and receive 70 points.
You press <<",45
12,4,1,16,1,smooth,3,5,6,21,"You will be presented with a series of 16 different environments to explore.
In each trial, you can select an option between numbers 1 and 30 by pressing the corresponding key.
By selecting any of these options, you will earn points associated with each unique option.
Imagine these options 1 through 30 as lying next to each other in an ordered line; options closer to each other tend to have similar rewards as rewards tend to cluster together.
For each environment, you will be able to make either 5 or 10 choices.
When you made all your choices in a given environment, you will start making choices in the next unexplored environment.
The rewards underlying the different options are different in each environment so you will learn them anew for each environment.
Each environment starts with the value of a single option revealed.
When you choose the number corresponding to a different option, you will be told the value of that option and receive those points.
Previously revealed options, including the starting option, can also be reselected, although there may be small changes in the point value.
It is your task to to learn where the largest reward is in each of the 16 environments.

Environment number 1:
The value of option 30 is 51. You have 5 choices to make in this environment.
You press <<29>> and receive 56 points.
You press <<28>> and receive 52 points.
You press <<27>> and receive 43 points.
You press <<26>> and receive 34 points.
You press <<25>> and receive 27 points.

Environment number 2:
The value of option 2 is 18. You have 5 choices to make in this environment.
You press <<26>> and receive 0 points.
You press <<15>> and receive 5 points.
You press <<7>> and receive 59 points.
You press <<8>> and receive 74 points.
You press <<9>> and receive 72 points.

Environment number 3:
The value of option 6 is 14. You have 10 choices to make in this environment.
You press <<16>> and receive 28 points.
You press <<25>> and receive 1 points.
You press <<10>> and receive 29 points.
You press <<5>> and receive 26 points.
You press <<4>> and receive 31 points.
You press <<3>> and receive 30 points.
You press <<2>> and receive 36 points.
You press <<1>> and receive 43 points.
You press <<1>> and receive 42 points.
You press <<1>> and receive 43 points.

Environment number 4:
The value of option 11 is 38. You have 10 choices to make in this environment.
You press <<5>> and receive 52 points.
You press <<3>> and receive 60 points.
You press <<3>> and receive 58 points.
You press <<3>> and receive 59 points.
You press <<3>> and receive 61 points.
You press <<3>> and receive 57 points.
You press <<3>> and receive 58 points.
You press <<3>> and receive 58 points.
You press <<3>> and receive 58 points.
You press <<3>> and receive 60 points.

Environment number 5:
The value of option 9 is 6. You have 10 choices to make in this environment.
You press <<28>> and receive 42 points.
You press <<27>> and receive 39 points.
You press <<29>> and receive 43 points.
You press <<29>> and receive 42 points.
You press <<29>> and receive 42 points.
You press <<29>> and receive 43 points.
You press <<29>> and receive 43 points.
You press <<29>> and receive 42 points.
You press <<29>> and receive 42 points.
You press <<29>> and receive 42 points.

Environment number 6:
The value of option 12 is 55. You have 10 choices to make in this environment.
You press <<11>> and receive 65 points.
You press <<10>> and receive 72 points.
You press <<9>> and receive 72 points.
You press <<9>> and receive 69 points.
You press <<9>> and receive 70 points.
You press <<9>> and receive 72 points.
You press <<9>> and receive 70 points.
You press <<9>> and receive 70 points.
You press <<9>> and receive 71 points.
You press <<9>> and receive 70 points.

Environment number 7:
The value of option 25 is 54. You have 5 choices to make in this environment.
You press <<24>> and receive 39 points.
You press <<26>> and receive 68 points.
You press <<27>> and receive 71 points.
You press <<28>> and receive 65 points.
You press <<27>> and receive 70 points.

Environment number 8:
The value of option 24 is 78. You have 5 choices to make in this environment.
You press <<23>> and receive 77 points.
You press <<25>> and receive 79 points.
You press <<26>> and receive 65 points.
You press <<25>> and receive 79 points.
You press <<25>> and receive 78 points.

Environment number 9:
The value of option 11 is 59. You have 5 choices to make in this environment.
You press <<10>> and receive 69 points.
You press <<9>> and receive 68 points.
You press <<8>> and receive 60 points.
You press <<7>> and receive 52 points.
You press <<10>> and receive 70 points.

Environment number 10:
The value of option 4 is 47. You have 10 choices to make in this environment.
You press <<13>> and receive 41 points.
You press <<24>> and receive 37 points.
You press <<18>> and receive 24 points.
You press <<4>> and receive 48 points.
You press <<3>> and receive 38 points.
You press <<5>> and receive 56 points.
You press <<6>> and receive 65 points.
You press <<7>> and receive 63 points.
You press <<6>> and receive 65 points.
You press <<6>> and receive 65 points.

Environment number 11:
The value of option 14 is 43. You have 5 choices to make in this environment.
You press <<15>> and receive 39 points.
You press <<13>> and receive 53 points.
You press <<12>> and receive 64 points.
You press <<11>> and receive 70 points.
You press <<10>> and receive 64 points.

Environment number 12:
The value of option 3 is 6. You have 5 choices to make in this environment.
You press <<",45
12,4,2,23,1,smooth,3,5,6,0,"You will be presented with a series of 16 different environments to explore.
In each trial, you can select an option between numbers 1 and 30 by pressing the corresponding key.
By selecting any of these options, you will earn points associated with each unique option.
Imagine these options 1 through 30 as lying next to each other in an ordered line; options closer to each other tend to have similar rewards as rewards tend to cluster together.
For each environment, you will be able to make either 5 or 10 choices.
When you made all your choices in a given environment, you will start making choices in the next unexplored environment.
The rewards underlying the different options are different in each environment so you will learn them anew for each environment.
Each environment starts with the value of a single option revealed.
When you choose the number corresponding to a different option, you will be told the value of that option and receive those points.
Previously revealed options, including the starting option, can also be reselected, although there may be small changes in the point value.
It is your task to to learn where the largest reward is in each of the 16 environments.

Environment number 1:
The value of option 30 is 51. You have 5 choices to make in this environment.
You press <<29>> and receive 56 points.
You press <<28>> and receive 52 points.
You press <<27>> and receive 43 points.
You press <<26>> and receive 34 points.
You press <<25>> and receive 27 points.

Environment number 2:
The value of option 2 is 18. You have 5 choices to make in this environment.
You press <<26>> and receive 0 points.
You press <<15>> and receive 5 points.
You press <<7>> and receive 59 points.
You press <<8>> and receive 74 points.
You press <<9>> and receive 72 points.

Environment number 3:
The value of option 6 is 14. You have 10 choices to make in this environment.
You press <<16>> and receive 28 points.
You press <<25>> and receive 1 points.
You press <<10>> and receive 29 points.
You press <<5>> and receive 26 points.
You press <<4>> and receive 31 points.
You press <<3>> and receive 30 points.
You press <<2>> and receive 36 points.
You press <<1>> and receive 43 points.
You press <<1>> and receive 42 points.
You press <<1>> and receive 43 points.

Environment number 4:
The value of option 11 is 38. You have 10 choices to make in this environment.
You press <<5>> and receive 52 points.
You press <<3>> and receive 60 points.
You press <<3>> and receive 58 points.
You press <<3>> and receive 59 points.
You press <<3>> and receive 61 points.
You press <<3>> and receive 57 points.
You press <<3>> and receive 58 points.
You press <<3>> and receive 58 points.
You press <<3>> and receive 58 points.
You press <<3>> and receive 60 points.

Environment number 5:
The value of option 9 is 6. You have 10 choices to make in this environment.
You press <<28>> and receive 42 points.
You press <<27>> and receive 39 points.
You press <<29>> and receive 43 points.
You press <<29>> and receive 42 points.
You press <<29>> and receive 42 points.
You press <<29>> and receive 43 points.
You press <<29>> and receive 43 points.
You press <<29>> and receive 42 points.
You press <<29>> and receive 42 points.
You press <<29>> and receive 42 points.

Environment number 6:
The value of option 12 is 55. You have 10 choices to make in this environment.
You press <<11>> and receive 65 points.
You press <<10>> and receive 72 points.
You press <<9>> and receive 72 points.
You press <<9>> and receive 69 points.
You press <<9>> and receive 70 points.
You press <<9>> and receive 72 points.
You press <<9>> and receive 70 points.
You press <<9>> and receive 70 points.
You press <<9>> and receive 71 points.
You press <<9>> and receive 70 points.

Environment number 7:
The value of option 25 is 54. You have 5 choices to make in this environment.
You press <<24>> and receive 39 points.
You press <<26>> and receive 68 points.
You press <<27>> and receive 71 points.
You press <<28>> and receive 65 points.
You press <<27>> and receive 70 points.

Environment number 8:
The value of option 24 is 78. You have 5 choices to make in this environment.
You press <<23>> and receive 77 points.
You press <<25>> and receive 79 points.
You press <<26>> and receive 65 points.
You press <<25>> and receive 79 points.
You press <<25>> and receive 78 points.

Environment number 9:
The value of option 11 is 59. You have 5 choices to make in this environment.
You press <<10>> and receive 69 points.
You press <<9>> and receive 68 points.
You press <<8>> and receive 60 points.
You press <<7>> and receive 52 points.
You press <<10>> and receive 70 points.

Environment number 10:
The value of option 4 is 47. You have 10 choices to make in this environment.
You press <<13>> and receive 41 points.
You press <<24>> and receive 37 points.
You press <<18>> and receive 24 points.
You press <<4>> and receive 48 points.
You press <<3>> and receive 38 points.
You press <<5>> and receive 56 points.
You press <<6>> and receive 65 points.
You press <<7>> and receive 63 points.
You press <<6>> and receive 65 points.
You press <<6>> and receive 65 points.

Environment number 11:
The value of option 14 is 43. You have 5 choices to make in this environment.
You press <<15>> and receive 39 points.
You press <<13>> and receive 53 points.
You press <<12>> and receive 64 points.
You press <<11>> and receive 70 points.
You press <<10>> and receive 64 points.

Environment number 12:
The value of option 3 is 6. You have 5 choices to make in this environment.
You press <<16>> and receive 21 points.
You press <<",45
12,4,3,9,1,smooth,3,5,6,37,"You will be presented with a series of 16 different environments to explore.
In each trial, you can select an option between numbers 1 and 30 by pressing the corresponding key.
By selecting any of these options, you will earn points associated with each unique option.
Imagine these options 1 through 30 as lying next to each other in an ordered line; options closer to each other tend to have similar rewards as rewards tend to cluster together.
For each environment, you will be able to make either 5 or 10 choices.
When you made all your choices in a given environment, you will start making choices in the next unexplored environment.
The rewards underlying the different options are different in each environment so you will learn them anew for each environment.
Each environment starts with the value of a single option revealed.
When you choose the number corresponding to a different option, you will be told the value of that option and receive those points.
Previously revealed options, including the starting option, can also be reselected, although there may be small changes in the point value.
It is your task to to learn where the largest reward is in each of the 16 environments.

Environment number 1:
The value of option 30 is 51. You have 5 choices to make in this environment.
You press <<29>> and receive 56 points.
You press <<28>> and receive 52 points.
You press <<27>> and receive 43 points.
You press <<26>> and receive 34 points.
You press <<25>> and receive 27 points.

Environment number 2:
The value of option 2 is 18. You have 5 choices to make in this environment.
You press <<26>> and receive 0 points.
You press <<15>> and receive 5 points.
You press <<7>> and receive 59 points.
You press <<8>> and receive 74 points.
You press <<9>> and receive 72 points.

Environment number 3:
The value of option 6 is 14. You have 10 choices to make in this environment.
You press <<16>> and receive 28 points.
You press <<25>> and receive 1 points.
You press <<10>> and receive 29 points.
You press <<5>> and receive 26 points.
You press <<4>> and receive 31 points.
You press <<3>> and receive 30 points.
You press <<2>> and receive 36 points.
You press <<1>> and receive 43 points.
You press <<1>> and receive 42 points.
You press <<1>> and receive 43 points.

Environment number 4:
The value of option 11 is 38. You have 10 choices to make in this environment.
You press <<5>> and receive 52 points.
You press <<3>> and receive 60 points.
You press <<3>> and receive 58 points.
You press <<3>> and receive 59 points.
You press <<3>> and receive 61 points.
You press <<3>> and receive 57 points.
You press <<3>> and receive 58 points.
You press <<3>> and receive 58 points.
You press <<3>> and receive 58 points.
You press <<3>> and receive 60 points.

Environment number 5:
The value of option 9 is 6. You have 10 choices to make in this environment.
You press <<28>> and receive 42 points.
You press <<27>> and receive 39 points.
You press <<29>> and receive 43 points.
You press <<29>> and receive 42 points.
You press <<29>> and receive 42 points.
You press <<29>> and receive 43 points.
You press <<29>> and receive 43 points.
You press <<29>> and receive 42 points.
You press <<29>> and receive 42 points.
You press <<29>> and receive 42 points.

Environment number 6:
The value of option 12 is 55. You have 10 choices to make in this environment.
You press <<11>> and receive 65 points.
You press <<10>> and receive 72 points.
You press <<9>> and receive 72 points.
You press <<9>> and receive 69 points.
You press <<9>> and receive 70 points.
You press <<9>> and receive 72 points.
You press <<9>> and receive 70 points.
You press <<9>> and receive 70 points.
You press <<9>> and receive 71 points.
You press <<9>> and receive 70 points.

Environment number 7:
The value of option 25 is 54. You have 5 choices to make in this environment.
You press <<24>> and receive 39 points.
You press <<26>> and receive 68 points.
You press <<27>> and receive 71 points.
You press <<28>> and receive 65 points.
You press <<27>> and receive 70 points.

Environment number 8:
The value of option 24 is 78. You have 5 choices to make in this environment.
You press <<23>> and receive 77 points.
You press <<25>> and receive 79 points.
You press <<26>> and receive 65 points.
You press <<25>> and receive 79 points.
You press <<25>> and receive 78 points.

Environment number 9:
The value of option 11 is 59. You have 5 choices to make in this environment.
You press <<10>> and receive 69 points.
You press <<9>> and receive 68 points.
You press <<8>> and receive 60 points.
You press <<7>> and receive 52 points.
You press <<10>> and receive 70 points.

Environment number 10:
The value of option 4 is 47. You have 10 choices to make in this environment.
You press <<13>> and receive 41 points.
You press <<24>> and receive 37 points.
You press <<18>> and receive 24 points.
You press <<4>> and receive 48 points.
You press <<3>> and receive 38 points.
You press <<5>> and receive 56 points.
You press <<6>> and receive 65 points.
You press <<7>> and receive 63 points.
You press <<6>> and receive 65 points.
You press <<6>> and receive 65 points.

Environment number 11:
The value of option 14 is 43. You have 5 choices to make in this environment.
You press <<15>> and receive 39 points.
You press <<13>> and receive 53 points.
You press <<12>> and receive 64 points.
You press <<11>> and receive 70 points.
You press <<10>> and receive 64 points.

Environment number 12:
The value of option 3 is 6. You have 5 choices to make in this environment.
You press <<16>> and receive 21 points.
You press <<23>> and receive 0 points.
You press <<",45
12,4,4,9,1,smooth,3,5,6,36,"You will be presented with a series of 16 different environments to explore.
In each trial, you can select an option between numbers 1 and 30 by pressing the corresponding key.
By selecting any of these options, you will earn points associated with each unique option.
Imagine these options 1 through 30 as lying next to each other in an ordered line; options closer to each other tend to have similar rewards as rewards tend to cluster together.
For each environment, you will be able to make either 5 or 10 choices.
When you made all your choices in a given environment, you will start making choices in the next unexplored environment.
The rewards underlying the different options are different in each environment so you will learn them anew for each environment.
Each environment starts with the value of a single option revealed.
When you choose the number corresponding to a different option, you will be told the value of that option and receive those points.
Previously revealed options, including the starting option, can also be reselected, although there may be small changes in the point value.
It is your task to to learn where the largest reward is in each of the 16 environments.

Environment number 1:
The value of option 30 is 51. You have 5 choices to make in this environment.
You press <<29>> and receive 56 points.
You press <<28>> and receive 52 points.
You press <<27>> and receive 43 points.
You press <<26>> and receive 34 points.
You press <<25>> and receive 27 points.

Environment number 2:
The value of option 2 is 18. You have 5 choices to make in this environment.
You press <<26>> and receive 0 points.
You press <<15>> and receive 5 points.
You press <<7>> and receive 59 points.
You press <<8>> and receive 74 points.
You press <<9>> and receive 72 points.

Environment number 3:
The value of option 6 is 14. You have 10 choices to make in this environment.
You press <<16>> and receive 28 points.
You press <<25>> and receive 1 points.
You press <<10>> and receive 29 points.
You press <<5>> and receive 26 points.
You press <<4>> and receive 31 points.
You press <<3>> and receive 30 points.
You press <<2>> and receive 36 points.
You press <<1>> and receive 43 points.
You press <<1>> and receive 42 points.
You press <<1>> and receive 43 points.

Environment number 4:
The value of option 11 is 38. You have 10 choices to make in this environment.
You press <<5>> and receive 52 points.
You press <<3>> and receive 60 points.
You press <<3>> and receive 58 points.
You press <<3>> and receive 59 points.
You press <<3>> and receive 61 points.
You press <<3>> and receive 57 points.
You press <<3>> and receive 58 points.
You press <<3>> and receive 58 points.
You press <<3>> and receive 58 points.
You press <<3>> and receive 60 points.

Environment number 5:
The value of option 9 is 6. You have 10 choices to make in this environment.
You press <<28>> and receive 42 points.
You press <<27>> and receive 39 points.
You press <<29>> and receive 43 points.
You press <<29>> and receive 42 points.
You press <<29>> and receive 42 points.
You press <<29>> and receive 43 points.
You press <<29>> and receive 43 points.
You press <<29>> and receive 42 points.
You press <<29>> and receive 42 points.
You press <<29>> and receive 42 points.

Environment number 6:
The value of option 12 is 55. You have 10 choices to make in this environment.
You press <<11>> and receive 65 points.
You press <<10>> and receive 72 points.
You press <<9>> and receive 72 points.
You press <<9>> and receive 69 points.
You press <<9>> and receive 70 points.
You press <<9>> and receive 72 points.
You press <<9>> and receive 70 points.
You press <<9>> and receive 70 points.
You press <<9>> and receive 71 points.
You press <<9>> and receive 70 points.

Environment number 7:
The value of option 25 is 54. You have 5 choices to make in this environment.
You press <<24>> and receive 39 points.
You press <<26>> and receive 68 points.
You press <<27>> and receive 71 points.
You press <<28>> and receive 65 points.
You press <<27>> and receive 70 points.

Environment number 8:
The value of option 24 is 78. You have 5 choices to make in this environment.
You press <<23>> and receive 77 points.
You press <<25>> and receive 79 points.
You press <<26>> and receive 65 points.
You press <<25>> and receive 79 points.
You press <<25>> and receive 78 points.

Environment number 9:
The value of option 11 is 59. You have 5 choices to make in this environment.
You press <<10>> and receive 69 points.
You press <<9>> and receive 68 points.
You press <<8>> and receive 60 points.
You press <<7>> and receive 52 points.
You press <<10>> and receive 70 points.

Environment number 10:
The value of option 4 is 47. You have 10 choices to make in this environment.
You press <<13>> and receive 41 points.
You press <<24>> and receive 37 points.
You press <<18>> and receive 24 points.
You press <<4>> and receive 48 points.
You press <<3>> and receive 38 points.
You press <<5>> and receive 56 points.
You press <<6>> and receive 65 points.
You press <<7>> and receive 63 points.
You press <<6>> and receive 65 points.
You press <<6>> and receive 65 points.

Environment number 11:
The value of option 14 is 43. You have 5 choices to make in this environment.
You press <<15>> and receive 39 points.
You press <<13>> and receive 53 points.
You press <<12>> and receive 64 points.
You press <<11>> and receive 70 points.
You press <<10>> and receive 64 points.

Environment number 12:
The value of option 3 is 6. You have 5 choices to make in this environment.
You press <<16>> and receive 21 points.
You press <<23>> and receive 0 points.
You press <<9>> and receive 37 points.
You press <<",45
12,4,5,9,1,smooth,3,5,6,38,"You will be presented with a series of 16 different environments to explore.
In each trial, you can select an option between numbers 1 and 30 by pressing the corresponding key.
By selecting any of these options, you will earn points associated with each unique option.
Imagine these options 1 through 30 as lying next to each other in an ordered line; options closer to each other tend to have similar rewards as rewards tend to cluster together.
For each environment, you will be able to make either 5 or 10 choices.
When you made all your choices in a given environment, you will start making choices in the next unexplored environment.
The rewards underlying the different options are different in each environment so you will learn them anew for each environment.
Each environment starts with the value of a single option revealed.
When you choose the number corresponding to a different option, you will be told the value of that option and receive those points.
Previously revealed options, including the starting option, can also be reselected, although there may be small changes in the point value.
It is your task to to learn where the largest reward is in each of the 16 environments.

Environment number 1:
The value of option 30 is 51. You have 5 choices to make in this environment.
You press <<29>> and receive 56 points.
You press <<28>> and receive 52 points.
You press <<27>> and receive 43 points.
You press <<26>> and receive 34 points.
You press <<25>> and receive 27 points.

Environment number 2:
The value of option 2 is 18. You have 5 choices to make in this environment.
You press <<26>> and receive 0 points.
You press <<15>> and receive 5 points.
You press <<7>> and receive 59 points.
You press <<8>> and receive 74 points.
You press <<9>> and receive 72 points.

Environment number 3:
The value of option 6 is 14. You have 10 choices to make in this environment.
You press <<16>> and receive 28 points.
You press <<25>> and receive 1 points.
You press <<10>> and receive 29 points.
You press <<5>> and receive 26 points.
You press <<4>> and receive 31 points.
You press <<3>> and receive 30 points.
You press <<2>> and receive 36 points.
You press <<1>> and receive 43 points.
You press <<1>> and receive 42 points.
You press <<1>> and receive 43 points.

Environment number 4:
The value of option 11 is 38. You have 10 choices to make in this environment.
You press <<5>> and receive 52 points.
You press <<3>> and receive 60 points.
You press <<3>> and receive 58 points.
You press <<3>> and receive 59 points.
You press <<3>> and receive 61 points.
You press <<3>> and receive 57 points.
You press <<3>> and receive 58 points.
You press <<3>> and receive 58 points.
You press <<3>> and receive 58 points.
You press <<3>> and receive 60 points.

Environment number 5:
The value of option 9 is 6. You have 10 choices to make in this environment.
You press <<28>> and receive 42 points.
You press <<27>> and receive 39 points.
You press <<29>> and receive 43 points.
You press <<29>> and receive 42 points.
You press <<29>> and receive 42 points.
You press <<29>> and receive 43 points.
You press <<29>> and receive 43 points.
You press <<29>> and receive 42 points.
You press <<29>> and receive 42 points.
You press <<29>> and receive 42 points.

Environment number 6:
The value of option 12 is 55. You have 10 choices to make in this environment.
You press <<11>> and receive 65 points.
You press <<10>> and receive 72 points.
You press <<9>> and receive 72 points.
You press <<9>> and receive 69 points.
You press <<9>> and receive 70 points.
You press <<9>> and receive 72 points.
You press <<9>> and receive 70 points.
You press <<9>> and receive 70 points.
You press <<9>> and receive 71 points.
You press <<9>> and receive 70 points.

Environment number 7:
The value of option 25 is 54. You have 5 choices to make in this environment.
You press <<24>> and receive 39 points.
You press <<26>> and receive 68 points.
You press <<27>> and receive 71 points.
You press <<28>> and receive 65 points.
You press <<27>> and receive 70 points.

Environment number 8:
The value of option 24 is 78. You have 5 choices to make in this environment.
You press <<23>> and receive 77 points.
You press <<25>> and receive 79 points.
You press <<26>> and receive 65 points.
You press <<25>> and receive 79 points.
You press <<25>> and receive 78 points.

Environment number 9:
The value of option 11 is 59. You have 5 choices to make in this environment.
You press <<10>> and receive 69 points.
You press <<9>> and receive 68 points.
You press <<8>> and receive 60 points.
You press <<7>> and receive 52 points.
You press <<10>> and receive 70 points.

Environment number 10:
The value of option 4 is 47. You have 10 choices to make in this environment.
You press <<13>> and receive 41 points.
You press <<24>> and receive 37 points.
You press <<18>> and receive 24 points.
You press <<4>> and receive 48 points.
You press <<3>> and receive 38 points.
You press <<5>> and receive 56 points.
You press <<6>> and receive 65 points.
You press <<7>> and receive 63 points.
You press <<6>> and receive 65 points.
You press <<6>> and receive 65 points.

Environment number 11:
The value of option 14 is 43. You have 5 choices to make in this environment.
You press <<15>> and receive 39 points.
You press <<13>> and receive 53 points.
You press <<12>> and receive 64 points.
You press <<11>> and receive 70 points.
You press <<10>> and receive 64 points.

Environment number 12:
The value of option 3 is 6. You have 5 choices to make in this environment.
You press <<16>> and receive 21 points.
You press <<23>> and receive 0 points.
You press <<9>> and receive 37 points.
You press <<9>> and receive 36 points.
You press <<",45
13,10,1,2,1,smooth,1,10,48,25,"You will be presented with a series of 16 different environments to explore.
In each trial, you can select an option between numbers 1 and 30 by pressing the corresponding key.
By selecting any of these options, you will earn points associated with each unique option.
Imagine these options 1 through 30 as lying next to each other in an ordered line; options closer to each other tend to have similar rewards as rewards tend to cluster together.
For each environment, you will be able to make either 5 or 10 choices.
When you made all your choices in a given environment, you will start making choices in the next unexplored environment.
The rewards underlying the different options are different in each environment so you will learn them anew for each environment.
Each environment starts with the value of a single option revealed.
When you choose the number corresponding to a different option, you will be told the value of that option and receive those points.
Previously revealed options, including the starting option, can also be reselected, although there may be small changes in the point value.
It is your task to to learn where the largest reward is in each of the 16 environments.

Environment number 1:
The value of option 30 is 51. You have 5 choices to make in this environment.
You press <<29>> and receive 56 points.
You press <<28>> and receive 52 points.
You press <<27>> and receive 43 points.
You press <<26>> and receive 34 points.
You press <<25>> and receive 27 points.

Environment number 2:
The value of option 2 is 18. You have 5 choices to make in this environment.
You press <<26>> and receive 0 points.
You press <<15>> and receive 5 points.
You press <<7>> and receive 59 points.
You press <<8>> and receive 74 points.
You press <<9>> and receive 72 points.

Environment number 3:
The value of option 6 is 14. You have 10 choices to make in this environment.
You press <<16>> and receive 28 points.
You press <<25>> and receive 1 points.
You press <<10>> and receive 29 points.
You press <<5>> and receive 26 points.
You press <<4>> and receive 31 points.
You press <<3>> and receive 30 points.
You press <<2>> and receive 36 points.
You press <<1>> and receive 43 points.
You press <<1>> and receive 42 points.
You press <<1>> and receive 43 points.

Environment number 4:
The value of option 11 is 38. You have 10 choices to make in this environment.
You press <<5>> and receive 52 points.
You press <<3>> and receive 60 points.
You press <<3>> and receive 58 points.
You press <<3>> and receive 59 points.
You press <<3>> and receive 61 points.
You press <<3>> and receive 57 points.
You press <<3>> and receive 58 points.
You press <<3>> and receive 58 points.
You press <<3>> and receive 58 points.
You press <<3>> and receive 60 points.

Environment number 5:
The value of option 9 is 6. You have 10 choices to make in this environment.
You press <<28>> and receive 42 points.
You press <<27>> and receive 39 points.
You press <<29>> and receive 43 points.
You press <<29>> and receive 42 points.
You press <<29>> and receive 42 points.
You press <<29>> and receive 43 points.
You press <<29>> and receive 43 points.
You press <<29>> and receive 42 points.
You press <<29>> and receive 42 points.
You press <<29>> and receive 42 points.

Environment number 6:
The value of option 12 is 55. You have 10 choices to make in this environment.
You press <<11>> and receive 65 points.
You press <<10>> and receive 72 points.
You press <<9>> and receive 72 points.
You press <<9>> and receive 69 points.
You press <<9>> and receive 70 points.
You press <<9>> and receive 72 points.
You press <<9>> and receive 70 points.
You press <<9>> and receive 70 points.
You press <<9>> and receive 71 points.
You press <<9>> and receive 70 points.

Environment number 7:
The value of option 25 is 54. You have 5 choices to make in this environment.
You press <<24>> and receive 39 points.
You press <<26>> and receive 68 points.
You press <<27>> and receive 71 points.
You press <<28>> and receive 65 points.
You press <<27>> and receive 70 points.

Environment number 8:
The value of option 24 is 78. You have 5 choices to make in this environment.
You press <<23>> and receive 77 points.
You press <<25>> and receive 79 points.
You press <<26>> and receive 65 points.
You press <<25>> and receive 79 points.
You press <<25>> and receive 78 points.

Environment number 9:
The value of option 11 is 59. You have 5 choices to make in this environment.
You press <<10>> and receive 69 points.
You press <<9>> and receive 68 points.
You press <<8>> and receive 60 points.
You press <<7>> and receive 52 points.
You press <<10>> and receive 70 points.

Environment number 10:
The value of option 4 is 47. You have 10 choices to make in this environment.
You press <<13>> and receive 41 points.
You press <<24>> and receive 37 points.
You press <<18>> and receive 24 points.
You press <<4>> and receive 48 points.
You press <<3>> and receive 38 points.
You press <<5>> and receive 56 points.
You press <<6>> and receive 65 points.
You press <<7>> and receive 63 points.
You press <<6>> and receive 65 points.
You press <<6>> and receive 65 points.

Environment number 11:
The value of option 14 is 43. You have 5 choices to make in this environment.
You press <<15>> and receive 39 points.
You press <<13>> and receive 53 points.
You press <<12>> and receive 64 points.
You press <<11>> and receive 70 points.
You press <<10>> and receive 64 points.

Environment number 12:
The value of option 3 is 6. You have 5 choices to make in this environment.
You press <<16>> and receive 21 points.
You press <<23>> and receive 0 points.
You press <<9>> and receive 37 points.
You press <<9>> and receive 36 points.
You press <<9>> and receive 38 points.

Environment number 13:
The value of option 1 is 48. You have 10 choices to make in this environment.
You press <<",45
13,10,2,1,1,smooth,1,10,48,48,"You will be presented with a series of 16 different environments to explore.
In each trial, you can select an option between numbers 1 and 30 by pressing the corresponding key.
By selecting any of these options, you will earn points associated with each unique option.
Imagine these options 1 through 30 as lying next to each other in an ordered line; options closer to each other tend to have similar rewards as rewards tend to cluster together.
For each environment, you will be able to make either 5 or 10 choices.
When you made all your choices in a given environment, you will start making choices in the next unexplored environment.
The rewards underlying the different options are different in each environment so you will learn them anew for each environment.
Each environment starts with the value of a single option revealed.
When you choose the number corresponding to a different option, you will be told the value of that option and receive those points.
Previously revealed options, including the starting option, can also be reselected, although there may be small changes in the point value.
It is your task to to learn where the largest reward is in each of the 16 environments.

Environment number 1:
The value of option 30 is 51. You have 5 choices to make in this environment.
You press <<29>> and receive 56 points.
You press <<28>> and receive 52 points.
You press <<27>> and receive 43 points.
You press <<26>> and receive 34 points.
You press <<25>> and receive 27 points.

Environment number 2:
The value of option 2 is 18. You have 5 choices to make in this environment.
You press <<26>> and receive 0 points.
You press <<15>> and receive 5 points.
You press <<7>> and receive 59 points.
You press <<8>> and receive 74 points.
You press <<9>> and receive 72 points.

Environment number 3:
The value of option 6 is 14. You have 10 choices to make in this environment.
You press <<16>> and receive 28 points.
You press <<25>> and receive 1 points.
You press <<10>> and receive 29 points.
You press <<5>> and receive 26 points.
You press <<4>> and receive 31 points.
You press <<3>> and receive 30 points.
You press <<2>> and receive 36 points.
You press <<1>> and receive 43 points.
You press <<1>> and receive 42 points.
You press <<1>> and receive 43 points.

Environment number 4:
The value of option 11 is 38. You have 10 choices to make in this environment.
You press <<5>> and receive 52 points.
You press <<3>> and receive 60 points.
You press <<3>> and receive 58 points.
You press <<3>> and receive 59 points.
You press <<3>> and receive 61 points.
You press <<3>> and receive 57 points.
You press <<3>> and receive 58 points.
You press <<3>> and receive 58 points.
You press <<3>> and receive 58 points.
You press <<3>> and receive 60 points.

Environment number 5:
The value of option 9 is 6. You have 10 choices to make in this environment.
You press <<28>> and receive 42 points.
You press <<27>> and receive 39 points.
You press <<29>> and receive 43 points.
You press <<29>> and receive 42 points.
You press <<29>> and receive 42 points.
You press <<29>> and receive 43 points.
You press <<29>> and receive 43 points.
You press <<29>> and receive 42 points.
You press <<29>> and receive 42 points.
You press <<29>> and receive 42 points.

Environment number 6:
The value of option 12 is 55. You have 10 choices to make in this environment.
You press <<11>> and receive 65 points.
You press <<10>> and receive 72 points.
You press <<9>> and receive 72 points.
You press <<9>> and receive 69 points.
You press <<9>> and receive 70 points.
You press <<9>> and receive 72 points.
You press <<9>> and receive 70 points.
You press <<9>> and receive 70 points.
You press <<9>> and receive 71 points.
You press <<9>> and receive 70 points.

Environment number 7:
The value of option 25 is 54. You have 5 choices to make in this environment.
You press <<24>> and receive 39 points.
You press <<26>> and receive 68 points.
You press <<27>> and receive 71 points.
You press <<28>> and receive 65 points.
You press <<27>> and receive 70 points.

Environment number 8:
The value of option 24 is 78. You have 5 choices to make in this environment.
You press <<23>> and receive 77 points.
You press <<25>> and receive 79 points.
You press <<26>> and receive 65 points.
You press <<25>> and receive 79 points.
You press <<25>> and receive 78 points.

Environment number 9:
The value of option 11 is 59. You have 5 choices to make in this environment.
You press <<10>> and receive 69 points.
You press <<9>> and receive 68 points.
You press <<8>> and receive 60 points.
You press <<7>> and receive 52 points.
You press <<10>> and receive 70 points.

Environment number 10:
The value of option 4 is 47. You have 10 choices to make in this environment.
You press <<13>> and receive 41 points.
You press <<24>> and receive 37 points.
You press <<18>> and receive 24 points.
You press <<4>> and receive 48 points.
You press <<3>> and receive 38 points.
You press <<5>> and receive 56 points.
You press <<6>> and receive 65 points.
You press <<7>> and receive 63 points.
You press <<6>> and receive 65 points.
You press <<6>> and receive 65 points.

Environment number 11:
The value of option 14 is 43. You have 5 choices to make in this environment.
You press <<15>> and receive 39 points.
You press <<13>> and receive 53 points.
You press <<12>> and receive 64 points.
You press <<11>> and receive 70 points.
You press <<10>> and receive 64 points.

Environment number 12:
The value of option 3 is 6. You have 5 choices to make in this environment.
You press <<16>> and receive 21 points.
You press <<23>> and receive 0 points.
You press <<9>> and receive 37 points.
You press <<9>> and receive 36 points.
You press <<9>> and receive 38 points.

Environment number 13:
The value of option 1 is 48. You have 10 choices to make in this environment.
You press <<2>> and receive 25 points.
You press <<",45
13,10,3,1,1,smooth,1,10,48,48,"You will be presented with a series of 16 different environments to explore.
In each trial, you can select an option between numbers 1 and 30 by pressing the corresponding key.
By selecting any of these options, you will earn points associated with each unique option.
Imagine these options 1 through 30 as lying next to each other in an ordered line; options closer to each other tend to have similar rewards as rewards tend to cluster together.
For each environment, you will be able to make either 5 or 10 choices.
When you made all your choices in a given environment, you will start making choices in the next unexplored environment.
The rewards underlying the different options are different in each environment so you will learn them anew for each environment.
Each environment starts with the value of a single option revealed.
When you choose the number corresponding to a different option, you will be told the value of that option and receive those points.
Previously revealed options, including the starting option, can also be reselected, although there may be small changes in the point value.
It is your task to to learn where the largest reward is in each of the 16 environments.

Environment number 1:
The value of option 30 is 51. You have 5 choices to make in this environment.
You press <<29>> and receive 56 points.
You press <<28>> and receive 52 points.
You press <<27>> and receive 43 points.
You press <<26>> and receive 34 points.
You press <<25>> and receive 27 points.

Environment number 2:
The value of option 2 is 18. You have 5 choices to make in this environment.
You press <<26>> and receive 0 points.
You press <<15>> and receive 5 points.
You press <<7>> and receive 59 points.
You press <<8>> and receive 74 points.
You press <<9>> and receive 72 points.

Environment number 3:
The value of option 6 is 14. You have 10 choices to make in this environment.
You press <<16>> and receive 28 points.
You press <<25>> and receive 1 points.
You press <<10>> and receive 29 points.
You press <<5>> and receive 26 points.
You press <<4>> and receive 31 points.
You press <<3>> and receive 30 points.
You press <<2>> and receive 36 points.
You press <<1>> and receive 43 points.
You press <<1>> and receive 42 points.
You press <<1>> and receive 43 points.

Environment number 4:
The value of option 11 is 38. You have 10 choices to make in this environment.
You press <<5>> and receive 52 points.
You press <<3>> and receive 60 points.
You press <<3>> and receive 58 points.
You press <<3>> and receive 59 points.
You press <<3>> and receive 61 points.
You press <<3>> and receive 57 points.
You press <<3>> and receive 58 points.
You press <<3>> and receive 58 points.
You press <<3>> and receive 58 points.
You press <<3>> and receive 60 points.

Environment number 5:
The value of option 9 is 6. You have 10 choices to make in this environment.
You press <<28>> and receive 42 points.
You press <<27>> and receive 39 points.
You press <<29>> and receive 43 points.
You press <<29>> and receive 42 points.
You press <<29>> and receive 42 points.
You press <<29>> and receive 43 points.
You press <<29>> and receive 43 points.
You press <<29>> and receive 42 points.
You press <<29>> and receive 42 points.
You press <<29>> and receive 42 points.

Environment number 6:
The value of option 12 is 55. You have 10 choices to make in this environment.
You press <<11>> and receive 65 points.
You press <<10>> and receive 72 points.
You press <<9>> and receive 72 points.
You press <<9>> and receive 69 points.
You press <<9>> and receive 70 points.
You press <<9>> and receive 72 points.
You press <<9>> and receive 70 points.
You press <<9>> and receive 70 points.
You press <<9>> and receive 71 points.
You press <<9>> and receive 70 points.

Environment number 7:
The value of option 25 is 54. You have 5 choices to make in this environment.
You press <<24>> and receive 39 points.
You press <<26>> and receive 68 points.
You press <<27>> and receive 71 points.
You press <<28>> and receive 65 points.
You press <<27>> and receive 70 points.

Environment number 8:
The value of option 24 is 78. You have 5 choices to make in this environment.
You press <<23>> and receive 77 points.
You press <<25>> and receive 79 points.
You press <<26>> and receive 65 points.
You press <<25>> and receive 79 points.
You press <<25>> and receive 78 points.

Environment number 9:
The value of option 11 is 59. You have 5 choices to make in this environment.
You press <<10>> and receive 69 points.
You press <<9>> and receive 68 points.
You press <<8>> and receive 60 points.
You press <<7>> and receive 52 points.
You press <<10>> and receive 70 points.

Environment number 10:
The value of option 4 is 47. You have 10 choices to make in this environment.
You press <<13>> and receive 41 points.
You press <<24>> and receive 37 points.
You press <<18>> and receive 24 points.
You press <<4>> and receive 48 points.
You press <<3>> and receive 38 points.
You press <<5>> and receive 56 points.
You press <<6>> and receive 65 points.
You press <<7>> and receive 63 points.
You press <<6>> and receive 65 points.
You press <<6>> and receive 65 points.

Environment number 11:
The value of option 14 is 43. You have 5 choices to make in this environment.
You press <<15>> and receive 39 points.
You press <<13>> and receive 53 points.
You press <<12>> and receive 64 points.
You press <<11>> and receive 70 points.
You press <<10>> and receive 64 points.

Environment number 12:
The value of option 3 is 6. You have 5 choices to make in this environment.
You press <<16>> and receive 21 points.
You press <<23>> and receive 0 points.
You press <<9>> and receive 37 points.
You press <<9>> and receive 36 points.
You press <<9>> and receive 38 points.

Environment number 13:
The value of option 1 is 48. You have 10 choices to make in this environment.
You press <<2>> and receive 25 points.
You press <<1>> and receive 48 points.
You press <<",45
13,10,4,1,1,smooth,1,10,48,48,"You will be presented with a series of 16 different environments to explore.
In each trial, you can select an option between numbers 1 and 30 by pressing the corresponding key.
By selecting any of these options, you will earn points associated with each unique option.
Imagine these options 1 through 30 as lying next to each other in an ordered line; options closer to each other tend to have similar rewards as rewards tend to cluster together.
For each environment, you will be able to make either 5 or 10 choices.
When you made all your choices in a given environment, you will start making choices in the next unexplored environment.
The rewards underlying the different options are different in each environment so you will learn them anew for each environment.
Each environment starts with the value of a single option revealed.
When you choose the number corresponding to a different option, you will be told the value of that option and receive those points.
Previously revealed options, including the starting option, can also be reselected, although there may be small changes in the point value.
It is your task to to learn where the largest reward is in each of the 16 environments.

Environment number 1:
The value of option 30 is 51. You have 5 choices to make in this environment.
You press <<29>> and receive 56 points.
You press <<28>> and receive 52 points.
You press <<27>> and receive 43 points.
You press <<26>> and receive 34 points.
You press <<25>> and receive 27 points.

Environment number 2:
The value of option 2 is 18. You have 5 choices to make in this environment.
You press <<26>> and receive 0 points.
You press <<15>> and receive 5 points.
You press <<7>> and receive 59 points.
You press <<8>> and receive 74 points.
You press <<9>> and receive 72 points.

Environment number 3:
The value of option 6 is 14. You have 10 choices to make in this environment.
You press <<16>> and receive 28 points.
You press <<25>> and receive 1 points.
You press <<10>> and receive 29 points.
You press <<5>> and receive 26 points.
You press <<4>> and receive 31 points.
You press <<3>> and receive 30 points.
You press <<2>> and receive 36 points.
You press <<1>> and receive 43 points.
You press <<1>> and receive 42 points.
You press <<1>> and receive 43 points.

Environment number 4:
The value of option 11 is 38. You have 10 choices to make in this environment.
You press <<5>> and receive 52 points.
You press <<3>> and receive 60 points.
You press <<3>> and receive 58 points.
You press <<3>> and receive 59 points.
You press <<3>> and receive 61 points.
You press <<3>> and receive 57 points.
You press <<3>> and receive 58 points.
You press <<3>> and receive 58 points.
You press <<3>> and receive 58 points.
You press <<3>> and receive 60 points.

Environment number 5:
The value of option 9 is 6. You have 10 choices to make in this environment.
You press <<28>> and receive 42 points.
You press <<27>> and receive 39 points.
You press <<29>> and receive 43 points.
You press <<29>> and receive 42 points.
You press <<29>> and receive 42 points.
You press <<29>> and receive 43 points.
You press <<29>> and receive 43 points.
You press <<29>> and receive 42 points.
You press <<29>> and receive 42 points.
You press <<29>> and receive 42 points.

Environment number 6:
The value of option 12 is 55. You have 10 choices to make in this environment.
You press <<11>> and receive 65 points.
You press <<10>> and receive 72 points.
You press <<9>> and receive 72 points.
You press <<9>> and receive 69 points.
You press <<9>> and receive 70 points.
You press <<9>> and receive 72 points.
You press <<9>> and receive 70 points.
You press <<9>> and receive 70 points.
You press <<9>> and receive 71 points.
You press <<9>> and receive 70 points.

Environment number 7:
The value of option 25 is 54. You have 5 choices to make in this environment.
You press <<24>> and receive 39 points.
You press <<26>> and receive 68 points.
You press <<27>> and receive 71 points.
You press <<28>> and receive 65 points.
You press <<27>> and receive 70 points.

Environment number 8:
The value of option 24 is 78. You have 5 choices to make in this environment.
You press <<23>> and receive 77 points.
You press <<25>> and receive 79 points.
You press <<26>> and receive 65 points.
You press <<25>> and receive 79 points.
You press <<25>> and receive 78 points.

Environment number 9:
The value of option 11 is 59. You have 5 choices to make in this environment.
You press <<10>> and receive 69 points.
You press <<9>> and receive 68 points.
You press <<8>> and receive 60 points.
You press <<7>> and receive 52 points.
You press <<10>> and receive 70 points.

Environment number 10:
The value of option 4 is 47. You have 10 choices to make in this environment.
You press <<13>> and receive 41 points.
You press <<24>> and receive 37 points.
You press <<18>> and receive 24 points.
You press <<4>> and receive 48 points.
You press <<3>> and receive 38 points.
You press <<5>> and receive 56 points.
You press <<6>> and receive 65 points.
You press <<7>> and receive 63 points.
You press <<6>> and receive 65 points.
You press <<6>> and receive 65 points.

Environment number 11:
The value of option 14 is 43. You have 5 choices to make in this environment.
You press <<15>> and receive 39 points.
You press <<13>> and receive 53 points.
You press <<12>> and receive 64 points.
You press <<11>> and receive 70 points.
You press <<10>> and receive 64 points.

Environment number 12:
The value of option 3 is 6. You have 5 choices to make in this environment.
You press <<16>> and receive 21 points.
You press <<23>> and receive 0 points.
You press <<9>> and receive 37 points.
You press <<9>> and receive 36 points.
You press <<9>> and receive 38 points.

Environment number 13:
The value of option 1 is 48. You have 10 choices to make in this environment.
You press <<2>> and receive 25 points.
You press <<1>> and receive 48 points.
You press <<1>> and receive 48 points.
You press <<",45
13,10,5,1,1,smooth,1,10,48,48,"You will be presented with a series of 16 different environments to explore.
In each trial, you can select an option between numbers 1 and 30 by pressing the corresponding key.
By selecting any of these options, you will earn points associated with each unique option.
Imagine these options 1 through 30 as lying next to each other in an ordered line; options closer to each other tend to have similar rewards as rewards tend to cluster together.
For each environment, you will be able to make either 5 or 10 choices.
When you made all your choices in a given environment, you will start making choices in the next unexplored environment.
The rewards underlying the different options are different in each environment so you will learn them anew for each environment.
Each environment starts with the value of a single option revealed.
When you choose the number corresponding to a different option, you will be told the value of that option and receive those points.
Previously revealed options, including the starting option, can also be reselected, although there may be small changes in the point value.
It is your task to to learn where the largest reward is in each of the 16 environments.

Environment number 1:
The value of option 30 is 51. You have 5 choices to make in this environment.
You press <<29>> and receive 56 points.
You press <<28>> and receive 52 points.
You press <<27>> and receive 43 points.
You press <<26>> and receive 34 points.
You press <<25>> and receive 27 points.

Environment number 2:
The value of option 2 is 18. You have 5 choices to make in this environment.
You press <<26>> and receive 0 points.
You press <<15>> and receive 5 points.
You press <<7>> and receive 59 points.
You press <<8>> and receive 74 points.
You press <<9>> and receive 72 points.

Environment number 3:
The value of option 6 is 14. You have 10 choices to make in this environment.
You press <<16>> and receive 28 points.
You press <<25>> and receive 1 points.
You press <<10>> and receive 29 points.
You press <<5>> and receive 26 points.
You press <<4>> and receive 31 points.
You press <<3>> and receive 30 points.
You press <<2>> and receive 36 points.
You press <<1>> and receive 43 points.
You press <<1>> and receive 42 points.
You press <<1>> and receive 43 points.

Environment number 4:
The value of option 11 is 38. You have 10 choices to make in this environment.
You press <<5>> and receive 52 points.
You press <<3>> and receive 60 points.
You press <<3>> and receive 58 points.
You press <<3>> and receive 59 points.
You press <<3>> and receive 61 points.
You press <<3>> and receive 57 points.
You press <<3>> and receive 58 points.
You press <<3>> and receive 58 points.
You press <<3>> and receive 58 points.
You press <<3>> and receive 60 points.

Environment number 5:
The value of option 9 is 6. You have 10 choices to make in this environment.
You press <<28>> and receive 42 points.
You press <<27>> and receive 39 points.
You press <<29>> and receive 43 points.
You press <<29>> and receive 42 points.
You press <<29>> and receive 42 points.
You press <<29>> and receive 43 points.
You press <<29>> and receive 43 points.
You press <<29>> and receive 42 points.
You press <<29>> and receive 42 points.
You press <<29>> and receive 42 points.

Environment number 6:
The value of option 12 is 55. You have 10 choices to make in this environment.
You press <<11>> and receive 65 points.
You press <<10>> and receive 72 points.
You press <<9>> and receive 72 points.
You press <<9>> and receive 69 points.
You press <<9>> and receive 70 points.
You press <<9>> and receive 72 points.
You press <<9>> and receive 70 points.
You press <<9>> and receive 70 points.
You press <<9>> and receive 71 points.
You press <<9>> and receive 70 points.

Environment number 7:
The value of option 25 is 54. You have 5 choices to make in this environment.
You press <<24>> and receive 39 points.
You press <<26>> and receive 68 points.
You press <<27>> and receive 71 points.
You press <<28>> and receive 65 points.
You press <<27>> and receive 70 points.

Environment number 8:
The value of option 24 is 78. You have 5 choices to make in this environment.
You press <<23>> and receive 77 points.
You press <<25>> and receive 79 points.
You press <<26>> and receive 65 points.
You press <<25>> and receive 79 points.
You press <<25>> and receive 78 points.

Environment number 9:
The value of option 11 is 59. You have 5 choices to make in this environment.
You press <<10>> and receive 69 points.
You press <<9>> and receive 68 points.
You press <<8>> and receive 60 points.
You press <<7>> and receive 52 points.
You press <<10>> and receive 70 points.

Environment number 10:
The value of option 4 is 47. You have 10 choices to make in this environment.
You press <<13>> and receive 41 points.
You press <<24>> and receive 37 points.
You press <<18>> and receive 24 points.
You press <<4>> and receive 48 points.
You press <<3>> and receive 38 points.
You press <<5>> and receive 56 points.
You press <<6>> and receive 65 points.
You press <<7>> and receive 63 points.
You press <<6>> and receive 65 points.
You press <<6>> and receive 65 points.

Environment number 11:
The value of option 14 is 43. You have 5 choices to make in this environment.
You press <<15>> and receive 39 points.
You press <<13>> and receive 53 points.
You press <<12>> and receive 64 points.
You press <<11>> and receive 70 points.
You press <<10>> and receive 64 points.

Environment number 12:
The value of option 3 is 6. You have 5 choices to make in this environment.
You press <<16>> and receive 21 points.
You press <<23>> and receive 0 points.
You press <<9>> and receive 37 points.
You press <<9>> and receive 36 points.
You press <<9>> and receive 38 points.

Environment number 13:
The value of option 1 is 48. You have 10 choices to make in this environment.
You press <<2>> and receive 25 points.
You press <<1>> and receive 48 points.
You press <<1>> and receive 48 points.
You press <<1>> and receive 48 points.
You press <<",45
13,10,6,1,1,smooth,1,10,48,48,"You will be presented with a series of 16 different environments to explore.
In each trial, you can select an option between numbers 1 and 30 by pressing the corresponding key.
By selecting any of these options, you will earn points associated with each unique option.
Imagine these options 1 through 30 as lying next to each other in an ordered line; options closer to each other tend to have similar rewards as rewards tend to cluster together.
For each environment, you will be able to make either 5 or 10 choices.
When you made all your choices in a given environment, you will start making choices in the next unexplored environment.
The rewards underlying the different options are different in each environment so you will learn them anew for each environment.
Each environment starts with the value of a single option revealed.
When you choose the number corresponding to a different option, you will be told the value of that option and receive those points.
Previously revealed options, including the starting option, can also be reselected, although there may be small changes in the point value.
It is your task to to learn where the largest reward is in each of the 16 environments.

Environment number 1:
The value of option 30 is 51. You have 5 choices to make in this environment.
You press <<29>> and receive 56 points.
You press <<28>> and receive 52 points.
You press <<27>> and receive 43 points.
You press <<26>> and receive 34 points.
You press <<25>> and receive 27 points.

Environment number 2:
The value of option 2 is 18. You have 5 choices to make in this environment.
You press <<26>> and receive 0 points.
You press <<15>> and receive 5 points.
You press <<7>> and receive 59 points.
You press <<8>> and receive 74 points.
You press <<9>> and receive 72 points.

Environment number 3:
The value of option 6 is 14. You have 10 choices to make in this environment.
You press <<16>> and receive 28 points.
You press <<25>> and receive 1 points.
You press <<10>> and receive 29 points.
You press <<5>> and receive 26 points.
You press <<4>> and receive 31 points.
You press <<3>> and receive 30 points.
You press <<2>> and receive 36 points.
You press <<1>> and receive 43 points.
You press <<1>> and receive 42 points.
You press <<1>> and receive 43 points.

Environment number 4:
The value of option 11 is 38. You have 10 choices to make in this environment.
You press <<5>> and receive 52 points.
You press <<3>> and receive 60 points.
You press <<3>> and receive 58 points.
You press <<3>> and receive 59 points.
You press <<3>> and receive 61 points.
You press <<3>> and receive 57 points.
You press <<3>> and receive 58 points.
You press <<3>> and receive 58 points.
You press <<3>> and receive 58 points.
You press <<3>> and receive 60 points.

Environment number 5:
The value of option 9 is 6. You have 10 choices to make in this environment.
You press <<28>> and receive 42 points.
You press <<27>> and receive 39 points.
You press <<29>> and receive 43 points.
You press <<29>> and receive 42 points.
You press <<29>> and receive 42 points.
You press <<29>> and receive 43 points.
You press <<29>> and receive 43 points.
You press <<29>> and receive 42 points.
You press <<29>> and receive 42 points.
You press <<29>> and receive 42 points.

Environment number 6:
The value of option 12 is 55. You have 10 choices to make in this environment.
You press <<11>> and receive 65 points.
You press <<10>> and receive 72 points.
You press <<9>> and receive 72 points.
You press <<9>> and receive 69 points.
You press <<9>> and receive 70 points.
You press <<9>> and receive 72 points.
You press <<9>> and receive 70 points.
You press <<9>> and receive 70 points.
You press <<9>> and receive 71 points.
You press <<9>> and receive 70 points.

Environment number 7:
The value of option 25 is 54. You have 5 choices to make in this environment.
You press <<24>> and receive 39 points.
You press <<26>> and receive 68 points.
You press <<27>> and receive 71 points.
You press <<28>> and receive 65 points.
You press <<27>> and receive 70 points.

Environment number 8:
The value of option 24 is 78. You have 5 choices to make in this environment.
You press <<23>> and receive 77 points.
You press <<25>> and receive 79 points.
You press <<26>> and receive 65 points.
You press <<25>> and receive 79 points.
You press <<25>> and receive 78 points.

Environment number 9:
The value of option 11 is 59. You have 5 choices to make in this environment.
You press <<10>> and receive 69 points.
You press <<9>> and receive 68 points.
You press <<8>> and receive 60 points.
You press <<7>> and receive 52 points.
You press <<10>> and receive 70 points.

Environment number 10:
The value of option 4 is 47. You have 10 choices to make in this environment.
You press <<13>> and receive 41 points.
You press <<24>> and receive 37 points.
You press <<18>> and receive 24 points.
You press <<4>> and receive 48 points.
You press <<3>> and receive 38 points.
You press <<5>> and receive 56 points.
You press <<6>> and receive 65 points.
You press <<7>> and receive 63 points.
You press <<6>> and receive 65 points.
You press <<6>> and receive 65 points.

Environment number 11:
The value of option 14 is 43. You have 5 choices to make in this environment.
You press <<15>> and receive 39 points.
You press <<13>> and receive 53 points.
You press <<12>> and receive 64 points.
You press <<11>> and receive 70 points.
You press <<10>> and receive 64 points.

Environment number 12:
The value of option 3 is 6. You have 5 choices to make in this environment.
You press <<16>> and receive 21 points.
You press <<23>> and receive 0 points.
You press <<9>> and receive 37 points.
You press <<9>> and receive 36 points.
You press <<9>> and receive 38 points.

Environment number 13:
The value of option 1 is 48. You have 10 choices to make in this environment.
You press <<2>> and receive 25 points.
You press <<1>> and receive 48 points.
You press <<1>> and receive 48 points.
You press <<1>> and receive 48 points.
You press <<1>> and receive 48 points.
You press <<",45
13,10,7,1,1,smooth,1,10,48,46,"You will be presented with a series of 16 different environments to explore.
In each trial, you can select an option between numbers 1 and 30 by pressing the corresponding key.
By selecting any of these options, you will earn points associated with each unique option.
Imagine these options 1 through 30 as lying next to each other in an ordered line; options closer to each other tend to have similar rewards as rewards tend to cluster together.
For each environment, you will be able to make either 5 or 10 choices.
When you made all your choices in a given environment, you will start making choices in the next unexplored environment.
The rewards underlying the different options are different in each environment so you will learn them anew for each environment.
Each environment starts with the value of a single option revealed.
When you choose the number corresponding to a different option, you will be told the value of that option and receive those points.
Previously revealed options, including the starting option, can also be reselected, although there may be small changes in the point value.
It is your task to to learn where the largest reward is in each of the 16 environments.

Environment number 1:
The value of option 30 is 51. You have 5 choices to make in this environment.
You press <<29>> and receive 56 points.
You press <<28>> and receive 52 points.
You press <<27>> and receive 43 points.
You press <<26>> and receive 34 points.
You press <<25>> and receive 27 points.

Environment number 2:
The value of option 2 is 18. You have 5 choices to make in this environment.
You press <<26>> and receive 0 points.
You press <<15>> and receive 5 points.
You press <<7>> and receive 59 points.
You press <<8>> and receive 74 points.
You press <<9>> and receive 72 points.

Environment number 3:
The value of option 6 is 14. You have 10 choices to make in this environment.
You press <<16>> and receive 28 points.
You press <<25>> and receive 1 points.
You press <<10>> and receive 29 points.
You press <<5>> and receive 26 points.
You press <<4>> and receive 31 points.
You press <<3>> and receive 30 points.
You press <<2>> and receive 36 points.
You press <<1>> and receive 43 points.
You press <<1>> and receive 42 points.
You press <<1>> and receive 43 points.

Environment number 4:
The value of option 11 is 38. You have 10 choices to make in this environment.
You press <<5>> and receive 52 points.
You press <<3>> and receive 60 points.
You press <<3>> and receive 58 points.
You press <<3>> and receive 59 points.
You press <<3>> and receive 61 points.
You press <<3>> and receive 57 points.
You press <<3>> and receive 58 points.
You press <<3>> and receive 58 points.
You press <<3>> and receive 58 points.
You press <<3>> and receive 60 points.

Environment number 5:
The value of option 9 is 6. You have 10 choices to make in this environment.
You press <<28>> and receive 42 points.
You press <<27>> and receive 39 points.
You press <<29>> and receive 43 points.
You press <<29>> and receive 42 points.
You press <<29>> and receive 42 points.
You press <<29>> and receive 43 points.
You press <<29>> and receive 43 points.
You press <<29>> and receive 42 points.
You press <<29>> and receive 42 points.
You press <<29>> and receive 42 points.

Environment number 6:
The value of option 12 is 55. You have 10 choices to make in this environment.
You press <<11>> and receive 65 points.
You press <<10>> and receive 72 points.
You press <<9>> and receive 72 points.
You press <<9>> and receive 69 points.
You press <<9>> and receive 70 points.
You press <<9>> and receive 72 points.
You press <<9>> and receive 70 points.
You press <<9>> and receive 70 points.
You press <<9>> and receive 71 points.
You press <<9>> and receive 70 points.

Environment number 7:
The value of option 25 is 54. You have 5 choices to make in this environment.
You press <<24>> and receive 39 points.
You press <<26>> and receive 68 points.
You press <<27>> and receive 71 points.
You press <<28>> and receive 65 points.
You press <<27>> and receive 70 points.

Environment number 8:
The value of option 24 is 78. You have 5 choices to make in this environment.
You press <<23>> and receive 77 points.
You press <<25>> and receive 79 points.
You press <<26>> and receive 65 points.
You press <<25>> and receive 79 points.
You press <<25>> and receive 78 points.

Environment number 9:
The value of option 11 is 59. You have 5 choices to make in this environment.
You press <<10>> and receive 69 points.
You press <<9>> and receive 68 points.
You press <<8>> and receive 60 points.
You press <<7>> and receive 52 points.
You press <<10>> and receive 70 points.

Environment number 10:
The value of option 4 is 47. You have 10 choices to make in this environment.
You press <<13>> and receive 41 points.
You press <<24>> and receive 37 points.
You press <<18>> and receive 24 points.
You press <<4>> and receive 48 points.
You press <<3>> and receive 38 points.
You press <<5>> and receive 56 points.
You press <<6>> and receive 65 points.
You press <<7>> and receive 63 points.
You press <<6>> and receive 65 points.
You press <<6>> and receive 65 points.

Environment number 11:
The value of option 14 is 43. You have 5 choices to make in this environment.
You press <<15>> and receive 39 points.
You press <<13>> and receive 53 points.
You press <<12>> and receive 64 points.
You press <<11>> and receive 70 points.
You press <<10>> and receive 64 points.

Environment number 12:
The value of option 3 is 6. You have 5 choices to make in this environment.
You press <<16>> and receive 21 points.
You press <<23>> and receive 0 points.
You press <<9>> and receive 37 points.
You press <<9>> and receive 36 points.
You press <<9>> and receive 38 points.

Environment number 13:
The value of option 1 is 48. You have 10 choices to make in this environment.
You press <<2>> and receive 25 points.
You press <<1>> and receive 48 points.
You press <<1>> and receive 48 points.
You press <<1>> and receive 48 points.
You press <<1>> and receive 48 points.
You press <<1>> and receive 48 points.
You press <<",45
13,10,8,1,1,smooth,1,10,48,49,"You will be presented with a series of 16 different environments to explore.
In each trial, you can select an option between numbers 1 and 30 by pressing the corresponding key.
By selecting any of these options, you will earn points associated with each unique option.
Imagine these options 1 through 30 as lying next to each other in an ordered line; options closer to each other tend to have similar rewards as rewards tend to cluster together.
For each environment, you will be able to make either 5 or 10 choices.
When you made all your choices in a given environment, you will start making choices in the next unexplored environment.
The rewards underlying the different options are different in each environment so you will learn them anew for each environment.
Each environment starts with the value of a single option revealed.
When you choose the number corresponding to a different option, you will be told the value of that option and receive those points.
Previously revealed options, including the starting option, can also be reselected, although there may be small changes in the point value.
It is your task to to learn where the largest reward is in each of the 16 environments.

Environment number 1:
The value of option 30 is 51. You have 5 choices to make in this environment.
You press <<29>> and receive 56 points.
You press <<28>> and receive 52 points.
You press <<27>> and receive 43 points.
You press <<26>> and receive 34 points.
You press <<25>> and receive 27 points.

Environment number 2:
The value of option 2 is 18. You have 5 choices to make in this environment.
You press <<26>> and receive 0 points.
You press <<15>> and receive 5 points.
You press <<7>> and receive 59 points.
You press <<8>> and receive 74 points.
You press <<9>> and receive 72 points.

Environment number 3:
The value of option 6 is 14. You have 10 choices to make in this environment.
You press <<16>> and receive 28 points.
You press <<25>> and receive 1 points.
You press <<10>> and receive 29 points.
You press <<5>> and receive 26 points.
You press <<4>> and receive 31 points.
You press <<3>> and receive 30 points.
You press <<2>> and receive 36 points.
You press <<1>> and receive 43 points.
You press <<1>> and receive 42 points.
You press <<1>> and receive 43 points.

Environment number 4:
The value of option 11 is 38. You have 10 choices to make in this environment.
You press <<5>> and receive 52 points.
You press <<3>> and receive 60 points.
You press <<3>> and receive 58 points.
You press <<3>> and receive 59 points.
You press <<3>> and receive 61 points.
You press <<3>> and receive 57 points.
You press <<3>> and receive 58 points.
You press <<3>> and receive 58 points.
You press <<3>> and receive 58 points.
You press <<3>> and receive 60 points.

Environment number 5:
The value of option 9 is 6. You have 10 choices to make in this environment.
You press <<28>> and receive 42 points.
You press <<27>> and receive 39 points.
You press <<29>> and receive 43 points.
You press <<29>> and receive 42 points.
You press <<29>> and receive 42 points.
You press <<29>> and receive 43 points.
You press <<29>> and receive 43 points.
You press <<29>> and receive 42 points.
You press <<29>> and receive 42 points.
You press <<29>> and receive 42 points.

Environment number 6:
The value of option 12 is 55. You have 10 choices to make in this environment.
You press <<11>> and receive 65 points.
You press <<10>> and receive 72 points.
You press <<9>> and receive 72 points.
You press <<9>> and receive 69 points.
You press <<9>> and receive 70 points.
You press <<9>> and receive 72 points.
You press <<9>> and receive 70 points.
You press <<9>> and receive 70 points.
You press <<9>> and receive 71 points.
You press <<9>> and receive 70 points.

Environment number 7:
The value of option 25 is 54. You have 5 choices to make in this environment.
You press <<24>> and receive 39 points.
You press <<26>> and receive 68 points.
You press <<27>> and receive 71 points.
You press <<28>> and receive 65 points.
You press <<27>> and receive 70 points.

Environment number 8:
The value of option 24 is 78. You have 5 choices to make in this environment.
You press <<23>> and receive 77 points.
You press <<25>> and receive 79 points.
You press <<26>> and receive 65 points.
You press <<25>> and receive 79 points.
You press <<25>> and receive 78 points.

Environment number 9:
The value of option 11 is 59. You have 5 choices to make in this environment.
You press <<10>> and receive 69 points.
You press <<9>> and receive 68 points.
You press <<8>> and receive 60 points.
You press <<7>> and receive 52 points.
You press <<10>> and receive 70 points.

Environment number 10:
The value of option 4 is 47. You have 10 choices to make in this environment.
You press <<13>> and receive 41 points.
You press <<24>> and receive 37 points.
You press <<18>> and receive 24 points.
You press <<4>> and receive 48 points.
You press <<3>> and receive 38 points.
You press <<5>> and receive 56 points.
You press <<6>> and receive 65 points.
You press <<7>> and receive 63 points.
You press <<6>> and receive 65 points.
You press <<6>> and receive 65 points.

Environment number 11:
The value of option 14 is 43. You have 5 choices to make in this environment.
You press <<15>> and receive 39 points.
You press <<13>> and receive 53 points.
You press <<12>> and receive 64 points.
You press <<11>> and receive 70 points.
You press <<10>> and receive 64 points.

Environment number 12:
The value of option 3 is 6. You have 5 choices to make in this environment.
You press <<16>> and receive 21 points.
You press <<23>> and receive 0 points.
You press <<9>> and receive 37 points.
You press <<9>> and receive 36 points.
You press <<9>> and receive 38 points.

Environment number 13:
The value of option 1 is 48. You have 10 choices to make in this environment.
You press <<2>> and receive 25 points.
You press <<1>> and receive 48 points.
You press <<1>> and receive 48 points.
You press <<1>> and receive 48 points.
You press <<1>> and receive 48 points.
You press <<1>> and receive 48 points.
You press <<1>> and receive 46 points.
You press <<",45
13,10,9,1,1,smooth,1,10,48,47,"You will be presented with a series of 16 different environments to explore.
In each trial, you can select an option between numbers 1 and 30 by pressing the corresponding key.
By selecting any of these options, you will earn points associated with each unique option.
Imagine these options 1 through 30 as lying next to each other in an ordered line; options closer to each other tend to have similar rewards as rewards tend to cluster together.
For each environment, you will be able to make either 5 or 10 choices.
When you made all your choices in a given environment, you will start making choices in the next unexplored environment.
The rewards underlying the different options are different in each environment so you will learn them anew for each environment.
Each environment starts with the value of a single option revealed.
When you choose the number corresponding to a different option, you will be told the value of that option and receive those points.
Previously revealed options, including the starting option, can also be reselected, although there may be small changes in the point value.
It is your task to to learn where the largest reward is in each of the 16 environments.

Environment number 1:
The value of option 30 is 51. You have 5 choices to make in this environment.
You press <<29>> and receive 56 points.
You press <<28>> and receive 52 points.
You press <<27>> and receive 43 points.
You press <<26>> and receive 34 points.
You press <<25>> and receive 27 points.

Environment number 2:
The value of option 2 is 18. You have 5 choices to make in this environment.
You press <<26>> and receive 0 points.
You press <<15>> and receive 5 points.
You press <<7>> and receive 59 points.
You press <<8>> and receive 74 points.
You press <<9>> and receive 72 points.

Environment number 3:
The value of option 6 is 14. You have 10 choices to make in this environment.
You press <<16>> and receive 28 points.
You press <<25>> and receive 1 points.
You press <<10>> and receive 29 points.
You press <<5>> and receive 26 points.
You press <<4>> and receive 31 points.
You press <<3>> and receive 30 points.
You press <<2>> and receive 36 points.
You press <<1>> and receive 43 points.
You press <<1>> and receive 42 points.
You press <<1>> and receive 43 points.

Environment number 4:
The value of option 11 is 38. You have 10 choices to make in this environment.
You press <<5>> and receive 52 points.
You press <<3>> and receive 60 points.
You press <<3>> and receive 58 points.
You press <<3>> and receive 59 points.
You press <<3>> and receive 61 points.
You press <<3>> and receive 57 points.
You press <<3>> and receive 58 points.
You press <<3>> and receive 58 points.
You press <<3>> and receive 58 points.
You press <<3>> and receive 60 points.

Environment number 5:
The value of option 9 is 6. You have 10 choices to make in this environment.
You press <<28>> and receive 42 points.
You press <<27>> and receive 39 points.
You press <<29>> and receive 43 points.
You press <<29>> and receive 42 points.
You press <<29>> and receive 42 points.
You press <<29>> and receive 43 points.
You press <<29>> and receive 43 points.
You press <<29>> and receive 42 points.
You press <<29>> and receive 42 points.
You press <<29>> and receive 42 points.

Environment number 6:
The value of option 12 is 55. You have 10 choices to make in this environment.
You press <<11>> and receive 65 points.
You press <<10>> and receive 72 points.
You press <<9>> and receive 72 points.
You press <<9>> and receive 69 points.
You press <<9>> and receive 70 points.
You press <<9>> and receive 72 points.
You press <<9>> and receive 70 points.
You press <<9>> and receive 70 points.
You press <<9>> and receive 71 points.
You press <<9>> and receive 70 points.

Environment number 7:
The value of option 25 is 54. You have 5 choices to make in this environment.
You press <<24>> and receive 39 points.
You press <<26>> and receive 68 points.
You press <<27>> and receive 71 points.
You press <<28>> and receive 65 points.
You press <<27>> and receive 70 points.

Environment number 8:
The value of option 24 is 78. You have 5 choices to make in this environment.
You press <<23>> and receive 77 points.
You press <<25>> and receive 79 points.
You press <<26>> and receive 65 points.
You press <<25>> and receive 79 points.
You press <<25>> and receive 78 points.

Environment number 9:
The value of option 11 is 59. You have 5 choices to make in this environment.
You press <<10>> and receive 69 points.
You press <<9>> and receive 68 points.
You press <<8>> and receive 60 points.
You press <<7>> and receive 52 points.
You press <<10>> and receive 70 points.

Environment number 10:
The value of option 4 is 47. You have 10 choices to make in this environment.
You press <<13>> and receive 41 points.
You press <<24>> and receive 37 points.
You press <<18>> and receive 24 points.
You press <<4>> and receive 48 points.
You press <<3>> and receive 38 points.
You press <<5>> and receive 56 points.
You press <<6>> and receive 65 points.
You press <<7>> and receive 63 points.
You press <<6>> and receive 65 points.
You press <<6>> and receive 65 points.

Environment number 11:
The value of option 14 is 43. You have 5 choices to make in this environment.
You press <<15>> and receive 39 points.
You press <<13>> and receive 53 points.
You press <<12>> and receive 64 points.
You press <<11>> and receive 70 points.
You press <<10>> and receive 64 points.

Environment number 12:
The value of option 3 is 6. You have 5 choices to make in this environment.
You press <<16>> and receive 21 points.
You press <<23>> and receive 0 points.
You press <<9>> and receive 37 points.
You press <<9>> and receive 36 points.
You press <<9>> and receive 38 points.

Environment number 13:
The value of option 1 is 48. You have 10 choices to make in this environment.
You press <<2>> and receive 25 points.
You press <<1>> and receive 48 points.
You press <<1>> and receive 48 points.
You press <<1>> and receive 48 points.
You press <<1>> and receive 48 points.
You press <<1>> and receive 48 points.
You press <<1>> and receive 46 points.
You press <<1>> and receive 49 points.
You press <<",45
13,10,10,1,1,smooth,1,10,48,47,"You will be presented with a series of 16 different environments to explore.
In each trial, you can select an option between numbers 1 and 30 by pressing the corresponding key.
By selecting any of these options, you will earn points associated with each unique option.
Imagine these options 1 through 30 as lying next to each other in an ordered line; options closer to each other tend to have similar rewards as rewards tend to cluster together.
For each environment, you will be able to make either 5 or 10 choices.
When you made all your choices in a given environment, you will start making choices in the next unexplored environment.
The rewards underlying the different options are different in each environment so you will learn them anew for each environment.
Each environment starts with the value of a single option revealed.
When you choose the number corresponding to a different option, you will be told the value of that option and receive those points.
Previously revealed options, including the starting option, can also be reselected, although there may be small changes in the point value.
It is your task to to learn where the largest reward is in each of the 16 environments.

Environment number 1:
The value of option 30 is 51. You have 5 choices to make in this environment.
You press <<29>> and receive 56 points.
You press <<28>> and receive 52 points.
You press <<27>> and receive 43 points.
You press <<26>> and receive 34 points.
You press <<25>> and receive 27 points.

Environment number 2:
The value of option 2 is 18. You have 5 choices to make in this environment.
You press <<26>> and receive 0 points.
You press <<15>> and receive 5 points.
You press <<7>> and receive 59 points.
You press <<8>> and receive 74 points.
You press <<9>> and receive 72 points.

Environment number 3:
The value of option 6 is 14. You have 10 choices to make in this environment.
You press <<16>> and receive 28 points.
You press <<25>> and receive 1 points.
You press <<10>> and receive 29 points.
You press <<5>> and receive 26 points.
You press <<4>> and receive 31 points.
You press <<3>> and receive 30 points.
You press <<2>> and receive 36 points.
You press <<1>> and receive 43 points.
You press <<1>> and receive 42 points.
You press <<1>> and receive 43 points.

Environment number 4:
The value of option 11 is 38. You have 10 choices to make in this environment.
You press <<5>> and receive 52 points.
You press <<3>> and receive 60 points.
You press <<3>> and receive 58 points.
You press <<3>> and receive 59 points.
You press <<3>> and receive 61 points.
You press <<3>> and receive 57 points.
You press <<3>> and receive 58 points.
You press <<3>> and receive 58 points.
You press <<3>> and receive 58 points.
You press <<3>> and receive 60 points.

Environment number 5:
The value of option 9 is 6. You have 10 choices to make in this environment.
You press <<28>> and receive 42 points.
You press <<27>> and receive 39 points.
You press <<29>> and receive 43 points.
You press <<29>> and receive 42 points.
You press <<29>> and receive 42 points.
You press <<29>> and receive 43 points.
You press <<29>> and receive 43 points.
You press <<29>> and receive 42 points.
You press <<29>> and receive 42 points.
You press <<29>> and receive 42 points.

Environment number 6:
The value of option 12 is 55. You have 10 choices to make in this environment.
You press <<11>> and receive 65 points.
You press <<10>> and receive 72 points.
You press <<9>> and receive 72 points.
You press <<9>> and receive 69 points.
You press <<9>> and receive 70 points.
You press <<9>> and receive 72 points.
You press <<9>> and receive 70 points.
You press <<9>> and receive 70 points.
You press <<9>> and receive 71 points.
You press <<9>> and receive 70 points.

Environment number 7:
The value of option 25 is 54. You have 5 choices to make in this environment.
You press <<24>> and receive 39 points.
You press <<26>> and receive 68 points.
You press <<27>> and receive 71 points.
You press <<28>> and receive 65 points.
You press <<27>> and receive 70 points.

Environment number 8:
The value of option 24 is 78. You have 5 choices to make in this environment.
You press <<23>> and receive 77 points.
You press <<25>> and receive 79 points.
You press <<26>> and receive 65 points.
You press <<25>> and receive 79 points.
You press <<25>> and receive 78 points.

Environment number 9:
The value of option 11 is 59. You have 5 choices to make in this environment.
You press <<10>> and receive 69 points.
You press <<9>> and receive 68 points.
You press <<8>> and receive 60 points.
You press <<7>> and receive 52 points.
You press <<10>> and receive 70 points.

Environment number 10:
The value of option 4 is 47. You have 10 choices to make in this environment.
You press <<13>> and receive 41 points.
You press <<24>> and receive 37 points.
You press <<18>> and receive 24 points.
You press <<4>> and receive 48 points.
You press <<3>> and receive 38 points.
You press <<5>> and receive 56 points.
You press <<6>> and receive 65 points.
You press <<7>> and receive 63 points.
You press <<6>> and receive 65 points.
You press <<6>> and receive 65 points.

Environment number 11:
The value of option 14 is 43. You have 5 choices to make in this environment.
You press <<15>> and receive 39 points.
You press <<13>> and receive 53 points.
You press <<12>> and receive 64 points.
You press <<11>> and receive 70 points.
You press <<10>> and receive 64 points.

Environment number 12:
The value of option 3 is 6. You have 5 choices to make in this environment.
You press <<16>> and receive 21 points.
You press <<23>> and receive 0 points.
You press <<9>> and receive 37 points.
You press <<9>> and receive 36 points.
You press <<9>> and receive 38 points.

Environment number 13:
The value of option 1 is 48. You have 10 choices to make in this environment.
You press <<2>> and receive 25 points.
You press <<1>> and receive 48 points.
You press <<1>> and receive 48 points.
You press <<1>> and receive 48 points.
You press <<1>> and receive 48 points.
You press <<1>> and receive 48 points.
You press <<1>> and receive 46 points.
You press <<1>> and receive 49 points.
You press <<1>> and receive 47 points.
You press <<",45
14,26,1,24,1,smooth,25,10,40,16,"You will be presented with a series of 16 different environments to explore.
In each trial, you can select an option between numbers 1 and 30 by pressing the corresponding key.
By selecting any of these options, you will earn points associated with each unique option.
Imagine these options 1 through 30 as lying next to each other in an ordered line; options closer to each other tend to have similar rewards as rewards tend to cluster together.
For each environment, you will be able to make either 5 or 10 choices.
When you made all your choices in a given environment, you will start making choices in the next unexplored environment.
The rewards underlying the different options are different in each environment so you will learn them anew for each environment.
Each environment starts with the value of a single option revealed.
When you choose the number corresponding to a different option, you will be told the value of that option and receive those points.
Previously revealed options, including the starting option, can also be reselected, although there may be small changes in the point value.
It is your task to to learn where the largest reward is in each of the 16 environments.

Environment number 1:
The value of option 30 is 51. You have 5 choices to make in this environment.
You press <<29>> and receive 56 points.
You press <<28>> and receive 52 points.
You press <<27>> and receive 43 points.
You press <<26>> and receive 34 points.
You press <<25>> and receive 27 points.

Environment number 2:
The value of option 2 is 18. You have 5 choices to make in this environment.
You press <<26>> and receive 0 points.
You press <<15>> and receive 5 points.
You press <<7>> and receive 59 points.
You press <<8>> and receive 74 points.
You press <<9>> and receive 72 points.

Environment number 3:
The value of option 6 is 14. You have 10 choices to make in this environment.
You press <<16>> and receive 28 points.
You press <<25>> and receive 1 points.
You press <<10>> and receive 29 points.
You press <<5>> and receive 26 points.
You press <<4>> and receive 31 points.
You press <<3>> and receive 30 points.
You press <<2>> and receive 36 points.
You press <<1>> and receive 43 points.
You press <<1>> and receive 42 points.
You press <<1>> and receive 43 points.

Environment number 4:
The value of option 11 is 38. You have 10 choices to make in this environment.
You press <<5>> and receive 52 points.
You press <<3>> and receive 60 points.
You press <<3>> and receive 58 points.
You press <<3>> and receive 59 points.
You press <<3>> and receive 61 points.
You press <<3>> and receive 57 points.
You press <<3>> and receive 58 points.
You press <<3>> and receive 58 points.
You press <<3>> and receive 58 points.
You press <<3>> and receive 60 points.

Environment number 5:
The value of option 9 is 6. You have 10 choices to make in this environment.
You press <<28>> and receive 42 points.
You press <<27>> and receive 39 points.
You press <<29>> and receive 43 points.
You press <<29>> and receive 42 points.
You press <<29>> and receive 42 points.
You press <<29>> and receive 43 points.
You press <<29>> and receive 43 points.
You press <<29>> and receive 42 points.
You press <<29>> and receive 42 points.
You press <<29>> and receive 42 points.

Environment number 6:
The value of option 12 is 55. You have 10 choices to make in this environment.
You press <<11>> and receive 65 points.
You press <<10>> and receive 72 points.
You press <<9>> and receive 72 points.
You press <<9>> and receive 69 points.
You press <<9>> and receive 70 points.
You press <<9>> and receive 72 points.
You press <<9>> and receive 70 points.
You press <<9>> and receive 70 points.
You press <<9>> and receive 71 points.
You press <<9>> and receive 70 points.

Environment number 7:
The value of option 25 is 54. You have 5 choices to make in this environment.
You press <<24>> and receive 39 points.
You press <<26>> and receive 68 points.
You press <<27>> and receive 71 points.
You press <<28>> and receive 65 points.
You press <<27>> and receive 70 points.

Environment number 8:
The value of option 24 is 78. You have 5 choices to make in this environment.
You press <<23>> and receive 77 points.
You press <<25>> and receive 79 points.
You press <<26>> and receive 65 points.
You press <<25>> and receive 79 points.
You press <<25>> and receive 78 points.

Environment number 9:
The value of option 11 is 59. You have 5 choices to make in this environment.
You press <<10>> and receive 69 points.
You press <<9>> and receive 68 points.
You press <<8>> and receive 60 points.
You press <<7>> and receive 52 points.
You press <<10>> and receive 70 points.

Environment number 10:
The value of option 4 is 47. You have 10 choices to make in this environment.
You press <<13>> and receive 41 points.
You press <<24>> and receive 37 points.
You press <<18>> and receive 24 points.
You press <<4>> and receive 48 points.
You press <<3>> and receive 38 points.
You press <<5>> and receive 56 points.
You press <<6>> and receive 65 points.
You press <<7>> and receive 63 points.
You press <<6>> and receive 65 points.
You press <<6>> and receive 65 points.

Environment number 11:
The value of option 14 is 43. You have 5 choices to make in this environment.
You press <<15>> and receive 39 points.
You press <<13>> and receive 53 points.
You press <<12>> and receive 64 points.
You press <<11>> and receive 70 points.
You press <<10>> and receive 64 points.

Environment number 12:
The value of option 3 is 6. You have 5 choices to make in this environment.
You press <<16>> and receive 21 points.
You press <<23>> and receive 0 points.
You press <<9>> and receive 37 points.
You press <<9>> and receive 36 points.
You press <<9>> and receive 38 points.

Environment number 13:
The value of option 1 is 48. You have 10 choices to make in this environment.
You press <<2>> and receive 25 points.
You press <<1>> and receive 48 points.
You press <<1>> and receive 48 points.
You press <<1>> and receive 48 points.
You press <<1>> and receive 48 points.
You press <<1>> and receive 48 points.
You press <<1>> and receive 46 points.
You press <<1>> and receive 49 points.
You press <<1>> and receive 47 points.
You press <<1>> and receive 47 points.

Environment number 14:
The value of option 25 is 40. You have 10 choices to make in this environment.
You press <<",45
14,26,2,26,1,smooth,25,10,40,62,"You will be presented with a series of 16 different environments to explore.
In each trial, you can select an option between numbers 1 and 30 by pressing the corresponding key.
By selecting any of these options, you will earn points associated with each unique option.
Imagine these options 1 through 30 as lying next to each other in an ordered line; options closer to each other tend to have similar rewards as rewards tend to cluster together.
For each environment, you will be able to make either 5 or 10 choices.
When you made all your choices in a given environment, you will start making choices in the next unexplored environment.
The rewards underlying the different options are different in each environment so you will learn them anew for each environment.
Each environment starts with the value of a single option revealed.
When you choose the number corresponding to a different option, you will be told the value of that option and receive those points.
Previously revealed options, including the starting option, can also be reselected, although there may be small changes in the point value.
It is your task to to learn where the largest reward is in each of the 16 environments.

Environment number 1:
The value of option 30 is 51. You have 5 choices to make in this environment.
You press <<29>> and receive 56 points.
You press <<28>> and receive 52 points.
You press <<27>> and receive 43 points.
You press <<26>> and receive 34 points.
You press <<25>> and receive 27 points.

Environment number 2:
The value of option 2 is 18. You have 5 choices to make in this environment.
You press <<26>> and receive 0 points.
You press <<15>> and receive 5 points.
You press <<7>> and receive 59 points.
You press <<8>> and receive 74 points.
You press <<9>> and receive 72 points.

Environment number 3:
The value of option 6 is 14. You have 10 choices to make in this environment.
You press <<16>> and receive 28 points.
You press <<25>> and receive 1 points.
You press <<10>> and receive 29 points.
You press <<5>> and receive 26 points.
You press <<4>> and receive 31 points.
You press <<3>> and receive 30 points.
You press <<2>> and receive 36 points.
You press <<1>> and receive 43 points.
You press <<1>> and receive 42 points.
You press <<1>> and receive 43 points.

Environment number 4:
The value of option 11 is 38. You have 10 choices to make in this environment.
You press <<5>> and receive 52 points.
You press <<3>> and receive 60 points.
You press <<3>> and receive 58 points.
You press <<3>> and receive 59 points.
You press <<3>> and receive 61 points.
You press <<3>> and receive 57 points.
You press <<3>> and receive 58 points.
You press <<3>> and receive 58 points.
You press <<3>> and receive 58 points.
You press <<3>> and receive 60 points.

Environment number 5:
The value of option 9 is 6. You have 10 choices to make in this environment.
You press <<28>> and receive 42 points.
You press <<27>> and receive 39 points.
You press <<29>> and receive 43 points.
You press <<29>> and receive 42 points.
You press <<29>> and receive 42 points.
You press <<29>> and receive 43 points.
You press <<29>> and receive 43 points.
You press <<29>> and receive 42 points.
You press <<29>> and receive 42 points.
You press <<29>> and receive 42 points.

Environment number 6:
The value of option 12 is 55. You have 10 choices to make in this environment.
You press <<11>> and receive 65 points.
You press <<10>> and receive 72 points.
You press <<9>> and receive 72 points.
You press <<9>> and receive 69 points.
You press <<9>> and receive 70 points.
You press <<9>> and receive 72 points.
You press <<9>> and receive 70 points.
You press <<9>> and receive 70 points.
You press <<9>> and receive 71 points.
You press <<9>> and receive 70 points.

Environment number 7:
The value of option 25 is 54. You have 5 choices to make in this environment.
You press <<24>> and receive 39 points.
You press <<26>> and receive 68 points.
You press <<27>> and receive 71 points.
You press <<28>> and receive 65 points.
You press <<27>> and receive 70 points.

Environment number 8:
The value of option 24 is 78. You have 5 choices to make in this environment.
You press <<23>> and receive 77 points.
You press <<25>> and receive 79 points.
You press <<26>> and receive 65 points.
You press <<25>> and receive 79 points.
You press <<25>> and receive 78 points.

Environment number 9:
The value of option 11 is 59. You have 5 choices to make in this environment.
You press <<10>> and receive 69 points.
You press <<9>> and receive 68 points.
You press <<8>> and receive 60 points.
You press <<7>> and receive 52 points.
You press <<10>> and receive 70 points.

Environment number 10:
The value of option 4 is 47. You have 10 choices to make in this environment.
You press <<13>> and receive 41 points.
You press <<24>> and receive 37 points.
You press <<18>> and receive 24 points.
You press <<4>> and receive 48 points.
You press <<3>> and receive 38 points.
You press <<5>> and receive 56 points.
You press <<6>> and receive 65 points.
You press <<7>> and receive 63 points.
You press <<6>> and receive 65 points.
You press <<6>> and receive 65 points.

Environment number 11:
The value of option 14 is 43. You have 5 choices to make in this environment.
You press <<15>> and receive 39 points.
You press <<13>> and receive 53 points.
You press <<12>> and receive 64 points.
You press <<11>> and receive 70 points.
You press <<10>> and receive 64 points.

Environment number 12:
The value of option 3 is 6. You have 5 choices to make in this environment.
You press <<16>> and receive 21 points.
You press <<23>> and receive 0 points.
You press <<9>> and receive 37 points.
You press <<9>> and receive 36 points.
You press <<9>> and receive 38 points.

Environment number 13:
The value of option 1 is 48. You have 10 choices to make in this environment.
You press <<2>> and receive 25 points.
You press <<1>> and receive 48 points.
You press <<1>> and receive 48 points.
You press <<1>> and receive 48 points.
You press <<1>> and receive 48 points.
You press <<1>> and receive 48 points.
You press <<1>> and receive 46 points.
You press <<1>> and receive 49 points.
You press <<1>> and receive 47 points.
You press <<1>> and receive 47 points.

Environment number 14:
The value of option 25 is 40. You have 10 choices to make in this environment.
You press <<24>> and receive 16 points.
You press <<",45
14,26,3,27,1,smooth,25,10,40,64,"You will be presented with a series of 16 different environments to explore.
In each trial, you can select an option between numbers 1 and 30 by pressing the corresponding key.
By selecting any of these options, you will earn points associated with each unique option.
Imagine these options 1 through 30 as lying next to each other in an ordered line; options closer to each other tend to have similar rewards as rewards tend to cluster together.
For each environment, you will be able to make either 5 or 10 choices.
When you made all your choices in a given environment, you will start making choices in the next unexplored environment.
The rewards underlying the different options are different in each environment so you will learn them anew for each environment.
Each environment starts with the value of a single option revealed.
When you choose the number corresponding to a different option, you will be told the value of that option and receive those points.
Previously revealed options, including the starting option, can also be reselected, although there may be small changes in the point value.
It is your task to to learn where the largest reward is in each of the 16 environments.

Environment number 1:
The value of option 30 is 51. You have 5 choices to make in this environment.
You press <<29>> and receive 56 points.
You press <<28>> and receive 52 points.
You press <<27>> and receive 43 points.
You press <<26>> and receive 34 points.
You press <<25>> and receive 27 points.

Environment number 2:
The value of option 2 is 18. You have 5 choices to make in this environment.
You press <<26>> and receive 0 points.
You press <<15>> and receive 5 points.
You press <<7>> and receive 59 points.
You press <<8>> and receive 74 points.
You press <<9>> and receive 72 points.

Environment number 3:
The value of option 6 is 14. You have 10 choices to make in this environment.
You press <<16>> and receive 28 points.
You press <<25>> and receive 1 points.
You press <<10>> and receive 29 points.
You press <<5>> and receive 26 points.
You press <<4>> and receive 31 points.
You press <<3>> and receive 30 points.
You press <<2>> and receive 36 points.
You press <<1>> and receive 43 points.
You press <<1>> and receive 42 points.
You press <<1>> and receive 43 points.

Environment number 4:
The value of option 11 is 38. You have 10 choices to make in this environment.
You press <<5>> and receive 52 points.
You press <<3>> and receive 60 points.
You press <<3>> and receive 58 points.
You press <<3>> and receive 59 points.
You press <<3>> and receive 61 points.
You press <<3>> and receive 57 points.
You press <<3>> and receive 58 points.
You press <<3>> and receive 58 points.
You press <<3>> and receive 58 points.
You press <<3>> and receive 60 points.

Environment number 5:
The value of option 9 is 6. You have 10 choices to make in this environment.
You press <<28>> and receive 42 points.
You press <<27>> and receive 39 points.
You press <<29>> and receive 43 points.
You press <<29>> and receive 42 points.
You press <<29>> and receive 42 points.
You press <<29>> and receive 43 points.
You press <<29>> and receive 43 points.
You press <<29>> and receive 42 points.
You press <<29>> and receive 42 points.
You press <<29>> and receive 42 points.

Environment number 6:
The value of option 12 is 55. You have 10 choices to make in this environment.
You press <<11>> and receive 65 points.
You press <<10>> and receive 72 points.
You press <<9>> and receive 72 points.
You press <<9>> and receive 69 points.
You press <<9>> and receive 70 points.
You press <<9>> and receive 72 points.
You press <<9>> and receive 70 points.
You press <<9>> and receive 70 points.
You press <<9>> and receive 71 points.
You press <<9>> and receive 70 points.

Environment number 7:
The value of option 25 is 54. You have 5 choices to make in this environment.
You press <<24>> and receive 39 points.
You press <<26>> and receive 68 points.
You press <<27>> and receive 71 points.
You press <<28>> and receive 65 points.
You press <<27>> and receive 70 points.

Environment number 8:
The value of option 24 is 78. You have 5 choices to make in this environment.
You press <<23>> and receive 77 points.
You press <<25>> and receive 79 points.
You press <<26>> and receive 65 points.
You press <<25>> and receive 79 points.
You press <<25>> and receive 78 points.

Environment number 9:
The value of option 11 is 59. You have 5 choices to make in this environment.
You press <<10>> and receive 69 points.
You press <<9>> and receive 68 points.
You press <<8>> and receive 60 points.
You press <<7>> and receive 52 points.
You press <<10>> and receive 70 points.

Environment number 10:
The value of option 4 is 47. You have 10 choices to make in this environment.
You press <<13>> and receive 41 points.
You press <<24>> and receive 37 points.
You press <<18>> and receive 24 points.
You press <<4>> and receive 48 points.
You press <<3>> and receive 38 points.
You press <<5>> and receive 56 points.
You press <<6>> and receive 65 points.
You press <<7>> and receive 63 points.
You press <<6>> and receive 65 points.
You press <<6>> and receive 65 points.

Environment number 11:
The value of option 14 is 43. You have 5 choices to make in this environment.
You press <<15>> and receive 39 points.
You press <<13>> and receive 53 points.
You press <<12>> and receive 64 points.
You press <<11>> and receive 70 points.
You press <<10>> and receive 64 points.

Environment number 12:
The value of option 3 is 6. You have 5 choices to make in this environment.
You press <<16>> and receive 21 points.
You press <<23>> and receive 0 points.
You press <<9>> and receive 37 points.
You press <<9>> and receive 36 points.
You press <<9>> and receive 38 points.

Environment number 13:
The value of option 1 is 48. You have 10 choices to make in this environment.
You press <<2>> and receive 25 points.
You press <<1>> and receive 48 points.
You press <<1>> and receive 48 points.
You press <<1>> and receive 48 points.
You press <<1>> and receive 48 points.
You press <<1>> and receive 48 points.
You press <<1>> and receive 46 points.
You press <<1>> and receive 49 points.
You press <<1>> and receive 47 points.
You press <<1>> and receive 47 points.

Environment number 14:
The value of option 25 is 40. You have 10 choices to make in this environment.
You press <<24>> and receive 16 points.
You press <<26>> and receive 62 points.
You press <<",45
14,26,4,28,1,smooth,25,10,40,50,"You will be presented with a series of 16 different environments to explore.
In each trial, you can select an option between numbers 1 and 30 by pressing the corresponding key.
By selecting any of these options, you will earn points associated with each unique option.
Imagine these options 1 through 30 as lying next to each other in an ordered line; options closer to each other tend to have similar rewards as rewards tend to cluster together.
For each environment, you will be able to make either 5 or 10 choices.
When you made all your choices in a given environment, you will start making choices in the next unexplored environment.
The rewards underlying the different options are different in each environment so you will learn them anew for each environment.
Each environment starts with the value of a single option revealed.
When you choose the number corresponding to a different option, you will be told the value of that option and receive those points.
Previously revealed options, including the starting option, can also be reselected, although there may be small changes in the point value.
It is your task to to learn where the largest reward is in each of the 16 environments.

Environment number 1:
The value of option 30 is 51. You have 5 choices to make in this environment.
You press <<29>> and receive 56 points.
You press <<28>> and receive 52 points.
You press <<27>> and receive 43 points.
You press <<26>> and receive 34 points.
You press <<25>> and receive 27 points.

Environment number 2:
The value of option 2 is 18. You have 5 choices to make in this environment.
You press <<26>> and receive 0 points.
You press <<15>> and receive 5 points.
You press <<7>> and receive 59 points.
You press <<8>> and receive 74 points.
You press <<9>> and receive 72 points.

Environment number 3:
The value of option 6 is 14. You have 10 choices to make in this environment.
You press <<16>> and receive 28 points.
You press <<25>> and receive 1 points.
You press <<10>> and receive 29 points.
You press <<5>> and receive 26 points.
You press <<4>> and receive 31 points.
You press <<3>> and receive 30 points.
You press <<2>> and receive 36 points.
You press <<1>> and receive 43 points.
You press <<1>> and receive 42 points.
You press <<1>> and receive 43 points.

Environment number 4:
The value of option 11 is 38. You have 10 choices to make in this environment.
You press <<5>> and receive 52 points.
You press <<3>> and receive 60 points.
You press <<3>> and receive 58 points.
You press <<3>> and receive 59 points.
You press <<3>> and receive 61 points.
You press <<3>> and receive 57 points.
You press <<3>> and receive 58 points.
You press <<3>> and receive 58 points.
You press <<3>> and receive 58 points.
You press <<3>> and receive 60 points.

Environment number 5:
The value of option 9 is 6. You have 10 choices to make in this environment.
You press <<28>> and receive 42 points.
You press <<27>> and receive 39 points.
You press <<29>> and receive 43 points.
You press <<29>> and receive 42 points.
You press <<29>> and receive 42 points.
You press <<29>> and receive 43 points.
You press <<29>> and receive 43 points.
You press <<29>> and receive 42 points.
You press <<29>> and receive 42 points.
You press <<29>> and receive 42 points.

Environment number 6:
The value of option 12 is 55. You have 10 choices to make in this environment.
You press <<11>> and receive 65 points.
You press <<10>> and receive 72 points.
You press <<9>> and receive 72 points.
You press <<9>> and receive 69 points.
You press <<9>> and receive 70 points.
You press <<9>> and receive 72 points.
You press <<9>> and receive 70 points.
You press <<9>> and receive 70 points.
You press <<9>> and receive 71 points.
You press <<9>> and receive 70 points.

Environment number 7:
The value of option 25 is 54. You have 5 choices to make in this environment.
You press <<24>> and receive 39 points.
You press <<26>> and receive 68 points.
You press <<27>> and receive 71 points.
You press <<28>> and receive 65 points.
You press <<27>> and receive 70 points.

Environment number 8:
The value of option 24 is 78. You have 5 choices to make in this environment.
You press <<23>> and receive 77 points.
You press <<25>> and receive 79 points.
You press <<26>> and receive 65 points.
You press <<25>> and receive 79 points.
You press <<25>> and receive 78 points.

Environment number 9:
The value of option 11 is 59. You have 5 choices to make in this environment.
You press <<10>> and receive 69 points.
You press <<9>> and receive 68 points.
You press <<8>> and receive 60 points.
You press <<7>> and receive 52 points.
You press <<10>> and receive 70 points.

Environment number 10:
The value of option 4 is 47. You have 10 choices to make in this environment.
You press <<13>> and receive 41 points.
You press <<24>> and receive 37 points.
You press <<18>> and receive 24 points.
You press <<4>> and receive 48 points.
You press <<3>> and receive 38 points.
You press <<5>> and receive 56 points.
You press <<6>> and receive 65 points.
You press <<7>> and receive 63 points.
You press <<6>> and receive 65 points.
You press <<6>> and receive 65 points.

Environment number 11:
The value of option 14 is 43. You have 5 choices to make in this environment.
You press <<15>> and receive 39 points.
You press <<13>> and receive 53 points.
You press <<12>> and receive 64 points.
You press <<11>> and receive 70 points.
You press <<10>> and receive 64 points.

Environment number 12:
The value of option 3 is 6. You have 5 choices to make in this environment.
You press <<16>> and receive 21 points.
You press <<23>> and receive 0 points.
You press <<9>> and receive 37 points.
You press <<9>> and receive 36 points.
You press <<9>> and receive 38 points.

Environment number 13:
The value of option 1 is 48. You have 10 choices to make in this environment.
You press <<2>> and receive 25 points.
You press <<1>> and receive 48 points.
You press <<1>> and receive 48 points.
You press <<1>> and receive 48 points.
You press <<1>> and receive 48 points.
You press <<1>> and receive 48 points.
You press <<1>> and receive 46 points.
You press <<1>> and receive 49 points.
You press <<1>> and receive 47 points.
You press <<1>> and receive 47 points.

Environment number 14:
The value of option 25 is 40. You have 10 choices to make in this environment.
You press <<24>> and receive 16 points.
You press <<26>> and receive 62 points.
You press <<27>> and receive 64 points.
You press <<",45
14,26,5,27,1,smooth,25,10,40,67,"You will be presented with a series of 16 different environments to explore.
In each trial, you can select an option between numbers 1 and 30 by pressing the corresponding key.
By selecting any of these options, you will earn points associated with each unique option.
Imagine these options 1 through 30 as lying next to each other in an ordered line; options closer to each other tend to have similar rewards as rewards tend to cluster together.
For each environment, you will be able to make either 5 or 10 choices.
When you made all your choices in a given environment, you will start making choices in the next unexplored environment.
The rewards underlying the different options are different in each environment so you will learn them anew for each environment.
Each environment starts with the value of a single option revealed.
When you choose the number corresponding to a different option, you will be told the value of that option and receive those points.
Previously revealed options, including the starting option, can also be reselected, although there may be small changes in the point value.
It is your task to to learn where the largest reward is in each of the 16 environments.

Environment number 1:
The value of option 30 is 51. You have 5 choices to make in this environment.
You press <<29>> and receive 56 points.
You press <<28>> and receive 52 points.
You press <<27>> and receive 43 points.
You press <<26>> and receive 34 points.
You press <<25>> and receive 27 points.

Environment number 2:
The value of option 2 is 18. You have 5 choices to make in this environment.
You press <<26>> and receive 0 points.
You press <<15>> and receive 5 points.
You press <<7>> and receive 59 points.
You press <<8>> and receive 74 points.
You press <<9>> and receive 72 points.

Environment number 3:
The value of option 6 is 14. You have 10 choices to make in this environment.
You press <<16>> and receive 28 points.
You press <<25>> and receive 1 points.
You press <<10>> and receive 29 points.
You press <<5>> and receive 26 points.
You press <<4>> and receive 31 points.
You press <<3>> and receive 30 points.
You press <<2>> and receive 36 points.
You press <<1>> and receive 43 points.
You press <<1>> and receive 42 points.
You press <<1>> and receive 43 points.

Environment number 4:
The value of option 11 is 38. You have 10 choices to make in this environment.
You press <<5>> and receive 52 points.
You press <<3>> and receive 60 points.
You press <<3>> and receive 58 points.
You press <<3>> and receive 59 points.
You press <<3>> and receive 61 points.
You press <<3>> and receive 57 points.
You press <<3>> and receive 58 points.
You press <<3>> and receive 58 points.
You press <<3>> and receive 58 points.
You press <<3>> and receive 60 points.

Environment number 5:
The value of option 9 is 6. You have 10 choices to make in this environment.
You press <<28>> and receive 42 points.
You press <<27>> and receive 39 points.
You press <<29>> and receive 43 points.
You press <<29>> and receive 42 points.
You press <<29>> and receive 42 points.
You press <<29>> and receive 43 points.
You press <<29>> and receive 43 points.
You press <<29>> and receive 42 points.
You press <<29>> and receive 42 points.
You press <<29>> and receive 42 points.

Environment number 6:
The value of option 12 is 55. You have 10 choices to make in this environment.
You press <<11>> and receive 65 points.
You press <<10>> and receive 72 points.
You press <<9>> and receive 72 points.
You press <<9>> and receive 69 points.
You press <<9>> and receive 70 points.
You press <<9>> and receive 72 points.
You press <<9>> and receive 70 points.
You press <<9>> and receive 70 points.
You press <<9>> and receive 71 points.
You press <<9>> and receive 70 points.

Environment number 7:
The value of option 25 is 54. You have 5 choices to make in this environment.
You press <<24>> and receive 39 points.
You press <<26>> and receive 68 points.
You press <<27>> and receive 71 points.
You press <<28>> and receive 65 points.
You press <<27>> and receive 70 points.

Environment number 8:
The value of option 24 is 78. You have 5 choices to make in this environment.
You press <<23>> and receive 77 points.
You press <<25>> and receive 79 points.
You press <<26>> and receive 65 points.
You press <<25>> and receive 79 points.
You press <<25>> and receive 78 points.

Environment number 9:
The value of option 11 is 59. You have 5 choices to make in this environment.
You press <<10>> and receive 69 points.
You press <<9>> and receive 68 points.
You press <<8>> and receive 60 points.
You press <<7>> and receive 52 points.
You press <<10>> and receive 70 points.

Environment number 10:
The value of option 4 is 47. You have 10 choices to make in this environment.
You press <<13>> and receive 41 points.
You press <<24>> and receive 37 points.
You press <<18>> and receive 24 points.
You press <<4>> and receive 48 points.
You press <<3>> and receive 38 points.
You press <<5>> and receive 56 points.
You press <<6>> and receive 65 points.
You press <<7>> and receive 63 points.
You press <<6>> and receive 65 points.
You press <<6>> and receive 65 points.

Environment number 11:
The value of option 14 is 43. You have 5 choices to make in this environment.
You press <<15>> and receive 39 points.
You press <<13>> and receive 53 points.
You press <<12>> and receive 64 points.
You press <<11>> and receive 70 points.
You press <<10>> and receive 64 points.

Environment number 12:
The value of option 3 is 6. You have 5 choices to make in this environment.
You press <<16>> and receive 21 points.
You press <<23>> and receive 0 points.
You press <<9>> and receive 37 points.
You press <<9>> and receive 36 points.
You press <<9>> and receive 38 points.

Environment number 13:
The value of option 1 is 48. You have 10 choices to make in this environment.
You press <<2>> and receive 25 points.
You press <<1>> and receive 48 points.
You press <<1>> and receive 48 points.
You press <<1>> and receive 48 points.
You press <<1>> and receive 48 points.
You press <<1>> and receive 48 points.
You press <<1>> and receive 46 points.
You press <<1>> and receive 49 points.
You press <<1>> and receive 47 points.
You press <<1>> and receive 47 points.

Environment number 14:
The value of option 25 is 40. You have 10 choices to make in this environment.
You press <<24>> and receive 16 points.
You press <<26>> and receive 62 points.
You press <<27>> and receive 64 points.
You press <<28>> and receive 50 points.
You press <<",45
14,26,6,27,1,smooth,25,10,40,63,"You will be presented with a series of 16 different environments to explore.
In each trial, you can select an option between numbers 1 and 30 by pressing the corresponding key.
By selecting any of these options, you will earn points associated with each unique option.
Imagine these options 1 through 30 as lying next to each other in an ordered line; options closer to each other tend to have similar rewards as rewards tend to cluster together.
For each environment, you will be able to make either 5 or 10 choices.
When you made all your choices in a given environment, you will start making choices in the next unexplored environment.
The rewards underlying the different options are different in each environment so you will learn them anew for each environment.
Each environment starts with the value of a single option revealed.
When you choose the number corresponding to a different option, you will be told the value of that option and receive those points.
Previously revealed options, including the starting option, can also be reselected, although there may be small changes in the point value.
It is your task to to learn where the largest reward is in each of the 16 environments.

Environment number 1:
The value of option 30 is 51. You have 5 choices to make in this environment.
You press <<29>> and receive 56 points.
You press <<28>> and receive 52 points.
You press <<27>> and receive 43 points.
You press <<26>> and receive 34 points.
You press <<25>> and receive 27 points.

Environment number 2:
The value of option 2 is 18. You have 5 choices to make in this environment.
You press <<26>> and receive 0 points.
You press <<15>> and receive 5 points.
You press <<7>> and receive 59 points.
You press <<8>> and receive 74 points.
You press <<9>> and receive 72 points.

Environment number 3:
The value of option 6 is 14. You have 10 choices to make in this environment.
You press <<16>> and receive 28 points.
You press <<25>> and receive 1 points.
You press <<10>> and receive 29 points.
You press <<5>> and receive 26 points.
You press <<4>> and receive 31 points.
You press <<3>> and receive 30 points.
You press <<2>> and receive 36 points.
You press <<1>> and receive 43 points.
You press <<1>> and receive 42 points.
You press <<1>> and receive 43 points.

Environment number 4:
The value of option 11 is 38. You have 10 choices to make in this environment.
You press <<5>> and receive 52 points.
You press <<3>> and receive 60 points.
You press <<3>> and receive 58 points.
You press <<3>> and receive 59 points.
You press <<3>> and receive 61 points.
You press <<3>> and receive 57 points.
You press <<3>> and receive 58 points.
You press <<3>> and receive 58 points.
You press <<3>> and receive 58 points.
You press <<3>> and receive 60 points.

Environment number 5:
The value of option 9 is 6. You have 10 choices to make in this environment.
You press <<28>> and receive 42 points.
You press <<27>> and receive 39 points.
You press <<29>> and receive 43 points.
You press <<29>> and receive 42 points.
You press <<29>> and receive 42 points.
You press <<29>> and receive 43 points.
You press <<29>> and receive 43 points.
You press <<29>> and receive 42 points.
You press <<29>> and receive 42 points.
You press <<29>> and receive 42 points.

Environment number 6:
The value of option 12 is 55. You have 10 choices to make in this environment.
You press <<11>> and receive 65 points.
You press <<10>> and receive 72 points.
You press <<9>> and receive 72 points.
You press <<9>> and receive 69 points.
You press <<9>> and receive 70 points.
You press <<9>> and receive 72 points.
You press <<9>> and receive 70 points.
You press <<9>> and receive 70 points.
You press <<9>> and receive 71 points.
You press <<9>> and receive 70 points.

Environment number 7:
The value of option 25 is 54. You have 5 choices to make in this environment.
You press <<24>> and receive 39 points.
You press <<26>> and receive 68 points.
You press <<27>> and receive 71 points.
You press <<28>> and receive 65 points.
You press <<27>> and receive 70 points.

Environment number 8:
The value of option 24 is 78. You have 5 choices to make in this environment.
You press <<23>> and receive 77 points.
You press <<25>> and receive 79 points.
You press <<26>> and receive 65 points.
You press <<25>> and receive 79 points.
You press <<25>> and receive 78 points.

Environment number 9:
The value of option 11 is 59. You have 5 choices to make in this environment.
You press <<10>> and receive 69 points.
You press <<9>> and receive 68 points.
You press <<8>> and receive 60 points.
You press <<7>> and receive 52 points.
You press <<10>> and receive 70 points.

Environment number 10:
The value of option 4 is 47. You have 10 choices to make in this environment.
You press <<13>> and receive 41 points.
You press <<24>> and receive 37 points.
You press <<18>> and receive 24 points.
You press <<4>> and receive 48 points.
You press <<3>> and receive 38 points.
You press <<5>> and receive 56 points.
You press <<6>> and receive 65 points.
You press <<7>> and receive 63 points.
You press <<6>> and receive 65 points.
You press <<6>> and receive 65 points.

Environment number 11:
The value of option 14 is 43. You have 5 choices to make in this environment.
You press <<15>> and receive 39 points.
You press <<13>> and receive 53 points.
You press <<12>> and receive 64 points.
You press <<11>> and receive 70 points.
You press <<10>> and receive 64 points.

Environment number 12:
The value of option 3 is 6. You have 5 choices to make in this environment.
You press <<16>> and receive 21 points.
You press <<23>> and receive 0 points.
You press <<9>> and receive 37 points.
You press <<9>> and receive 36 points.
You press <<9>> and receive 38 points.

Environment number 13:
The value of option 1 is 48. You have 10 choices to make in this environment.
You press <<2>> and receive 25 points.
You press <<1>> and receive 48 points.
You press <<1>> and receive 48 points.
You press <<1>> and receive 48 points.
You press <<1>> and receive 48 points.
You press <<1>> and receive 48 points.
You press <<1>> and receive 46 points.
You press <<1>> and receive 49 points.
You press <<1>> and receive 47 points.
You press <<1>> and receive 47 points.

Environment number 14:
The value of option 25 is 40. You have 10 choices to make in this environment.
You press <<24>> and receive 16 points.
You press <<26>> and receive 62 points.
You press <<27>> and receive 64 points.
You press <<28>> and receive 50 points.
You press <<27>> and receive 67 points.
You press <<",45
14,26,7,27,1,smooth,25,10,40,63,"You will be presented with a series of 16 different environments to explore.
In each trial, you can select an option between numbers 1 and 30 by pressing the corresponding key.
By selecting any of these options, you will earn points associated with each unique option.
Imagine these options 1 through 30 as lying next to each other in an ordered line; options closer to each other tend to have similar rewards as rewards tend to cluster together.
For each environment, you will be able to make either 5 or 10 choices.
When you made all your choices in a given environment, you will start making choices in the next unexplored environment.
The rewards underlying the different options are different in each environment so you will learn them anew for each environment.
Each environment starts with the value of a single option revealed.
When you choose the number corresponding to a different option, you will be told the value of that option and receive those points.
Previously revealed options, including the starting option, can also be reselected, although there may be small changes in the point value.
It is your task to to learn where the largest reward is in each of the 16 environments.

Environment number 1:
The value of option 30 is 51. You have 5 choices to make in this environment.
You press <<29>> and receive 56 points.
You press <<28>> and receive 52 points.
You press <<27>> and receive 43 points.
You press <<26>> and receive 34 points.
You press <<25>> and receive 27 points.

Environment number 2:
The value of option 2 is 18. You have 5 choices to make in this environment.
You press <<26>> and receive 0 points.
You press <<15>> and receive 5 points.
You press <<7>> and receive 59 points.
You press <<8>> and receive 74 points.
You press <<9>> and receive 72 points.

Environment number 3:
The value of option 6 is 14. You have 10 choices to make in this environment.
You press <<16>> and receive 28 points.
You press <<25>> and receive 1 points.
You press <<10>> and receive 29 points.
You press <<5>> and receive 26 points.
You press <<4>> and receive 31 points.
You press <<3>> and receive 30 points.
You press <<2>> and receive 36 points.
You press <<1>> and receive 43 points.
You press <<1>> and receive 42 points.
You press <<1>> and receive 43 points.

Environment number 4:
The value of option 11 is 38. You have 10 choices to make in this environment.
You press <<5>> and receive 52 points.
You press <<3>> and receive 60 points.
You press <<3>> and receive 58 points.
You press <<3>> and receive 59 points.
You press <<3>> and receive 61 points.
You press <<3>> and receive 57 points.
You press <<3>> and receive 58 points.
You press <<3>> and receive 58 points.
You press <<3>> and receive 58 points.
You press <<3>> and receive 60 points.

Environment number 5:
The value of option 9 is 6. You have 10 choices to make in this environment.
You press <<28>> and receive 42 points.
You press <<27>> and receive 39 points.
You press <<29>> and receive 43 points.
You press <<29>> and receive 42 points.
You press <<29>> and receive 42 points.
You press <<29>> and receive 43 points.
You press <<29>> and receive 43 points.
You press <<29>> and receive 42 points.
You press <<29>> and receive 42 points.
You press <<29>> and receive 42 points.

Environment number 6:
The value of option 12 is 55. You have 10 choices to make in this environment.
You press <<11>> and receive 65 points.
You press <<10>> and receive 72 points.
You press <<9>> and receive 72 points.
You press <<9>> and receive 69 points.
You press <<9>> and receive 70 points.
You press <<9>> and receive 72 points.
You press <<9>> and receive 70 points.
You press <<9>> and receive 70 points.
You press <<9>> and receive 71 points.
You press <<9>> and receive 70 points.

Environment number 7:
The value of option 25 is 54. You have 5 choices to make in this environment.
You press <<24>> and receive 39 points.
You press <<26>> and receive 68 points.
You press <<27>> and receive 71 points.
You press <<28>> and receive 65 points.
You press <<27>> and receive 70 points.

Environment number 8:
The value of option 24 is 78. You have 5 choices to make in this environment.
You press <<23>> and receive 77 points.
You press <<25>> and receive 79 points.
You press <<26>> and receive 65 points.
You press <<25>> and receive 79 points.
You press <<25>> and receive 78 points.

Environment number 9:
The value of option 11 is 59. You have 5 choices to make in this environment.
You press <<10>> and receive 69 points.
You press <<9>> and receive 68 points.
You press <<8>> and receive 60 points.
You press <<7>> and receive 52 points.
You press <<10>> and receive 70 points.

Environment number 10:
The value of option 4 is 47. You have 10 choices to make in this environment.
You press <<13>> and receive 41 points.
You press <<24>> and receive 37 points.
You press <<18>> and receive 24 points.
You press <<4>> and receive 48 points.
You press <<3>> and receive 38 points.
You press <<5>> and receive 56 points.
You press <<6>> and receive 65 points.
You press <<7>> and receive 63 points.
You press <<6>> and receive 65 points.
You press <<6>> and receive 65 points.

Environment number 11:
The value of option 14 is 43. You have 5 choices to make in this environment.
You press <<15>> and receive 39 points.
You press <<13>> and receive 53 points.
You press <<12>> and receive 64 points.
You press <<11>> and receive 70 points.
You press <<10>> and receive 64 points.

Environment number 12:
The value of option 3 is 6. You have 5 choices to make in this environment.
You press <<16>> and receive 21 points.
You press <<23>> and receive 0 points.
You press <<9>> and receive 37 points.
You press <<9>> and receive 36 points.
You press <<9>> and receive 38 points.

Environment number 13:
The value of option 1 is 48. You have 10 choices to make in this environment.
You press <<2>> and receive 25 points.
You press <<1>> and receive 48 points.
You press <<1>> and receive 48 points.
You press <<1>> and receive 48 points.
You press <<1>> and receive 48 points.
You press <<1>> and receive 48 points.
You press <<1>> and receive 46 points.
You press <<1>> and receive 49 points.
You press <<1>> and receive 47 points.
You press <<1>> and receive 47 points.

Environment number 14:
The value of option 25 is 40. You have 10 choices to make in this environment.
You press <<24>> and receive 16 points.
You press <<26>> and receive 62 points.
You press <<27>> and receive 64 points.
You press <<28>> and receive 50 points.
You press <<27>> and receive 67 points.
You press <<27>> and receive 63 points.
You press <<",45
14,26,8,27,1,smooth,25,10,40,65,"You will be presented with a series of 16 different environments to explore.
In each trial, you can select an option between numbers 1 and 30 by pressing the corresponding key.
By selecting any of these options, you will earn points associated with each unique option.
Imagine these options 1 through 30 as lying next to each other in an ordered line; options closer to each other tend to have similar rewards as rewards tend to cluster together.
For each environment, you will be able to make either 5 or 10 choices.
When you made all your choices in a given environment, you will start making choices in the next unexplored environment.
The rewards underlying the different options are different in each environment so you will learn them anew for each environment.
Each environment starts with the value of a single option revealed.
When you choose the number corresponding to a different option, you will be told the value of that option and receive those points.
Previously revealed options, including the starting option, can also be reselected, although there may be small changes in the point value.
It is your task to to learn where the largest reward is in each of the 16 environments.

Environment number 1:
The value of option 30 is 51. You have 5 choices to make in this environment.
You press <<29>> and receive 56 points.
You press <<28>> and receive 52 points.
You press <<27>> and receive 43 points.
You press <<26>> and receive 34 points.
You press <<25>> and receive 27 points.

Environment number 2:
The value of option 2 is 18. You have 5 choices to make in this environment.
You press <<26>> and receive 0 points.
You press <<15>> and receive 5 points.
You press <<7>> and receive 59 points.
You press <<8>> and receive 74 points.
You press <<9>> and receive 72 points.

Environment number 3:
The value of option 6 is 14. You have 10 choices to make in this environment.
You press <<16>> and receive 28 points.
You press <<25>> and receive 1 points.
You press <<10>> and receive 29 points.
You press <<5>> and receive 26 points.
You press <<4>> and receive 31 points.
You press <<3>> and receive 30 points.
You press <<2>> and receive 36 points.
You press <<1>> and receive 43 points.
You press <<1>> and receive 42 points.
You press <<1>> and receive 43 points.

Environment number 4:
The value of option 11 is 38. You have 10 choices to make in this environment.
You press <<5>> and receive 52 points.
You press <<3>> and receive 60 points.
You press <<3>> and receive 58 points.
You press <<3>> and receive 59 points.
You press <<3>> and receive 61 points.
You press <<3>> and receive 57 points.
You press <<3>> and receive 58 points.
You press <<3>> and receive 58 points.
You press <<3>> and receive 58 points.
You press <<3>> and receive 60 points.

Environment number 5:
The value of option 9 is 6. You have 10 choices to make in this environment.
You press <<28>> and receive 42 points.
You press <<27>> and receive 39 points.
You press <<29>> and receive 43 points.
You press <<29>> and receive 42 points.
You press <<29>> and receive 42 points.
You press <<29>> and receive 43 points.
You press <<29>> and receive 43 points.
You press <<29>> and receive 42 points.
You press <<29>> and receive 42 points.
You press <<29>> and receive 42 points.

Environment number 6:
The value of option 12 is 55. You have 10 choices to make in this environment.
You press <<11>> and receive 65 points.
You press <<10>> and receive 72 points.
You press <<9>> and receive 72 points.
You press <<9>> and receive 69 points.
You press <<9>> and receive 70 points.
You press <<9>> and receive 72 points.
You press <<9>> and receive 70 points.
You press <<9>> and receive 70 points.
You press <<9>> and receive 71 points.
You press <<9>> and receive 70 points.

Environment number 7:
The value of option 25 is 54. You have 5 choices to make in this environment.
You press <<24>> and receive 39 points.
You press <<26>> and receive 68 points.
You press <<27>> and receive 71 points.
You press <<28>> and receive 65 points.
You press <<27>> and receive 70 points.

Environment number 8:
The value of option 24 is 78. You have 5 choices to make in this environment.
You press <<23>> and receive 77 points.
You press <<25>> and receive 79 points.
You press <<26>> and receive 65 points.
You press <<25>> and receive 79 points.
You press <<25>> and receive 78 points.

Environment number 9:
The value of option 11 is 59. You have 5 choices to make in this environment.
You press <<10>> and receive 69 points.
You press <<9>> and receive 68 points.
You press <<8>> and receive 60 points.
You press <<7>> and receive 52 points.
You press <<10>> and receive 70 points.

Environment number 10:
The value of option 4 is 47. You have 10 choices to make in this environment.
You press <<13>> and receive 41 points.
You press <<24>> and receive 37 points.
You press <<18>> and receive 24 points.
You press <<4>> and receive 48 points.
You press <<3>> and receive 38 points.
You press <<5>> and receive 56 points.
You press <<6>> and receive 65 points.
You press <<7>> and receive 63 points.
You press <<6>> and receive 65 points.
You press <<6>> and receive 65 points.

Environment number 11:
The value of option 14 is 43. You have 5 choices to make in this environment.
You press <<15>> and receive 39 points.
You press <<13>> and receive 53 points.
You press <<12>> and receive 64 points.
You press <<11>> and receive 70 points.
You press <<10>> and receive 64 points.

Environment number 12:
The value of option 3 is 6. You have 5 choices to make in this environment.
You press <<16>> and receive 21 points.
You press <<23>> and receive 0 points.
You press <<9>> and receive 37 points.
You press <<9>> and receive 36 points.
You press <<9>> and receive 38 points.

Environment number 13:
The value of option 1 is 48. You have 10 choices to make in this environment.
You press <<2>> and receive 25 points.
You press <<1>> and receive 48 points.
You press <<1>> and receive 48 points.
You press <<1>> and receive 48 points.
You press <<1>> and receive 48 points.
You press <<1>> and receive 48 points.
You press <<1>> and receive 46 points.
You press <<1>> and receive 49 points.
You press <<1>> and receive 47 points.
You press <<1>> and receive 47 points.

Environment number 14:
The value of option 25 is 40. You have 10 choices to make in this environment.
You press <<24>> and receive 16 points.
You press <<26>> and receive 62 points.
You press <<27>> and receive 64 points.
You press <<28>> and receive 50 points.
You press <<27>> and receive 67 points.
You press <<27>> and receive 63 points.
You press <<27>> and receive 63 points.
You press <<",45
14,26,9,27,1,smooth,25,10,40,63,"You will be presented with a series of 16 different environments to explore.
In each trial, you can select an option between numbers 1 and 30 by pressing the corresponding key.
By selecting any of these options, you will earn points associated with each unique option.
Imagine these options 1 through 30 as lying next to each other in an ordered line; options closer to each other tend to have similar rewards as rewards tend to cluster together.
For each environment, you will be able to make either 5 or 10 choices.
When you made all your choices in a given environment, you will start making choices in the next unexplored environment.
The rewards underlying the different options are different in each environment so you will learn them anew for each environment.
Each environment starts with the value of a single option revealed.
When you choose the number corresponding to a different option, you will be told the value of that option and receive those points.
Previously revealed options, including the starting option, can also be reselected, although there may be small changes in the point value.
It is your task to to learn where the largest reward is in each of the 16 environments.

Environment number 1:
The value of option 30 is 51. You have 5 choices to make in this environment.
You press <<29>> and receive 56 points.
You press <<28>> and receive 52 points.
You press <<27>> and receive 43 points.
You press <<26>> and receive 34 points.
You press <<25>> and receive 27 points.

Environment number 2:
The value of option 2 is 18. You have 5 choices to make in this environment.
You press <<26>> and receive 0 points.
You press <<15>> and receive 5 points.
You press <<7>> and receive 59 points.
You press <<8>> and receive 74 points.
You press <<9>> and receive 72 points.

Environment number 3:
The value of option 6 is 14. You have 10 choices to make in this environment.
You press <<16>> and receive 28 points.
You press <<25>> and receive 1 points.
You press <<10>> and receive 29 points.
You press <<5>> and receive 26 points.
You press <<4>> and receive 31 points.
You press <<3>> and receive 30 points.
You press <<2>> and receive 36 points.
You press <<1>> and receive 43 points.
You press <<1>> and receive 42 points.
You press <<1>> and receive 43 points.

Environment number 4:
The value of option 11 is 38. You have 10 choices to make in this environment.
You press <<5>> and receive 52 points.
You press <<3>> and receive 60 points.
You press <<3>> and receive 58 points.
You press <<3>> and receive 59 points.
You press <<3>> and receive 61 points.
You press <<3>> and receive 57 points.
You press <<3>> and receive 58 points.
You press <<3>> and receive 58 points.
You press <<3>> and receive 58 points.
You press <<3>> and receive 60 points.

Environment number 5:
The value of option 9 is 6. You have 10 choices to make in this environment.
You press <<28>> and receive 42 points.
You press <<27>> and receive 39 points.
You press <<29>> and receive 43 points.
You press <<29>> and receive 42 points.
You press <<29>> and receive 42 points.
You press <<29>> and receive 43 points.
You press <<29>> and receive 43 points.
You press <<29>> and receive 42 points.
You press <<29>> and receive 42 points.
You press <<29>> and receive 42 points.

Environment number 6:
The value of option 12 is 55. You have 10 choices to make in this environment.
You press <<11>> and receive 65 points.
You press <<10>> and receive 72 points.
You press <<9>> and receive 72 points.
You press <<9>> and receive 69 points.
You press <<9>> and receive 70 points.
You press <<9>> and receive 72 points.
You press <<9>> and receive 70 points.
You press <<9>> and receive 70 points.
You press <<9>> and receive 71 points.
You press <<9>> and receive 70 points.

Environment number 7:
The value of option 25 is 54. You have 5 choices to make in this environment.
You press <<24>> and receive 39 points.
You press <<26>> and receive 68 points.
You press <<27>> and receive 71 points.
You press <<28>> and receive 65 points.
You press <<27>> and receive 70 points.

Environment number 8:
The value of option 24 is 78. You have 5 choices to make in this environment.
You press <<23>> and receive 77 points.
You press <<25>> and receive 79 points.
You press <<26>> and receive 65 points.
You press <<25>> and receive 79 points.
You press <<25>> and receive 78 points.

Environment number 9:
The value of option 11 is 59. You have 5 choices to make in this environment.
You press <<10>> and receive 69 points.
You press <<9>> and receive 68 points.
You press <<8>> and receive 60 points.
You press <<7>> and receive 52 points.
You press <<10>> and receive 70 points.

Environment number 10:
The value of option 4 is 47. You have 10 choices to make in this environment.
You press <<13>> and receive 41 points.
You press <<24>> and receive 37 points.
You press <<18>> and receive 24 points.
You press <<4>> and receive 48 points.
You press <<3>> and receive 38 points.
You press <<5>> and receive 56 points.
You press <<6>> and receive 65 points.
You press <<7>> and receive 63 points.
You press <<6>> and receive 65 points.
You press <<6>> and receive 65 points.

Environment number 11:
The value of option 14 is 43. You have 5 choices to make in this environment.
You press <<15>> and receive 39 points.
You press <<13>> and receive 53 points.
You press <<12>> and receive 64 points.
You press <<11>> and receive 70 points.
You press <<10>> and receive 64 points.

Environment number 12:
The value of option 3 is 6. You have 5 choices to make in this environment.
You press <<16>> and receive 21 points.
You press <<23>> and receive 0 points.
You press <<9>> and receive 37 points.
You press <<9>> and receive 36 points.
You press <<9>> and receive 38 points.

Environment number 13:
The value of option 1 is 48. You have 10 choices to make in this environment.
You press <<2>> and receive 25 points.
You press <<1>> and receive 48 points.
You press <<1>> and receive 48 points.
You press <<1>> and receive 48 points.
You press <<1>> and receive 48 points.
You press <<1>> and receive 48 points.
You press <<1>> and receive 46 points.
You press <<1>> and receive 49 points.
You press <<1>> and receive 47 points.
You press <<1>> and receive 47 points.

Environment number 14:
The value of option 25 is 40. You have 10 choices to make in this environment.
You press <<24>> and receive 16 points.
You press <<26>> and receive 62 points.
You press <<27>> and receive 64 points.
You press <<28>> and receive 50 points.
You press <<27>> and receive 67 points.
You press <<27>> and receive 63 points.
You press <<27>> and receive 63 points.
You press <<27>> and receive 65 points.
You press <<",45
14,26,10,27,1,smooth,25,10,40,64,"You will be presented with a series of 16 different environments to explore.
In each trial, you can select an option between numbers 1 and 30 by pressing the corresponding key.
By selecting any of these options, you will earn points associated with each unique option.
Imagine these options 1 through 30 as lying next to each other in an ordered line; options closer to each other tend to have similar rewards as rewards tend to cluster together.
For each environment, you will be able to make either 5 or 10 choices.
When you made all your choices in a given environment, you will start making choices in the next unexplored environment.
The rewards underlying the different options are different in each environment so you will learn them anew for each environment.
Each environment starts with the value of a single option revealed.
When you choose the number corresponding to a different option, you will be told the value of that option and receive those points.
Previously revealed options, including the starting option, can also be reselected, although there may be small changes in the point value.
It is your task to to learn where the largest reward is in each of the 16 environments.

Environment number 1:
The value of option 30 is 51. You have 5 choices to make in this environment.
You press <<29>> and receive 56 points.
You press <<28>> and receive 52 points.
You press <<27>> and receive 43 points.
You press <<26>> and receive 34 points.
You press <<25>> and receive 27 points.

Environment number 2:
The value of option 2 is 18. You have 5 choices to make in this environment.
You press <<26>> and receive 0 points.
You press <<15>> and receive 5 points.
You press <<7>> and receive 59 points.
You press <<8>> and receive 74 points.
You press <<9>> and receive 72 points.

Environment number 3:
The value of option 6 is 14. You have 10 choices to make in this environment.
You press <<16>> and receive 28 points.
You press <<25>> and receive 1 points.
You press <<10>> and receive 29 points.
You press <<5>> and receive 26 points.
You press <<4>> and receive 31 points.
You press <<3>> and receive 30 points.
You press <<2>> and receive 36 points.
You press <<1>> and receive 43 points.
You press <<1>> and receive 42 points.
You press <<1>> and receive 43 points.

Environment number 4:
The value of option 11 is 38. You have 10 choices to make in this environment.
You press <<5>> and receive 52 points.
You press <<3>> and receive 60 points.
You press <<3>> and receive 58 points.
You press <<3>> and receive 59 points.
You press <<3>> and receive 61 points.
You press <<3>> and receive 57 points.
You press <<3>> and receive 58 points.
You press <<3>> and receive 58 points.
You press <<3>> and receive 58 points.
You press <<3>> and receive 60 points.

Environment number 5:
The value of option 9 is 6. You have 10 choices to make in this environment.
You press <<28>> and receive 42 points.
You press <<27>> and receive 39 points.
You press <<29>> and receive 43 points.
You press <<29>> and receive 42 points.
You press <<29>> and receive 42 points.
You press <<29>> and receive 43 points.
You press <<29>> and receive 43 points.
You press <<29>> and receive 42 points.
You press <<29>> and receive 42 points.
You press <<29>> and receive 42 points.

Environment number 6:
The value of option 12 is 55. You have 10 choices to make in this environment.
You press <<11>> and receive 65 points.
You press <<10>> and receive 72 points.
You press <<9>> and receive 72 points.
You press <<9>> and receive 69 points.
You press <<9>> and receive 70 points.
You press <<9>> and receive 72 points.
You press <<9>> and receive 70 points.
You press <<9>> and receive 70 points.
You press <<9>> and receive 71 points.
You press <<9>> and receive 70 points.

Environment number 7:
The value of option 25 is 54. You have 5 choices to make in this environment.
You press <<24>> and receive 39 points.
You press <<26>> and receive 68 points.
You press <<27>> and receive 71 points.
You press <<28>> and receive 65 points.
You press <<27>> and receive 70 points.

Environment number 8:
The value of option 24 is 78. You have 5 choices to make in this environment.
You press <<23>> and receive 77 points.
You press <<25>> and receive 79 points.
You press <<26>> and receive 65 points.
You press <<25>> and receive 79 points.
You press <<25>> and receive 78 points.

Environment number 9:
The value of option 11 is 59. You have 5 choices to make in this environment.
You press <<10>> and receive 69 points.
You press <<9>> and receive 68 points.
You press <<8>> and receive 60 points.
You press <<7>> and receive 52 points.
You press <<10>> and receive 70 points.

Environment number 10:
The value of option 4 is 47. You have 10 choices to make in this environment.
You press <<13>> and receive 41 points.
You press <<24>> and receive 37 points.
You press <<18>> and receive 24 points.
You press <<4>> and receive 48 points.
You press <<3>> and receive 38 points.
You press <<5>> and receive 56 points.
You press <<6>> and receive 65 points.
You press <<7>> and receive 63 points.
You press <<6>> and receive 65 points.
You press <<6>> and receive 65 points.

Environment number 11:
The value of option 14 is 43. You have 5 choices to make in this environment.
You press <<15>> and receive 39 points.
You press <<13>> and receive 53 points.
You press <<12>> and receive 64 points.
You press <<11>> and receive 70 points.
You press <<10>> and receive 64 points.

Environment number 12:
The value of option 3 is 6. You have 5 choices to make in this environment.
You press <<16>> and receive 21 points.
You press <<23>> and receive 0 points.
You press <<9>> and receive 37 points.
You press <<9>> and receive 36 points.
You press <<9>> and receive 38 points.

Environment number 13:
The value of option 1 is 48. You have 10 choices to make in this environment.
You press <<2>> and receive 25 points.
You press <<1>> and receive 48 points.
You press <<1>> and receive 48 points.
You press <<1>> and receive 48 points.
You press <<1>> and receive 48 points.
You press <<1>> and receive 48 points.
You press <<1>> and receive 46 points.
You press <<1>> and receive 49 points.
You press <<1>> and receive 47 points.
You press <<1>> and receive 47 points.

Environment number 14:
The value of option 25 is 40. You have 10 choices to make in this environment.
You press <<24>> and receive 16 points.
You press <<26>> and receive 62 points.
You press <<27>> and receive 64 points.
You press <<28>> and receive 50 points.
You press <<27>> and receive 67 points.
You press <<27>> and receive 63 points.
You press <<27>> and receive 63 points.
You press <<27>> and receive 65 points.
You press <<27>> and receive 63 points.
You press <<",45
15,29,1,22,1,smooth,11,10,15,80,"You will be presented with a series of 16 different environments to explore.
In each trial, you can select an option between numbers 1 and 30 by pressing the corresponding key.
By selecting any of these options, you will earn points associated with each unique option.
Imagine these options 1 through 30 as lying next to each other in an ordered line; options closer to each other tend to have similar rewards as rewards tend to cluster together.
For each environment, you will be able to make either 5 or 10 choices.
When you made all your choices in a given environment, you will start making choices in the next unexplored environment.
The rewards underlying the different options are different in each environment so you will learn them anew for each environment.
Each environment starts with the value of a single option revealed.
When you choose the number corresponding to a different option, you will be told the value of that option and receive those points.
Previously revealed options, including the starting option, can also be reselected, although there may be small changes in the point value.
It is your task to to learn where the largest reward is in each of the 16 environments.

Environment number 1:
The value of option 30 is 51. You have 5 choices to make in this environment.
You press <<29>> and receive 56 points.
You press <<28>> and receive 52 points.
You press <<27>> and receive 43 points.
You press <<26>> and receive 34 points.
You press <<25>> and receive 27 points.

Environment number 2:
The value of option 2 is 18. You have 5 choices to make in this environment.
You press <<26>> and receive 0 points.
You press <<15>> and receive 5 points.
You press <<7>> and receive 59 points.
You press <<8>> and receive 74 points.
You press <<9>> and receive 72 points.

Environment number 3:
The value of option 6 is 14. You have 10 choices to make in this environment.
You press <<16>> and receive 28 points.
You press <<25>> and receive 1 points.
You press <<10>> and receive 29 points.
You press <<5>> and receive 26 points.
You press <<4>> and receive 31 points.
You press <<3>> and receive 30 points.
You press <<2>> and receive 36 points.
You press <<1>> and receive 43 points.
You press <<1>> and receive 42 points.
You press <<1>> and receive 43 points.

Environment number 4:
The value of option 11 is 38. You have 10 choices to make in this environment.
You press <<5>> and receive 52 points.
You press <<3>> and receive 60 points.
You press <<3>> and receive 58 points.
You press <<3>> and receive 59 points.
You press <<3>> and receive 61 points.
You press <<3>> and receive 57 points.
You press <<3>> and receive 58 points.
You press <<3>> and receive 58 points.
You press <<3>> and receive 58 points.
You press <<3>> and receive 60 points.

Environment number 5:
The value of option 9 is 6. You have 10 choices to make in this environment.
You press <<28>> and receive 42 points.
You press <<27>> and receive 39 points.
You press <<29>> and receive 43 points.
You press <<29>> and receive 42 points.
You press <<29>> and receive 42 points.
You press <<29>> and receive 43 points.
You press <<29>> and receive 43 points.
You press <<29>> and receive 42 points.
You press <<29>> and receive 42 points.
You press <<29>> and receive 42 points.

Environment number 6:
The value of option 12 is 55. You have 10 choices to make in this environment.
You press <<11>> and receive 65 points.
You press <<10>> and receive 72 points.
You press <<9>> and receive 72 points.
You press <<9>> and receive 69 points.
You press <<9>> and receive 70 points.
You press <<9>> and receive 72 points.
You press <<9>> and receive 70 points.
You press <<9>> and receive 70 points.
You press <<9>> and receive 71 points.
You press <<9>> and receive 70 points.

Environment number 7:
The value of option 25 is 54. You have 5 choices to make in this environment.
You press <<24>> and receive 39 points.
You press <<26>> and receive 68 points.
You press <<27>> and receive 71 points.
You press <<28>> and receive 65 points.
You press <<27>> and receive 70 points.

Environment number 8:
The value of option 24 is 78. You have 5 choices to make in this environment.
You press <<23>> and receive 77 points.
You press <<25>> and receive 79 points.
You press <<26>> and receive 65 points.
You press <<25>> and receive 79 points.
You press <<25>> and receive 78 points.

Environment number 9:
The value of option 11 is 59. You have 5 choices to make in this environment.
You press <<10>> and receive 69 points.
You press <<9>> and receive 68 points.
You press <<8>> and receive 60 points.
You press <<7>> and receive 52 points.
You press <<10>> and receive 70 points.

Environment number 10:
The value of option 4 is 47. You have 10 choices to make in this environment.
You press <<13>> and receive 41 points.
You press <<24>> and receive 37 points.
You press <<18>> and receive 24 points.
You press <<4>> and receive 48 points.
You press <<3>> and receive 38 points.
You press <<5>> and receive 56 points.
You press <<6>> and receive 65 points.
You press <<7>> and receive 63 points.
You press <<6>> and receive 65 points.
You press <<6>> and receive 65 points.

Environment number 11:
The value of option 14 is 43. You have 5 choices to make in this environment.
You press <<15>> and receive 39 points.
You press <<13>> and receive 53 points.
You press <<12>> and receive 64 points.
You press <<11>> and receive 70 points.
You press <<10>> and receive 64 points.

Environment number 12:
The value of option 3 is 6. You have 5 choices to make in this environment.
You press <<16>> and receive 21 points.
You press <<23>> and receive 0 points.
You press <<9>> and receive 37 points.
You press <<9>> and receive 36 points.
You press <<9>> and receive 38 points.

Environment number 13:
The value of option 1 is 48. You have 10 choices to make in this environment.
You press <<2>> and receive 25 points.
You press <<1>> and receive 48 points.
You press <<1>> and receive 48 points.
You press <<1>> and receive 48 points.
You press <<1>> and receive 48 points.
You press <<1>> and receive 48 points.
You press <<1>> and receive 46 points.
You press <<1>> and receive 49 points.
You press <<1>> and receive 47 points.
You press <<1>> and receive 47 points.

Environment number 14:
The value of option 25 is 40. You have 10 choices to make in this environment.
You press <<24>> and receive 16 points.
You press <<26>> and receive 62 points.
You press <<27>> and receive 64 points.
You press <<28>> and receive 50 points.
You press <<27>> and receive 67 points.
You press <<27>> and receive 63 points.
You press <<27>> and receive 63 points.
You press <<27>> and receive 65 points.
You press <<27>> and receive 63 points.
You press <<27>> and receive 64 points.

Environment number 15:
The value of option 11 is 15. You have 10 choices to make in this environment.
You press <<",45
15,29,2,23,1,smooth,11,10,15,81,"You will be presented with a series of 16 different environments to explore.
In each trial, you can select an option between numbers 1 and 30 by pressing the corresponding key.
By selecting any of these options, you will earn points associated with each unique option.
Imagine these options 1 through 30 as lying next to each other in an ordered line; options closer to each other tend to have similar rewards as rewards tend to cluster together.
For each environment, you will be able to make either 5 or 10 choices.
When you made all your choices in a given environment, you will start making choices in the next unexplored environment.
The rewards underlying the different options are different in each environment so you will learn them anew for each environment.
Each environment starts with the value of a single option revealed.
When you choose the number corresponding to a different option, you will be told the value of that option and receive those points.
Previously revealed options, including the starting option, can also be reselected, although there may be small changes in the point value.
It is your task to to learn where the largest reward is in each of the 16 environments.

Environment number 1:
The value of option 30 is 51. You have 5 choices to make in this environment.
You press <<29>> and receive 56 points.
You press <<28>> and receive 52 points.
You press <<27>> and receive 43 points.
You press <<26>> and receive 34 points.
You press <<25>> and receive 27 points.

Environment number 2:
The value of option 2 is 18. You have 5 choices to make in this environment.
You press <<26>> and receive 0 points.
You press <<15>> and receive 5 points.
You press <<7>> and receive 59 points.
You press <<8>> and receive 74 points.
You press <<9>> and receive 72 points.

Environment number 3:
The value of option 6 is 14. You have 10 choices to make in this environment.
You press <<16>> and receive 28 points.
You press <<25>> and receive 1 points.
You press <<10>> and receive 29 points.
You press <<5>> and receive 26 points.
You press <<4>> and receive 31 points.
You press <<3>> and receive 30 points.
You press <<2>> and receive 36 points.
You press <<1>> and receive 43 points.
You press <<1>> and receive 42 points.
You press <<1>> and receive 43 points.

Environment number 4:
The value of option 11 is 38. You have 10 choices to make in this environment.
You press <<5>> and receive 52 points.
You press <<3>> and receive 60 points.
You press <<3>> and receive 58 points.
You press <<3>> and receive 59 points.
You press <<3>> and receive 61 points.
You press <<3>> and receive 57 points.
You press <<3>> and receive 58 points.
You press <<3>> and receive 58 points.
You press <<3>> and receive 58 points.
You press <<3>> and receive 60 points.

Environment number 5:
The value of option 9 is 6. You have 10 choices to make in this environment.
You press <<28>> and receive 42 points.
You press <<27>> and receive 39 points.
You press <<29>> and receive 43 points.
You press <<29>> and receive 42 points.
You press <<29>> and receive 42 points.
You press <<29>> and receive 43 points.
You press <<29>> and receive 43 points.
You press <<29>> and receive 42 points.
You press <<29>> and receive 42 points.
You press <<29>> and receive 42 points.

Environment number 6:
The value of option 12 is 55. You have 10 choices to make in this environment.
You press <<11>> and receive 65 points.
You press <<10>> and receive 72 points.
You press <<9>> and receive 72 points.
You press <<9>> and receive 69 points.
You press <<9>> and receive 70 points.
You press <<9>> and receive 72 points.
You press <<9>> and receive 70 points.
You press <<9>> and receive 70 points.
You press <<9>> and receive 71 points.
You press <<9>> and receive 70 points.

Environment number 7:
The value of option 25 is 54. You have 5 choices to make in this environment.
You press <<24>> and receive 39 points.
You press <<26>> and receive 68 points.
You press <<27>> and receive 71 points.
You press <<28>> and receive 65 points.
You press <<27>> and receive 70 points.

Environment number 8:
The value of option 24 is 78. You have 5 choices to make in this environment.
You press <<23>> and receive 77 points.
You press <<25>> and receive 79 points.
You press <<26>> and receive 65 points.
You press <<25>> and receive 79 points.
You press <<25>> and receive 78 points.

Environment number 9:
The value of option 11 is 59. You have 5 choices to make in this environment.
You press <<10>> and receive 69 points.
You press <<9>> and receive 68 points.
You press <<8>> and receive 60 points.
You press <<7>> and receive 52 points.
You press <<10>> and receive 70 points.

Environment number 10:
The value of option 4 is 47. You have 10 choices to make in this environment.
You press <<13>> and receive 41 points.
You press <<24>> and receive 37 points.
You press <<18>> and receive 24 points.
You press <<4>> and receive 48 points.
You press <<3>> and receive 38 points.
You press <<5>> and receive 56 points.
You press <<6>> and receive 65 points.
You press <<7>> and receive 63 points.
You press <<6>> and receive 65 points.
You press <<6>> and receive 65 points.

Environment number 11:
The value of option 14 is 43. You have 5 choices to make in this environment.
You press <<15>> and receive 39 points.
You press <<13>> and receive 53 points.
You press <<12>> and receive 64 points.
You press <<11>> and receive 70 points.
You press <<10>> and receive 64 points.

Environment number 12:
The value of option 3 is 6. You have 5 choices to make in this environment.
You press <<16>> and receive 21 points.
You press <<23>> and receive 0 points.
You press <<9>> and receive 37 points.
You press <<9>> and receive 36 points.
You press <<9>> and receive 38 points.

Environment number 13:
The value of option 1 is 48. You have 10 choices to make in this environment.
You press <<2>> and receive 25 points.
You press <<1>> and receive 48 points.
You press <<1>> and receive 48 points.
You press <<1>> and receive 48 points.
You press <<1>> and receive 48 points.
You press <<1>> and receive 48 points.
You press <<1>> and receive 46 points.
You press <<1>> and receive 49 points.
You press <<1>> and receive 47 points.
You press <<1>> and receive 47 points.

Environment number 14:
The value of option 25 is 40. You have 10 choices to make in this environment.
You press <<24>> and receive 16 points.
You press <<26>> and receive 62 points.
You press <<27>> and receive 64 points.
You press <<28>> and receive 50 points.
You press <<27>> and receive 67 points.
You press <<27>> and receive 63 points.
You press <<27>> and receive 63 points.
You press <<27>> and receive 65 points.
You press <<27>> and receive 63 points.
You press <<27>> and receive 64 points.

Environment number 15:
The value of option 11 is 15. You have 10 choices to make in this environment.
You press <<22>> and receive 80 points.
You press <<",45
15,29,3,24,1,smooth,11,10,15,74,"You will be presented with a series of 16 different environments to explore.
In each trial, you can select an option between numbers 1 and 30 by pressing the corresponding key.
By selecting any of these options, you will earn points associated with each unique option.
Imagine these options 1 through 30 as lying next to each other in an ordered line; options closer to each other tend to have similar rewards as rewards tend to cluster together.
For each environment, you will be able to make either 5 or 10 choices.
When you made all your choices in a given environment, you will start making choices in the next unexplored environment.
The rewards underlying the different options are different in each environment so you will learn them anew for each environment.
Each environment starts with the value of a single option revealed.
When you choose the number corresponding to a different option, you will be told the value of that option and receive those points.
Previously revealed options, including the starting option, can also be reselected, although there may be small changes in the point value.
It is your task to to learn where the largest reward is in each of the 16 environments.

Environment number 1:
The value of option 30 is 51. You have 5 choices to make in this environment.
You press <<29>> and receive 56 points.
You press <<28>> and receive 52 points.
You press <<27>> and receive 43 points.
You press <<26>> and receive 34 points.
You press <<25>> and receive 27 points.

Environment number 2:
The value of option 2 is 18. You have 5 choices to make in this environment.
You press <<26>> and receive 0 points.
You press <<15>> and receive 5 points.
You press <<7>> and receive 59 points.
You press <<8>> and receive 74 points.
You press <<9>> and receive 72 points.

Environment number 3:
The value of option 6 is 14. You have 10 choices to make in this environment.
You press <<16>> and receive 28 points.
You press <<25>> and receive 1 points.
You press <<10>> and receive 29 points.
You press <<5>> and receive 26 points.
You press <<4>> and receive 31 points.
You press <<3>> and receive 30 points.
You press <<2>> and receive 36 points.
You press <<1>> and receive 43 points.
You press <<1>> and receive 42 points.
You press <<1>> and receive 43 points.

Environment number 4:
The value of option 11 is 38. You have 10 choices to make in this environment.
You press <<5>> and receive 52 points.
You press <<3>> and receive 60 points.
You press <<3>> and receive 58 points.
You press <<3>> and receive 59 points.
You press <<3>> and receive 61 points.
You press <<3>> and receive 57 points.
You press <<3>> and receive 58 points.
You press <<3>> and receive 58 points.
You press <<3>> and receive 58 points.
You press <<3>> and receive 60 points.

Environment number 5:
The value of option 9 is 6. You have 10 choices to make in this environment.
You press <<28>> and receive 42 points.
You press <<27>> and receive 39 points.
You press <<29>> and receive 43 points.
You press <<29>> and receive 42 points.
You press <<29>> and receive 42 points.
You press <<29>> and receive 43 points.
You press <<29>> and receive 43 points.
You press <<29>> and receive 42 points.
You press <<29>> and receive 42 points.
You press <<29>> and receive 42 points.

Environment number 6:
The value of option 12 is 55. You have 10 choices to make in this environment.
You press <<11>> and receive 65 points.
You press <<10>> and receive 72 points.
You press <<9>> and receive 72 points.
You press <<9>> and receive 69 points.
You press <<9>> and receive 70 points.
You press <<9>> and receive 72 points.
You press <<9>> and receive 70 points.
You press <<9>> and receive 70 points.
You press <<9>> and receive 71 points.
You press <<9>> and receive 70 points.

Environment number 7:
The value of option 25 is 54. You have 5 choices to make in this environment.
You press <<24>> and receive 39 points.
You press <<26>> and receive 68 points.
You press <<27>> and receive 71 points.
You press <<28>> and receive 65 points.
You press <<27>> and receive 70 points.

Environment number 8:
The value of option 24 is 78. You have 5 choices to make in this environment.
You press <<23>> and receive 77 points.
You press <<25>> and receive 79 points.
You press <<26>> and receive 65 points.
You press <<25>> and receive 79 points.
You press <<25>> and receive 78 points.

Environment number 9:
The value of option 11 is 59. You have 5 choices to make in this environment.
You press <<10>> and receive 69 points.
You press <<9>> and receive 68 points.
You press <<8>> and receive 60 points.
You press <<7>> and receive 52 points.
You press <<10>> and receive 70 points.

Environment number 10:
The value of option 4 is 47. You have 10 choices to make in this environment.
You press <<13>> and receive 41 points.
You press <<24>> and receive 37 points.
You press <<18>> and receive 24 points.
You press <<4>> and receive 48 points.
You press <<3>> and receive 38 points.
You press <<5>> and receive 56 points.
You press <<6>> and receive 65 points.
You press <<7>> and receive 63 points.
You press <<6>> and receive 65 points.
You press <<6>> and receive 65 points.

Environment number 11:
The value of option 14 is 43. You have 5 choices to make in this environment.
You press <<15>> and receive 39 points.
You press <<13>> and receive 53 points.
You press <<12>> and receive 64 points.
You press <<11>> and receive 70 points.
You press <<10>> and receive 64 points.

Environment number 12:
The value of option 3 is 6. You have 5 choices to make in this environment.
You press <<16>> and receive 21 points.
You press <<23>> and receive 0 points.
You press <<9>> and receive 37 points.
You press <<9>> and receive 36 points.
You press <<9>> and receive 38 points.

Environment number 13:
The value of option 1 is 48. You have 10 choices to make in this environment.
You press <<2>> and receive 25 points.
You press <<1>> and receive 48 points.
You press <<1>> and receive 48 points.
You press <<1>> and receive 48 points.
You press <<1>> and receive 48 points.
You press <<1>> and receive 48 points.
You press <<1>> and receive 46 points.
You press <<1>> and receive 49 points.
You press <<1>> and receive 47 points.
You press <<1>> and receive 47 points.

Environment number 14:
The value of option 25 is 40. You have 10 choices to make in this environment.
You press <<24>> and receive 16 points.
You press <<26>> and receive 62 points.
You press <<27>> and receive 64 points.
You press <<28>> and receive 50 points.
You press <<27>> and receive 67 points.
You press <<27>> and receive 63 points.
You press <<27>> and receive 63 points.
You press <<27>> and receive 65 points.
You press <<27>> and receive 63 points.
You press <<27>> and receive 64 points.

Environment number 15:
The value of option 11 is 15. You have 10 choices to make in this environment.
You press <<22>> and receive 80 points.
You press <<23>> and receive 81 points.
You press <<",45
15,29,4,21,1,smooth,11,10,15,70,"You will be presented with a series of 16 different environments to explore.
In each trial, you can select an option between numbers 1 and 30 by pressing the corresponding key.
By selecting any of these options, you will earn points associated with each unique option.
Imagine these options 1 through 30 as lying next to each other in an ordered line; options closer to each other tend to have similar rewards as rewards tend to cluster together.
For each environment, you will be able to make either 5 or 10 choices.
When you made all your choices in a given environment, you will start making choices in the next unexplored environment.
The rewards underlying the different options are different in each environment so you will learn them anew for each environment.
Each environment starts with the value of a single option revealed.
When you choose the number corresponding to a different option, you will be told the value of that option and receive those points.
Previously revealed options, including the starting option, can also be reselected, although there may be small changes in the point value.
It is your task to to learn where the largest reward is in each of the 16 environments.

Environment number 1:
The value of option 30 is 51. You have 5 choices to make in this environment.
You press <<29>> and receive 56 points.
You press <<28>> and receive 52 points.
You press <<27>> and receive 43 points.
You press <<26>> and receive 34 points.
You press <<25>> and receive 27 points.

Environment number 2:
The value of option 2 is 18. You have 5 choices to make in this environment.
You press <<26>> and receive 0 points.
You press <<15>> and receive 5 points.
You press <<7>> and receive 59 points.
You press <<8>> and receive 74 points.
You press <<9>> and receive 72 points.

Environment number 3:
The value of option 6 is 14. You have 10 choices to make in this environment.
You press <<16>> and receive 28 points.
You press <<25>> and receive 1 points.
You press <<10>> and receive 29 points.
You press <<5>> and receive 26 points.
You press <<4>> and receive 31 points.
You press <<3>> and receive 30 points.
You press <<2>> and receive 36 points.
You press <<1>> and receive 43 points.
You press <<1>> and receive 42 points.
You press <<1>> and receive 43 points.

Environment number 4:
The value of option 11 is 38. You have 10 choices to make in this environment.
You press <<5>> and receive 52 points.
You press <<3>> and receive 60 points.
You press <<3>> and receive 58 points.
You press <<3>> and receive 59 points.
You press <<3>> and receive 61 points.
You press <<3>> and receive 57 points.
You press <<3>> and receive 58 points.
You press <<3>> and receive 58 points.
You press <<3>> and receive 58 points.
You press <<3>> and receive 60 points.

Environment number 5:
The value of option 9 is 6. You have 10 choices to make in this environment.
You press <<28>> and receive 42 points.
You press <<27>> and receive 39 points.
You press <<29>> and receive 43 points.
You press <<29>> and receive 42 points.
You press <<29>> and receive 42 points.
You press <<29>> and receive 43 points.
You press <<29>> and receive 43 points.
You press <<29>> and receive 42 points.
You press <<29>> and receive 42 points.
You press <<29>> and receive 42 points.

Environment number 6:
The value of option 12 is 55. You have 10 choices to make in this environment.
You press <<11>> and receive 65 points.
You press <<10>> and receive 72 points.
You press <<9>> and receive 72 points.
You press <<9>> and receive 69 points.
You press <<9>> and receive 70 points.
You press <<9>> and receive 72 points.
You press <<9>> and receive 70 points.
You press <<9>> and receive 70 points.
You press <<9>> and receive 71 points.
You press <<9>> and receive 70 points.

Environment number 7:
The value of option 25 is 54. You have 5 choices to make in this environment.
You press <<24>> and receive 39 points.
You press <<26>> and receive 68 points.
You press <<27>> and receive 71 points.
You press <<28>> and receive 65 points.
You press <<27>> and receive 70 points.

Environment number 8:
The value of option 24 is 78. You have 5 choices to make in this environment.
You press <<23>> and receive 77 points.
You press <<25>> and receive 79 points.
You press <<26>> and receive 65 points.
You press <<25>> and receive 79 points.
You press <<25>> and receive 78 points.

Environment number 9:
The value of option 11 is 59. You have 5 choices to make in this environment.
You press <<10>> and receive 69 points.
You press <<9>> and receive 68 points.
You press <<8>> and receive 60 points.
You press <<7>> and receive 52 points.
You press <<10>> and receive 70 points.

Environment number 10:
The value of option 4 is 47. You have 10 choices to make in this environment.
You press <<13>> and receive 41 points.
You press <<24>> and receive 37 points.
You press <<18>> and receive 24 points.
You press <<4>> and receive 48 points.
You press <<3>> and receive 38 points.
You press <<5>> and receive 56 points.
You press <<6>> and receive 65 points.
You press <<7>> and receive 63 points.
You press <<6>> and receive 65 points.
You press <<6>> and receive 65 points.

Environment number 11:
The value of option 14 is 43. You have 5 choices to make in this environment.
You press <<15>> and receive 39 points.
You press <<13>> and receive 53 points.
You press <<12>> and receive 64 points.
You press <<11>> and receive 70 points.
You press <<10>> and receive 64 points.

Environment number 12:
The value of option 3 is 6. You have 5 choices to make in this environment.
You press <<16>> and receive 21 points.
You press <<23>> and receive 0 points.
You press <<9>> and receive 37 points.
You press <<9>> and receive 36 points.
You press <<9>> and receive 38 points.

Environment number 13:
The value of option 1 is 48. You have 10 choices to make in this environment.
You press <<2>> and receive 25 points.
You press <<1>> and receive 48 points.
You press <<1>> and receive 48 points.
You press <<1>> and receive 48 points.
You press <<1>> and receive 48 points.
You press <<1>> and receive 48 points.
You press <<1>> and receive 46 points.
You press <<1>> and receive 49 points.
You press <<1>> and receive 47 points.
You press <<1>> and receive 47 points.

Environment number 14:
The value of option 25 is 40. You have 10 choices to make in this environment.
You press <<24>> and receive 16 points.
You press <<26>> and receive 62 points.
You press <<27>> and receive 64 points.
You press <<28>> and receive 50 points.
You press <<27>> and receive 67 points.
You press <<27>> and receive 63 points.
You press <<27>> and receive 63 points.
You press <<27>> and receive 65 points.
You press <<27>> and receive 63 points.
You press <<27>> and receive 64 points.

Environment number 15:
The value of option 11 is 15. You have 10 choices to make in this environment.
You press <<22>> and receive 80 points.
You press <<23>> and receive 81 points.
You press <<24>> and receive 74 points.
You press <<",45
15,29,5,22,1,smooth,11,10,15,81,"You will be presented with a series of 16 different environments to explore.
In each trial, you can select an option between numbers 1 and 30 by pressing the corresponding key.
By selecting any of these options, you will earn points associated with each unique option.
Imagine these options 1 through 30 as lying next to each other in an ordered line; options closer to each other tend to have similar rewards as rewards tend to cluster together.
For each environment, you will be able to make either 5 or 10 choices.
When you made all your choices in a given environment, you will start making choices in the next unexplored environment.
The rewards underlying the different options are different in each environment so you will learn them anew for each environment.
Each environment starts with the value of a single option revealed.
When you choose the number corresponding to a different option, you will be told the value of that option and receive those points.
Previously revealed options, including the starting option, can also be reselected, although there may be small changes in the point value.
It is your task to to learn where the largest reward is in each of the 16 environments.

Environment number 1:
The value of option 30 is 51. You have 5 choices to make in this environment.
You press <<29>> and receive 56 points.
You press <<28>> and receive 52 points.
You press <<27>> and receive 43 points.
You press <<26>> and receive 34 points.
You press <<25>> and receive 27 points.

Environment number 2:
The value of option 2 is 18. You have 5 choices to make in this environment.
You press <<26>> and receive 0 points.
You press <<15>> and receive 5 points.
You press <<7>> and receive 59 points.
You press <<8>> and receive 74 points.
You press <<9>> and receive 72 points.

Environment number 3:
The value of option 6 is 14. You have 10 choices to make in this environment.
You press <<16>> and receive 28 points.
You press <<25>> and receive 1 points.
You press <<10>> and receive 29 points.
You press <<5>> and receive 26 points.
You press <<4>> and receive 31 points.
You press <<3>> and receive 30 points.
You press <<2>> and receive 36 points.
You press <<1>> and receive 43 points.
You press <<1>> and receive 42 points.
You press <<1>> and receive 43 points.

Environment number 4:
The value of option 11 is 38. You have 10 choices to make in this environment.
You press <<5>> and receive 52 points.
You press <<3>> and receive 60 points.
You press <<3>> and receive 58 points.
You press <<3>> and receive 59 points.
You press <<3>> and receive 61 points.
You press <<3>> and receive 57 points.
You press <<3>> and receive 58 points.
You press <<3>> and receive 58 points.
You press <<3>> and receive 58 points.
You press <<3>> and receive 60 points.

Environment number 5:
The value of option 9 is 6. You have 10 choices to make in this environment.
You press <<28>> and receive 42 points.
You press <<27>> and receive 39 points.
You press <<29>> and receive 43 points.
You press <<29>> and receive 42 points.
You press <<29>> and receive 42 points.
You press <<29>> and receive 43 points.
You press <<29>> and receive 43 points.
You press <<29>> and receive 42 points.
You press <<29>> and receive 42 points.
You press <<29>> and receive 42 points.

Environment number 6:
The value of option 12 is 55. You have 10 choices to make in this environment.
You press <<11>> and receive 65 points.
You press <<10>> and receive 72 points.
You press <<9>> and receive 72 points.
You press <<9>> and receive 69 points.
You press <<9>> and receive 70 points.
You press <<9>> and receive 72 points.
You press <<9>> and receive 70 points.
You press <<9>> and receive 70 points.
You press <<9>> and receive 71 points.
You press <<9>> and receive 70 points.

Environment number 7:
The value of option 25 is 54. You have 5 choices to make in this environment.
You press <<24>> and receive 39 points.
You press <<26>> and receive 68 points.
You press <<27>> and receive 71 points.
You press <<28>> and receive 65 points.
You press <<27>> and receive 70 points.

Environment number 8:
The value of option 24 is 78. You have 5 choices to make in this environment.
You press <<23>> and receive 77 points.
You press <<25>> and receive 79 points.
You press <<26>> and receive 65 points.
You press <<25>> and receive 79 points.
You press <<25>> and receive 78 points.

Environment number 9:
The value of option 11 is 59. You have 5 choices to make in this environment.
You press <<10>> and receive 69 points.
You press <<9>> and receive 68 points.
You press <<8>> and receive 60 points.
You press <<7>> and receive 52 points.
You press <<10>> and receive 70 points.

Environment number 10:
The value of option 4 is 47. You have 10 choices to make in this environment.
You press <<13>> and receive 41 points.
You press <<24>> and receive 37 points.
You press <<18>> and receive 24 points.
You press <<4>> and receive 48 points.
You press <<3>> and receive 38 points.
You press <<5>> and receive 56 points.
You press <<6>> and receive 65 points.
You press <<7>> and receive 63 points.
You press <<6>> and receive 65 points.
You press <<6>> and receive 65 points.

Environment number 11:
The value of option 14 is 43. You have 5 choices to make in this environment.
You press <<15>> and receive 39 points.
You press <<13>> and receive 53 points.
You press <<12>> and receive 64 points.
You press <<11>> and receive 70 points.
You press <<10>> and receive 64 points.

Environment number 12:
The value of option 3 is 6. You have 5 choices to make in this environment.
You press <<16>> and receive 21 points.
You press <<23>> and receive 0 points.
You press <<9>> and receive 37 points.
You press <<9>> and receive 36 points.
You press <<9>> and receive 38 points.

Environment number 13:
The value of option 1 is 48. You have 10 choices to make in this environment.
You press <<2>> and receive 25 points.
You press <<1>> and receive 48 points.
You press <<1>> and receive 48 points.
You press <<1>> and receive 48 points.
You press <<1>> and receive 48 points.
You press <<1>> and receive 48 points.
You press <<1>> and receive 46 points.
You press <<1>> and receive 49 points.
You press <<1>> and receive 47 points.
You press <<1>> and receive 47 points.

Environment number 14:
The value of option 25 is 40. You have 10 choices to make in this environment.
You press <<24>> and receive 16 points.
You press <<26>> and receive 62 points.
You press <<27>> and receive 64 points.
You press <<28>> and receive 50 points.
You press <<27>> and receive 67 points.
You press <<27>> and receive 63 points.
You press <<27>> and receive 63 points.
You press <<27>> and receive 65 points.
You press <<27>> and receive 63 points.
You press <<27>> and receive 64 points.

Environment number 15:
The value of option 11 is 15. You have 10 choices to make in this environment.
You press <<22>> and receive 80 points.
You press <<23>> and receive 81 points.
You press <<24>> and receive 74 points.
You press <<21>> and receive 70 points.
You press <<",45
15,29,6,22,1,smooth,11,10,15,78,"You will be presented with a series of 16 different environments to explore.
In each trial, you can select an option between numbers 1 and 30 by pressing the corresponding key.
By selecting any of these options, you will earn points associated with each unique option.
Imagine these options 1 through 30 as lying next to each other in an ordered line; options closer to each other tend to have similar rewards as rewards tend to cluster together.
For each environment, you will be able to make either 5 or 10 choices.
When you made all your choices in a given environment, you will start making choices in the next unexplored environment.
The rewards underlying the different options are different in each environment so you will learn them anew for each environment.
Each environment starts with the value of a single option revealed.
When you choose the number corresponding to a different option, you will be told the value of that option and receive those points.
Previously revealed options, including the starting option, can also be reselected, although there may be small changes in the point value.
It is your task to to learn where the largest reward is in each of the 16 environments.

Environment number 1:
The value of option 30 is 51. You have 5 choices to make in this environment.
You press <<29>> and receive 56 points.
You press <<28>> and receive 52 points.
You press <<27>> and receive 43 points.
You press <<26>> and receive 34 points.
You press <<25>> and receive 27 points.

Environment number 2:
The value of option 2 is 18. You have 5 choices to make in this environment.
You press <<26>> and receive 0 points.
You press <<15>> and receive 5 points.
You press <<7>> and receive 59 points.
You press <<8>> and receive 74 points.
You press <<9>> and receive 72 points.

Environment number 3:
The value of option 6 is 14. You have 10 choices to make in this environment.
You press <<16>> and receive 28 points.
You press <<25>> and receive 1 points.
You press <<10>> and receive 29 points.
You press <<5>> and receive 26 points.
You press <<4>> and receive 31 points.
You press <<3>> and receive 30 points.
You press <<2>> and receive 36 points.
You press <<1>> and receive 43 points.
You press <<1>> and receive 42 points.
You press <<1>> and receive 43 points.

Environment number 4:
The value of option 11 is 38. You have 10 choices to make in this environment.
You press <<5>> and receive 52 points.
You press <<3>> and receive 60 points.
You press <<3>> and receive 58 points.
You press <<3>> and receive 59 points.
You press <<3>> and receive 61 points.
You press <<3>> and receive 57 points.
You press <<3>> and receive 58 points.
You press <<3>> and receive 58 points.
You press <<3>> and receive 58 points.
You press <<3>> and receive 60 points.

Environment number 5:
The value of option 9 is 6. You have 10 choices to make in this environment.
You press <<28>> and receive 42 points.
You press <<27>> and receive 39 points.
You press <<29>> and receive 43 points.
You press <<29>> and receive 42 points.
You press <<29>> and receive 42 points.
You press <<29>> and receive 43 points.
You press <<29>> and receive 43 points.
You press <<29>> and receive 42 points.
You press <<29>> and receive 42 points.
You press <<29>> and receive 42 points.

Environment number 6:
The value of option 12 is 55. You have 10 choices to make in this environment.
You press <<11>> and receive 65 points.
You press <<10>> and receive 72 points.
You press <<9>> and receive 72 points.
You press <<9>> and receive 69 points.
You press <<9>> and receive 70 points.
You press <<9>> and receive 72 points.
You press <<9>> and receive 70 points.
You press <<9>> and receive 70 points.
You press <<9>> and receive 71 points.
You press <<9>> and receive 70 points.

Environment number 7:
The value of option 25 is 54. You have 5 choices to make in this environment.
You press <<24>> and receive 39 points.
You press <<26>> and receive 68 points.
You press <<27>> and receive 71 points.
You press <<28>> and receive 65 points.
You press <<27>> and receive 70 points.

Environment number 8:
The value of option 24 is 78. You have 5 choices to make in this environment.
You press <<23>> and receive 77 points.
You press <<25>> and receive 79 points.
You press <<26>> and receive 65 points.
You press <<25>> and receive 79 points.
You press <<25>> and receive 78 points.

Environment number 9:
The value of option 11 is 59. You have 5 choices to make in this environment.
You press <<10>> and receive 69 points.
You press <<9>> and receive 68 points.
You press <<8>> and receive 60 points.
You press <<7>> and receive 52 points.
You press <<10>> and receive 70 points.

Environment number 10:
The value of option 4 is 47. You have 10 choices to make in this environment.
You press <<13>> and receive 41 points.
You press <<24>> and receive 37 points.
You press <<18>> and receive 24 points.
You press <<4>> and receive 48 points.
You press <<3>> and receive 38 points.
You press <<5>> and receive 56 points.
You press <<6>> and receive 65 points.
You press <<7>> and receive 63 points.
You press <<6>> and receive 65 points.
You press <<6>> and receive 65 points.

Environment number 11:
The value of option 14 is 43. You have 5 choices to make in this environment.
You press <<15>> and receive 39 points.
You press <<13>> and receive 53 points.
You press <<12>> and receive 64 points.
You press <<11>> and receive 70 points.
You press <<10>> and receive 64 points.

Environment number 12:
The value of option 3 is 6. You have 5 choices to make in this environment.
You press <<16>> and receive 21 points.
You press <<23>> and receive 0 points.
You press <<9>> and receive 37 points.
You press <<9>> and receive 36 points.
You press <<9>> and receive 38 points.

Environment number 13:
The value of option 1 is 48. You have 10 choices to make in this environment.
You press <<2>> and receive 25 points.
You press <<1>> and receive 48 points.
You press <<1>> and receive 48 points.
You press <<1>> and receive 48 points.
You press <<1>> and receive 48 points.
You press <<1>> and receive 48 points.
You press <<1>> and receive 46 points.
You press <<1>> and receive 49 points.
You press <<1>> and receive 47 points.
You press <<1>> and receive 47 points.

Environment number 14:
The value of option 25 is 40. You have 10 choices to make in this environment.
You press <<24>> and receive 16 points.
You press <<26>> and receive 62 points.
You press <<27>> and receive 64 points.
You press <<28>> and receive 50 points.
You press <<27>> and receive 67 points.
You press <<27>> and receive 63 points.
You press <<27>> and receive 63 points.
You press <<27>> and receive 65 points.
You press <<27>> and receive 63 points.
You press <<27>> and receive 64 points.

Environment number 15:
The value of option 11 is 15. You have 10 choices to make in this environment.
You press <<22>> and receive 80 points.
You press <<23>> and receive 81 points.
You press <<24>> and receive 74 points.
You press <<21>> and receive 70 points.
You press <<22>> and receive 81 points.
You press <<",45
15,29,7,22,1,smooth,11,10,15,80,"You will be presented with a series of 16 different environments to explore.
In each trial, you can select an option between numbers 1 and 30 by pressing the corresponding key.
By selecting any of these options, you will earn points associated with each unique option.
Imagine these options 1 through 30 as lying next to each other in an ordered line; options closer to each other tend to have similar rewards as rewards tend to cluster together.
For each environment, you will be able to make either 5 or 10 choices.
When you made all your choices in a given environment, you will start making choices in the next unexplored environment.
The rewards underlying the different options are different in each environment so you will learn them anew for each environment.
Each environment starts with the value of a single option revealed.
When you choose the number corresponding to a different option, you will be told the value of that option and receive those points.
Previously revealed options, including the starting option, can also be reselected, although there may be small changes in the point value.
It is your task to to learn where the largest reward is in each of the 16 environments.

Environment number 1:
The value of option 30 is 51. You have 5 choices to make in this environment.
You press <<29>> and receive 56 points.
You press <<28>> and receive 52 points.
You press <<27>> and receive 43 points.
You press <<26>> and receive 34 points.
You press <<25>> and receive 27 points.

Environment number 2:
The value of option 2 is 18. You have 5 choices to make in this environment.
You press <<26>> and receive 0 points.
You press <<15>> and receive 5 points.
You press <<7>> and receive 59 points.
You press <<8>> and receive 74 points.
You press <<9>> and receive 72 points.

Environment number 3:
The value of option 6 is 14. You have 10 choices to make in this environment.
You press <<16>> and receive 28 points.
You press <<25>> and receive 1 points.
You press <<10>> and receive 29 points.
You press <<5>> and receive 26 points.
You press <<4>> and receive 31 points.
You press <<3>> and receive 30 points.
You press <<2>> and receive 36 points.
You press <<1>> and receive 43 points.
You press <<1>> and receive 42 points.
You press <<1>> and receive 43 points.

Environment number 4:
The value of option 11 is 38. You have 10 choices to make in this environment.
You press <<5>> and receive 52 points.
You press <<3>> and receive 60 points.
You press <<3>> and receive 58 points.
You press <<3>> and receive 59 points.
You press <<3>> and receive 61 points.
You press <<3>> and receive 57 points.
You press <<3>> and receive 58 points.
You press <<3>> and receive 58 points.
You press <<3>> and receive 58 points.
You press <<3>> and receive 60 points.

Environment number 5:
The value of option 9 is 6. You have 10 choices to make in this environment.
You press <<28>> and receive 42 points.
You press <<27>> and receive 39 points.
You press <<29>> and receive 43 points.
You press <<29>> and receive 42 points.
You press <<29>> and receive 42 points.
You press <<29>> and receive 43 points.
You press <<29>> and receive 43 points.
You press <<29>> and receive 42 points.
You press <<29>> and receive 42 points.
You press <<29>> and receive 42 points.

Environment number 6:
The value of option 12 is 55. You have 10 choices to make in this environment.
You press <<11>> and receive 65 points.
You press <<10>> and receive 72 points.
You press <<9>> and receive 72 points.
You press <<9>> and receive 69 points.
You press <<9>> and receive 70 points.
You press <<9>> and receive 72 points.
You press <<9>> and receive 70 points.
You press <<9>> and receive 70 points.
You press <<9>> and receive 71 points.
You press <<9>> and receive 70 points.

Environment number 7:
The value of option 25 is 54. You have 5 choices to make in this environment.
You press <<24>> and receive 39 points.
You press <<26>> and receive 68 points.
You press <<27>> and receive 71 points.
You press <<28>> and receive 65 points.
You press <<27>> and receive 70 points.

Environment number 8:
The value of option 24 is 78. You have 5 choices to make in this environment.
You press <<23>> and receive 77 points.
You press <<25>> and receive 79 points.
You press <<26>> and receive 65 points.
You press <<25>> and receive 79 points.
You press <<25>> and receive 78 points.

Environment number 9:
The value of option 11 is 59. You have 5 choices to make in this environment.
You press <<10>> and receive 69 points.
You press <<9>> and receive 68 points.
You press <<8>> and receive 60 points.
You press <<7>> and receive 52 points.
You press <<10>> and receive 70 points.

Environment number 10:
The value of option 4 is 47. You have 10 choices to make in this environment.
You press <<13>> and receive 41 points.
You press <<24>> and receive 37 points.
You press <<18>> and receive 24 points.
You press <<4>> and receive 48 points.
You press <<3>> and receive 38 points.
You press <<5>> and receive 56 points.
You press <<6>> and receive 65 points.
You press <<7>> and receive 63 points.
You press <<6>> and receive 65 points.
You press <<6>> and receive 65 points.

Environment number 11:
The value of option 14 is 43. You have 5 choices to make in this environment.
You press <<15>> and receive 39 points.
You press <<13>> and receive 53 points.
You press <<12>> and receive 64 points.
You press <<11>> and receive 70 points.
You press <<10>> and receive 64 points.

Environment number 12:
The value of option 3 is 6. You have 5 choices to make in this environment.
You press <<16>> and receive 21 points.
You press <<23>> and receive 0 points.
You press <<9>> and receive 37 points.
You press <<9>> and receive 36 points.
You press <<9>> and receive 38 points.

Environment number 13:
The value of option 1 is 48. You have 10 choices to make in this environment.
You press <<2>> and receive 25 points.
You press <<1>> and receive 48 points.
You press <<1>> and receive 48 points.
You press <<1>> and receive 48 points.
You press <<1>> and receive 48 points.
You press <<1>> and receive 48 points.
You press <<1>> and receive 46 points.
You press <<1>> and receive 49 points.
You press <<1>> and receive 47 points.
You press <<1>> and receive 47 points.

Environment number 14:
The value of option 25 is 40. You have 10 choices to make in this environment.
You press <<24>> and receive 16 points.
You press <<26>> and receive 62 points.
You press <<27>> and receive 64 points.
You press <<28>> and receive 50 points.
You press <<27>> and receive 67 points.
You press <<27>> and receive 63 points.
You press <<27>> and receive 63 points.
You press <<27>> and receive 65 points.
You press <<27>> and receive 63 points.
You press <<27>> and receive 64 points.

Environment number 15:
The value of option 11 is 15. You have 10 choices to make in this environment.
You press <<22>> and receive 80 points.
You press <<23>> and receive 81 points.
You press <<24>> and receive 74 points.
You press <<21>> and receive 70 points.
You press <<22>> and receive 81 points.
You press <<22>> and receive 78 points.
You press <<",45
15,29,8,22,1,smooth,11,10,15,81,"You will be presented with a series of 16 different environments to explore.
In each trial, you can select an option between numbers 1 and 30 by pressing the corresponding key.
By selecting any of these options, you will earn points associated with each unique option.
Imagine these options 1 through 30 as lying next to each other in an ordered line; options closer to each other tend to have similar rewards as rewards tend to cluster together.
For each environment, you will be able to make either 5 or 10 choices.
When you made all your choices in a given environment, you will start making choices in the next unexplored environment.
The rewards underlying the different options are different in each environment so you will learn them anew for each environment.
Each environment starts with the value of a single option revealed.
When you choose the number corresponding to a different option, you will be told the value of that option and receive those points.
Previously revealed options, including the starting option, can also be reselected, although there may be small changes in the point value.
It is your task to to learn where the largest reward is in each of the 16 environments.

Environment number 1:
The value of option 30 is 51. You have 5 choices to make in this environment.
You press <<29>> and receive 56 points.
You press <<28>> and receive 52 points.
You press <<27>> and receive 43 points.
You press <<26>> and receive 34 points.
You press <<25>> and receive 27 points.

Environment number 2:
The value of option 2 is 18. You have 5 choices to make in this environment.
You press <<26>> and receive 0 points.
You press <<15>> and receive 5 points.
You press <<7>> and receive 59 points.
You press <<8>> and receive 74 points.
You press <<9>> and receive 72 points.

Environment number 3:
The value of option 6 is 14. You have 10 choices to make in this environment.
You press <<16>> and receive 28 points.
You press <<25>> and receive 1 points.
You press <<10>> and receive 29 points.
You press <<5>> and receive 26 points.
You press <<4>> and receive 31 points.
You press <<3>> and receive 30 points.
You press <<2>> and receive 36 points.
You press <<1>> and receive 43 points.
You press <<1>> and receive 42 points.
You press <<1>> and receive 43 points.

Environment number 4:
The value of option 11 is 38. You have 10 choices to make in this environment.
You press <<5>> and receive 52 points.
You press <<3>> and receive 60 points.
You press <<3>> and receive 58 points.
You press <<3>> and receive 59 points.
You press <<3>> and receive 61 points.
You press <<3>> and receive 57 points.
You press <<3>> and receive 58 points.
You press <<3>> and receive 58 points.
You press <<3>> and receive 58 points.
You press <<3>> and receive 60 points.

Environment number 5:
The value of option 9 is 6. You have 10 choices to make in this environment.
You press <<28>> and receive 42 points.
You press <<27>> and receive 39 points.
You press <<29>> and receive 43 points.
You press <<29>> and receive 42 points.
You press <<29>> and receive 42 points.
You press <<29>> and receive 43 points.
You press <<29>> and receive 43 points.
You press <<29>> and receive 42 points.
You press <<29>> and receive 42 points.
You press <<29>> and receive 42 points.

Environment number 6:
The value of option 12 is 55. You have 10 choices to make in this environment.
You press <<11>> and receive 65 points.
You press <<10>> and receive 72 points.
You press <<9>> and receive 72 points.
You press <<9>> and receive 69 points.
You press <<9>> and receive 70 points.
You press <<9>> and receive 72 points.
You press <<9>> and receive 70 points.
You press <<9>> and receive 70 points.
You press <<9>> and receive 71 points.
You press <<9>> and receive 70 points.

Environment number 7:
The value of option 25 is 54. You have 5 choices to make in this environment.
You press <<24>> and receive 39 points.
You press <<26>> and receive 68 points.
You press <<27>> and receive 71 points.
You press <<28>> and receive 65 points.
You press <<27>> and receive 70 points.

Environment number 8:
The value of option 24 is 78. You have 5 choices to make in this environment.
You press <<23>> and receive 77 points.
You press <<25>> and receive 79 points.
You press <<26>> and receive 65 points.
You press <<25>> and receive 79 points.
You press <<25>> and receive 78 points.

Environment number 9:
The value of option 11 is 59. You have 5 choices to make in this environment.
You press <<10>> and receive 69 points.
You press <<9>> and receive 68 points.
You press <<8>> and receive 60 points.
You press <<7>> and receive 52 points.
You press <<10>> and receive 70 points.

Environment number 10:
The value of option 4 is 47. You have 10 choices to make in this environment.
You press <<13>> and receive 41 points.
You press <<24>> and receive 37 points.
You press <<18>> and receive 24 points.
You press <<4>> and receive 48 points.
You press <<3>> and receive 38 points.
You press <<5>> and receive 56 points.
You press <<6>> and receive 65 points.
You press <<7>> and receive 63 points.
You press <<6>> and receive 65 points.
You press <<6>> and receive 65 points.

Environment number 11:
The value of option 14 is 43. You have 5 choices to make in this environment.
You press <<15>> and receive 39 points.
You press <<13>> and receive 53 points.
You press <<12>> and receive 64 points.
You press <<11>> and receive 70 points.
You press <<10>> and receive 64 points.

Environment number 12:
The value of option 3 is 6. You have 5 choices to make in this environment.
You press <<16>> and receive 21 points.
You press <<23>> and receive 0 points.
You press <<9>> and receive 37 points.
You press <<9>> and receive 36 points.
You press <<9>> and receive 38 points.

Environment number 13:
The value of option 1 is 48. You have 10 choices to make in this environment.
You press <<2>> and receive 25 points.
You press <<1>> and receive 48 points.
You press <<1>> and receive 48 points.
You press <<1>> and receive 48 points.
You press <<1>> and receive 48 points.
You press <<1>> and receive 48 points.
You press <<1>> and receive 46 points.
You press <<1>> and receive 49 points.
You press <<1>> and receive 47 points.
You press <<1>> and receive 47 points.

Environment number 14:
The value of option 25 is 40. You have 10 choices to make in this environment.
You press <<24>> and receive 16 points.
You press <<26>> and receive 62 points.
You press <<27>> and receive 64 points.
You press <<28>> and receive 50 points.
You press <<27>> and receive 67 points.
You press <<27>> and receive 63 points.
You press <<27>> and receive 63 points.
You press <<27>> and receive 65 points.
You press <<27>> and receive 63 points.
You press <<27>> and receive 64 points.

Environment number 15:
The value of option 11 is 15. You have 10 choices to make in this environment.
You press <<22>> and receive 80 points.
You press <<23>> and receive 81 points.
You press <<24>> and receive 74 points.
You press <<21>> and receive 70 points.
You press <<22>> and receive 81 points.
You press <<22>> and receive 78 points.
You press <<22>> and receive 80 points.
You press <<",45
15,29,9,22,1,smooth,11,10,15,79,"You will be presented with a series of 16 different environments to explore.
In each trial, you can select an option between numbers 1 and 30 by pressing the corresponding key.
By selecting any of these options, you will earn points associated with each unique option.
Imagine these options 1 through 30 as lying next to each other in an ordered line; options closer to each other tend to have similar rewards as rewards tend to cluster together.
For each environment, you will be able to make either 5 or 10 choices.
When you made all your choices in a given environment, you will start making choices in the next unexplored environment.
The rewards underlying the different options are different in each environment so you will learn them anew for each environment.
Each environment starts with the value of a single option revealed.
When you choose the number corresponding to a different option, you will be told the value of that option and receive those points.
Previously revealed options, including the starting option, can also be reselected, although there may be small changes in the point value.
It is your task to to learn where the largest reward is in each of the 16 environments.

Environment number 1:
The value of option 30 is 51. You have 5 choices to make in this environment.
You press <<29>> and receive 56 points.
You press <<28>> and receive 52 points.
You press <<27>> and receive 43 points.
You press <<26>> and receive 34 points.
You press <<25>> and receive 27 points.

Environment number 2:
The value of option 2 is 18. You have 5 choices to make in this environment.
You press <<26>> and receive 0 points.
You press <<15>> and receive 5 points.
You press <<7>> and receive 59 points.
You press <<8>> and receive 74 points.
You press <<9>> and receive 72 points.

Environment number 3:
The value of option 6 is 14. You have 10 choices to make in this environment.
You press <<16>> and receive 28 points.
You press <<25>> and receive 1 points.
You press <<10>> and receive 29 points.
You press <<5>> and receive 26 points.
You press <<4>> and receive 31 points.
You press <<3>> and receive 30 points.
You press <<2>> and receive 36 points.
You press <<1>> and receive 43 points.
You press <<1>> and receive 42 points.
You press <<1>> and receive 43 points.

Environment number 4:
The value of option 11 is 38. You have 10 choices to make in this environment.
You press <<5>> and receive 52 points.
You press <<3>> and receive 60 points.
You press <<3>> and receive 58 points.
You press <<3>> and receive 59 points.
You press <<3>> and receive 61 points.
You press <<3>> and receive 57 points.
You press <<3>> and receive 58 points.
You press <<3>> and receive 58 points.
You press <<3>> and receive 58 points.
You press <<3>> and receive 60 points.

Environment number 5:
The value of option 9 is 6. You have 10 choices to make in this environment.
You press <<28>> and receive 42 points.
You press <<27>> and receive 39 points.
You press <<29>> and receive 43 points.
You press <<29>> and receive 42 points.
You press <<29>> and receive 42 points.
You press <<29>> and receive 43 points.
You press <<29>> and receive 43 points.
You press <<29>> and receive 42 points.
You press <<29>> and receive 42 points.
You press <<29>> and receive 42 points.

Environment number 6:
The value of option 12 is 55. You have 10 choices to make in this environment.
You press <<11>> and receive 65 points.
You press <<10>> and receive 72 points.
You press <<9>> and receive 72 points.
You press <<9>> and receive 69 points.
You press <<9>> and receive 70 points.
You press <<9>> and receive 72 points.
You press <<9>> and receive 70 points.
You press <<9>> and receive 70 points.
You press <<9>> and receive 71 points.
You press <<9>> and receive 70 points.

Environment number 7:
The value of option 25 is 54. You have 5 choices to make in this environment.
You press <<24>> and receive 39 points.
You press <<26>> and receive 68 points.
You press <<27>> and receive 71 points.
You press <<28>> and receive 65 points.
You press <<27>> and receive 70 points.

Environment number 8:
The value of option 24 is 78. You have 5 choices to make in this environment.
You press <<23>> and receive 77 points.
You press <<25>> and receive 79 points.
You press <<26>> and receive 65 points.
You press <<25>> and receive 79 points.
You press <<25>> and receive 78 points.

Environment number 9:
The value of option 11 is 59. You have 5 choices to make in this environment.
You press <<10>> and receive 69 points.
You press <<9>> and receive 68 points.
You press <<8>> and receive 60 points.
You press <<7>> and receive 52 points.
You press <<10>> and receive 70 points.

Environment number 10:
The value of option 4 is 47. You have 10 choices to make in this environment.
You press <<13>> and receive 41 points.
You press <<24>> and receive 37 points.
You press <<18>> and receive 24 points.
You press <<4>> and receive 48 points.
You press <<3>> and receive 38 points.
You press <<5>> and receive 56 points.
You press <<6>> and receive 65 points.
You press <<7>> and receive 63 points.
You press <<6>> and receive 65 points.
You press <<6>> and receive 65 points.

Environment number 11:
The value of option 14 is 43. You have 5 choices to make in this environment.
You press <<15>> and receive 39 points.
You press <<13>> and receive 53 points.
You press <<12>> and receive 64 points.
You press <<11>> and receive 70 points.
You press <<10>> and receive 64 points.

Environment number 12:
The value of option 3 is 6. You have 5 choices to make in this environment.
You press <<16>> and receive 21 points.
You press <<23>> and receive 0 points.
You press <<9>> and receive 37 points.
You press <<9>> and receive 36 points.
You press <<9>> and receive 38 points.

Environment number 13:
The value of option 1 is 48. You have 10 choices to make in this environment.
You press <<2>> and receive 25 points.
You press <<1>> and receive 48 points.
You press <<1>> and receive 48 points.
You press <<1>> and receive 48 points.
You press <<1>> and receive 48 points.
You press <<1>> and receive 48 points.
You press <<1>> and receive 46 points.
You press <<1>> and receive 49 points.
You press <<1>> and receive 47 points.
You press <<1>> and receive 47 points.

Environment number 14:
The value of option 25 is 40. You have 10 choices to make in this environment.
You press <<24>> and receive 16 points.
You press <<26>> and receive 62 points.
You press <<27>> and receive 64 points.
You press <<28>> and receive 50 points.
You press <<27>> and receive 67 points.
You press <<27>> and receive 63 points.
You press <<27>> and receive 63 points.
You press <<27>> and receive 65 points.
You press <<27>> and receive 63 points.
You press <<27>> and receive 64 points.

Environment number 15:
The value of option 11 is 15. You have 10 choices to make in this environment.
You press <<22>> and receive 80 points.
You press <<23>> and receive 81 points.
You press <<24>> and receive 74 points.
You press <<21>> and receive 70 points.
You press <<22>> and receive 81 points.
You press <<22>> and receive 78 points.
You press <<22>> and receive 80 points.
You press <<22>> and receive 81 points.
You press <<",45
15,29,10,22,1,smooth,11,10,15,80,"You will be presented with a series of 16 different environments to explore.
In each trial, you can select an option between numbers 1 and 30 by pressing the corresponding key.
By selecting any of these options, you will earn points associated with each unique option.
Imagine these options 1 through 30 as lying next to each other in an ordered line; options closer to each other tend to have similar rewards as rewards tend to cluster together.
For each environment, you will be able to make either 5 or 10 choices.
When you made all your choices in a given environment, you will start making choices in the next unexplored environment.
The rewards underlying the different options are different in each environment so you will learn them anew for each environment.
Each environment starts with the value of a single option revealed.
When you choose the number corresponding to a different option, you will be told the value of that option and receive those points.
Previously revealed options, including the starting option, can also be reselected, although there may be small changes in the point value.
It is your task to to learn where the largest reward is in each of the 16 environments.

Environment number 1:
The value of option 30 is 51. You have 5 choices to make in this environment.
You press <<29>> and receive 56 points.
You press <<28>> and receive 52 points.
You press <<27>> and receive 43 points.
You press <<26>> and receive 34 points.
You press <<25>> and receive 27 points.

Environment number 2:
The value of option 2 is 18. You have 5 choices to make in this environment.
You press <<26>> and receive 0 points.
You press <<15>> and receive 5 points.
You press <<7>> and receive 59 points.
You press <<8>> and receive 74 points.
You press <<9>> and receive 72 points.

Environment number 3:
The value of option 6 is 14. You have 10 choices to make in this environment.
You press <<16>> and receive 28 points.
You press <<25>> and receive 1 points.
You press <<10>> and receive 29 points.
You press <<5>> and receive 26 points.
You press <<4>> and receive 31 points.
You press <<3>> and receive 30 points.
You press <<2>> and receive 36 points.
You press <<1>> and receive 43 points.
You press <<1>> and receive 42 points.
You press <<1>> and receive 43 points.

Environment number 4:
The value of option 11 is 38. You have 10 choices to make in this environment.
You press <<5>> and receive 52 points.
You press <<3>> and receive 60 points.
You press <<3>> and receive 58 points.
You press <<3>> and receive 59 points.
You press <<3>> and receive 61 points.
You press <<3>> and receive 57 points.
You press <<3>> and receive 58 points.
You press <<3>> and receive 58 points.
You press <<3>> and receive 58 points.
You press <<3>> and receive 60 points.

Environment number 5:
The value of option 9 is 6. You have 10 choices to make in this environment.
You press <<28>> and receive 42 points.
You press <<27>> and receive 39 points.
You press <<29>> and receive 43 points.
You press <<29>> and receive 42 points.
You press <<29>> and receive 42 points.
You press <<29>> and receive 43 points.
You press <<29>> and receive 43 points.
You press <<29>> and receive 42 points.
You press <<29>> and receive 42 points.
You press <<29>> and receive 42 points.

Environment number 6:
The value of option 12 is 55. You have 10 choices to make in this environment.
You press <<11>> and receive 65 points.
You press <<10>> and receive 72 points.
You press <<9>> and receive 72 points.
You press <<9>> and receive 69 points.
You press <<9>> and receive 70 points.
You press <<9>> and receive 72 points.
You press <<9>> and receive 70 points.
You press <<9>> and receive 70 points.
You press <<9>> and receive 71 points.
You press <<9>> and receive 70 points.

Environment number 7:
The value of option 25 is 54. You have 5 choices to make in this environment.
You press <<24>> and receive 39 points.
You press <<26>> and receive 68 points.
You press <<27>> and receive 71 points.
You press <<28>> and receive 65 points.
You press <<27>> and receive 70 points.

Environment number 8:
The value of option 24 is 78. You have 5 choices to make in this environment.
You press <<23>> and receive 77 points.
You press <<25>> and receive 79 points.
You press <<26>> and receive 65 points.
You press <<25>> and receive 79 points.
You press <<25>> and receive 78 points.

Environment number 9:
The value of option 11 is 59. You have 5 choices to make in this environment.
You press <<10>> and receive 69 points.
You press <<9>> and receive 68 points.
You press <<8>> and receive 60 points.
You press <<7>> and receive 52 points.
You press <<10>> and receive 70 points.

Environment number 10:
The value of option 4 is 47. You have 10 choices to make in this environment.
You press <<13>> and receive 41 points.
You press <<24>> and receive 37 points.
You press <<18>> and receive 24 points.
You press <<4>> and receive 48 points.
You press <<3>> and receive 38 points.
You press <<5>> and receive 56 points.
You press <<6>> and receive 65 points.
You press <<7>> and receive 63 points.
You press <<6>> and receive 65 points.
You press <<6>> and receive 65 points.

Environment number 11:
The value of option 14 is 43. You have 5 choices to make in this environment.
You press <<15>> and receive 39 points.
You press <<13>> and receive 53 points.
You press <<12>> and receive 64 points.
You press <<11>> and receive 70 points.
You press <<10>> and receive 64 points.

Environment number 12:
The value of option 3 is 6. You have 5 choices to make in this environment.
You press <<16>> and receive 21 points.
You press <<23>> and receive 0 points.
You press <<9>> and receive 37 points.
You press <<9>> and receive 36 points.
You press <<9>> and receive 38 points.

Environment number 13:
The value of option 1 is 48. You have 10 choices to make in this environment.
You press <<2>> and receive 25 points.
You press <<1>> and receive 48 points.
You press <<1>> and receive 48 points.
You press <<1>> and receive 48 points.
You press <<1>> and receive 48 points.
You press <<1>> and receive 48 points.
You press <<1>> and receive 46 points.
You press <<1>> and receive 49 points.
You press <<1>> and receive 47 points.
You press <<1>> and receive 47 points.

Environment number 14:
The value of option 25 is 40. You have 10 choices to make in this environment.
You press <<24>> and receive 16 points.
You press <<26>> and receive 62 points.
You press <<27>> and receive 64 points.
You press <<28>> and receive 50 points.
You press <<27>> and receive 67 points.
You press <<27>> and receive 63 points.
You press <<27>> and receive 63 points.
You press <<27>> and receive 65 points.
You press <<27>> and receive 63 points.
You press <<27>> and receive 64 points.

Environment number 15:
The value of option 11 is 15. You have 10 choices to make in this environment.
You press <<22>> and receive 80 points.
You press <<23>> and receive 81 points.
You press <<24>> and receive 74 points.
You press <<21>> and receive 70 points.
You press <<22>> and receive 81 points.
You press <<22>> and receive 78 points.
You press <<22>> and receive 80 points.
You press <<22>> and receive 81 points.
You press <<22>> and receive 79 points.
You press <<",45
16,28,1,12,1,smooth,11,5,39,41,"You will be presented with a series of 16 different environments to explore.
In each trial, you can select an option between numbers 1 and 30 by pressing the corresponding key.
By selecting any of these options, you will earn points associated with each unique option.
Imagine these options 1 through 30 as lying next to each other in an ordered line; options closer to each other tend to have similar rewards as rewards tend to cluster together.
For each environment, you will be able to make either 5 or 10 choices.
When you made all your choices in a given environment, you will start making choices in the next unexplored environment.
The rewards underlying the different options are different in each environment so you will learn them anew for each environment.
Each environment starts with the value of a single option revealed.
When you choose the number corresponding to a different option, you will be told the value of that option and receive those points.
Previously revealed options, including the starting option, can also be reselected, although there may be small changes in the point value.
It is your task to to learn where the largest reward is in each of the 16 environments.

Environment number 1:
The value of option 30 is 51. You have 5 choices to make in this environment.
You press <<29>> and receive 56 points.
You press <<28>> and receive 52 points.
You press <<27>> and receive 43 points.
You press <<26>> and receive 34 points.
You press <<25>> and receive 27 points.

Environment number 2:
The value of option 2 is 18. You have 5 choices to make in this environment.
You press <<26>> and receive 0 points.
You press <<15>> and receive 5 points.
You press <<7>> and receive 59 points.
You press <<8>> and receive 74 points.
You press <<9>> and receive 72 points.

Environment number 3:
The value of option 6 is 14. You have 10 choices to make in this environment.
You press <<16>> and receive 28 points.
You press <<25>> and receive 1 points.
You press <<10>> and receive 29 points.
You press <<5>> and receive 26 points.
You press <<4>> and receive 31 points.
You press <<3>> and receive 30 points.
You press <<2>> and receive 36 points.
You press <<1>> and receive 43 points.
You press <<1>> and receive 42 points.
You press <<1>> and receive 43 points.

Environment number 4:
The value of option 11 is 38. You have 10 choices to make in this environment.
You press <<5>> and receive 52 points.
You press <<3>> and receive 60 points.
You press <<3>> and receive 58 points.
You press <<3>> and receive 59 points.
You press <<3>> and receive 61 points.
You press <<3>> and receive 57 points.
You press <<3>> and receive 58 points.
You press <<3>> and receive 58 points.
You press <<3>> and receive 58 points.
You press <<3>> and receive 60 points.

Environment number 5:
The value of option 9 is 6. You have 10 choices to make in this environment.
You press <<28>> and receive 42 points.
You press <<27>> and receive 39 points.
You press <<29>> and receive 43 points.
You press <<29>> and receive 42 points.
You press <<29>> and receive 42 points.
You press <<29>> and receive 43 points.
You press <<29>> and receive 43 points.
You press <<29>> and receive 42 points.
You press <<29>> and receive 42 points.
You press <<29>> and receive 42 points.

Environment number 6:
The value of option 12 is 55. You have 10 choices to make in this environment.
You press <<11>> and receive 65 points.
You press <<10>> and receive 72 points.
You press <<9>> and receive 72 points.
You press <<9>> and receive 69 points.
You press <<9>> and receive 70 points.
You press <<9>> and receive 72 points.
You press <<9>> and receive 70 points.
You press <<9>> and receive 70 points.
You press <<9>> and receive 71 points.
You press <<9>> and receive 70 points.

Environment number 7:
The value of option 25 is 54. You have 5 choices to make in this environment.
You press <<24>> and receive 39 points.
You press <<26>> and receive 68 points.
You press <<27>> and receive 71 points.
You press <<28>> and receive 65 points.
You press <<27>> and receive 70 points.

Environment number 8:
The value of option 24 is 78. You have 5 choices to make in this environment.
You press <<23>> and receive 77 points.
You press <<25>> and receive 79 points.
You press <<26>> and receive 65 points.
You press <<25>> and receive 79 points.
You press <<25>> and receive 78 points.

Environment number 9:
The value of option 11 is 59. You have 5 choices to make in this environment.
You press <<10>> and receive 69 points.
You press <<9>> and receive 68 points.
You press <<8>> and receive 60 points.
You press <<7>> and receive 52 points.
You press <<10>> and receive 70 points.

Environment number 10:
The value of option 4 is 47. You have 10 choices to make in this environment.
You press <<13>> and receive 41 points.
You press <<24>> and receive 37 points.
You press <<18>> and receive 24 points.
You press <<4>> and receive 48 points.
You press <<3>> and receive 38 points.
You press <<5>> and receive 56 points.
You press <<6>> and receive 65 points.
You press <<7>> and receive 63 points.
You press <<6>> and receive 65 points.
You press <<6>> and receive 65 points.

Environment number 11:
The value of option 14 is 43. You have 5 choices to make in this environment.
You press <<15>> and receive 39 points.
You press <<13>> and receive 53 points.
You press <<12>> and receive 64 points.
You press <<11>> and receive 70 points.
You press <<10>> and receive 64 points.

Environment number 12:
The value of option 3 is 6. You have 5 choices to make in this environment.
You press <<16>> and receive 21 points.
You press <<23>> and receive 0 points.
You press <<9>> and receive 37 points.
You press <<9>> and receive 36 points.
You press <<9>> and receive 38 points.

Environment number 13:
The value of option 1 is 48. You have 10 choices to make in this environment.
You press <<2>> and receive 25 points.
You press <<1>> and receive 48 points.
You press <<1>> and receive 48 points.
You press <<1>> and receive 48 points.
You press <<1>> and receive 48 points.
You press <<1>> and receive 48 points.
You press <<1>> and receive 46 points.
You press <<1>> and receive 49 points.
You press <<1>> and receive 47 points.
You press <<1>> and receive 47 points.

Environment number 14:
The value of option 25 is 40. You have 10 choices to make in this environment.
You press <<24>> and receive 16 points.
You press <<26>> and receive 62 points.
You press <<27>> and receive 64 points.
You press <<28>> and receive 50 points.
You press <<27>> and receive 67 points.
You press <<27>> and receive 63 points.
You press <<27>> and receive 63 points.
You press <<27>> and receive 65 points.
You press <<27>> and receive 63 points.
You press <<27>> and receive 64 points.

Environment number 15:
The value of option 11 is 15. You have 10 choices to make in this environment.
You press <<22>> and receive 80 points.
You press <<23>> and receive 81 points.
You press <<24>> and receive 74 points.
You press <<21>> and receive 70 points.
You press <<22>> and receive 81 points.
You press <<22>> and receive 78 points.
You press <<22>> and receive 80 points.
You press <<22>> and receive 81 points.
You press <<22>> and receive 79 points.
You press <<22>> and receive 80 points.

Environment number 16:
The value of option 11 is 39. You have 5 choices to make in this environment.
You press <<",45
16,28,2,10,1,smooth,11,5,39,32,"You will be presented with a series of 16 different environments to explore.
In each trial, you can select an option between numbers 1 and 30 by pressing the corresponding key.
By selecting any of these options, you will earn points associated with each unique option.
Imagine these options 1 through 30 as lying next to each other in an ordered line; options closer to each other tend to have similar rewards as rewards tend to cluster together.
For each environment, you will be able to make either 5 or 10 choices.
When you made all your choices in a given environment, you will start making choices in the next unexplored environment.
The rewards underlying the different options are different in each environment so you will learn them anew for each environment.
Each environment starts with the value of a single option revealed.
When you choose the number corresponding to a different option, you will be told the value of that option and receive those points.
Previously revealed options, including the starting option, can also be reselected, although there may be small changes in the point value.
It is your task to to learn where the largest reward is in each of the 16 environments.

Environment number 1:
The value of option 30 is 51. You have 5 choices to make in this environment.
You press <<29>> and receive 56 points.
You press <<28>> and receive 52 points.
You press <<27>> and receive 43 points.
You press <<26>> and receive 34 points.
You press <<25>> and receive 27 points.

Environment number 2:
The value of option 2 is 18. You have 5 choices to make in this environment.
You press <<26>> and receive 0 points.
You press <<15>> and receive 5 points.
You press <<7>> and receive 59 points.
You press <<8>> and receive 74 points.
You press <<9>> and receive 72 points.

Environment number 3:
The value of option 6 is 14. You have 10 choices to make in this environment.
You press <<16>> and receive 28 points.
You press <<25>> and receive 1 points.
You press <<10>> and receive 29 points.
You press <<5>> and receive 26 points.
You press <<4>> and receive 31 points.
You press <<3>> and receive 30 points.
You press <<2>> and receive 36 points.
You press <<1>> and receive 43 points.
You press <<1>> and receive 42 points.
You press <<1>> and receive 43 points.

Environment number 4:
The value of option 11 is 38. You have 10 choices to make in this environment.
You press <<5>> and receive 52 points.
You press <<3>> and receive 60 points.
You press <<3>> and receive 58 points.
You press <<3>> and receive 59 points.
You press <<3>> and receive 61 points.
You press <<3>> and receive 57 points.
You press <<3>> and receive 58 points.
You press <<3>> and receive 58 points.
You press <<3>> and receive 58 points.
You press <<3>> and receive 60 points.

Environment number 5:
The value of option 9 is 6. You have 10 choices to make in this environment.
You press <<28>> and receive 42 points.
You press <<27>> and receive 39 points.
You press <<29>> and receive 43 points.
You press <<29>> and receive 42 points.
You press <<29>> and receive 42 points.
You press <<29>> and receive 43 points.
You press <<29>> and receive 43 points.
You press <<29>> and receive 42 points.
You press <<29>> and receive 42 points.
You press <<29>> and receive 42 points.

Environment number 6:
The value of option 12 is 55. You have 10 choices to make in this environment.
You press <<11>> and receive 65 points.
You press <<10>> and receive 72 points.
You press <<9>> and receive 72 points.
You press <<9>> and receive 69 points.
You press <<9>> and receive 70 points.
You press <<9>> and receive 72 points.
You press <<9>> and receive 70 points.
You press <<9>> and receive 70 points.
You press <<9>> and receive 71 points.
You press <<9>> and receive 70 points.

Environment number 7:
The value of option 25 is 54. You have 5 choices to make in this environment.
You press <<24>> and receive 39 points.
You press <<26>> and receive 68 points.
You press <<27>> and receive 71 points.
You press <<28>> and receive 65 points.
You press <<27>> and receive 70 points.

Environment number 8:
The value of option 24 is 78. You have 5 choices to make in this environment.
You press <<23>> and receive 77 points.
You press <<25>> and receive 79 points.
You press <<26>> and receive 65 points.
You press <<25>> and receive 79 points.
You press <<25>> and receive 78 points.

Environment number 9:
The value of option 11 is 59. You have 5 choices to make in this environment.
You press <<10>> and receive 69 points.
You press <<9>> and receive 68 points.
You press <<8>> and receive 60 points.
You press <<7>> and receive 52 points.
You press <<10>> and receive 70 points.

Environment number 10:
The value of option 4 is 47. You have 10 choices to make in this environment.
You press <<13>> and receive 41 points.
You press <<24>> and receive 37 points.
You press <<18>> and receive 24 points.
You press <<4>> and receive 48 points.
You press <<3>> and receive 38 points.
You press <<5>> and receive 56 points.
You press <<6>> and receive 65 points.
You press <<7>> and receive 63 points.
You press <<6>> and receive 65 points.
You press <<6>> and receive 65 points.

Environment number 11:
The value of option 14 is 43. You have 5 choices to make in this environment.
You press <<15>> and receive 39 points.
You press <<13>> and receive 53 points.
You press <<12>> and receive 64 points.
You press <<11>> and receive 70 points.
You press <<10>> and receive 64 points.

Environment number 12:
The value of option 3 is 6. You have 5 choices to make in this environment.
You press <<16>> and receive 21 points.
You press <<23>> and receive 0 points.
You press <<9>> and receive 37 points.
You press <<9>> and receive 36 points.
You press <<9>> and receive 38 points.

Environment number 13:
The value of option 1 is 48. You have 10 choices to make in this environment.
You press <<2>> and receive 25 points.
You press <<1>> and receive 48 points.
You press <<1>> and receive 48 points.
You press <<1>> and receive 48 points.
You press <<1>> and receive 48 points.
You press <<1>> and receive 48 points.
You press <<1>> and receive 46 points.
You press <<1>> and receive 49 points.
You press <<1>> and receive 47 points.
You press <<1>> and receive 47 points.

Environment number 14:
The value of option 25 is 40. You have 10 choices to make in this environment.
You press <<24>> and receive 16 points.
You press <<26>> and receive 62 points.
You press <<27>> and receive 64 points.
You press <<28>> and receive 50 points.
You press <<27>> and receive 67 points.
You press <<27>> and receive 63 points.
You press <<27>> and receive 63 points.
You press <<27>> and receive 65 points.
You press <<27>> and receive 63 points.
You press <<27>> and receive 64 points.

Environment number 15:
The value of option 11 is 15. You have 10 choices to make in this environment.
You press <<22>> and receive 80 points.
You press <<23>> and receive 81 points.
You press <<24>> and receive 74 points.
You press <<21>> and receive 70 points.
You press <<22>> and receive 81 points.
You press <<22>> and receive 78 points.
You press <<22>> and receive 80 points.
You press <<22>> and receive 81 points.
You press <<22>> and receive 79 points.
You press <<22>> and receive 80 points.

Environment number 16:
The value of option 11 is 39. You have 5 choices to make in this environment.
You press <<12>> and receive 41 points.
You press <<",45
16,28,3,11,1,smooth,11,5,39,40,"You will be presented with a series of 16 different environments to explore.
In each trial, you can select an option between numbers 1 and 30 by pressing the corresponding key.
By selecting any of these options, you will earn points associated with each unique option.
Imagine these options 1 through 30 as lying next to each other in an ordered line; options closer to each other tend to have similar rewards as rewards tend to cluster together.
For each environment, you will be able to make either 5 or 10 choices.
When you made all your choices in a given environment, you will start making choices in the next unexplored environment.
The rewards underlying the different options are different in each environment so you will learn them anew for each environment.
Each environment starts with the value of a single option revealed.
When you choose the number corresponding to a different option, you will be told the value of that option and receive those points.
Previously revealed options, including the starting option, can also be reselected, although there may be small changes in the point value.
It is your task to to learn where the largest reward is in each of the 16 environments.

Environment number 1:
The value of option 30 is 51. You have 5 choices to make in this environment.
You press <<29>> and receive 56 points.
You press <<28>> and receive 52 points.
You press <<27>> and receive 43 points.
You press <<26>> and receive 34 points.
You press <<25>> and receive 27 points.

Environment number 2:
The value of option 2 is 18. You have 5 choices to make in this environment.
You press <<26>> and receive 0 points.
You press <<15>> and receive 5 points.
You press <<7>> and receive 59 points.
You press <<8>> and receive 74 points.
You press <<9>> and receive 72 points.

Environment number 3:
The value of option 6 is 14. You have 10 choices to make in this environment.
You press <<16>> and receive 28 points.
You press <<25>> and receive 1 points.
You press <<10>> and receive 29 points.
You press <<5>> and receive 26 points.
You press <<4>> and receive 31 points.
You press <<3>> and receive 30 points.
You press <<2>> and receive 36 points.
You press <<1>> and receive 43 points.
You press <<1>> and receive 42 points.
You press <<1>> and receive 43 points.

Environment number 4:
The value of option 11 is 38. You have 10 choices to make in this environment.
You press <<5>> and receive 52 points.
You press <<3>> and receive 60 points.
You press <<3>> and receive 58 points.
You press <<3>> and receive 59 points.
You press <<3>> and receive 61 points.
You press <<3>> and receive 57 points.
You press <<3>> and receive 58 points.
You press <<3>> and receive 58 points.
You press <<3>> and receive 58 points.
You press <<3>> and receive 60 points.

Environment number 5:
The value of option 9 is 6. You have 10 choices to make in this environment.
You press <<28>> and receive 42 points.
You press <<27>> and receive 39 points.
You press <<29>> and receive 43 points.
You press <<29>> and receive 42 points.
You press <<29>> and receive 42 points.
You press <<29>> and receive 43 points.
You press <<29>> and receive 43 points.
You press <<29>> and receive 42 points.
You press <<29>> and receive 42 points.
You press <<29>> and receive 42 points.

Environment number 6:
The value of option 12 is 55. You have 10 choices to make in this environment.
You press <<11>> and receive 65 points.
You press <<10>> and receive 72 points.
You press <<9>> and receive 72 points.
You press <<9>> and receive 69 points.
You press <<9>> and receive 70 points.
You press <<9>> and receive 72 points.
You press <<9>> and receive 70 points.
You press <<9>> and receive 70 points.
You press <<9>> and receive 71 points.
You press <<9>> and receive 70 points.

Environment number 7:
The value of option 25 is 54. You have 5 choices to make in this environment.
You press <<24>> and receive 39 points.
You press <<26>> and receive 68 points.
You press <<27>> and receive 71 points.
You press <<28>> and receive 65 points.
You press <<27>> and receive 70 points.

Environment number 8:
The value of option 24 is 78. You have 5 choices to make in this environment.
You press <<23>> and receive 77 points.
You press <<25>> and receive 79 points.
You press <<26>> and receive 65 points.
You press <<25>> and receive 79 points.
You press <<25>> and receive 78 points.

Environment number 9:
The value of option 11 is 59. You have 5 choices to make in this environment.
You press <<10>> and receive 69 points.
You press <<9>> and receive 68 points.
You press <<8>> and receive 60 points.
You press <<7>> and receive 52 points.
You press <<10>> and receive 70 points.

Environment number 10:
The value of option 4 is 47. You have 10 choices to make in this environment.
You press <<13>> and receive 41 points.
You press <<24>> and receive 37 points.
You press <<18>> and receive 24 points.
You press <<4>> and receive 48 points.
You press <<3>> and receive 38 points.
You press <<5>> and receive 56 points.
You press <<6>> and receive 65 points.
You press <<7>> and receive 63 points.
You press <<6>> and receive 65 points.
You press <<6>> and receive 65 points.

Environment number 11:
The value of option 14 is 43. You have 5 choices to make in this environment.
You press <<15>> and receive 39 points.
You press <<13>> and receive 53 points.
You press <<12>> and receive 64 points.
You press <<11>> and receive 70 points.
You press <<10>> and receive 64 points.

Environment number 12:
The value of option 3 is 6. You have 5 choices to make in this environment.
You press <<16>> and receive 21 points.
You press <<23>> and receive 0 points.
You press <<9>> and receive 37 points.
You press <<9>> and receive 36 points.
You press <<9>> and receive 38 points.

Environment number 13:
The value of option 1 is 48. You have 10 choices to make in this environment.
You press <<2>> and receive 25 points.
You press <<1>> and receive 48 points.
You press <<1>> and receive 48 points.
You press <<1>> and receive 48 points.
You press <<1>> and receive 48 points.
You press <<1>> and receive 48 points.
You press <<1>> and receive 46 points.
You press <<1>> and receive 49 points.
You press <<1>> and receive 47 points.
You press <<1>> and receive 47 points.

Environment number 14:
The value of option 25 is 40. You have 10 choices to make in this environment.
You press <<24>> and receive 16 points.
You press <<26>> and receive 62 points.
You press <<27>> and receive 64 points.
You press <<28>> and receive 50 points.
You press <<27>> and receive 67 points.
You press <<27>> and receive 63 points.
You press <<27>> and receive 63 points.
You press <<27>> and receive 65 points.
You press <<27>> and receive 63 points.
You press <<27>> and receive 64 points.

Environment number 15:
The value of option 11 is 15. You have 10 choices to make in this environment.
You press <<22>> and receive 80 points.
You press <<23>> and receive 81 points.
You press <<24>> and receive 74 points.
You press <<21>> and receive 70 points.
You press <<22>> and receive 81 points.
You press <<22>> and receive 78 points.
You press <<22>> and receive 80 points.
You press <<22>> and receive 81 points.
You press <<22>> and receive 79 points.
You press <<22>> and receive 80 points.

Environment number 16:
The value of option 11 is 39. You have 5 choices to make in this environment.
You press <<12>> and receive 41 points.
You press <<10>> and receive 32 points.
You press <<",45
16,28,4,11,1,smooth,11,5,39,42,"You will be presented with a series of 16 different environments to explore.
In each trial, you can select an option between numbers 1 and 30 by pressing the corresponding key.
By selecting any of these options, you will earn points associated with each unique option.
Imagine these options 1 through 30 as lying next to each other in an ordered line; options closer to each other tend to have similar rewards as rewards tend to cluster together.
For each environment, you will be able to make either 5 or 10 choices.
When you made all your choices in a given environment, you will start making choices in the next unexplored environment.
The rewards underlying the different options are different in each environment so you will learn them anew for each environment.
Each environment starts with the value of a single option revealed.
When you choose the number corresponding to a different option, you will be told the value of that option and receive those points.
Previously revealed options, including the starting option, can also be reselected, although there may be small changes in the point value.
It is your task to to learn where the largest reward is in each of the 16 environments.

Environment number 1:
The value of option 30 is 51. You have 5 choices to make in this environment.
You press <<29>> and receive 56 points.
You press <<28>> and receive 52 points.
You press <<27>> and receive 43 points.
You press <<26>> and receive 34 points.
You press <<25>> and receive 27 points.

Environment number 2:
The value of option 2 is 18. You have 5 choices to make in this environment.
You press <<26>> and receive 0 points.
You press <<15>> and receive 5 points.
You press <<7>> and receive 59 points.
You press <<8>> and receive 74 points.
You press <<9>> and receive 72 points.

Environment number 3:
The value of option 6 is 14. You have 10 choices to make in this environment.
You press <<16>> and receive 28 points.
You press <<25>> and receive 1 points.
You press <<10>> and receive 29 points.
You press <<5>> and receive 26 points.
You press <<4>> and receive 31 points.
You press <<3>> and receive 30 points.
You press <<2>> and receive 36 points.
You press <<1>> and receive 43 points.
You press <<1>> and receive 42 points.
You press <<1>> and receive 43 points.

Environment number 4:
The value of option 11 is 38. You have 10 choices to make in this environment.
You press <<5>> and receive 52 points.
You press <<3>> and receive 60 points.
You press <<3>> and receive 58 points.
You press <<3>> and receive 59 points.
You press <<3>> and receive 61 points.
You press <<3>> and receive 57 points.
You press <<3>> and receive 58 points.
You press <<3>> and receive 58 points.
You press <<3>> and receive 58 points.
You press <<3>> and receive 60 points.

Environment number 5:
The value of option 9 is 6. You have 10 choices to make in this environment.
You press <<28>> and receive 42 points.
You press <<27>> and receive 39 points.
You press <<29>> and receive 43 points.
You press <<29>> and receive 42 points.
You press <<29>> and receive 42 points.
You press <<29>> and receive 43 points.
You press <<29>> and receive 43 points.
You press <<29>> and receive 42 points.
You press <<29>> and receive 42 points.
You press <<29>> and receive 42 points.

Environment number 6:
The value of option 12 is 55. You have 10 choices to make in this environment.
You press <<11>> and receive 65 points.
You press <<10>> and receive 72 points.
You press <<9>> and receive 72 points.
You press <<9>> and receive 69 points.
You press <<9>> and receive 70 points.
You press <<9>> and receive 72 points.
You press <<9>> and receive 70 points.
You press <<9>> and receive 70 points.
You press <<9>> and receive 71 points.
You press <<9>> and receive 70 points.

Environment number 7:
The value of option 25 is 54. You have 5 choices to make in this environment.
You press <<24>> and receive 39 points.
You press <<26>> and receive 68 points.
You press <<27>> and receive 71 points.
You press <<28>> and receive 65 points.
You press <<27>> and receive 70 points.

Environment number 8:
The value of option 24 is 78. You have 5 choices to make in this environment.
You press <<23>> and receive 77 points.
You press <<25>> and receive 79 points.
You press <<26>> and receive 65 points.
You press <<25>> and receive 79 points.
You press <<25>> and receive 78 points.

Environment number 9:
The value of option 11 is 59. You have 5 choices to make in this environment.
You press <<10>> and receive 69 points.
You press <<9>> and receive 68 points.
You press <<8>> and receive 60 points.
You press <<7>> and receive 52 points.
You press <<10>> and receive 70 points.

Environment number 10:
The value of option 4 is 47. You have 10 choices to make in this environment.
You press <<13>> and receive 41 points.
You press <<24>> and receive 37 points.
You press <<18>> and receive 24 points.
You press <<4>> and receive 48 points.
You press <<3>> and receive 38 points.
You press <<5>> and receive 56 points.
You press <<6>> and receive 65 points.
You press <<7>> and receive 63 points.
You press <<6>> and receive 65 points.
You press <<6>> and receive 65 points.

Environment number 11:
The value of option 14 is 43. You have 5 choices to make in this environment.
You press <<15>> and receive 39 points.
You press <<13>> and receive 53 points.
You press <<12>> and receive 64 points.
You press <<11>> and receive 70 points.
You press <<10>> and receive 64 points.

Environment number 12:
The value of option 3 is 6. You have 5 choices to make in this environment.
You press <<16>> and receive 21 points.
You press <<23>> and receive 0 points.
You press <<9>> and receive 37 points.
You press <<9>> and receive 36 points.
You press <<9>> and receive 38 points.

Environment number 13:
The value of option 1 is 48. You have 10 choices to make in this environment.
You press <<2>> and receive 25 points.
You press <<1>> and receive 48 points.
You press <<1>> and receive 48 points.
You press <<1>> and receive 48 points.
You press <<1>> and receive 48 points.
You press <<1>> and receive 48 points.
You press <<1>> and receive 46 points.
You press <<1>> and receive 49 points.
You press <<1>> and receive 47 points.
You press <<1>> and receive 47 points.

Environment number 14:
The value of option 25 is 40. You have 10 choices to make in this environment.
You press <<24>> and receive 16 points.
You press <<26>> and receive 62 points.
You press <<27>> and receive 64 points.
You press <<28>> and receive 50 points.
You press <<27>> and receive 67 points.
You press <<27>> and receive 63 points.
You press <<27>> and receive 63 points.
You press <<27>> and receive 65 points.
You press <<27>> and receive 63 points.
You press <<27>> and receive 64 points.

Environment number 15:
The value of option 11 is 15. You have 10 choices to make in this environment.
You press <<22>> and receive 80 points.
You press <<23>> and receive 81 points.
You press <<24>> and receive 74 points.
You press <<21>> and receive 70 points.
You press <<22>> and receive 81 points.
You press <<22>> and receive 78 points.
You press <<22>> and receive 80 points.
You press <<22>> and receive 81 points.
You press <<22>> and receive 79 points.
You press <<22>> and receive 80 points.

Environment number 16:
The value of option 11 is 39. You have 5 choices to make in this environment.
You press <<12>> and receive 41 points.
You press <<10>> and receive 32 points.
You press <<11>> and receive 40 points.
You press <<",45
16,28,5,11,1,smooth,11,5,39,41,"You will be presented with a series of 16 different environments to explore.
In each trial, you can select an option between numbers 1 and 30 by pressing the corresponding key.
By selecting any of these options, you will earn points associated with each unique option.
Imagine these options 1 through 30 as lying next to each other in an ordered line; options closer to each other tend to have similar rewards as rewards tend to cluster together.
For each environment, you will be able to make either 5 or 10 choices.
When you made all your choices in a given environment, you will start making choices in the next unexplored environment.
The rewards underlying the different options are different in each environment so you will learn them anew for each environment.
Each environment starts with the value of a single option revealed.
When you choose the number corresponding to a different option, you will be told the value of that option and receive those points.
Previously revealed options, including the starting option, can also be reselected, although there may be small changes in the point value.
It is your task to to learn where the largest reward is in each of the 16 environments.

Environment number 1:
The value of option 30 is 51. You have 5 choices to make in this environment.
You press <<29>> and receive 56 points.
You press <<28>> and receive 52 points.
You press <<27>> and receive 43 points.
You press <<26>> and receive 34 points.
You press <<25>> and receive 27 points.

Environment number 2:
The value of option 2 is 18. You have 5 choices to make in this environment.
You press <<26>> and receive 0 points.
You press <<15>> and receive 5 points.
You press <<7>> and receive 59 points.
You press <<8>> and receive 74 points.
You press <<9>> and receive 72 points.

Environment number 3:
The value of option 6 is 14. You have 10 choices to make in this environment.
You press <<16>> and receive 28 points.
You press <<25>> and receive 1 points.
You press <<10>> and receive 29 points.
You press <<5>> and receive 26 points.
You press <<4>> and receive 31 points.
You press <<3>> and receive 30 points.
You press <<2>> and receive 36 points.
You press <<1>> and receive 43 points.
You press <<1>> and receive 42 points.
You press <<1>> and receive 43 points.

Environment number 4:
The value of option 11 is 38. You have 10 choices to make in this environment.
You press <<5>> and receive 52 points.
You press <<3>> and receive 60 points.
You press <<3>> and receive 58 points.
You press <<3>> and receive 59 points.
You press <<3>> and receive 61 points.
You press <<3>> and receive 57 points.
You press <<3>> and receive 58 points.
You press <<3>> and receive 58 points.
You press <<3>> and receive 58 points.
You press <<3>> and receive 60 points.

Environment number 5:
The value of option 9 is 6. You have 10 choices to make in this environment.
You press <<28>> and receive 42 points.
You press <<27>> and receive 39 points.
You press <<29>> and receive 43 points.
You press <<29>> and receive 42 points.
You press <<29>> and receive 42 points.
You press <<29>> and receive 43 points.
You press <<29>> and receive 43 points.
You press <<29>> and receive 42 points.
You press <<29>> and receive 42 points.
You press <<29>> and receive 42 points.

Environment number 6:
The value of option 12 is 55. You have 10 choices to make in this environment.
You press <<11>> and receive 65 points.
You press <<10>> and receive 72 points.
You press <<9>> and receive 72 points.
You press <<9>> and receive 69 points.
You press <<9>> and receive 70 points.
You press <<9>> and receive 72 points.
You press <<9>> and receive 70 points.
You press <<9>> and receive 70 points.
You press <<9>> and receive 71 points.
You press <<9>> and receive 70 points.

Environment number 7:
The value of option 25 is 54. You have 5 choices to make in this environment.
You press <<24>> and receive 39 points.
You press <<26>> and receive 68 points.
You press <<27>> and receive 71 points.
You press <<28>> and receive 65 points.
You press <<27>> and receive 70 points.

Environment number 8:
The value of option 24 is 78. You have 5 choices to make in this environment.
You press <<23>> and receive 77 points.
You press <<25>> and receive 79 points.
You press <<26>> and receive 65 points.
You press <<25>> and receive 79 points.
You press <<25>> and receive 78 points.

Environment number 9:
The value of option 11 is 59. You have 5 choices to make in this environment.
You press <<10>> and receive 69 points.
You press <<9>> and receive 68 points.
You press <<8>> and receive 60 points.
You press <<7>> and receive 52 points.
You press <<10>> and receive 70 points.

Environment number 10:
The value of option 4 is 47. You have 10 choices to make in this environment.
You press <<13>> and receive 41 points.
You press <<24>> and receive 37 points.
You press <<18>> and receive 24 points.
You press <<4>> and receive 48 points.
You press <<3>> and receive 38 points.
You press <<5>> and receive 56 points.
You press <<6>> and receive 65 points.
You press <<7>> and receive 63 points.
You press <<6>> and receive 65 points.
You press <<6>> and receive 65 points.

Environment number 11:
The value of option 14 is 43. You have 5 choices to make in this environment.
You press <<15>> and receive 39 points.
You press <<13>> and receive 53 points.
You press <<12>> and receive 64 points.
You press <<11>> and receive 70 points.
You press <<10>> and receive 64 points.

Environment number 12:
The value of option 3 is 6. You have 5 choices to make in this environment.
You press <<16>> and receive 21 points.
You press <<23>> and receive 0 points.
You press <<9>> and receive 37 points.
You press <<9>> and receive 36 points.
You press <<9>> and receive 38 points.

Environment number 13:
The value of option 1 is 48. You have 10 choices to make in this environment.
You press <<2>> and receive 25 points.
You press <<1>> and receive 48 points.
You press <<1>> and receive 48 points.
You press <<1>> and receive 48 points.
You press <<1>> and receive 48 points.
You press <<1>> and receive 48 points.
You press <<1>> and receive 46 points.
You press <<1>> and receive 49 points.
You press <<1>> and receive 47 points.
You press <<1>> and receive 47 points.

Environment number 14:
The value of option 25 is 40. You have 10 choices to make in this environment.
You press <<24>> and receive 16 points.
You press <<26>> and receive 62 points.
You press <<27>> and receive 64 points.
You press <<28>> and receive 50 points.
You press <<27>> and receive 67 points.
You press <<27>> and receive 63 points.
You press <<27>> and receive 63 points.
You press <<27>> and receive 65 points.
You press <<27>> and receive 63 points.
You press <<27>> and receive 64 points.

Environment number 15:
The value of option 11 is 15. You have 10 choices to make in this environment.
You press <<22>> and receive 80 points.
You press <<23>> and receive 81 points.
You press <<24>> and receive 74 points.
You press <<21>> and receive 70 points.
You press <<22>> and receive 81 points.
You press <<22>> and receive 78 points.
You press <<22>> and receive 80 points.
You press <<22>> and receive 81 points.
You press <<22>> and receive 79 points.
You press <<22>> and receive 80 points.

Environment number 16:
The value of option 11 is 39. You have 5 choices to make in this environment.
You press <<12>> and receive 41 points.
You press <<10>> and receive 32 points.
You press <<11>> and receive 40 points.
You press <<11>> and receive 42 points.
You press <<",45
