env_idx,env_id,trial,choice,scenario,kernel,init_option,horizon,init_reward,reward,prompt,random_seed
1,25,1,9,0,rough,7,10,23,15,"You will be presented with a series of 16 different environments to explore.
In each trial, you can select an option between numbers 1 and 30 by pressing the corresponding key.
By selecting any of these options, you will earn points associated with each unique option.
Imagine these options 1 through 30 as lying next to each other in an ordered line; options closer to each other tend to have similar rewards as rewards tend to cluster together.
For each environment, you will be able to make either 5 or 10 choices.
When you made all your choices in a given environment, you will start making choices in the next unexplored environment.
The rewards underlying the different options are different in each environment so you will learn them anew for each environment.
Each environment starts with the value of a single option revealed.
When you choose the number corresponding to a different option, you will be told the value of that option and receive those points.
Previously revealed options, including the starting option, can also be reselected, although there may be small changes in the point value.
It is your task to gain as many points as possible across all 16 environments.

Environment number 1:
The value of option 7 is 23. You have 10 choices to make in this environment.
You press <<",25
1,25,2,6,0,rough,7,10,23,24,"You will be presented with a series of 16 different environments to explore.
In each trial, you can select an option between numbers 1 and 30 by pressing the corresponding key.
By selecting any of these options, you will earn points associated with each unique option.
Imagine these options 1 through 30 as lying next to each other in an ordered line; options closer to each other tend to have similar rewards as rewards tend to cluster together.
For each environment, you will be able to make either 5 or 10 choices.
When you made all your choices in a given environment, you will start making choices in the next unexplored environment.
The rewards underlying the different options are different in each environment so you will learn them anew for each environment.
Each environment starts with the value of a single option revealed.
When you choose the number corresponding to a different option, you will be told the value of that option and receive those points.
Previously revealed options, including the starting option, can also be reselected, although there may be small changes in the point value.
It is your task to gain as many points as possible across all 16 environments.

Environment number 1:
The value of option 7 is 23. You have 10 choices to make in this environment.
You press <<9>> and receive 15 points.
You press <<",25
1,25,3,17,0,rough,7,10,23,4,"You will be presented with a series of 16 different environments to explore.
In each trial, you can select an option between numbers 1 and 30 by pressing the corresponding key.
By selecting any of these options, you will earn points associated with each unique option.
Imagine these options 1 through 30 as lying next to each other in an ordered line; options closer to each other tend to have similar rewards as rewards tend to cluster together.
For each environment, you will be able to make either 5 or 10 choices.
When you made all your choices in a given environment, you will start making choices in the next unexplored environment.
The rewards underlying the different options are different in each environment so you will learn them anew for each environment.
Each environment starts with the value of a single option revealed.
When you choose the number corresponding to a different option, you will be told the value of that option and receive those points.
Previously revealed options, including the starting option, can also be reselected, although there may be small changes in the point value.
It is your task to gain as many points as possible across all 16 environments.

Environment number 1:
The value of option 7 is 23. You have 10 choices to make in this environment.
You press <<9>> and receive 15 points.
You press <<6>> and receive 24 points.
You press <<",25
1,25,4,8,0,rough,7,10,23,37,"You will be presented with a series of 16 different environments to explore.
In each trial, you can select an option between numbers 1 and 30 by pressing the corresponding key.
By selecting any of these options, you will earn points associated with each unique option.
Imagine these options 1 through 30 as lying next to each other in an ordered line; options closer to each other tend to have similar rewards as rewards tend to cluster together.
For each environment, you will be able to make either 5 or 10 choices.
When you made all your choices in a given environment, you will start making choices in the next unexplored environment.
The rewards underlying the different options are different in each environment so you will learn them anew for each environment.
Each environment starts with the value of a single option revealed.
When you choose the number corresponding to a different option, you will be told the value of that option and receive those points.
Previously revealed options, including the starting option, can also be reselected, although there may be small changes in the point value.
It is your task to gain as many points as possible across all 16 environments.

Environment number 1:
The value of option 7 is 23. You have 10 choices to make in this environment.
You press <<9>> and receive 15 points.
You press <<6>> and receive 24 points.
You press <<17>> and receive 4 points.
You press <<",25
1,25,5,4,0,rough,7,10,23,15,"You will be presented with a series of 16 different environments to explore.
In each trial, you can select an option between numbers 1 and 30 by pressing the corresponding key.
By selecting any of these options, you will earn points associated with each unique option.
Imagine these options 1 through 30 as lying next to each other in an ordered line; options closer to each other tend to have similar rewards as rewards tend to cluster together.
For each environment, you will be able to make either 5 or 10 choices.
When you made all your choices in a given environment, you will start making choices in the next unexplored environment.
The rewards underlying the different options are different in each environment so you will learn them anew for each environment.
Each environment starts with the value of a single option revealed.
When you choose the number corresponding to a different option, you will be told the value of that option and receive those points.
Previously revealed options, including the starting option, can also be reselected, although there may be small changes in the point value.
It is your task to gain as many points as possible across all 16 environments.

Environment number 1:
The value of option 7 is 23. You have 10 choices to make in this environment.
You press <<9>> and receive 15 points.
You press <<6>> and receive 24 points.
You press <<17>> and receive 4 points.
You press <<8>> and receive 37 points.
You press <<",25
1,25,6,13,0,rough,7,10,23,69,"You will be presented with a series of 16 different environments to explore.
In each trial, you can select an option between numbers 1 and 30 by pressing the corresponding key.
By selecting any of these options, you will earn points associated with each unique option.
Imagine these options 1 through 30 as lying next to each other in an ordered line; options closer to each other tend to have similar rewards as rewards tend to cluster together.
For each environment, you will be able to make either 5 or 10 choices.
When you made all your choices in a given environment, you will start making choices in the next unexplored environment.
The rewards underlying the different options are different in each environment so you will learn them anew for each environment.
Each environment starts with the value of a single option revealed.
When you choose the number corresponding to a different option, you will be told the value of that option and receive those points.
Previously revealed options, including the starting option, can also be reselected, although there may be small changes in the point value.
It is your task to gain as many points as possible across all 16 environments.

Environment number 1:
The value of option 7 is 23. You have 10 choices to make in this environment.
You press <<9>> and receive 15 points.
You press <<6>> and receive 24 points.
You press <<17>> and receive 4 points.
You press <<8>> and receive 37 points.
You press <<4>> and receive 15 points.
You press <<",25
1,25,7,11,0,rough,7,10,23,19,"You will be presented with a series of 16 different environments to explore.
In each trial, you can select an option between numbers 1 and 30 by pressing the corresponding key.
By selecting any of these options, you will earn points associated with each unique option.
Imagine these options 1 through 30 as lying next to each other in an ordered line; options closer to each other tend to have similar rewards as rewards tend to cluster together.
For each environment, you will be able to make either 5 or 10 choices.
When you made all your choices in a given environment, you will start making choices in the next unexplored environment.
The rewards underlying the different options are different in each environment so you will learn them anew for each environment.
Each environment starts with the value of a single option revealed.
When you choose the number corresponding to a different option, you will be told the value of that option and receive those points.
Previously revealed options, including the starting option, can also be reselected, although there may be small changes in the point value.
It is your task to gain as many points as possible across all 16 environments.

Environment number 1:
The value of option 7 is 23. You have 10 choices to make in this environment.
You press <<9>> and receive 15 points.
You press <<6>> and receive 24 points.
You press <<17>> and receive 4 points.
You press <<8>> and receive 37 points.
You press <<4>> and receive 15 points.
You press <<13>> and receive 69 points.
You press <<",25
1,25,8,15,0,rough,7,10,23,34,"You will be presented with a series of 16 different environments to explore.
In each trial, you can select an option between numbers 1 and 30 by pressing the corresponding key.
By selecting any of these options, you will earn points associated with each unique option.
Imagine these options 1 through 30 as lying next to each other in an ordered line; options closer to each other tend to have similar rewards as rewards tend to cluster together.
For each environment, you will be able to make either 5 or 10 choices.
When you made all your choices in a given environment, you will start making choices in the next unexplored environment.
The rewards underlying the different options are different in each environment so you will learn them anew for each environment.
Each environment starts with the value of a single option revealed.
When you choose the number corresponding to a different option, you will be told the value of that option and receive those points.
Previously revealed options, including the starting option, can also be reselected, although there may be small changes in the point value.
It is your task to gain as many points as possible across all 16 environments.

Environment number 1:
The value of option 7 is 23. You have 10 choices to make in this environment.
You press <<9>> and receive 15 points.
You press <<6>> and receive 24 points.
You press <<17>> and receive 4 points.
You press <<8>> and receive 37 points.
You press <<4>> and receive 15 points.
You press <<13>> and receive 69 points.
You press <<11>> and receive 19 points.
You press <<",25
1,25,9,12,0,rough,7,10,23,51,"You will be presented with a series of 16 different environments to explore.
In each trial, you can select an option between numbers 1 and 30 by pressing the corresponding key.
By selecting any of these options, you will earn points associated with each unique option.
Imagine these options 1 through 30 as lying next to each other in an ordered line; options closer to each other tend to have similar rewards as rewards tend to cluster together.
For each environment, you will be able to make either 5 or 10 choices.
When you made all your choices in a given environment, you will start making choices in the next unexplored environment.
The rewards underlying the different options are different in each environment so you will learn them anew for each environment.
Each environment starts with the value of a single option revealed.
When you choose the number corresponding to a different option, you will be told the value of that option and receive those points.
Previously revealed options, including the starting option, can also be reselected, although there may be small changes in the point value.
It is your task to gain as many points as possible across all 16 environments.

Environment number 1:
The value of option 7 is 23. You have 10 choices to make in this environment.
You press <<9>> and receive 15 points.
You press <<6>> and receive 24 points.
You press <<17>> and receive 4 points.
You press <<8>> and receive 37 points.
You press <<4>> and receive 15 points.
You press <<13>> and receive 69 points.
You press <<11>> and receive 19 points.
You press <<15>> and receive 34 points.
You press <<",25
1,25,10,13,0,rough,7,10,23,69,"You will be presented with a series of 16 different environments to explore.
In each trial, you can select an option between numbers 1 and 30 by pressing the corresponding key.
By selecting any of these options, you will earn points associated with each unique option.
Imagine these options 1 through 30 as lying next to each other in an ordered line; options closer to each other tend to have similar rewards as rewards tend to cluster together.
For each environment, you will be able to make either 5 or 10 choices.
When you made all your choices in a given environment, you will start making choices in the next unexplored environment.
The rewards underlying the different options are different in each environment so you will learn them anew for each environment.
Each environment starts with the value of a single option revealed.
When you choose the number corresponding to a different option, you will be told the value of that option and receive those points.
Previously revealed options, including the starting option, can also be reselected, although there may be small changes in the point value.
It is your task to gain as many points as possible across all 16 environments.

Environment number 1:
The value of option 7 is 23. You have 10 choices to make in this environment.
You press <<9>> and receive 15 points.
You press <<6>> and receive 24 points.
You press <<17>> and receive 4 points.
You press <<8>> and receive 37 points.
You press <<4>> and receive 15 points.
You press <<13>> and receive 69 points.
You press <<11>> and receive 19 points.
You press <<15>> and receive 34 points.
You press <<12>> and receive 51 points.
You press <<",25
2,1,1,21,0,rough,22,5,37,53,"You will be presented with a series of 16 different environments to explore.
In each trial, you can select an option between numbers 1 and 30 by pressing the corresponding key.
By selecting any of these options, you will earn points associated with each unique option.
Imagine these options 1 through 30 as lying next to each other in an ordered line; options closer to each other tend to have similar rewards as rewards tend to cluster together.
For each environment, you will be able to make either 5 or 10 choices.
When you made all your choices in a given environment, you will start making choices in the next unexplored environment.
The rewards underlying the different options are different in each environment so you will learn them anew for each environment.
Each environment starts with the value of a single option revealed.
When you choose the number corresponding to a different option, you will be told the value of that option and receive those points.
Previously revealed options, including the starting option, can also be reselected, although there may be small changes in the point value.
It is your task to gain as many points as possible across all 16 environments.

Environment number 1:
The value of option 7 is 23. You have 10 choices to make in this environment.
You press <<9>> and receive 15 points.
You press <<6>> and receive 24 points.
You press <<17>> and receive 4 points.
You press <<8>> and receive 37 points.
You press <<4>> and receive 15 points.
You press <<13>> and receive 69 points.
You press <<11>> and receive 19 points.
You press <<15>> and receive 34 points.
You press <<12>> and receive 51 points.
You press <<13>> and receive 69 points.

Environment number 2:
The value of option 22 is 37. You have 5 choices to make in this environment.
You press <<",25
2,1,2,23,0,rough,22,5,37,63,"You will be presented with a series of 16 different environments to explore.
In each trial, you can select an option between numbers 1 and 30 by pressing the corresponding key.
By selecting any of these options, you will earn points associated with each unique option.
Imagine these options 1 through 30 as lying next to each other in an ordered line; options closer to each other tend to have similar rewards as rewards tend to cluster together.
For each environment, you will be able to make either 5 or 10 choices.
When you made all your choices in a given environment, you will start making choices in the next unexplored environment.
The rewards underlying the different options are different in each environment so you will learn them anew for each environment.
Each environment starts with the value of a single option revealed.
When you choose the number corresponding to a different option, you will be told the value of that option and receive those points.
Previously revealed options, including the starting option, can also be reselected, although there may be small changes in the point value.
It is your task to gain as many points as possible across all 16 environments.

Environment number 1:
The value of option 7 is 23. You have 10 choices to make in this environment.
You press <<9>> and receive 15 points.
You press <<6>> and receive 24 points.
You press <<17>> and receive 4 points.
You press <<8>> and receive 37 points.
You press <<4>> and receive 15 points.
You press <<13>> and receive 69 points.
You press <<11>> and receive 19 points.
You press <<15>> and receive 34 points.
You press <<12>> and receive 51 points.
You press <<13>> and receive 69 points.

Environment number 2:
The value of option 22 is 37. You have 5 choices to make in this environment.
You press <<21>> and receive 53 points.
You press <<",25
2,1,3,24,0,rough,22,5,37,51,"You will be presented with a series of 16 different environments to explore.
In each trial, you can select an option between numbers 1 and 30 by pressing the corresponding key.
By selecting any of these options, you will earn points associated with each unique option.
Imagine these options 1 through 30 as lying next to each other in an ordered line; options closer to each other tend to have similar rewards as rewards tend to cluster together.
For each environment, you will be able to make either 5 or 10 choices.
When you made all your choices in a given environment, you will start making choices in the next unexplored environment.
The rewards underlying the different options are different in each environment so you will learn them anew for each environment.
Each environment starts with the value of a single option revealed.
When you choose the number corresponding to a different option, you will be told the value of that option and receive those points.
Previously revealed options, including the starting option, can also be reselected, although there may be small changes in the point value.
It is your task to gain as many points as possible across all 16 environments.

Environment number 1:
The value of option 7 is 23. You have 10 choices to make in this environment.
You press <<9>> and receive 15 points.
You press <<6>> and receive 24 points.
You press <<17>> and receive 4 points.
You press <<8>> and receive 37 points.
You press <<4>> and receive 15 points.
You press <<13>> and receive 69 points.
You press <<11>> and receive 19 points.
You press <<15>> and receive 34 points.
You press <<12>> and receive 51 points.
You press <<13>> and receive 69 points.

Environment number 2:
The value of option 22 is 37. You have 5 choices to make in this environment.
You press <<21>> and receive 53 points.
You press <<23>> and receive 63 points.
You press <<",25
2,1,4,13,0,rough,22,5,37,56,"You will be presented with a series of 16 different environments to explore.
In each trial, you can select an option between numbers 1 and 30 by pressing the corresponding key.
By selecting any of these options, you will earn points associated with each unique option.
Imagine these options 1 through 30 as lying next to each other in an ordered line; options closer to each other tend to have similar rewards as rewards tend to cluster together.
For each environment, you will be able to make either 5 or 10 choices.
When you made all your choices in a given environment, you will start making choices in the next unexplored environment.
The rewards underlying the different options are different in each environment so you will learn them anew for each environment.
Each environment starts with the value of a single option revealed.
When you choose the number corresponding to a different option, you will be told the value of that option and receive those points.
Previously revealed options, including the starting option, can also be reselected, although there may be small changes in the point value.
It is your task to gain as many points as possible across all 16 environments.

Environment number 1:
The value of option 7 is 23. You have 10 choices to make in this environment.
You press <<9>> and receive 15 points.
You press <<6>> and receive 24 points.
You press <<17>> and receive 4 points.
You press <<8>> and receive 37 points.
You press <<4>> and receive 15 points.
You press <<13>> and receive 69 points.
You press <<11>> and receive 19 points.
You press <<15>> and receive 34 points.
You press <<12>> and receive 51 points.
You press <<13>> and receive 69 points.

Environment number 2:
The value of option 22 is 37. You have 5 choices to make in this environment.
You press <<21>> and receive 53 points.
You press <<23>> and receive 63 points.
You press <<24>> and receive 51 points.
You press <<",25
2,1,5,13,0,rough,22,5,37,59,"You will be presented with a series of 16 different environments to explore.
In each trial, you can select an option between numbers 1 and 30 by pressing the corresponding key.
By selecting any of these options, you will earn points associated with each unique option.
Imagine these options 1 through 30 as lying next to each other in an ordered line; options closer to each other tend to have similar rewards as rewards tend to cluster together.
For each environment, you will be able to make either 5 or 10 choices.
When you made all your choices in a given environment, you will start making choices in the next unexplored environment.
The rewards underlying the different options are different in each environment so you will learn them anew for each environment.
Each environment starts with the value of a single option revealed.
When you choose the number corresponding to a different option, you will be told the value of that option and receive those points.
Previously revealed options, including the starting option, can also be reselected, although there may be small changes in the point value.
It is your task to gain as many points as possible across all 16 environments.

Environment number 1:
The value of option 7 is 23. You have 10 choices to make in this environment.
You press <<9>> and receive 15 points.
You press <<6>> and receive 24 points.
You press <<17>> and receive 4 points.
You press <<8>> and receive 37 points.
You press <<4>> and receive 15 points.
You press <<13>> and receive 69 points.
You press <<11>> and receive 19 points.
You press <<15>> and receive 34 points.
You press <<12>> and receive 51 points.
You press <<13>> and receive 69 points.

Environment number 2:
The value of option 22 is 37. You have 5 choices to make in this environment.
You press <<21>> and receive 53 points.
You press <<23>> and receive 63 points.
You press <<24>> and receive 51 points.
You press <<13>> and receive 56 points.
You press <<",25
3,14,1,23,0,rough,6,5,-1,47,"You will be presented with a series of 16 different environments to explore.
In each trial, you can select an option between numbers 1 and 30 by pressing the corresponding key.
By selecting any of these options, you will earn points associated with each unique option.
Imagine these options 1 through 30 as lying next to each other in an ordered line; options closer to each other tend to have similar rewards as rewards tend to cluster together.
For each environment, you will be able to make either 5 or 10 choices.
When you made all your choices in a given environment, you will start making choices in the next unexplored environment.
The rewards underlying the different options are different in each environment so you will learn them anew for each environment.
Each environment starts with the value of a single option revealed.
When you choose the number corresponding to a different option, you will be told the value of that option and receive those points.
Previously revealed options, including the starting option, can also be reselected, although there may be small changes in the point value.
It is your task to gain as many points as possible across all 16 environments.

Environment number 1:
The value of option 7 is 23. You have 10 choices to make in this environment.
You press <<9>> and receive 15 points.
You press <<6>> and receive 24 points.
You press <<17>> and receive 4 points.
You press <<8>> and receive 37 points.
You press <<4>> and receive 15 points.
You press <<13>> and receive 69 points.
You press <<11>> and receive 19 points.
You press <<15>> and receive 34 points.
You press <<12>> and receive 51 points.
You press <<13>> and receive 69 points.

Environment number 2:
The value of option 22 is 37. You have 5 choices to make in this environment.
You press <<21>> and receive 53 points.
You press <<23>> and receive 63 points.
You press <<24>> and receive 51 points.
You press <<13>> and receive 56 points.
You press <<13>> and receive 59 points.

Environment number 3:
The value of option 6 is -1. You have 5 choices to make in this environment.
You press <<",25
3,14,2,24,0,rough,6,5,-1,56,"You will be presented with a series of 16 different environments to explore.
In each trial, you can select an option between numbers 1 and 30 by pressing the corresponding key.
By selecting any of these options, you will earn points associated with each unique option.
Imagine these options 1 through 30 as lying next to each other in an ordered line; options closer to each other tend to have similar rewards as rewards tend to cluster together.
For each environment, you will be able to make either 5 or 10 choices.
When you made all your choices in a given environment, you will start making choices in the next unexplored environment.
The rewards underlying the different options are different in each environment so you will learn them anew for each environment.
Each environment starts with the value of a single option revealed.
When you choose the number corresponding to a different option, you will be told the value of that option and receive those points.
Previously revealed options, including the starting option, can also be reselected, although there may be small changes in the point value.
It is your task to gain as many points as possible across all 16 environments.

Environment number 1:
The value of option 7 is 23. You have 10 choices to make in this environment.
You press <<9>> and receive 15 points.
You press <<6>> and receive 24 points.
You press <<17>> and receive 4 points.
You press <<8>> and receive 37 points.
You press <<4>> and receive 15 points.
You press <<13>> and receive 69 points.
You press <<11>> and receive 19 points.
You press <<15>> and receive 34 points.
You press <<12>> and receive 51 points.
You press <<13>> and receive 69 points.

Environment number 2:
The value of option 22 is 37. You have 5 choices to make in this environment.
You press <<21>> and receive 53 points.
You press <<23>> and receive 63 points.
You press <<24>> and receive 51 points.
You press <<13>> and receive 56 points.
You press <<13>> and receive 59 points.

Environment number 3:
The value of option 6 is -1. You have 5 choices to make in this environment.
You press <<23>> and receive 47 points.
You press <<",25
3,14,3,22,0,rough,6,5,-1,20,"You will be presented with a series of 16 different environments to explore.
In each trial, you can select an option between numbers 1 and 30 by pressing the corresponding key.
By selecting any of these options, you will earn points associated with each unique option.
Imagine these options 1 through 30 as lying next to each other in an ordered line; options closer to each other tend to have similar rewards as rewards tend to cluster together.
For each environment, you will be able to make either 5 or 10 choices.
When you made all your choices in a given environment, you will start making choices in the next unexplored environment.
The rewards underlying the different options are different in each environment so you will learn them anew for each environment.
Each environment starts with the value of a single option revealed.
When you choose the number corresponding to a different option, you will be told the value of that option and receive those points.
Previously revealed options, including the starting option, can also be reselected, although there may be small changes in the point value.
It is your task to gain as many points as possible across all 16 environments.

Environment number 1:
The value of option 7 is 23. You have 10 choices to make in this environment.
You press <<9>> and receive 15 points.
You press <<6>> and receive 24 points.
You press <<17>> and receive 4 points.
You press <<8>> and receive 37 points.
You press <<4>> and receive 15 points.
You press <<13>> and receive 69 points.
You press <<11>> and receive 19 points.
You press <<15>> and receive 34 points.
You press <<12>> and receive 51 points.
You press <<13>> and receive 69 points.

Environment number 2:
The value of option 22 is 37. You have 5 choices to make in this environment.
You press <<21>> and receive 53 points.
You press <<23>> and receive 63 points.
You press <<24>> and receive 51 points.
You press <<13>> and receive 56 points.
You press <<13>> and receive 59 points.

Environment number 3:
The value of option 6 is -1. You have 5 choices to make in this environment.
You press <<23>> and receive 47 points.
You press <<24>> and receive 56 points.
You press <<",25
3,14,4,12,0,rough,6,5,-1,33,"You will be presented with a series of 16 different environments to explore.
In each trial, you can select an option between numbers 1 and 30 by pressing the corresponding key.
By selecting any of these options, you will earn points associated with each unique option.
Imagine these options 1 through 30 as lying next to each other in an ordered line; options closer to each other tend to have similar rewards as rewards tend to cluster together.
For each environment, you will be able to make either 5 or 10 choices.
When you made all your choices in a given environment, you will start making choices in the next unexplored environment.
The rewards underlying the different options are different in each environment so you will learn them anew for each environment.
Each environment starts with the value of a single option revealed.
When you choose the number corresponding to a different option, you will be told the value of that option and receive those points.
Previously revealed options, including the starting option, can also be reselected, although there may be small changes in the point value.
It is your task to gain as many points as possible across all 16 environments.

Environment number 1:
The value of option 7 is 23. You have 10 choices to make in this environment.
You press <<9>> and receive 15 points.
You press <<6>> and receive 24 points.
You press <<17>> and receive 4 points.
You press <<8>> and receive 37 points.
You press <<4>> and receive 15 points.
You press <<13>> and receive 69 points.
You press <<11>> and receive 19 points.
You press <<15>> and receive 34 points.
You press <<12>> and receive 51 points.
You press <<13>> and receive 69 points.

Environment number 2:
The value of option 22 is 37. You have 5 choices to make in this environment.
You press <<21>> and receive 53 points.
You press <<23>> and receive 63 points.
You press <<24>> and receive 51 points.
You press <<13>> and receive 56 points.
You press <<13>> and receive 59 points.

Environment number 3:
The value of option 6 is -1. You have 5 choices to make in this environment.
You press <<23>> and receive 47 points.
You press <<24>> and receive 56 points.
You press <<22>> and receive 20 points.
You press <<",25
3,14,5,13,0,rough,6,5,-1,48,"You will be presented with a series of 16 different environments to explore.
In each trial, you can select an option between numbers 1 and 30 by pressing the corresponding key.
By selecting any of these options, you will earn points associated with each unique option.
Imagine these options 1 through 30 as lying next to each other in an ordered line; options closer to each other tend to have similar rewards as rewards tend to cluster together.
For each environment, you will be able to make either 5 or 10 choices.
When you made all your choices in a given environment, you will start making choices in the next unexplored environment.
The rewards underlying the different options are different in each environment so you will learn them anew for each environment.
Each environment starts with the value of a single option revealed.
When you choose the number corresponding to a different option, you will be told the value of that option and receive those points.
Previously revealed options, including the starting option, can also be reselected, although there may be small changes in the point value.
It is your task to gain as many points as possible across all 16 environments.

Environment number 1:
The value of option 7 is 23. You have 10 choices to make in this environment.
You press <<9>> and receive 15 points.
You press <<6>> and receive 24 points.
You press <<17>> and receive 4 points.
You press <<8>> and receive 37 points.
You press <<4>> and receive 15 points.
You press <<13>> and receive 69 points.
You press <<11>> and receive 19 points.
You press <<15>> and receive 34 points.
You press <<12>> and receive 51 points.
You press <<13>> and receive 69 points.

Environment number 2:
The value of option 22 is 37. You have 5 choices to make in this environment.
You press <<21>> and receive 53 points.
You press <<23>> and receive 63 points.
You press <<24>> and receive 51 points.
You press <<13>> and receive 56 points.
You press <<13>> and receive 59 points.

Environment number 3:
The value of option 6 is -1. You have 5 choices to make in this environment.
You press <<23>> and receive 47 points.
You press <<24>> and receive 56 points.
You press <<22>> and receive 20 points.
You press <<12>> and receive 33 points.
You press <<",25
4,20,1,19,0,rough,20,10,45,24,"You will be presented with a series of 16 different environments to explore.
In each trial, you can select an option between numbers 1 and 30 by pressing the corresponding key.
By selecting any of these options, you will earn points associated with each unique option.
Imagine these options 1 through 30 as lying next to each other in an ordered line; options closer to each other tend to have similar rewards as rewards tend to cluster together.
For each environment, you will be able to make either 5 or 10 choices.
When you made all your choices in a given environment, you will start making choices in the next unexplored environment.
The rewards underlying the different options are different in each environment so you will learn them anew for each environment.
Each environment starts with the value of a single option revealed.
When you choose the number corresponding to a different option, you will be told the value of that option and receive those points.
Previously revealed options, including the starting option, can also be reselected, although there may be small changes in the point value.
It is your task to gain as many points as possible across all 16 environments.

Environment number 1:
The value of option 7 is 23. You have 10 choices to make in this environment.
You press <<9>> and receive 15 points.
You press <<6>> and receive 24 points.
You press <<17>> and receive 4 points.
You press <<8>> and receive 37 points.
You press <<4>> and receive 15 points.
You press <<13>> and receive 69 points.
You press <<11>> and receive 19 points.
You press <<15>> and receive 34 points.
You press <<12>> and receive 51 points.
You press <<13>> and receive 69 points.

Environment number 2:
The value of option 22 is 37. You have 5 choices to make in this environment.
You press <<21>> and receive 53 points.
You press <<23>> and receive 63 points.
You press <<24>> and receive 51 points.
You press <<13>> and receive 56 points.
You press <<13>> and receive 59 points.

Environment number 3:
The value of option 6 is -1. You have 5 choices to make in this environment.
You press <<23>> and receive 47 points.
You press <<24>> and receive 56 points.
You press <<22>> and receive 20 points.
You press <<12>> and receive 33 points.
You press <<13>> and receive 48 points.

Environment number 4:
The value of option 20 is 45. You have 10 choices to make in this environment.
You press <<",25
4,20,2,21,0,rough,20,10,45,35,"You will be presented with a series of 16 different environments to explore.
In each trial, you can select an option between numbers 1 and 30 by pressing the corresponding key.
By selecting any of these options, you will earn points associated with each unique option.
Imagine these options 1 through 30 as lying next to each other in an ordered line; options closer to each other tend to have similar rewards as rewards tend to cluster together.
For each environment, you will be able to make either 5 or 10 choices.
When you made all your choices in a given environment, you will start making choices in the next unexplored environment.
The rewards underlying the different options are different in each environment so you will learn them anew for each environment.
Each environment starts with the value of a single option revealed.
When you choose the number corresponding to a different option, you will be told the value of that option and receive those points.
Previously revealed options, including the starting option, can also be reselected, although there may be small changes in the point value.
It is your task to gain as many points as possible across all 16 environments.

Environment number 1:
The value of option 7 is 23. You have 10 choices to make in this environment.
You press <<9>> and receive 15 points.
You press <<6>> and receive 24 points.
You press <<17>> and receive 4 points.
You press <<8>> and receive 37 points.
You press <<4>> and receive 15 points.
You press <<13>> and receive 69 points.
You press <<11>> and receive 19 points.
You press <<15>> and receive 34 points.
You press <<12>> and receive 51 points.
You press <<13>> and receive 69 points.

Environment number 2:
The value of option 22 is 37. You have 5 choices to make in this environment.
You press <<21>> and receive 53 points.
You press <<23>> and receive 63 points.
You press <<24>> and receive 51 points.
You press <<13>> and receive 56 points.
You press <<13>> and receive 59 points.

Environment number 3:
The value of option 6 is -1. You have 5 choices to make in this environment.
You press <<23>> and receive 47 points.
You press <<24>> and receive 56 points.
You press <<22>> and receive 20 points.
You press <<12>> and receive 33 points.
You press <<13>> and receive 48 points.

Environment number 4:
The value of option 20 is 45. You have 10 choices to make in this environment.
You press <<19>> and receive 24 points.
You press <<",25
4,20,3,12,0,rough,20,10,45,75,"You will be presented with a series of 16 different environments to explore.
In each trial, you can select an option between numbers 1 and 30 by pressing the corresponding key.
By selecting any of these options, you will earn points associated with each unique option.
Imagine these options 1 through 30 as lying next to each other in an ordered line; options closer to each other tend to have similar rewards as rewards tend to cluster together.
For each environment, you will be able to make either 5 or 10 choices.
When you made all your choices in a given environment, you will start making choices in the next unexplored environment.
The rewards underlying the different options are different in each environment so you will learn them anew for each environment.
Each environment starts with the value of a single option revealed.
When you choose the number corresponding to a different option, you will be told the value of that option and receive those points.
Previously revealed options, including the starting option, can also be reselected, although there may be small changes in the point value.
It is your task to gain as many points as possible across all 16 environments.

Environment number 1:
The value of option 7 is 23. You have 10 choices to make in this environment.
You press <<9>> and receive 15 points.
You press <<6>> and receive 24 points.
You press <<17>> and receive 4 points.
You press <<8>> and receive 37 points.
You press <<4>> and receive 15 points.
You press <<13>> and receive 69 points.
You press <<11>> and receive 19 points.
You press <<15>> and receive 34 points.
You press <<12>> and receive 51 points.
You press <<13>> and receive 69 points.

Environment number 2:
The value of option 22 is 37. You have 5 choices to make in this environment.
You press <<21>> and receive 53 points.
You press <<23>> and receive 63 points.
You press <<24>> and receive 51 points.
You press <<13>> and receive 56 points.
You press <<13>> and receive 59 points.

Environment number 3:
The value of option 6 is -1. You have 5 choices to make in this environment.
You press <<23>> and receive 47 points.
You press <<24>> and receive 56 points.
You press <<22>> and receive 20 points.
You press <<12>> and receive 33 points.
You press <<13>> and receive 48 points.

Environment number 4:
The value of option 20 is 45. You have 10 choices to make in this environment.
You press <<19>> and receive 24 points.
You press <<21>> and receive 35 points.
You press <<",25
4,20,4,11,0,rough,20,10,45,62,"You will be presented with a series of 16 different environments to explore.
In each trial, you can select an option between numbers 1 and 30 by pressing the corresponding key.
By selecting any of these options, you will earn points associated with each unique option.
Imagine these options 1 through 30 as lying next to each other in an ordered line; options closer to each other tend to have similar rewards as rewards tend to cluster together.
For each environment, you will be able to make either 5 or 10 choices.
When you made all your choices in a given environment, you will start making choices in the next unexplored environment.
The rewards underlying the different options are different in each environment so you will learn them anew for each environment.
Each environment starts with the value of a single option revealed.
When you choose the number corresponding to a different option, you will be told the value of that option and receive those points.
Previously revealed options, including the starting option, can also be reselected, although there may be small changes in the point value.
It is your task to gain as many points as possible across all 16 environments.

Environment number 1:
The value of option 7 is 23. You have 10 choices to make in this environment.
You press <<9>> and receive 15 points.
You press <<6>> and receive 24 points.
You press <<17>> and receive 4 points.
You press <<8>> and receive 37 points.
You press <<4>> and receive 15 points.
You press <<13>> and receive 69 points.
You press <<11>> and receive 19 points.
You press <<15>> and receive 34 points.
You press <<12>> and receive 51 points.
You press <<13>> and receive 69 points.

Environment number 2:
The value of option 22 is 37. You have 5 choices to make in this environment.
You press <<21>> and receive 53 points.
You press <<23>> and receive 63 points.
You press <<24>> and receive 51 points.
You press <<13>> and receive 56 points.
You press <<13>> and receive 59 points.

Environment number 3:
The value of option 6 is -1. You have 5 choices to make in this environment.
You press <<23>> and receive 47 points.
You press <<24>> and receive 56 points.
You press <<22>> and receive 20 points.
You press <<12>> and receive 33 points.
You press <<13>> and receive 48 points.

Environment number 4:
The value of option 20 is 45. You have 10 choices to make in this environment.
You press <<19>> and receive 24 points.
You press <<21>> and receive 35 points.
You press <<12>> and receive 75 points.
You press <<",25
4,20,5,13,0,rough,20,10,45,84,"You will be presented with a series of 16 different environments to explore.
In each trial, you can select an option between numbers 1 and 30 by pressing the corresponding key.
By selecting any of these options, you will earn points associated with each unique option.
Imagine these options 1 through 30 as lying next to each other in an ordered line; options closer to each other tend to have similar rewards as rewards tend to cluster together.
For each environment, you will be able to make either 5 or 10 choices.
When you made all your choices in a given environment, you will start making choices in the next unexplored environment.
The rewards underlying the different options are different in each environment so you will learn them anew for each environment.
Each environment starts with the value of a single option revealed.
When you choose the number corresponding to a different option, you will be told the value of that option and receive those points.
Previously revealed options, including the starting option, can also be reselected, although there may be small changes in the point value.
It is your task to gain as many points as possible across all 16 environments.

Environment number 1:
The value of option 7 is 23. You have 10 choices to make in this environment.
You press <<9>> and receive 15 points.
You press <<6>> and receive 24 points.
You press <<17>> and receive 4 points.
You press <<8>> and receive 37 points.
You press <<4>> and receive 15 points.
You press <<13>> and receive 69 points.
You press <<11>> and receive 19 points.
You press <<15>> and receive 34 points.
You press <<12>> and receive 51 points.
You press <<13>> and receive 69 points.

Environment number 2:
The value of option 22 is 37. You have 5 choices to make in this environment.
You press <<21>> and receive 53 points.
You press <<23>> and receive 63 points.
You press <<24>> and receive 51 points.
You press <<13>> and receive 56 points.
You press <<13>> and receive 59 points.

Environment number 3:
The value of option 6 is -1. You have 5 choices to make in this environment.
You press <<23>> and receive 47 points.
You press <<24>> and receive 56 points.
You press <<22>> and receive 20 points.
You press <<12>> and receive 33 points.
You press <<13>> and receive 48 points.

Environment number 4:
The value of option 20 is 45. You have 10 choices to make in this environment.
You press <<19>> and receive 24 points.
You press <<21>> and receive 35 points.
You press <<12>> and receive 75 points.
You press <<11>> and receive 62 points.
You press <<",25
4,20,6,3,0,rough,20,10,45,23,"You will be presented with a series of 16 different environments to explore.
In each trial, you can select an option between numbers 1 and 30 by pressing the corresponding key.
By selecting any of these options, you will earn points associated with each unique option.
Imagine these options 1 through 30 as lying next to each other in an ordered line; options closer to each other tend to have similar rewards as rewards tend to cluster together.
For each environment, you will be able to make either 5 or 10 choices.
When you made all your choices in a given environment, you will start making choices in the next unexplored environment.
The rewards underlying the different options are different in each environment so you will learn them anew for each environment.
Each environment starts with the value of a single option revealed.
When you choose the number corresponding to a different option, you will be told the value of that option and receive those points.
Previously revealed options, including the starting option, can also be reselected, although there may be small changes in the point value.
It is your task to gain as many points as possible across all 16 environments.

Environment number 1:
The value of option 7 is 23. You have 10 choices to make in this environment.
You press <<9>> and receive 15 points.
You press <<6>> and receive 24 points.
You press <<17>> and receive 4 points.
You press <<8>> and receive 37 points.
You press <<4>> and receive 15 points.
You press <<13>> and receive 69 points.
You press <<11>> and receive 19 points.
You press <<15>> and receive 34 points.
You press <<12>> and receive 51 points.
You press <<13>> and receive 69 points.

Environment number 2:
The value of option 22 is 37. You have 5 choices to make in this environment.
You press <<21>> and receive 53 points.
You press <<23>> and receive 63 points.
You press <<24>> and receive 51 points.
You press <<13>> and receive 56 points.
You press <<13>> and receive 59 points.

Environment number 3:
The value of option 6 is -1. You have 5 choices to make in this environment.
You press <<23>> and receive 47 points.
You press <<24>> and receive 56 points.
You press <<22>> and receive 20 points.
You press <<12>> and receive 33 points.
You press <<13>> and receive 48 points.

Environment number 4:
The value of option 20 is 45. You have 10 choices to make in this environment.
You press <<19>> and receive 24 points.
You press <<21>> and receive 35 points.
You press <<12>> and receive 75 points.
You press <<11>> and receive 62 points.
You press <<13>> and receive 84 points.
You press <<",25
4,20,7,7,0,rough,20,10,45,23,"You will be presented with a series of 16 different environments to explore.
In each trial, you can select an option between numbers 1 and 30 by pressing the corresponding key.
By selecting any of these options, you will earn points associated with each unique option.
Imagine these options 1 through 30 as lying next to each other in an ordered line; options closer to each other tend to have similar rewards as rewards tend to cluster together.
For each environment, you will be able to make either 5 or 10 choices.
When you made all your choices in a given environment, you will start making choices in the next unexplored environment.
The rewards underlying the different options are different in each environment so you will learn them anew for each environment.
Each environment starts with the value of a single option revealed.
When you choose the number corresponding to a different option, you will be told the value of that option and receive those points.
Previously revealed options, including the starting option, can also be reselected, although there may be small changes in the point value.
It is your task to gain as many points as possible across all 16 environments.

Environment number 1:
The value of option 7 is 23. You have 10 choices to make in this environment.
You press <<9>> and receive 15 points.
You press <<6>> and receive 24 points.
You press <<17>> and receive 4 points.
You press <<8>> and receive 37 points.
You press <<4>> and receive 15 points.
You press <<13>> and receive 69 points.
You press <<11>> and receive 19 points.
You press <<15>> and receive 34 points.
You press <<12>> and receive 51 points.
You press <<13>> and receive 69 points.

Environment number 2:
The value of option 22 is 37. You have 5 choices to make in this environment.
You press <<21>> and receive 53 points.
You press <<23>> and receive 63 points.
You press <<24>> and receive 51 points.
You press <<13>> and receive 56 points.
You press <<13>> and receive 59 points.

Environment number 3:
The value of option 6 is -1. You have 5 choices to make in this environment.
You press <<23>> and receive 47 points.
You press <<24>> and receive 56 points.
You press <<22>> and receive 20 points.
You press <<12>> and receive 33 points.
You press <<13>> and receive 48 points.

Environment number 4:
The value of option 20 is 45. You have 10 choices to make in this environment.
You press <<19>> and receive 24 points.
You press <<21>> and receive 35 points.
You press <<12>> and receive 75 points.
You press <<11>> and receive 62 points.
You press <<13>> and receive 84 points.
You press <<3>> and receive 23 points.
You press <<",25
4,20,8,13,0,rough,20,10,45,83,"You will be presented with a series of 16 different environments to explore.
In each trial, you can select an option between numbers 1 and 30 by pressing the corresponding key.
By selecting any of these options, you will earn points associated with each unique option.
Imagine these options 1 through 30 as lying next to each other in an ordered line; options closer to each other tend to have similar rewards as rewards tend to cluster together.
For each environment, you will be able to make either 5 or 10 choices.
When you made all your choices in a given environment, you will start making choices in the next unexplored environment.
The rewards underlying the different options are different in each environment so you will learn them anew for each environment.
Each environment starts with the value of a single option revealed.
When you choose the number corresponding to a different option, you will be told the value of that option and receive those points.
Previously revealed options, including the starting option, can also be reselected, although there may be small changes in the point value.
It is your task to gain as many points as possible across all 16 environments.

Environment number 1:
The value of option 7 is 23. You have 10 choices to make in this environment.
You press <<9>> and receive 15 points.
You press <<6>> and receive 24 points.
You press <<17>> and receive 4 points.
You press <<8>> and receive 37 points.
You press <<4>> and receive 15 points.
You press <<13>> and receive 69 points.
You press <<11>> and receive 19 points.
You press <<15>> and receive 34 points.
You press <<12>> and receive 51 points.
You press <<13>> and receive 69 points.

Environment number 2:
The value of option 22 is 37. You have 5 choices to make in this environment.
You press <<21>> and receive 53 points.
You press <<23>> and receive 63 points.
You press <<24>> and receive 51 points.
You press <<13>> and receive 56 points.
You press <<13>> and receive 59 points.

Environment number 3:
The value of option 6 is -1. You have 5 choices to make in this environment.
You press <<23>> and receive 47 points.
You press <<24>> and receive 56 points.
You press <<22>> and receive 20 points.
You press <<12>> and receive 33 points.
You press <<13>> and receive 48 points.

Environment number 4:
The value of option 20 is 45. You have 10 choices to make in this environment.
You press <<19>> and receive 24 points.
You press <<21>> and receive 35 points.
You press <<12>> and receive 75 points.
You press <<11>> and receive 62 points.
You press <<13>> and receive 84 points.
You press <<3>> and receive 23 points.
You press <<7>> and receive 23 points.
You press <<",25
4,20,9,14,0,rough,20,10,45,82,"You will be presented with a series of 16 different environments to explore.
In each trial, you can select an option between numbers 1 and 30 by pressing the corresponding key.
By selecting any of these options, you will earn points associated with each unique option.
Imagine these options 1 through 30 as lying next to each other in an ordered line; options closer to each other tend to have similar rewards as rewards tend to cluster together.
For each environment, you will be able to make either 5 or 10 choices.
When you made all your choices in a given environment, you will start making choices in the next unexplored environment.
The rewards underlying the different options are different in each environment so you will learn them anew for each environment.
Each environment starts with the value of a single option revealed.
When you choose the number corresponding to a different option, you will be told the value of that option and receive those points.
Previously revealed options, including the starting option, can also be reselected, although there may be small changes in the point value.
It is your task to gain as many points as possible across all 16 environments.

Environment number 1:
The value of option 7 is 23. You have 10 choices to make in this environment.
You press <<9>> and receive 15 points.
You press <<6>> and receive 24 points.
You press <<17>> and receive 4 points.
You press <<8>> and receive 37 points.
You press <<4>> and receive 15 points.
You press <<13>> and receive 69 points.
You press <<11>> and receive 19 points.
You press <<15>> and receive 34 points.
You press <<12>> and receive 51 points.
You press <<13>> and receive 69 points.

Environment number 2:
The value of option 22 is 37. You have 5 choices to make in this environment.
You press <<21>> and receive 53 points.
You press <<23>> and receive 63 points.
You press <<24>> and receive 51 points.
You press <<13>> and receive 56 points.
You press <<13>> and receive 59 points.

Environment number 3:
The value of option 6 is -1. You have 5 choices to make in this environment.
You press <<23>> and receive 47 points.
You press <<24>> and receive 56 points.
You press <<22>> and receive 20 points.
You press <<12>> and receive 33 points.
You press <<13>> and receive 48 points.

Environment number 4:
The value of option 20 is 45. You have 10 choices to make in this environment.
You press <<19>> and receive 24 points.
You press <<21>> and receive 35 points.
You press <<12>> and receive 75 points.
You press <<11>> and receive 62 points.
You press <<13>> and receive 84 points.
You press <<3>> and receive 23 points.
You press <<7>> and receive 23 points.
You press <<13>> and receive 83 points.
You press <<",25
4,20,10,12,0,rough,20,10,45,75,"You will be presented with a series of 16 different environments to explore.
In each trial, you can select an option between numbers 1 and 30 by pressing the corresponding key.
By selecting any of these options, you will earn points associated with each unique option.
Imagine these options 1 through 30 as lying next to each other in an ordered line; options closer to each other tend to have similar rewards as rewards tend to cluster together.
For each environment, you will be able to make either 5 or 10 choices.
When you made all your choices in a given environment, you will start making choices in the next unexplored environment.
The rewards underlying the different options are different in each environment so you will learn them anew for each environment.
Each environment starts with the value of a single option revealed.
When you choose the number corresponding to a different option, you will be told the value of that option and receive those points.
Previously revealed options, including the starting option, can also be reselected, although there may be small changes in the point value.
It is your task to gain as many points as possible across all 16 environments.

Environment number 1:
The value of option 7 is 23. You have 10 choices to make in this environment.
You press <<9>> and receive 15 points.
You press <<6>> and receive 24 points.
You press <<17>> and receive 4 points.
You press <<8>> and receive 37 points.
You press <<4>> and receive 15 points.
You press <<13>> and receive 69 points.
You press <<11>> and receive 19 points.
You press <<15>> and receive 34 points.
You press <<12>> and receive 51 points.
You press <<13>> and receive 69 points.

Environment number 2:
The value of option 22 is 37. You have 5 choices to make in this environment.
You press <<21>> and receive 53 points.
You press <<23>> and receive 63 points.
You press <<24>> and receive 51 points.
You press <<13>> and receive 56 points.
You press <<13>> and receive 59 points.

Environment number 3:
The value of option 6 is -1. You have 5 choices to make in this environment.
You press <<23>> and receive 47 points.
You press <<24>> and receive 56 points.
You press <<22>> and receive 20 points.
You press <<12>> and receive 33 points.
You press <<13>> and receive 48 points.

Environment number 4:
The value of option 20 is 45. You have 10 choices to make in this environment.
You press <<19>> and receive 24 points.
You press <<21>> and receive 35 points.
You press <<12>> and receive 75 points.
You press <<11>> and receive 62 points.
You press <<13>> and receive 84 points.
You press <<3>> and receive 23 points.
You press <<7>> and receive 23 points.
You press <<13>> and receive 83 points.
You press <<14>> and receive 82 points.
You press <<",25
5,31,1,26,0,rough,15,10,0,43,"You will be presented with a series of 16 different environments to explore.
In each trial, you can select an option between numbers 1 and 30 by pressing the corresponding key.
By selecting any of these options, you will earn points associated with each unique option.
Imagine these options 1 through 30 as lying next to each other in an ordered line; options closer to each other tend to have similar rewards as rewards tend to cluster together.
For each environment, you will be able to make either 5 or 10 choices.
When you made all your choices in a given environment, you will start making choices in the next unexplored environment.
The rewards underlying the different options are different in each environment so you will learn them anew for each environment.
Each environment starts with the value of a single option revealed.
When you choose the number corresponding to a different option, you will be told the value of that option and receive those points.
Previously revealed options, including the starting option, can also be reselected, although there may be small changes in the point value.
It is your task to gain as many points as possible across all 16 environments.

Environment number 1:
The value of option 7 is 23. You have 10 choices to make in this environment.
You press <<9>> and receive 15 points.
You press <<6>> and receive 24 points.
You press <<17>> and receive 4 points.
You press <<8>> and receive 37 points.
You press <<4>> and receive 15 points.
You press <<13>> and receive 69 points.
You press <<11>> and receive 19 points.
You press <<15>> and receive 34 points.
You press <<12>> and receive 51 points.
You press <<13>> and receive 69 points.

Environment number 2:
The value of option 22 is 37. You have 5 choices to make in this environment.
You press <<21>> and receive 53 points.
You press <<23>> and receive 63 points.
You press <<24>> and receive 51 points.
You press <<13>> and receive 56 points.
You press <<13>> and receive 59 points.

Environment number 3:
The value of option 6 is -1. You have 5 choices to make in this environment.
You press <<23>> and receive 47 points.
You press <<24>> and receive 56 points.
You press <<22>> and receive 20 points.
You press <<12>> and receive 33 points.
You press <<13>> and receive 48 points.

Environment number 4:
The value of option 20 is 45. You have 10 choices to make in this environment.
You press <<19>> and receive 24 points.
You press <<21>> and receive 35 points.
You press <<12>> and receive 75 points.
You press <<11>> and receive 62 points.
You press <<13>> and receive 84 points.
You press <<3>> and receive 23 points.
You press <<7>> and receive 23 points.
You press <<13>> and receive 83 points.
You press <<14>> and receive 82 points.
You press <<12>> and receive 75 points.

Environment number 5:
The value of option 15 is 0. You have 10 choices to make in this environment.
You press <<",25
5,31,2,25,0,rough,15,10,0,84,"You will be presented with a series of 16 different environments to explore.
In each trial, you can select an option between numbers 1 and 30 by pressing the corresponding key.
By selecting any of these options, you will earn points associated with each unique option.
Imagine these options 1 through 30 as lying next to each other in an ordered line; options closer to each other tend to have similar rewards as rewards tend to cluster together.
For each environment, you will be able to make either 5 or 10 choices.
When you made all your choices in a given environment, you will start making choices in the next unexplored environment.
The rewards underlying the different options are different in each environment so you will learn them anew for each environment.
Each environment starts with the value of a single option revealed.
When you choose the number corresponding to a different option, you will be told the value of that option and receive those points.
Previously revealed options, including the starting option, can also be reselected, although there may be small changes in the point value.
It is your task to gain as many points as possible across all 16 environments.

Environment number 1:
The value of option 7 is 23. You have 10 choices to make in this environment.
You press <<9>> and receive 15 points.
You press <<6>> and receive 24 points.
You press <<17>> and receive 4 points.
You press <<8>> and receive 37 points.
You press <<4>> and receive 15 points.
You press <<13>> and receive 69 points.
You press <<11>> and receive 19 points.
You press <<15>> and receive 34 points.
You press <<12>> and receive 51 points.
You press <<13>> and receive 69 points.

Environment number 2:
The value of option 22 is 37. You have 5 choices to make in this environment.
You press <<21>> and receive 53 points.
You press <<23>> and receive 63 points.
You press <<24>> and receive 51 points.
You press <<13>> and receive 56 points.
You press <<13>> and receive 59 points.

Environment number 3:
The value of option 6 is -1. You have 5 choices to make in this environment.
You press <<23>> and receive 47 points.
You press <<24>> and receive 56 points.
You press <<22>> and receive 20 points.
You press <<12>> and receive 33 points.
You press <<13>> and receive 48 points.

Environment number 4:
The value of option 20 is 45. You have 10 choices to make in this environment.
You press <<19>> and receive 24 points.
You press <<21>> and receive 35 points.
You press <<12>> and receive 75 points.
You press <<11>> and receive 62 points.
You press <<13>> and receive 84 points.
You press <<3>> and receive 23 points.
You press <<7>> and receive 23 points.
You press <<13>> and receive 83 points.
You press <<14>> and receive 82 points.
You press <<12>> and receive 75 points.

Environment number 5:
The value of option 15 is 0. You have 10 choices to make in this environment.
You press <<26>> and receive 43 points.
You press <<",25
5,31,3,24,0,rough,15,10,0,47,"You will be presented with a series of 16 different environments to explore.
In each trial, you can select an option between numbers 1 and 30 by pressing the corresponding key.
By selecting any of these options, you will earn points associated with each unique option.
Imagine these options 1 through 30 as lying next to each other in an ordered line; options closer to each other tend to have similar rewards as rewards tend to cluster together.
For each environment, you will be able to make either 5 or 10 choices.
When you made all your choices in a given environment, you will start making choices in the next unexplored environment.
The rewards underlying the different options are different in each environment so you will learn them anew for each environment.
Each environment starts with the value of a single option revealed.
When you choose the number corresponding to a different option, you will be told the value of that option and receive those points.
Previously revealed options, including the starting option, can also be reselected, although there may be small changes in the point value.
It is your task to gain as many points as possible across all 16 environments.

Environment number 1:
The value of option 7 is 23. You have 10 choices to make in this environment.
You press <<9>> and receive 15 points.
You press <<6>> and receive 24 points.
You press <<17>> and receive 4 points.
You press <<8>> and receive 37 points.
You press <<4>> and receive 15 points.
You press <<13>> and receive 69 points.
You press <<11>> and receive 19 points.
You press <<15>> and receive 34 points.
You press <<12>> and receive 51 points.
You press <<13>> and receive 69 points.

Environment number 2:
The value of option 22 is 37. You have 5 choices to make in this environment.
You press <<21>> and receive 53 points.
You press <<23>> and receive 63 points.
You press <<24>> and receive 51 points.
You press <<13>> and receive 56 points.
You press <<13>> and receive 59 points.

Environment number 3:
The value of option 6 is -1. You have 5 choices to make in this environment.
You press <<23>> and receive 47 points.
You press <<24>> and receive 56 points.
You press <<22>> and receive 20 points.
You press <<12>> and receive 33 points.
You press <<13>> and receive 48 points.

Environment number 4:
The value of option 20 is 45. You have 10 choices to make in this environment.
You press <<19>> and receive 24 points.
You press <<21>> and receive 35 points.
You press <<12>> and receive 75 points.
You press <<11>> and receive 62 points.
You press <<13>> and receive 84 points.
You press <<3>> and receive 23 points.
You press <<7>> and receive 23 points.
You press <<13>> and receive 83 points.
You press <<14>> and receive 82 points.
You press <<12>> and receive 75 points.

Environment number 5:
The value of option 15 is 0. You have 10 choices to make in this environment.
You press <<26>> and receive 43 points.
You press <<25>> and receive 84 points.
You press <<",25
5,31,4,4,0,rough,15,10,0,30,"You will be presented with a series of 16 different environments to explore.
In each trial, you can select an option between numbers 1 and 30 by pressing the corresponding key.
By selecting any of these options, you will earn points associated with each unique option.
Imagine these options 1 through 30 as lying next to each other in an ordered line; options closer to each other tend to have similar rewards as rewards tend to cluster together.
For each environment, you will be able to make either 5 or 10 choices.
When you made all your choices in a given environment, you will start making choices in the next unexplored environment.
The rewards underlying the different options are different in each environment so you will learn them anew for each environment.
Each environment starts with the value of a single option revealed.
When you choose the number corresponding to a different option, you will be told the value of that option and receive those points.
Previously revealed options, including the starting option, can also be reselected, although there may be small changes in the point value.
It is your task to gain as many points as possible across all 16 environments.

Environment number 1:
The value of option 7 is 23. You have 10 choices to make in this environment.
You press <<9>> and receive 15 points.
You press <<6>> and receive 24 points.
You press <<17>> and receive 4 points.
You press <<8>> and receive 37 points.
You press <<4>> and receive 15 points.
You press <<13>> and receive 69 points.
You press <<11>> and receive 19 points.
You press <<15>> and receive 34 points.
You press <<12>> and receive 51 points.
You press <<13>> and receive 69 points.

Environment number 2:
The value of option 22 is 37. You have 5 choices to make in this environment.
You press <<21>> and receive 53 points.
You press <<23>> and receive 63 points.
You press <<24>> and receive 51 points.
You press <<13>> and receive 56 points.
You press <<13>> and receive 59 points.

Environment number 3:
The value of option 6 is -1. You have 5 choices to make in this environment.
You press <<23>> and receive 47 points.
You press <<24>> and receive 56 points.
You press <<22>> and receive 20 points.
You press <<12>> and receive 33 points.
You press <<13>> and receive 48 points.

Environment number 4:
The value of option 20 is 45. You have 10 choices to make in this environment.
You press <<19>> and receive 24 points.
You press <<21>> and receive 35 points.
You press <<12>> and receive 75 points.
You press <<11>> and receive 62 points.
You press <<13>> and receive 84 points.
You press <<3>> and receive 23 points.
You press <<7>> and receive 23 points.
You press <<13>> and receive 83 points.
You press <<14>> and receive 82 points.
You press <<12>> and receive 75 points.

Environment number 5:
The value of option 15 is 0. You have 10 choices to make in this environment.
You press <<26>> and receive 43 points.
You press <<25>> and receive 84 points.
You press <<24>> and receive 47 points.
You press <<",25
5,31,5,13,0,rough,15,10,0,65,"You will be presented with a series of 16 different environments to explore.
In each trial, you can select an option between numbers 1 and 30 by pressing the corresponding key.
By selecting any of these options, you will earn points associated with each unique option.
Imagine these options 1 through 30 as lying next to each other in an ordered line; options closer to each other tend to have similar rewards as rewards tend to cluster together.
For each environment, you will be able to make either 5 or 10 choices.
When you made all your choices in a given environment, you will start making choices in the next unexplored environment.
The rewards underlying the different options are different in each environment so you will learn them anew for each environment.
Each environment starts with the value of a single option revealed.
When you choose the number corresponding to a different option, you will be told the value of that option and receive those points.
Previously revealed options, including the starting option, can also be reselected, although there may be small changes in the point value.
It is your task to gain as many points as possible across all 16 environments.

Environment number 1:
The value of option 7 is 23. You have 10 choices to make in this environment.
You press <<9>> and receive 15 points.
You press <<6>> and receive 24 points.
You press <<17>> and receive 4 points.
You press <<8>> and receive 37 points.
You press <<4>> and receive 15 points.
You press <<13>> and receive 69 points.
You press <<11>> and receive 19 points.
You press <<15>> and receive 34 points.
You press <<12>> and receive 51 points.
You press <<13>> and receive 69 points.

Environment number 2:
The value of option 22 is 37. You have 5 choices to make in this environment.
You press <<21>> and receive 53 points.
You press <<23>> and receive 63 points.
You press <<24>> and receive 51 points.
You press <<13>> and receive 56 points.
You press <<13>> and receive 59 points.

Environment number 3:
The value of option 6 is -1. You have 5 choices to make in this environment.
You press <<23>> and receive 47 points.
You press <<24>> and receive 56 points.
You press <<22>> and receive 20 points.
You press <<12>> and receive 33 points.
You press <<13>> and receive 48 points.

Environment number 4:
The value of option 20 is 45. You have 10 choices to make in this environment.
You press <<19>> and receive 24 points.
You press <<21>> and receive 35 points.
You press <<12>> and receive 75 points.
You press <<11>> and receive 62 points.
You press <<13>> and receive 84 points.
You press <<3>> and receive 23 points.
You press <<7>> and receive 23 points.
You press <<13>> and receive 83 points.
You press <<14>> and receive 82 points.
You press <<12>> and receive 75 points.

Environment number 5:
The value of option 15 is 0. You have 10 choices to make in this environment.
You press <<26>> and receive 43 points.
You press <<25>> and receive 84 points.
You press <<24>> and receive 47 points.
You press <<4>> and receive 30 points.
You press <<",25
5,31,6,14,0,rough,15,10,0,33,"You will be presented with a series of 16 different environments to explore.
In each trial, you can select an option between numbers 1 and 30 by pressing the corresponding key.
By selecting any of these options, you will earn points associated with each unique option.
Imagine these options 1 through 30 as lying next to each other in an ordered line; options closer to each other tend to have similar rewards as rewards tend to cluster together.
For each environment, you will be able to make either 5 or 10 choices.
When you made all your choices in a given environment, you will start making choices in the next unexplored environment.
The rewards underlying the different options are different in each environment so you will learn them anew for each environment.
Each environment starts with the value of a single option revealed.
When you choose the number corresponding to a different option, you will be told the value of that option and receive those points.
Previously revealed options, including the starting option, can also be reselected, although there may be small changes in the point value.
It is your task to gain as many points as possible across all 16 environments.

Environment number 1:
The value of option 7 is 23. You have 10 choices to make in this environment.
You press <<9>> and receive 15 points.
You press <<6>> and receive 24 points.
You press <<17>> and receive 4 points.
You press <<8>> and receive 37 points.
You press <<4>> and receive 15 points.
You press <<13>> and receive 69 points.
You press <<11>> and receive 19 points.
You press <<15>> and receive 34 points.
You press <<12>> and receive 51 points.
You press <<13>> and receive 69 points.

Environment number 2:
The value of option 22 is 37. You have 5 choices to make in this environment.
You press <<21>> and receive 53 points.
You press <<23>> and receive 63 points.
You press <<24>> and receive 51 points.
You press <<13>> and receive 56 points.
You press <<13>> and receive 59 points.

Environment number 3:
The value of option 6 is -1. You have 5 choices to make in this environment.
You press <<23>> and receive 47 points.
You press <<24>> and receive 56 points.
You press <<22>> and receive 20 points.
You press <<12>> and receive 33 points.
You press <<13>> and receive 48 points.

Environment number 4:
The value of option 20 is 45. You have 10 choices to make in this environment.
You press <<19>> and receive 24 points.
You press <<21>> and receive 35 points.
You press <<12>> and receive 75 points.
You press <<11>> and receive 62 points.
You press <<13>> and receive 84 points.
You press <<3>> and receive 23 points.
You press <<7>> and receive 23 points.
You press <<13>> and receive 83 points.
You press <<14>> and receive 82 points.
You press <<12>> and receive 75 points.

Environment number 5:
The value of option 15 is 0. You have 10 choices to make in this environment.
You press <<26>> and receive 43 points.
You press <<25>> and receive 84 points.
You press <<24>> and receive 47 points.
You press <<4>> and receive 30 points.
You press <<13>> and receive 65 points.
You press <<",25
5,31,7,12,0,rough,15,10,0,54,"You will be presented with a series of 16 different environments to explore.
In each trial, you can select an option between numbers 1 and 30 by pressing the corresponding key.
By selecting any of these options, you will earn points associated with each unique option.
Imagine these options 1 through 30 as lying next to each other in an ordered line; options closer to each other tend to have similar rewards as rewards tend to cluster together.
For each environment, you will be able to make either 5 or 10 choices.
When you made all your choices in a given environment, you will start making choices in the next unexplored environment.
The rewards underlying the different options are different in each environment so you will learn them anew for each environment.
Each environment starts with the value of a single option revealed.
When you choose the number corresponding to a different option, you will be told the value of that option and receive those points.
Previously revealed options, including the starting option, can also be reselected, although there may be small changes in the point value.
It is your task to gain as many points as possible across all 16 environments.

Environment number 1:
The value of option 7 is 23. You have 10 choices to make in this environment.
You press <<9>> and receive 15 points.
You press <<6>> and receive 24 points.
You press <<17>> and receive 4 points.
You press <<8>> and receive 37 points.
You press <<4>> and receive 15 points.
You press <<13>> and receive 69 points.
You press <<11>> and receive 19 points.
You press <<15>> and receive 34 points.
You press <<12>> and receive 51 points.
You press <<13>> and receive 69 points.

Environment number 2:
The value of option 22 is 37. You have 5 choices to make in this environment.
You press <<21>> and receive 53 points.
You press <<23>> and receive 63 points.
You press <<24>> and receive 51 points.
You press <<13>> and receive 56 points.
You press <<13>> and receive 59 points.

Environment number 3:
The value of option 6 is -1. You have 5 choices to make in this environment.
You press <<23>> and receive 47 points.
You press <<24>> and receive 56 points.
You press <<22>> and receive 20 points.
You press <<12>> and receive 33 points.
You press <<13>> and receive 48 points.

Environment number 4:
The value of option 20 is 45. You have 10 choices to make in this environment.
You press <<19>> and receive 24 points.
You press <<21>> and receive 35 points.
You press <<12>> and receive 75 points.
You press <<11>> and receive 62 points.
You press <<13>> and receive 84 points.
You press <<3>> and receive 23 points.
You press <<7>> and receive 23 points.
You press <<13>> and receive 83 points.
You press <<14>> and receive 82 points.
You press <<12>> and receive 75 points.

Environment number 5:
The value of option 15 is 0. You have 10 choices to make in this environment.
You press <<26>> and receive 43 points.
You press <<25>> and receive 84 points.
You press <<24>> and receive 47 points.
You press <<4>> and receive 30 points.
You press <<13>> and receive 65 points.
You press <<14>> and receive 33 points.
You press <<",25
5,31,8,9,0,rough,15,10,0,30,"You will be presented with a series of 16 different environments to explore.
In each trial, you can select an option between numbers 1 and 30 by pressing the corresponding key.
By selecting any of these options, you will earn points associated with each unique option.
Imagine these options 1 through 30 as lying next to each other in an ordered line; options closer to each other tend to have similar rewards as rewards tend to cluster together.
For each environment, you will be able to make either 5 or 10 choices.
When you made all your choices in a given environment, you will start making choices in the next unexplored environment.
The rewards underlying the different options are different in each environment so you will learn them anew for each environment.
Each environment starts with the value of a single option revealed.
When you choose the number corresponding to a different option, you will be told the value of that option and receive those points.
Previously revealed options, including the starting option, can also be reselected, although there may be small changes in the point value.
It is your task to gain as many points as possible across all 16 environments.

Environment number 1:
The value of option 7 is 23. You have 10 choices to make in this environment.
You press <<9>> and receive 15 points.
You press <<6>> and receive 24 points.
You press <<17>> and receive 4 points.
You press <<8>> and receive 37 points.
You press <<4>> and receive 15 points.
You press <<13>> and receive 69 points.
You press <<11>> and receive 19 points.
You press <<15>> and receive 34 points.
You press <<12>> and receive 51 points.
You press <<13>> and receive 69 points.

Environment number 2:
The value of option 22 is 37. You have 5 choices to make in this environment.
You press <<21>> and receive 53 points.
You press <<23>> and receive 63 points.
You press <<24>> and receive 51 points.
You press <<13>> and receive 56 points.
You press <<13>> and receive 59 points.

Environment number 3:
The value of option 6 is -1. You have 5 choices to make in this environment.
You press <<23>> and receive 47 points.
You press <<24>> and receive 56 points.
You press <<22>> and receive 20 points.
You press <<12>> and receive 33 points.
You press <<13>> and receive 48 points.

Environment number 4:
The value of option 20 is 45. You have 10 choices to make in this environment.
You press <<19>> and receive 24 points.
You press <<21>> and receive 35 points.
You press <<12>> and receive 75 points.
You press <<11>> and receive 62 points.
You press <<13>> and receive 84 points.
You press <<3>> and receive 23 points.
You press <<7>> and receive 23 points.
You press <<13>> and receive 83 points.
You press <<14>> and receive 82 points.
You press <<12>> and receive 75 points.

Environment number 5:
The value of option 15 is 0. You have 10 choices to make in this environment.
You press <<26>> and receive 43 points.
You press <<25>> and receive 84 points.
You press <<24>> and receive 47 points.
You press <<4>> and receive 30 points.
You press <<13>> and receive 65 points.
You press <<14>> and receive 33 points.
You press <<12>> and receive 54 points.
You press <<",25
5,31,9,25,0,rough,15,10,0,83,"You will be presented with a series of 16 different environments to explore.
In each trial, you can select an option between numbers 1 and 30 by pressing the corresponding key.
By selecting any of these options, you will earn points associated with each unique option.
Imagine these options 1 through 30 as lying next to each other in an ordered line; options closer to each other tend to have similar rewards as rewards tend to cluster together.
For each environment, you will be able to make either 5 or 10 choices.
When you made all your choices in a given environment, you will start making choices in the next unexplored environment.
The rewards underlying the different options are different in each environment so you will learn them anew for each environment.
Each environment starts with the value of a single option revealed.
When you choose the number corresponding to a different option, you will be told the value of that option and receive those points.
Previously revealed options, including the starting option, can also be reselected, although there may be small changes in the point value.
It is your task to gain as many points as possible across all 16 environments.

Environment number 1:
The value of option 7 is 23. You have 10 choices to make in this environment.
You press <<9>> and receive 15 points.
You press <<6>> and receive 24 points.
You press <<17>> and receive 4 points.
You press <<8>> and receive 37 points.
You press <<4>> and receive 15 points.
You press <<13>> and receive 69 points.
You press <<11>> and receive 19 points.
You press <<15>> and receive 34 points.
You press <<12>> and receive 51 points.
You press <<13>> and receive 69 points.

Environment number 2:
The value of option 22 is 37. You have 5 choices to make in this environment.
You press <<21>> and receive 53 points.
You press <<23>> and receive 63 points.
You press <<24>> and receive 51 points.
You press <<13>> and receive 56 points.
You press <<13>> and receive 59 points.

Environment number 3:
The value of option 6 is -1. You have 5 choices to make in this environment.
You press <<23>> and receive 47 points.
You press <<24>> and receive 56 points.
You press <<22>> and receive 20 points.
You press <<12>> and receive 33 points.
You press <<13>> and receive 48 points.

Environment number 4:
The value of option 20 is 45. You have 10 choices to make in this environment.
You press <<19>> and receive 24 points.
You press <<21>> and receive 35 points.
You press <<12>> and receive 75 points.
You press <<11>> and receive 62 points.
You press <<13>> and receive 84 points.
You press <<3>> and receive 23 points.
You press <<7>> and receive 23 points.
You press <<13>> and receive 83 points.
You press <<14>> and receive 82 points.
You press <<12>> and receive 75 points.

Environment number 5:
The value of option 15 is 0. You have 10 choices to make in this environment.
You press <<26>> and receive 43 points.
You press <<25>> and receive 84 points.
You press <<24>> and receive 47 points.
You press <<4>> and receive 30 points.
You press <<13>> and receive 65 points.
You press <<14>> and receive 33 points.
You press <<12>> and receive 54 points.
You press <<9>> and receive 30 points.
You press <<",25
5,31,10,25,0,rough,15,10,0,84,"You will be presented with a series of 16 different environments to explore.
In each trial, you can select an option between numbers 1 and 30 by pressing the corresponding key.
By selecting any of these options, you will earn points associated with each unique option.
Imagine these options 1 through 30 as lying next to each other in an ordered line; options closer to each other tend to have similar rewards as rewards tend to cluster together.
For each environment, you will be able to make either 5 or 10 choices.
When you made all your choices in a given environment, you will start making choices in the next unexplored environment.
The rewards underlying the different options are different in each environment so you will learn them anew for each environment.
Each environment starts with the value of a single option revealed.
When you choose the number corresponding to a different option, you will be told the value of that option and receive those points.
Previously revealed options, including the starting option, can also be reselected, although there may be small changes in the point value.
It is your task to gain as many points as possible across all 16 environments.

Environment number 1:
The value of option 7 is 23. You have 10 choices to make in this environment.
You press <<9>> and receive 15 points.
You press <<6>> and receive 24 points.
You press <<17>> and receive 4 points.
You press <<8>> and receive 37 points.
You press <<4>> and receive 15 points.
You press <<13>> and receive 69 points.
You press <<11>> and receive 19 points.
You press <<15>> and receive 34 points.
You press <<12>> and receive 51 points.
You press <<13>> and receive 69 points.

Environment number 2:
The value of option 22 is 37. You have 5 choices to make in this environment.
You press <<21>> and receive 53 points.
You press <<23>> and receive 63 points.
You press <<24>> and receive 51 points.
You press <<13>> and receive 56 points.
You press <<13>> and receive 59 points.

Environment number 3:
The value of option 6 is -1. You have 5 choices to make in this environment.
You press <<23>> and receive 47 points.
You press <<24>> and receive 56 points.
You press <<22>> and receive 20 points.
You press <<12>> and receive 33 points.
You press <<13>> and receive 48 points.

Environment number 4:
The value of option 20 is 45. You have 10 choices to make in this environment.
You press <<19>> and receive 24 points.
You press <<21>> and receive 35 points.
You press <<12>> and receive 75 points.
You press <<11>> and receive 62 points.
You press <<13>> and receive 84 points.
You press <<3>> and receive 23 points.
You press <<7>> and receive 23 points.
You press <<13>> and receive 83 points.
You press <<14>> and receive 82 points.
You press <<12>> and receive 75 points.

Environment number 5:
The value of option 15 is 0. You have 10 choices to make in this environment.
You press <<26>> and receive 43 points.
You press <<25>> and receive 84 points.
You press <<24>> and receive 47 points.
You press <<4>> and receive 30 points.
You press <<13>> and receive 65 points.
You press <<14>> and receive 33 points.
You press <<12>> and receive 54 points.
You press <<9>> and receive 30 points.
You press <<25>> and receive 83 points.
You press <<",25
6,3,1,5,0,rough,3,5,20,25,"You will be presented with a series of 16 different environments to explore.
In each trial, you can select an option between numbers 1 and 30 by pressing the corresponding key.
By selecting any of these options, you will earn points associated with each unique option.
Imagine these options 1 through 30 as lying next to each other in an ordered line; options closer to each other tend to have similar rewards as rewards tend to cluster together.
For each environment, you will be able to make either 5 or 10 choices.
When you made all your choices in a given environment, you will start making choices in the next unexplored environment.
The rewards underlying the different options are different in each environment so you will learn them anew for each environment.
Each environment starts with the value of a single option revealed.
When you choose the number corresponding to a different option, you will be told the value of that option and receive those points.
Previously revealed options, including the starting option, can also be reselected, although there may be small changes in the point value.
It is your task to gain as many points as possible across all 16 environments.

Environment number 1:
The value of option 7 is 23. You have 10 choices to make in this environment.
You press <<9>> and receive 15 points.
You press <<6>> and receive 24 points.
You press <<17>> and receive 4 points.
You press <<8>> and receive 37 points.
You press <<4>> and receive 15 points.
You press <<13>> and receive 69 points.
You press <<11>> and receive 19 points.
You press <<15>> and receive 34 points.
You press <<12>> and receive 51 points.
You press <<13>> and receive 69 points.

Environment number 2:
The value of option 22 is 37. You have 5 choices to make in this environment.
You press <<21>> and receive 53 points.
You press <<23>> and receive 63 points.
You press <<24>> and receive 51 points.
You press <<13>> and receive 56 points.
You press <<13>> and receive 59 points.

Environment number 3:
The value of option 6 is -1. You have 5 choices to make in this environment.
You press <<23>> and receive 47 points.
You press <<24>> and receive 56 points.
You press <<22>> and receive 20 points.
You press <<12>> and receive 33 points.
You press <<13>> and receive 48 points.

Environment number 4:
The value of option 20 is 45. You have 10 choices to make in this environment.
You press <<19>> and receive 24 points.
You press <<21>> and receive 35 points.
You press <<12>> and receive 75 points.
You press <<11>> and receive 62 points.
You press <<13>> and receive 84 points.
You press <<3>> and receive 23 points.
You press <<7>> and receive 23 points.
You press <<13>> and receive 83 points.
You press <<14>> and receive 82 points.
You press <<12>> and receive 75 points.

Environment number 5:
The value of option 15 is 0. You have 10 choices to make in this environment.
You press <<26>> and receive 43 points.
You press <<25>> and receive 84 points.
You press <<24>> and receive 47 points.
You press <<4>> and receive 30 points.
You press <<13>> and receive 65 points.
You press <<14>> and receive 33 points.
You press <<12>> and receive 54 points.
You press <<9>> and receive 30 points.
You press <<25>> and receive 83 points.
You press <<25>> and receive 84 points.

Environment number 6:
The value of option 3 is 20. You have 5 choices to make in this environment.
You press <<",25
6,3,2,14,0,rough,3,5,20,33,"You will be presented with a series of 16 different environments to explore.
In each trial, you can select an option between numbers 1 and 30 by pressing the corresponding key.
By selecting any of these options, you will earn points associated with each unique option.
Imagine these options 1 through 30 as lying next to each other in an ordered line; options closer to each other tend to have similar rewards as rewards tend to cluster together.
For each environment, you will be able to make either 5 or 10 choices.
When you made all your choices in a given environment, you will start making choices in the next unexplored environment.
The rewards underlying the different options are different in each environment so you will learn them anew for each environment.
Each environment starts with the value of a single option revealed.
When you choose the number corresponding to a different option, you will be told the value of that option and receive those points.
Previously revealed options, including the starting option, can also be reselected, although there may be small changes in the point value.
It is your task to gain as many points as possible across all 16 environments.

Environment number 1:
The value of option 7 is 23. You have 10 choices to make in this environment.
You press <<9>> and receive 15 points.
You press <<6>> and receive 24 points.
You press <<17>> and receive 4 points.
You press <<8>> and receive 37 points.
You press <<4>> and receive 15 points.
You press <<13>> and receive 69 points.
You press <<11>> and receive 19 points.
You press <<15>> and receive 34 points.
You press <<12>> and receive 51 points.
You press <<13>> and receive 69 points.

Environment number 2:
The value of option 22 is 37. You have 5 choices to make in this environment.
You press <<21>> and receive 53 points.
You press <<23>> and receive 63 points.
You press <<24>> and receive 51 points.
You press <<13>> and receive 56 points.
You press <<13>> and receive 59 points.

Environment number 3:
The value of option 6 is -1. You have 5 choices to make in this environment.
You press <<23>> and receive 47 points.
You press <<24>> and receive 56 points.
You press <<22>> and receive 20 points.
You press <<12>> and receive 33 points.
You press <<13>> and receive 48 points.

Environment number 4:
The value of option 20 is 45. You have 10 choices to make in this environment.
You press <<19>> and receive 24 points.
You press <<21>> and receive 35 points.
You press <<12>> and receive 75 points.
You press <<11>> and receive 62 points.
You press <<13>> and receive 84 points.
You press <<3>> and receive 23 points.
You press <<7>> and receive 23 points.
You press <<13>> and receive 83 points.
You press <<14>> and receive 82 points.
You press <<12>> and receive 75 points.

Environment number 5:
The value of option 15 is 0. You have 10 choices to make in this environment.
You press <<26>> and receive 43 points.
You press <<25>> and receive 84 points.
You press <<24>> and receive 47 points.
You press <<4>> and receive 30 points.
You press <<13>> and receive 65 points.
You press <<14>> and receive 33 points.
You press <<12>> and receive 54 points.
You press <<9>> and receive 30 points.
You press <<25>> and receive 83 points.
You press <<25>> and receive 84 points.

Environment number 6:
The value of option 3 is 20. You have 5 choices to make in this environment.
You press <<5>> and receive 25 points.
You press <<",25
6,3,3,20,0,rough,3,5,20,20,"You will be presented with a series of 16 different environments to explore.
In each trial, you can select an option between numbers 1 and 30 by pressing the corresponding key.
By selecting any of these options, you will earn points associated with each unique option.
Imagine these options 1 through 30 as lying next to each other in an ordered line; options closer to each other tend to have similar rewards as rewards tend to cluster together.
For each environment, you will be able to make either 5 or 10 choices.
When you made all your choices in a given environment, you will start making choices in the next unexplored environment.
The rewards underlying the different options are different in each environment so you will learn them anew for each environment.
Each environment starts with the value of a single option revealed.
When you choose the number corresponding to a different option, you will be told the value of that option and receive those points.
Previously revealed options, including the starting option, can also be reselected, although there may be small changes in the point value.
It is your task to gain as many points as possible across all 16 environments.

Environment number 1:
The value of option 7 is 23. You have 10 choices to make in this environment.
You press <<9>> and receive 15 points.
You press <<6>> and receive 24 points.
You press <<17>> and receive 4 points.
You press <<8>> and receive 37 points.
You press <<4>> and receive 15 points.
You press <<13>> and receive 69 points.
You press <<11>> and receive 19 points.
You press <<15>> and receive 34 points.
You press <<12>> and receive 51 points.
You press <<13>> and receive 69 points.

Environment number 2:
The value of option 22 is 37. You have 5 choices to make in this environment.
You press <<21>> and receive 53 points.
You press <<23>> and receive 63 points.
You press <<24>> and receive 51 points.
You press <<13>> and receive 56 points.
You press <<13>> and receive 59 points.

Environment number 3:
The value of option 6 is -1. You have 5 choices to make in this environment.
You press <<23>> and receive 47 points.
You press <<24>> and receive 56 points.
You press <<22>> and receive 20 points.
You press <<12>> and receive 33 points.
You press <<13>> and receive 48 points.

Environment number 4:
The value of option 20 is 45. You have 10 choices to make in this environment.
You press <<19>> and receive 24 points.
You press <<21>> and receive 35 points.
You press <<12>> and receive 75 points.
You press <<11>> and receive 62 points.
You press <<13>> and receive 84 points.
You press <<3>> and receive 23 points.
You press <<7>> and receive 23 points.
You press <<13>> and receive 83 points.
You press <<14>> and receive 82 points.
You press <<12>> and receive 75 points.

Environment number 5:
The value of option 15 is 0. You have 10 choices to make in this environment.
You press <<26>> and receive 43 points.
You press <<25>> and receive 84 points.
You press <<24>> and receive 47 points.
You press <<4>> and receive 30 points.
You press <<13>> and receive 65 points.
You press <<14>> and receive 33 points.
You press <<12>> and receive 54 points.
You press <<9>> and receive 30 points.
You press <<25>> and receive 83 points.
You press <<25>> and receive 84 points.

Environment number 6:
The value of option 3 is 20. You have 5 choices to make in this environment.
You press <<5>> and receive 25 points.
You press <<14>> and receive 33 points.
You press <<",25
6,3,4,25,0,rough,3,5,20,51,"You will be presented with a series of 16 different environments to explore.
In each trial, you can select an option between numbers 1 and 30 by pressing the corresponding key.
By selecting any of these options, you will earn points associated with each unique option.
Imagine these options 1 through 30 as lying next to each other in an ordered line; options closer to each other tend to have similar rewards as rewards tend to cluster together.
For each environment, you will be able to make either 5 or 10 choices.
When you made all your choices in a given environment, you will start making choices in the next unexplored environment.
The rewards underlying the different options are different in each environment so you will learn them anew for each environment.
Each environment starts with the value of a single option revealed.
When you choose the number corresponding to a different option, you will be told the value of that option and receive those points.
Previously revealed options, including the starting option, can also be reselected, although there may be small changes in the point value.
It is your task to gain as many points as possible across all 16 environments.

Environment number 1:
The value of option 7 is 23. You have 10 choices to make in this environment.
You press <<9>> and receive 15 points.
You press <<6>> and receive 24 points.
You press <<17>> and receive 4 points.
You press <<8>> and receive 37 points.
You press <<4>> and receive 15 points.
You press <<13>> and receive 69 points.
You press <<11>> and receive 19 points.
You press <<15>> and receive 34 points.
You press <<12>> and receive 51 points.
You press <<13>> and receive 69 points.

Environment number 2:
The value of option 22 is 37. You have 5 choices to make in this environment.
You press <<21>> and receive 53 points.
You press <<23>> and receive 63 points.
You press <<24>> and receive 51 points.
You press <<13>> and receive 56 points.
You press <<13>> and receive 59 points.

Environment number 3:
The value of option 6 is -1. You have 5 choices to make in this environment.
You press <<23>> and receive 47 points.
You press <<24>> and receive 56 points.
You press <<22>> and receive 20 points.
You press <<12>> and receive 33 points.
You press <<13>> and receive 48 points.

Environment number 4:
The value of option 20 is 45. You have 10 choices to make in this environment.
You press <<19>> and receive 24 points.
You press <<21>> and receive 35 points.
You press <<12>> and receive 75 points.
You press <<11>> and receive 62 points.
You press <<13>> and receive 84 points.
You press <<3>> and receive 23 points.
You press <<7>> and receive 23 points.
You press <<13>> and receive 83 points.
You press <<14>> and receive 82 points.
You press <<12>> and receive 75 points.

Environment number 5:
The value of option 15 is 0. You have 10 choices to make in this environment.
You press <<26>> and receive 43 points.
You press <<25>> and receive 84 points.
You press <<24>> and receive 47 points.
You press <<4>> and receive 30 points.
You press <<13>> and receive 65 points.
You press <<14>> and receive 33 points.
You press <<12>> and receive 54 points.
You press <<9>> and receive 30 points.
You press <<25>> and receive 83 points.
You press <<25>> and receive 84 points.

Environment number 6:
The value of option 3 is 20. You have 5 choices to make in this environment.
You press <<5>> and receive 25 points.
You press <<14>> and receive 33 points.
You press <<20>> and receive 20 points.
You press <<",25
6,3,5,26,0,rough,3,5,20,51,"You will be presented with a series of 16 different environments to explore.
In each trial, you can select an option between numbers 1 and 30 by pressing the corresponding key.
By selecting any of these options, you will earn points associated with each unique option.
Imagine these options 1 through 30 as lying next to each other in an ordered line; options closer to each other tend to have similar rewards as rewards tend to cluster together.
For each environment, you will be able to make either 5 or 10 choices.
When you made all your choices in a given environment, you will start making choices in the next unexplored environment.
The rewards underlying the different options are different in each environment so you will learn them anew for each environment.
Each environment starts with the value of a single option revealed.
When you choose the number corresponding to a different option, you will be told the value of that option and receive those points.
Previously revealed options, including the starting option, can also be reselected, although there may be small changes in the point value.
It is your task to gain as many points as possible across all 16 environments.

Environment number 1:
The value of option 7 is 23. You have 10 choices to make in this environment.
You press <<9>> and receive 15 points.
You press <<6>> and receive 24 points.
You press <<17>> and receive 4 points.
You press <<8>> and receive 37 points.
You press <<4>> and receive 15 points.
You press <<13>> and receive 69 points.
You press <<11>> and receive 19 points.
You press <<15>> and receive 34 points.
You press <<12>> and receive 51 points.
You press <<13>> and receive 69 points.

Environment number 2:
The value of option 22 is 37. You have 5 choices to make in this environment.
You press <<21>> and receive 53 points.
You press <<23>> and receive 63 points.
You press <<24>> and receive 51 points.
You press <<13>> and receive 56 points.
You press <<13>> and receive 59 points.

Environment number 3:
The value of option 6 is -1. You have 5 choices to make in this environment.
You press <<23>> and receive 47 points.
You press <<24>> and receive 56 points.
You press <<22>> and receive 20 points.
You press <<12>> and receive 33 points.
You press <<13>> and receive 48 points.

Environment number 4:
The value of option 20 is 45. You have 10 choices to make in this environment.
You press <<19>> and receive 24 points.
You press <<21>> and receive 35 points.
You press <<12>> and receive 75 points.
You press <<11>> and receive 62 points.
You press <<13>> and receive 84 points.
You press <<3>> and receive 23 points.
You press <<7>> and receive 23 points.
You press <<13>> and receive 83 points.
You press <<14>> and receive 82 points.
You press <<12>> and receive 75 points.

Environment number 5:
The value of option 15 is 0. You have 10 choices to make in this environment.
You press <<26>> and receive 43 points.
You press <<25>> and receive 84 points.
You press <<24>> and receive 47 points.
You press <<4>> and receive 30 points.
You press <<13>> and receive 65 points.
You press <<14>> and receive 33 points.
You press <<12>> and receive 54 points.
You press <<9>> and receive 30 points.
You press <<25>> and receive 83 points.
You press <<25>> and receive 84 points.

Environment number 6:
The value of option 3 is 20. You have 5 choices to make in this environment.
You press <<5>> and receive 25 points.
You press <<14>> and receive 33 points.
You press <<20>> and receive 20 points.
You press <<25>> and receive 51 points.
You press <<",25
7,17,1,9,0,rough,3,5,34,58,"You will be presented with a series of 16 different environments to explore.
In each trial, you can select an option between numbers 1 and 30 by pressing the corresponding key.
By selecting any of these options, you will earn points associated with each unique option.
Imagine these options 1 through 30 as lying next to each other in an ordered line; options closer to each other tend to have similar rewards as rewards tend to cluster together.
For each environment, you will be able to make either 5 or 10 choices.
When you made all your choices in a given environment, you will start making choices in the next unexplored environment.
The rewards underlying the different options are different in each environment so you will learn them anew for each environment.
Each environment starts with the value of a single option revealed.
When you choose the number corresponding to a different option, you will be told the value of that option and receive those points.
Previously revealed options, including the starting option, can also be reselected, although there may be small changes in the point value.
It is your task to gain as many points as possible across all 16 environments.

Environment number 1:
The value of option 7 is 23. You have 10 choices to make in this environment.
You press <<9>> and receive 15 points.
You press <<6>> and receive 24 points.
You press <<17>> and receive 4 points.
You press <<8>> and receive 37 points.
You press <<4>> and receive 15 points.
You press <<13>> and receive 69 points.
You press <<11>> and receive 19 points.
You press <<15>> and receive 34 points.
You press <<12>> and receive 51 points.
You press <<13>> and receive 69 points.

Environment number 2:
The value of option 22 is 37. You have 5 choices to make in this environment.
You press <<21>> and receive 53 points.
You press <<23>> and receive 63 points.
You press <<24>> and receive 51 points.
You press <<13>> and receive 56 points.
You press <<13>> and receive 59 points.

Environment number 3:
The value of option 6 is -1. You have 5 choices to make in this environment.
You press <<23>> and receive 47 points.
You press <<24>> and receive 56 points.
You press <<22>> and receive 20 points.
You press <<12>> and receive 33 points.
You press <<13>> and receive 48 points.

Environment number 4:
The value of option 20 is 45. You have 10 choices to make in this environment.
You press <<19>> and receive 24 points.
You press <<21>> and receive 35 points.
You press <<12>> and receive 75 points.
You press <<11>> and receive 62 points.
You press <<13>> and receive 84 points.
You press <<3>> and receive 23 points.
You press <<7>> and receive 23 points.
You press <<13>> and receive 83 points.
You press <<14>> and receive 82 points.
You press <<12>> and receive 75 points.

Environment number 5:
The value of option 15 is 0. You have 10 choices to make in this environment.
You press <<26>> and receive 43 points.
You press <<25>> and receive 84 points.
You press <<24>> and receive 47 points.
You press <<4>> and receive 30 points.
You press <<13>> and receive 65 points.
You press <<14>> and receive 33 points.
You press <<12>> and receive 54 points.
You press <<9>> and receive 30 points.
You press <<25>> and receive 83 points.
You press <<25>> and receive 84 points.

Environment number 6:
The value of option 3 is 20. You have 5 choices to make in this environment.
You press <<5>> and receive 25 points.
You press <<14>> and receive 33 points.
You press <<20>> and receive 20 points.
You press <<25>> and receive 51 points.
You press <<26>> and receive 51 points.

Environment number 7:
The value of option 3 is 34. You have 5 choices to make in this environment.
You press <<",25
7,17,2,10,0,rough,3,5,34,48,"You will be presented with a series of 16 different environments to explore.
In each trial, you can select an option between numbers 1 and 30 by pressing the corresponding key.
By selecting any of these options, you will earn points associated with each unique option.
Imagine these options 1 through 30 as lying next to each other in an ordered line; options closer to each other tend to have similar rewards as rewards tend to cluster together.
For each environment, you will be able to make either 5 or 10 choices.
When you made all your choices in a given environment, you will start making choices in the next unexplored environment.
The rewards underlying the different options are different in each environment so you will learn them anew for each environment.
Each environment starts with the value of a single option revealed.
When you choose the number corresponding to a different option, you will be told the value of that option and receive those points.
Previously revealed options, including the starting option, can also be reselected, although there may be small changes in the point value.
It is your task to gain as many points as possible across all 16 environments.

Environment number 1:
The value of option 7 is 23. You have 10 choices to make in this environment.
You press <<9>> and receive 15 points.
You press <<6>> and receive 24 points.
You press <<17>> and receive 4 points.
You press <<8>> and receive 37 points.
You press <<4>> and receive 15 points.
You press <<13>> and receive 69 points.
You press <<11>> and receive 19 points.
You press <<15>> and receive 34 points.
You press <<12>> and receive 51 points.
You press <<13>> and receive 69 points.

Environment number 2:
The value of option 22 is 37. You have 5 choices to make in this environment.
You press <<21>> and receive 53 points.
You press <<23>> and receive 63 points.
You press <<24>> and receive 51 points.
You press <<13>> and receive 56 points.
You press <<13>> and receive 59 points.

Environment number 3:
The value of option 6 is -1. You have 5 choices to make in this environment.
You press <<23>> and receive 47 points.
You press <<24>> and receive 56 points.
You press <<22>> and receive 20 points.
You press <<12>> and receive 33 points.
You press <<13>> and receive 48 points.

Environment number 4:
The value of option 20 is 45. You have 10 choices to make in this environment.
You press <<19>> and receive 24 points.
You press <<21>> and receive 35 points.
You press <<12>> and receive 75 points.
You press <<11>> and receive 62 points.
You press <<13>> and receive 84 points.
You press <<3>> and receive 23 points.
You press <<7>> and receive 23 points.
You press <<13>> and receive 83 points.
You press <<14>> and receive 82 points.
You press <<12>> and receive 75 points.

Environment number 5:
The value of option 15 is 0. You have 10 choices to make in this environment.
You press <<26>> and receive 43 points.
You press <<25>> and receive 84 points.
You press <<24>> and receive 47 points.
You press <<4>> and receive 30 points.
You press <<13>> and receive 65 points.
You press <<14>> and receive 33 points.
You press <<12>> and receive 54 points.
You press <<9>> and receive 30 points.
You press <<25>> and receive 83 points.
You press <<25>> and receive 84 points.

Environment number 6:
The value of option 3 is 20. You have 5 choices to make in this environment.
You press <<5>> and receive 25 points.
You press <<14>> and receive 33 points.
You press <<20>> and receive 20 points.
You press <<25>> and receive 51 points.
You press <<26>> and receive 51 points.

Environment number 7:
The value of option 3 is 34. You have 5 choices to make in this environment.
You press <<9>> and receive 58 points.
You press <<",25
7,17,3,16,0,rough,3,5,34,55,"You will be presented with a series of 16 different environments to explore.
In each trial, you can select an option between numbers 1 and 30 by pressing the corresponding key.
By selecting any of these options, you will earn points associated with each unique option.
Imagine these options 1 through 30 as lying next to each other in an ordered line; options closer to each other tend to have similar rewards as rewards tend to cluster together.
For each environment, you will be able to make either 5 or 10 choices.
When you made all your choices in a given environment, you will start making choices in the next unexplored environment.
The rewards underlying the different options are different in each environment so you will learn them anew for each environment.
Each environment starts with the value of a single option revealed.
When you choose the number corresponding to a different option, you will be told the value of that option and receive those points.
Previously revealed options, including the starting option, can also be reselected, although there may be small changes in the point value.
It is your task to gain as many points as possible across all 16 environments.

Environment number 1:
The value of option 7 is 23. You have 10 choices to make in this environment.
You press <<9>> and receive 15 points.
You press <<6>> and receive 24 points.
You press <<17>> and receive 4 points.
You press <<8>> and receive 37 points.
You press <<4>> and receive 15 points.
You press <<13>> and receive 69 points.
You press <<11>> and receive 19 points.
You press <<15>> and receive 34 points.
You press <<12>> and receive 51 points.
You press <<13>> and receive 69 points.

Environment number 2:
The value of option 22 is 37. You have 5 choices to make in this environment.
You press <<21>> and receive 53 points.
You press <<23>> and receive 63 points.
You press <<24>> and receive 51 points.
You press <<13>> and receive 56 points.
You press <<13>> and receive 59 points.

Environment number 3:
The value of option 6 is -1. You have 5 choices to make in this environment.
You press <<23>> and receive 47 points.
You press <<24>> and receive 56 points.
You press <<22>> and receive 20 points.
You press <<12>> and receive 33 points.
You press <<13>> and receive 48 points.

Environment number 4:
The value of option 20 is 45. You have 10 choices to make in this environment.
You press <<19>> and receive 24 points.
You press <<21>> and receive 35 points.
You press <<12>> and receive 75 points.
You press <<11>> and receive 62 points.
You press <<13>> and receive 84 points.
You press <<3>> and receive 23 points.
You press <<7>> and receive 23 points.
You press <<13>> and receive 83 points.
You press <<14>> and receive 82 points.
You press <<12>> and receive 75 points.

Environment number 5:
The value of option 15 is 0. You have 10 choices to make in this environment.
You press <<26>> and receive 43 points.
You press <<25>> and receive 84 points.
You press <<24>> and receive 47 points.
You press <<4>> and receive 30 points.
You press <<13>> and receive 65 points.
You press <<14>> and receive 33 points.
You press <<12>> and receive 54 points.
You press <<9>> and receive 30 points.
You press <<25>> and receive 83 points.
You press <<25>> and receive 84 points.

Environment number 6:
The value of option 3 is 20. You have 5 choices to make in this environment.
You press <<5>> and receive 25 points.
You press <<14>> and receive 33 points.
You press <<20>> and receive 20 points.
You press <<25>> and receive 51 points.
You press <<26>> and receive 51 points.

Environment number 7:
The value of option 3 is 34. You have 5 choices to make in this environment.
You press <<9>> and receive 58 points.
You press <<10>> and receive 48 points.
You press <<",25
7,17,4,17,0,rough,3,5,34,12,"You will be presented with a series of 16 different environments to explore.
In each trial, you can select an option between numbers 1 and 30 by pressing the corresponding key.
By selecting any of these options, you will earn points associated with each unique option.
Imagine these options 1 through 30 as lying next to each other in an ordered line; options closer to each other tend to have similar rewards as rewards tend to cluster together.
For each environment, you will be able to make either 5 or 10 choices.
When you made all your choices in a given environment, you will start making choices in the next unexplored environment.
The rewards underlying the different options are different in each environment so you will learn them anew for each environment.
Each environment starts with the value of a single option revealed.
When you choose the number corresponding to a different option, you will be told the value of that option and receive those points.
Previously revealed options, including the starting option, can also be reselected, although there may be small changes in the point value.
It is your task to gain as many points as possible across all 16 environments.

Environment number 1:
The value of option 7 is 23. You have 10 choices to make in this environment.
You press <<9>> and receive 15 points.
You press <<6>> and receive 24 points.
You press <<17>> and receive 4 points.
You press <<8>> and receive 37 points.
You press <<4>> and receive 15 points.
You press <<13>> and receive 69 points.
You press <<11>> and receive 19 points.
You press <<15>> and receive 34 points.
You press <<12>> and receive 51 points.
You press <<13>> and receive 69 points.

Environment number 2:
The value of option 22 is 37. You have 5 choices to make in this environment.
You press <<21>> and receive 53 points.
You press <<23>> and receive 63 points.
You press <<24>> and receive 51 points.
You press <<13>> and receive 56 points.
You press <<13>> and receive 59 points.

Environment number 3:
The value of option 6 is -1. You have 5 choices to make in this environment.
You press <<23>> and receive 47 points.
You press <<24>> and receive 56 points.
You press <<22>> and receive 20 points.
You press <<12>> and receive 33 points.
You press <<13>> and receive 48 points.

Environment number 4:
The value of option 20 is 45. You have 10 choices to make in this environment.
You press <<19>> and receive 24 points.
You press <<21>> and receive 35 points.
You press <<12>> and receive 75 points.
You press <<11>> and receive 62 points.
You press <<13>> and receive 84 points.
You press <<3>> and receive 23 points.
You press <<7>> and receive 23 points.
You press <<13>> and receive 83 points.
You press <<14>> and receive 82 points.
You press <<12>> and receive 75 points.

Environment number 5:
The value of option 15 is 0. You have 10 choices to make in this environment.
You press <<26>> and receive 43 points.
You press <<25>> and receive 84 points.
You press <<24>> and receive 47 points.
You press <<4>> and receive 30 points.
You press <<13>> and receive 65 points.
You press <<14>> and receive 33 points.
You press <<12>> and receive 54 points.
You press <<9>> and receive 30 points.
You press <<25>> and receive 83 points.
You press <<25>> and receive 84 points.

Environment number 6:
The value of option 3 is 20. You have 5 choices to make in this environment.
You press <<5>> and receive 25 points.
You press <<14>> and receive 33 points.
You press <<20>> and receive 20 points.
You press <<25>> and receive 51 points.
You press <<26>> and receive 51 points.

Environment number 7:
The value of option 3 is 34. You have 5 choices to make in this environment.
You press <<9>> and receive 58 points.
You press <<10>> and receive 48 points.
You press <<16>> and receive 55 points.
You press <<",25
7,17,5,18,0,rough,3,5,34,4,"You will be presented with a series of 16 different environments to explore.
In each trial, you can select an option between numbers 1 and 30 by pressing the corresponding key.
By selecting any of these options, you will earn points associated with each unique option.
Imagine these options 1 through 30 as lying next to each other in an ordered line; options closer to each other tend to have similar rewards as rewards tend to cluster together.
For each environment, you will be able to make either 5 or 10 choices.
When you made all your choices in a given environment, you will start making choices in the next unexplored environment.
The rewards underlying the different options are different in each environment so you will learn them anew for each environment.
Each environment starts with the value of a single option revealed.
When you choose the number corresponding to a different option, you will be told the value of that option and receive those points.
Previously revealed options, including the starting option, can also be reselected, although there may be small changes in the point value.
It is your task to gain as many points as possible across all 16 environments.

Environment number 1:
The value of option 7 is 23. You have 10 choices to make in this environment.
You press <<9>> and receive 15 points.
You press <<6>> and receive 24 points.
You press <<17>> and receive 4 points.
You press <<8>> and receive 37 points.
You press <<4>> and receive 15 points.
You press <<13>> and receive 69 points.
You press <<11>> and receive 19 points.
You press <<15>> and receive 34 points.
You press <<12>> and receive 51 points.
You press <<13>> and receive 69 points.

Environment number 2:
The value of option 22 is 37. You have 5 choices to make in this environment.
You press <<21>> and receive 53 points.
You press <<23>> and receive 63 points.
You press <<24>> and receive 51 points.
You press <<13>> and receive 56 points.
You press <<13>> and receive 59 points.

Environment number 3:
The value of option 6 is -1. You have 5 choices to make in this environment.
You press <<23>> and receive 47 points.
You press <<24>> and receive 56 points.
You press <<22>> and receive 20 points.
You press <<12>> and receive 33 points.
You press <<13>> and receive 48 points.

Environment number 4:
The value of option 20 is 45. You have 10 choices to make in this environment.
You press <<19>> and receive 24 points.
You press <<21>> and receive 35 points.
You press <<12>> and receive 75 points.
You press <<11>> and receive 62 points.
You press <<13>> and receive 84 points.
You press <<3>> and receive 23 points.
You press <<7>> and receive 23 points.
You press <<13>> and receive 83 points.
You press <<14>> and receive 82 points.
You press <<12>> and receive 75 points.

Environment number 5:
The value of option 15 is 0. You have 10 choices to make in this environment.
You press <<26>> and receive 43 points.
You press <<25>> and receive 84 points.
You press <<24>> and receive 47 points.
You press <<4>> and receive 30 points.
You press <<13>> and receive 65 points.
You press <<14>> and receive 33 points.
You press <<12>> and receive 54 points.
You press <<9>> and receive 30 points.
You press <<25>> and receive 83 points.
You press <<25>> and receive 84 points.

Environment number 6:
The value of option 3 is 20. You have 5 choices to make in this environment.
You press <<5>> and receive 25 points.
You press <<14>> and receive 33 points.
You press <<20>> and receive 20 points.
You press <<25>> and receive 51 points.
You press <<26>> and receive 51 points.

Environment number 7:
The value of option 3 is 34. You have 5 choices to make in this environment.
You press <<9>> and receive 58 points.
You press <<10>> and receive 48 points.
You press <<16>> and receive 55 points.
You press <<17>> and receive 12 points.
You press <<",25
8,35,1,24,0,rough,13,5,1,11,"You will be presented with a series of 16 different environments to explore.
In each trial, you can select an option between numbers 1 and 30 by pressing the corresponding key.
By selecting any of these options, you will earn points associated with each unique option.
Imagine these options 1 through 30 as lying next to each other in an ordered line; options closer to each other tend to have similar rewards as rewards tend to cluster together.
For each environment, you will be able to make either 5 or 10 choices.
When you made all your choices in a given environment, you will start making choices in the next unexplored environment.
The rewards underlying the different options are different in each environment so you will learn them anew for each environment.
Each environment starts with the value of a single option revealed.
When you choose the number corresponding to a different option, you will be told the value of that option and receive those points.
Previously revealed options, including the starting option, can also be reselected, although there may be small changes in the point value.
It is your task to gain as many points as possible across all 16 environments.

Environment number 1:
The value of option 7 is 23. You have 10 choices to make in this environment.
You press <<9>> and receive 15 points.
You press <<6>> and receive 24 points.
You press <<17>> and receive 4 points.
You press <<8>> and receive 37 points.
You press <<4>> and receive 15 points.
You press <<13>> and receive 69 points.
You press <<11>> and receive 19 points.
You press <<15>> and receive 34 points.
You press <<12>> and receive 51 points.
You press <<13>> and receive 69 points.

Environment number 2:
The value of option 22 is 37. You have 5 choices to make in this environment.
You press <<21>> and receive 53 points.
You press <<23>> and receive 63 points.
You press <<24>> and receive 51 points.
You press <<13>> and receive 56 points.
You press <<13>> and receive 59 points.

Environment number 3:
The value of option 6 is -1. You have 5 choices to make in this environment.
You press <<23>> and receive 47 points.
You press <<24>> and receive 56 points.
You press <<22>> and receive 20 points.
You press <<12>> and receive 33 points.
You press <<13>> and receive 48 points.

Environment number 4:
The value of option 20 is 45. You have 10 choices to make in this environment.
You press <<19>> and receive 24 points.
You press <<21>> and receive 35 points.
You press <<12>> and receive 75 points.
You press <<11>> and receive 62 points.
You press <<13>> and receive 84 points.
You press <<3>> and receive 23 points.
You press <<7>> and receive 23 points.
You press <<13>> and receive 83 points.
You press <<14>> and receive 82 points.
You press <<12>> and receive 75 points.

Environment number 5:
The value of option 15 is 0. You have 10 choices to make in this environment.
You press <<26>> and receive 43 points.
You press <<25>> and receive 84 points.
You press <<24>> and receive 47 points.
You press <<4>> and receive 30 points.
You press <<13>> and receive 65 points.
You press <<14>> and receive 33 points.
You press <<12>> and receive 54 points.
You press <<9>> and receive 30 points.
You press <<25>> and receive 83 points.
You press <<25>> and receive 84 points.

Environment number 6:
The value of option 3 is 20. You have 5 choices to make in this environment.
You press <<5>> and receive 25 points.
You press <<14>> and receive 33 points.
You press <<20>> and receive 20 points.
You press <<25>> and receive 51 points.
You press <<26>> and receive 51 points.

Environment number 7:
The value of option 3 is 34. You have 5 choices to make in this environment.
You press <<9>> and receive 58 points.
You press <<10>> and receive 48 points.
You press <<16>> and receive 55 points.
You press <<17>> and receive 12 points.
You press <<18>> and receive 4 points.

Environment number 8:
The value of option 13 is 1. You have 5 choices to make in this environment.
You press <<",25
8,35,2,21,0,rough,13,5,1,9,"You will be presented with a series of 16 different environments to explore.
In each trial, you can select an option between numbers 1 and 30 by pressing the corresponding key.
By selecting any of these options, you will earn points associated with each unique option.
Imagine these options 1 through 30 as lying next to each other in an ordered line; options closer to each other tend to have similar rewards as rewards tend to cluster together.
For each environment, you will be able to make either 5 or 10 choices.
When you made all your choices in a given environment, you will start making choices in the next unexplored environment.
The rewards underlying the different options are different in each environment so you will learn them anew for each environment.
Each environment starts with the value of a single option revealed.
When you choose the number corresponding to a different option, you will be told the value of that option and receive those points.
Previously revealed options, including the starting option, can also be reselected, although there may be small changes in the point value.
It is your task to gain as many points as possible across all 16 environments.

Environment number 1:
The value of option 7 is 23. You have 10 choices to make in this environment.
You press <<9>> and receive 15 points.
You press <<6>> and receive 24 points.
You press <<17>> and receive 4 points.
You press <<8>> and receive 37 points.
You press <<4>> and receive 15 points.
You press <<13>> and receive 69 points.
You press <<11>> and receive 19 points.
You press <<15>> and receive 34 points.
You press <<12>> and receive 51 points.
You press <<13>> and receive 69 points.

Environment number 2:
The value of option 22 is 37. You have 5 choices to make in this environment.
You press <<21>> and receive 53 points.
You press <<23>> and receive 63 points.
You press <<24>> and receive 51 points.
You press <<13>> and receive 56 points.
You press <<13>> and receive 59 points.

Environment number 3:
The value of option 6 is -1. You have 5 choices to make in this environment.
You press <<23>> and receive 47 points.
You press <<24>> and receive 56 points.
You press <<22>> and receive 20 points.
You press <<12>> and receive 33 points.
You press <<13>> and receive 48 points.

Environment number 4:
The value of option 20 is 45. You have 10 choices to make in this environment.
You press <<19>> and receive 24 points.
You press <<21>> and receive 35 points.
You press <<12>> and receive 75 points.
You press <<11>> and receive 62 points.
You press <<13>> and receive 84 points.
You press <<3>> and receive 23 points.
You press <<7>> and receive 23 points.
You press <<13>> and receive 83 points.
You press <<14>> and receive 82 points.
You press <<12>> and receive 75 points.

Environment number 5:
The value of option 15 is 0. You have 10 choices to make in this environment.
You press <<26>> and receive 43 points.
You press <<25>> and receive 84 points.
You press <<24>> and receive 47 points.
You press <<4>> and receive 30 points.
You press <<13>> and receive 65 points.
You press <<14>> and receive 33 points.
You press <<12>> and receive 54 points.
You press <<9>> and receive 30 points.
You press <<25>> and receive 83 points.
You press <<25>> and receive 84 points.

Environment number 6:
The value of option 3 is 20. You have 5 choices to make in this environment.
You press <<5>> and receive 25 points.
You press <<14>> and receive 33 points.
You press <<20>> and receive 20 points.
You press <<25>> and receive 51 points.
You press <<26>> and receive 51 points.

Environment number 7:
The value of option 3 is 34. You have 5 choices to make in this environment.
You press <<9>> and receive 58 points.
You press <<10>> and receive 48 points.
You press <<16>> and receive 55 points.
You press <<17>> and receive 12 points.
You press <<18>> and receive 4 points.

Environment number 8:
The value of option 13 is 1. You have 5 choices to make in this environment.
You press <<24>> and receive 11 points.
You press <<",25
8,35,3,18,0,rough,13,5,1,53,"You will be presented with a series of 16 different environments to explore.
In each trial, you can select an option between numbers 1 and 30 by pressing the corresponding key.
By selecting any of these options, you will earn points associated with each unique option.
Imagine these options 1 through 30 as lying next to each other in an ordered line; options closer to each other tend to have similar rewards as rewards tend to cluster together.
For each environment, you will be able to make either 5 or 10 choices.
When you made all your choices in a given environment, you will start making choices in the next unexplored environment.
The rewards underlying the different options are different in each environment so you will learn them anew for each environment.
Each environment starts with the value of a single option revealed.
When you choose the number corresponding to a different option, you will be told the value of that option and receive those points.
Previously revealed options, including the starting option, can also be reselected, although there may be small changes in the point value.
It is your task to gain as many points as possible across all 16 environments.

Environment number 1:
The value of option 7 is 23. You have 10 choices to make in this environment.
You press <<9>> and receive 15 points.
You press <<6>> and receive 24 points.
You press <<17>> and receive 4 points.
You press <<8>> and receive 37 points.
You press <<4>> and receive 15 points.
You press <<13>> and receive 69 points.
You press <<11>> and receive 19 points.
You press <<15>> and receive 34 points.
You press <<12>> and receive 51 points.
You press <<13>> and receive 69 points.

Environment number 2:
The value of option 22 is 37. You have 5 choices to make in this environment.
You press <<21>> and receive 53 points.
You press <<23>> and receive 63 points.
You press <<24>> and receive 51 points.
You press <<13>> and receive 56 points.
You press <<13>> and receive 59 points.

Environment number 3:
The value of option 6 is -1. You have 5 choices to make in this environment.
You press <<23>> and receive 47 points.
You press <<24>> and receive 56 points.
You press <<22>> and receive 20 points.
You press <<12>> and receive 33 points.
You press <<13>> and receive 48 points.

Environment number 4:
The value of option 20 is 45. You have 10 choices to make in this environment.
You press <<19>> and receive 24 points.
You press <<21>> and receive 35 points.
You press <<12>> and receive 75 points.
You press <<11>> and receive 62 points.
You press <<13>> and receive 84 points.
You press <<3>> and receive 23 points.
You press <<7>> and receive 23 points.
You press <<13>> and receive 83 points.
You press <<14>> and receive 82 points.
You press <<12>> and receive 75 points.

Environment number 5:
The value of option 15 is 0. You have 10 choices to make in this environment.
You press <<26>> and receive 43 points.
You press <<25>> and receive 84 points.
You press <<24>> and receive 47 points.
You press <<4>> and receive 30 points.
You press <<13>> and receive 65 points.
You press <<14>> and receive 33 points.
You press <<12>> and receive 54 points.
You press <<9>> and receive 30 points.
You press <<25>> and receive 83 points.
You press <<25>> and receive 84 points.

Environment number 6:
The value of option 3 is 20. You have 5 choices to make in this environment.
You press <<5>> and receive 25 points.
You press <<14>> and receive 33 points.
You press <<20>> and receive 20 points.
You press <<25>> and receive 51 points.
You press <<26>> and receive 51 points.

Environment number 7:
The value of option 3 is 34. You have 5 choices to make in this environment.
You press <<9>> and receive 58 points.
You press <<10>> and receive 48 points.
You press <<16>> and receive 55 points.
You press <<17>> and receive 12 points.
You press <<18>> and receive 4 points.

Environment number 8:
The value of option 13 is 1. You have 5 choices to make in this environment.
You press <<24>> and receive 11 points.
You press <<21>> and receive 9 points.
You press <<",25
8,35,4,19,0,rough,13,5,1,18,"You will be presented with a series of 16 different environments to explore.
In each trial, you can select an option between numbers 1 and 30 by pressing the corresponding key.
By selecting any of these options, you will earn points associated with each unique option.
Imagine these options 1 through 30 as lying next to each other in an ordered line; options closer to each other tend to have similar rewards as rewards tend to cluster together.
For each environment, you will be able to make either 5 or 10 choices.
When you made all your choices in a given environment, you will start making choices in the next unexplored environment.
The rewards underlying the different options are different in each environment so you will learn them anew for each environment.
Each environment starts with the value of a single option revealed.
When you choose the number corresponding to a different option, you will be told the value of that option and receive those points.
Previously revealed options, including the starting option, can also be reselected, although there may be small changes in the point value.
It is your task to gain as many points as possible across all 16 environments.

Environment number 1:
The value of option 7 is 23. You have 10 choices to make in this environment.
You press <<9>> and receive 15 points.
You press <<6>> and receive 24 points.
You press <<17>> and receive 4 points.
You press <<8>> and receive 37 points.
You press <<4>> and receive 15 points.
You press <<13>> and receive 69 points.
You press <<11>> and receive 19 points.
You press <<15>> and receive 34 points.
You press <<12>> and receive 51 points.
You press <<13>> and receive 69 points.

Environment number 2:
The value of option 22 is 37. You have 5 choices to make in this environment.
You press <<21>> and receive 53 points.
You press <<23>> and receive 63 points.
You press <<24>> and receive 51 points.
You press <<13>> and receive 56 points.
You press <<13>> and receive 59 points.

Environment number 3:
The value of option 6 is -1. You have 5 choices to make in this environment.
You press <<23>> and receive 47 points.
You press <<24>> and receive 56 points.
You press <<22>> and receive 20 points.
You press <<12>> and receive 33 points.
You press <<13>> and receive 48 points.

Environment number 4:
The value of option 20 is 45. You have 10 choices to make in this environment.
You press <<19>> and receive 24 points.
You press <<21>> and receive 35 points.
You press <<12>> and receive 75 points.
You press <<11>> and receive 62 points.
You press <<13>> and receive 84 points.
You press <<3>> and receive 23 points.
You press <<7>> and receive 23 points.
You press <<13>> and receive 83 points.
You press <<14>> and receive 82 points.
You press <<12>> and receive 75 points.

Environment number 5:
The value of option 15 is 0. You have 10 choices to make in this environment.
You press <<26>> and receive 43 points.
You press <<25>> and receive 84 points.
You press <<24>> and receive 47 points.
You press <<4>> and receive 30 points.
You press <<13>> and receive 65 points.
You press <<14>> and receive 33 points.
You press <<12>> and receive 54 points.
You press <<9>> and receive 30 points.
You press <<25>> and receive 83 points.
You press <<25>> and receive 84 points.

Environment number 6:
The value of option 3 is 20. You have 5 choices to make in this environment.
You press <<5>> and receive 25 points.
You press <<14>> and receive 33 points.
You press <<20>> and receive 20 points.
You press <<25>> and receive 51 points.
You press <<26>> and receive 51 points.

Environment number 7:
The value of option 3 is 34. You have 5 choices to make in this environment.
You press <<9>> and receive 58 points.
You press <<10>> and receive 48 points.
You press <<16>> and receive 55 points.
You press <<17>> and receive 12 points.
You press <<18>> and receive 4 points.

Environment number 8:
The value of option 13 is 1. You have 5 choices to make in this environment.
You press <<24>> and receive 11 points.
You press <<21>> and receive 9 points.
You press <<18>> and receive 53 points.
You press <<",25
8,35,5,17,0,rough,13,5,1,42,"You will be presented with a series of 16 different environments to explore.
In each trial, you can select an option between numbers 1 and 30 by pressing the corresponding key.
By selecting any of these options, you will earn points associated with each unique option.
Imagine these options 1 through 30 as lying next to each other in an ordered line; options closer to each other tend to have similar rewards as rewards tend to cluster together.
For each environment, you will be able to make either 5 or 10 choices.
When you made all your choices in a given environment, you will start making choices in the next unexplored environment.
The rewards underlying the different options are different in each environment so you will learn them anew for each environment.
Each environment starts with the value of a single option revealed.
When you choose the number corresponding to a different option, you will be told the value of that option and receive those points.
Previously revealed options, including the starting option, can also be reselected, although there may be small changes in the point value.
It is your task to gain as many points as possible across all 16 environments.

Environment number 1:
The value of option 7 is 23. You have 10 choices to make in this environment.
You press <<9>> and receive 15 points.
You press <<6>> and receive 24 points.
You press <<17>> and receive 4 points.
You press <<8>> and receive 37 points.
You press <<4>> and receive 15 points.
You press <<13>> and receive 69 points.
You press <<11>> and receive 19 points.
You press <<15>> and receive 34 points.
You press <<12>> and receive 51 points.
You press <<13>> and receive 69 points.

Environment number 2:
The value of option 22 is 37. You have 5 choices to make in this environment.
You press <<21>> and receive 53 points.
You press <<23>> and receive 63 points.
You press <<24>> and receive 51 points.
You press <<13>> and receive 56 points.
You press <<13>> and receive 59 points.

Environment number 3:
The value of option 6 is -1. You have 5 choices to make in this environment.
You press <<23>> and receive 47 points.
You press <<24>> and receive 56 points.
You press <<22>> and receive 20 points.
You press <<12>> and receive 33 points.
You press <<13>> and receive 48 points.

Environment number 4:
The value of option 20 is 45. You have 10 choices to make in this environment.
You press <<19>> and receive 24 points.
You press <<21>> and receive 35 points.
You press <<12>> and receive 75 points.
You press <<11>> and receive 62 points.
You press <<13>> and receive 84 points.
You press <<3>> and receive 23 points.
You press <<7>> and receive 23 points.
You press <<13>> and receive 83 points.
You press <<14>> and receive 82 points.
You press <<12>> and receive 75 points.

Environment number 5:
The value of option 15 is 0. You have 10 choices to make in this environment.
You press <<26>> and receive 43 points.
You press <<25>> and receive 84 points.
You press <<24>> and receive 47 points.
You press <<4>> and receive 30 points.
You press <<13>> and receive 65 points.
You press <<14>> and receive 33 points.
You press <<12>> and receive 54 points.
You press <<9>> and receive 30 points.
You press <<25>> and receive 83 points.
You press <<25>> and receive 84 points.

Environment number 6:
The value of option 3 is 20. You have 5 choices to make in this environment.
You press <<5>> and receive 25 points.
You press <<14>> and receive 33 points.
You press <<20>> and receive 20 points.
You press <<25>> and receive 51 points.
You press <<26>> and receive 51 points.

Environment number 7:
The value of option 3 is 34. You have 5 choices to make in this environment.
You press <<9>> and receive 58 points.
You press <<10>> and receive 48 points.
You press <<16>> and receive 55 points.
You press <<17>> and receive 12 points.
You press <<18>> and receive 4 points.

Environment number 8:
The value of option 13 is 1. You have 5 choices to make in this environment.
You press <<24>> and receive 11 points.
You press <<21>> and receive 9 points.
You press <<18>> and receive 53 points.
You press <<19>> and receive 18 points.
You press <<",25
9,37,1,20,0,rough,19,10,73,51,"You will be presented with a series of 16 different environments to explore.
In each trial, you can select an option between numbers 1 and 30 by pressing the corresponding key.
By selecting any of these options, you will earn points associated with each unique option.
Imagine these options 1 through 30 as lying next to each other in an ordered line; options closer to each other tend to have similar rewards as rewards tend to cluster together.
For each environment, you will be able to make either 5 or 10 choices.
When you made all your choices in a given environment, you will start making choices in the next unexplored environment.
The rewards underlying the different options are different in each environment so you will learn them anew for each environment.
Each environment starts with the value of a single option revealed.
When you choose the number corresponding to a different option, you will be told the value of that option and receive those points.
Previously revealed options, including the starting option, can also be reselected, although there may be small changes in the point value.
It is your task to gain as many points as possible across all 16 environments.

Environment number 1:
The value of option 7 is 23. You have 10 choices to make in this environment.
You press <<9>> and receive 15 points.
You press <<6>> and receive 24 points.
You press <<17>> and receive 4 points.
You press <<8>> and receive 37 points.
You press <<4>> and receive 15 points.
You press <<13>> and receive 69 points.
You press <<11>> and receive 19 points.
You press <<15>> and receive 34 points.
You press <<12>> and receive 51 points.
You press <<13>> and receive 69 points.

Environment number 2:
The value of option 22 is 37. You have 5 choices to make in this environment.
You press <<21>> and receive 53 points.
You press <<23>> and receive 63 points.
You press <<24>> and receive 51 points.
You press <<13>> and receive 56 points.
You press <<13>> and receive 59 points.

Environment number 3:
The value of option 6 is -1. You have 5 choices to make in this environment.
You press <<23>> and receive 47 points.
You press <<24>> and receive 56 points.
You press <<22>> and receive 20 points.
You press <<12>> and receive 33 points.
You press <<13>> and receive 48 points.

Environment number 4:
The value of option 20 is 45. You have 10 choices to make in this environment.
You press <<19>> and receive 24 points.
You press <<21>> and receive 35 points.
You press <<12>> and receive 75 points.
You press <<11>> and receive 62 points.
You press <<13>> and receive 84 points.
You press <<3>> and receive 23 points.
You press <<7>> and receive 23 points.
You press <<13>> and receive 83 points.
You press <<14>> and receive 82 points.
You press <<12>> and receive 75 points.

Environment number 5:
The value of option 15 is 0. You have 10 choices to make in this environment.
You press <<26>> and receive 43 points.
You press <<25>> and receive 84 points.
You press <<24>> and receive 47 points.
You press <<4>> and receive 30 points.
You press <<13>> and receive 65 points.
You press <<14>> and receive 33 points.
You press <<12>> and receive 54 points.
You press <<9>> and receive 30 points.
You press <<25>> and receive 83 points.
You press <<25>> and receive 84 points.

Environment number 6:
The value of option 3 is 20. You have 5 choices to make in this environment.
You press <<5>> and receive 25 points.
You press <<14>> and receive 33 points.
You press <<20>> and receive 20 points.
You press <<25>> and receive 51 points.
You press <<26>> and receive 51 points.

Environment number 7:
The value of option 3 is 34. You have 5 choices to make in this environment.
You press <<9>> and receive 58 points.
You press <<10>> and receive 48 points.
You press <<16>> and receive 55 points.
You press <<17>> and receive 12 points.
You press <<18>> and receive 4 points.

Environment number 8:
The value of option 13 is 1. You have 5 choices to make in this environment.
You press <<24>> and receive 11 points.
You press <<21>> and receive 9 points.
You press <<18>> and receive 53 points.
You press <<19>> and receive 18 points.
You press <<17>> and receive 42 points.

Environment number 9:
The value of option 19 is 73. You have 10 choices to make in this environment.
You press <<",25
9,37,2,18,0,rough,19,10,73,64,"You will be presented with a series of 16 different environments to explore.
In each trial, you can select an option between numbers 1 and 30 by pressing the corresponding key.
By selecting any of these options, you will earn points associated with each unique option.
Imagine these options 1 through 30 as lying next to each other in an ordered line; options closer to each other tend to have similar rewards as rewards tend to cluster together.
For each environment, you will be able to make either 5 or 10 choices.
When you made all your choices in a given environment, you will start making choices in the next unexplored environment.
The rewards underlying the different options are different in each environment so you will learn them anew for each environment.
Each environment starts with the value of a single option revealed.
When you choose the number corresponding to a different option, you will be told the value of that option and receive those points.
Previously revealed options, including the starting option, can also be reselected, although there may be small changes in the point value.
It is your task to gain as many points as possible across all 16 environments.

Environment number 1:
The value of option 7 is 23. You have 10 choices to make in this environment.
You press <<9>> and receive 15 points.
You press <<6>> and receive 24 points.
You press <<17>> and receive 4 points.
You press <<8>> and receive 37 points.
You press <<4>> and receive 15 points.
You press <<13>> and receive 69 points.
You press <<11>> and receive 19 points.
You press <<15>> and receive 34 points.
You press <<12>> and receive 51 points.
You press <<13>> and receive 69 points.

Environment number 2:
The value of option 22 is 37. You have 5 choices to make in this environment.
You press <<21>> and receive 53 points.
You press <<23>> and receive 63 points.
You press <<24>> and receive 51 points.
You press <<13>> and receive 56 points.
You press <<13>> and receive 59 points.

Environment number 3:
The value of option 6 is -1. You have 5 choices to make in this environment.
You press <<23>> and receive 47 points.
You press <<24>> and receive 56 points.
You press <<22>> and receive 20 points.
You press <<12>> and receive 33 points.
You press <<13>> and receive 48 points.

Environment number 4:
The value of option 20 is 45. You have 10 choices to make in this environment.
You press <<19>> and receive 24 points.
You press <<21>> and receive 35 points.
You press <<12>> and receive 75 points.
You press <<11>> and receive 62 points.
You press <<13>> and receive 84 points.
You press <<3>> and receive 23 points.
You press <<7>> and receive 23 points.
You press <<13>> and receive 83 points.
You press <<14>> and receive 82 points.
You press <<12>> and receive 75 points.

Environment number 5:
The value of option 15 is 0. You have 10 choices to make in this environment.
You press <<26>> and receive 43 points.
You press <<25>> and receive 84 points.
You press <<24>> and receive 47 points.
You press <<4>> and receive 30 points.
You press <<13>> and receive 65 points.
You press <<14>> and receive 33 points.
You press <<12>> and receive 54 points.
You press <<9>> and receive 30 points.
You press <<25>> and receive 83 points.
You press <<25>> and receive 84 points.

Environment number 6:
The value of option 3 is 20. You have 5 choices to make in this environment.
You press <<5>> and receive 25 points.
You press <<14>> and receive 33 points.
You press <<20>> and receive 20 points.
You press <<25>> and receive 51 points.
You press <<26>> and receive 51 points.

Environment number 7:
The value of option 3 is 34. You have 5 choices to make in this environment.
You press <<9>> and receive 58 points.
You press <<10>> and receive 48 points.
You press <<16>> and receive 55 points.
You press <<17>> and receive 12 points.
You press <<18>> and receive 4 points.

Environment number 8:
The value of option 13 is 1. You have 5 choices to make in this environment.
You press <<24>> and receive 11 points.
You press <<21>> and receive 9 points.
You press <<18>> and receive 53 points.
You press <<19>> and receive 18 points.
You press <<17>> and receive 42 points.

Environment number 9:
The value of option 19 is 73. You have 10 choices to make in this environment.
You press <<20>> and receive 51 points.
You press <<",25
9,37,3,12,0,rough,19,10,73,36,"You will be presented with a series of 16 different environments to explore.
In each trial, you can select an option between numbers 1 and 30 by pressing the corresponding key.
By selecting any of these options, you will earn points associated with each unique option.
Imagine these options 1 through 30 as lying next to each other in an ordered line; options closer to each other tend to have similar rewards as rewards tend to cluster together.
For each environment, you will be able to make either 5 or 10 choices.
When you made all your choices in a given environment, you will start making choices in the next unexplored environment.
The rewards underlying the different options are different in each environment so you will learn them anew for each environment.
Each environment starts with the value of a single option revealed.
When you choose the number corresponding to a different option, you will be told the value of that option and receive those points.
Previously revealed options, including the starting option, can also be reselected, although there may be small changes in the point value.
It is your task to gain as many points as possible across all 16 environments.

Environment number 1:
The value of option 7 is 23. You have 10 choices to make in this environment.
You press <<9>> and receive 15 points.
You press <<6>> and receive 24 points.
You press <<17>> and receive 4 points.
You press <<8>> and receive 37 points.
You press <<4>> and receive 15 points.
You press <<13>> and receive 69 points.
You press <<11>> and receive 19 points.
You press <<15>> and receive 34 points.
You press <<12>> and receive 51 points.
You press <<13>> and receive 69 points.

Environment number 2:
The value of option 22 is 37. You have 5 choices to make in this environment.
You press <<21>> and receive 53 points.
You press <<23>> and receive 63 points.
You press <<24>> and receive 51 points.
You press <<13>> and receive 56 points.
You press <<13>> and receive 59 points.

Environment number 3:
The value of option 6 is -1. You have 5 choices to make in this environment.
You press <<23>> and receive 47 points.
You press <<24>> and receive 56 points.
You press <<22>> and receive 20 points.
You press <<12>> and receive 33 points.
You press <<13>> and receive 48 points.

Environment number 4:
The value of option 20 is 45. You have 10 choices to make in this environment.
You press <<19>> and receive 24 points.
You press <<21>> and receive 35 points.
You press <<12>> and receive 75 points.
You press <<11>> and receive 62 points.
You press <<13>> and receive 84 points.
You press <<3>> and receive 23 points.
You press <<7>> and receive 23 points.
You press <<13>> and receive 83 points.
You press <<14>> and receive 82 points.
You press <<12>> and receive 75 points.

Environment number 5:
The value of option 15 is 0. You have 10 choices to make in this environment.
You press <<26>> and receive 43 points.
You press <<25>> and receive 84 points.
You press <<24>> and receive 47 points.
You press <<4>> and receive 30 points.
You press <<13>> and receive 65 points.
You press <<14>> and receive 33 points.
You press <<12>> and receive 54 points.
You press <<9>> and receive 30 points.
You press <<25>> and receive 83 points.
You press <<25>> and receive 84 points.

Environment number 6:
The value of option 3 is 20. You have 5 choices to make in this environment.
You press <<5>> and receive 25 points.
You press <<14>> and receive 33 points.
You press <<20>> and receive 20 points.
You press <<25>> and receive 51 points.
You press <<26>> and receive 51 points.

Environment number 7:
The value of option 3 is 34. You have 5 choices to make in this environment.
You press <<9>> and receive 58 points.
You press <<10>> and receive 48 points.
You press <<16>> and receive 55 points.
You press <<17>> and receive 12 points.
You press <<18>> and receive 4 points.

Environment number 8:
The value of option 13 is 1. You have 5 choices to make in this environment.
You press <<24>> and receive 11 points.
You press <<21>> and receive 9 points.
You press <<18>> and receive 53 points.
You press <<19>> and receive 18 points.
You press <<17>> and receive 42 points.

Environment number 9:
The value of option 19 is 73. You have 10 choices to make in this environment.
You press <<20>> and receive 51 points.
You press <<18>> and receive 64 points.
You press <<",25
9,37,4,6,0,rough,19,10,73,33,"You will be presented with a series of 16 different environments to explore.
In each trial, you can select an option between numbers 1 and 30 by pressing the corresponding key.
By selecting any of these options, you will earn points associated with each unique option.
Imagine these options 1 through 30 as lying next to each other in an ordered line; options closer to each other tend to have similar rewards as rewards tend to cluster together.
For each environment, you will be able to make either 5 or 10 choices.
When you made all your choices in a given environment, you will start making choices in the next unexplored environment.
The rewards underlying the different options are different in each environment so you will learn them anew for each environment.
Each environment starts with the value of a single option revealed.
When you choose the number corresponding to a different option, you will be told the value of that option and receive those points.
Previously revealed options, including the starting option, can also be reselected, although there may be small changes in the point value.
It is your task to gain as many points as possible across all 16 environments.

Environment number 1:
The value of option 7 is 23. You have 10 choices to make in this environment.
You press <<9>> and receive 15 points.
You press <<6>> and receive 24 points.
You press <<17>> and receive 4 points.
You press <<8>> and receive 37 points.
You press <<4>> and receive 15 points.
You press <<13>> and receive 69 points.
You press <<11>> and receive 19 points.
You press <<15>> and receive 34 points.
You press <<12>> and receive 51 points.
You press <<13>> and receive 69 points.

Environment number 2:
The value of option 22 is 37. You have 5 choices to make in this environment.
You press <<21>> and receive 53 points.
You press <<23>> and receive 63 points.
You press <<24>> and receive 51 points.
You press <<13>> and receive 56 points.
You press <<13>> and receive 59 points.

Environment number 3:
The value of option 6 is -1. You have 5 choices to make in this environment.
You press <<23>> and receive 47 points.
You press <<24>> and receive 56 points.
You press <<22>> and receive 20 points.
You press <<12>> and receive 33 points.
You press <<13>> and receive 48 points.

Environment number 4:
The value of option 20 is 45. You have 10 choices to make in this environment.
You press <<19>> and receive 24 points.
You press <<21>> and receive 35 points.
You press <<12>> and receive 75 points.
You press <<11>> and receive 62 points.
You press <<13>> and receive 84 points.
You press <<3>> and receive 23 points.
You press <<7>> and receive 23 points.
You press <<13>> and receive 83 points.
You press <<14>> and receive 82 points.
You press <<12>> and receive 75 points.

Environment number 5:
The value of option 15 is 0. You have 10 choices to make in this environment.
You press <<26>> and receive 43 points.
You press <<25>> and receive 84 points.
You press <<24>> and receive 47 points.
You press <<4>> and receive 30 points.
You press <<13>> and receive 65 points.
You press <<14>> and receive 33 points.
You press <<12>> and receive 54 points.
You press <<9>> and receive 30 points.
You press <<25>> and receive 83 points.
You press <<25>> and receive 84 points.

Environment number 6:
The value of option 3 is 20. You have 5 choices to make in this environment.
You press <<5>> and receive 25 points.
You press <<14>> and receive 33 points.
You press <<20>> and receive 20 points.
You press <<25>> and receive 51 points.
You press <<26>> and receive 51 points.

Environment number 7:
The value of option 3 is 34. You have 5 choices to make in this environment.
You press <<9>> and receive 58 points.
You press <<10>> and receive 48 points.
You press <<16>> and receive 55 points.
You press <<17>> and receive 12 points.
You press <<18>> and receive 4 points.

Environment number 8:
The value of option 13 is 1. You have 5 choices to make in this environment.
You press <<24>> and receive 11 points.
You press <<21>> and receive 9 points.
You press <<18>> and receive 53 points.
You press <<19>> and receive 18 points.
You press <<17>> and receive 42 points.

Environment number 9:
The value of option 19 is 73. You have 10 choices to make in this environment.
You press <<20>> and receive 51 points.
You press <<18>> and receive 64 points.
You press <<12>> and receive 36 points.
You press <<",25
9,37,5,1,0,rough,19,10,73,31,"You will be presented with a series of 16 different environments to explore.
In each trial, you can select an option between numbers 1 and 30 by pressing the corresponding key.
By selecting any of these options, you will earn points associated with each unique option.
Imagine these options 1 through 30 as lying next to each other in an ordered line; options closer to each other tend to have similar rewards as rewards tend to cluster together.
For each environment, you will be able to make either 5 or 10 choices.
When you made all your choices in a given environment, you will start making choices in the next unexplored environment.
The rewards underlying the different options are different in each environment so you will learn them anew for each environment.
Each environment starts with the value of a single option revealed.
When you choose the number corresponding to a different option, you will be told the value of that option and receive those points.
Previously revealed options, including the starting option, can also be reselected, although there may be small changes in the point value.
It is your task to gain as many points as possible across all 16 environments.

Environment number 1:
The value of option 7 is 23. You have 10 choices to make in this environment.
You press <<9>> and receive 15 points.
You press <<6>> and receive 24 points.
You press <<17>> and receive 4 points.
You press <<8>> and receive 37 points.
You press <<4>> and receive 15 points.
You press <<13>> and receive 69 points.
You press <<11>> and receive 19 points.
You press <<15>> and receive 34 points.
You press <<12>> and receive 51 points.
You press <<13>> and receive 69 points.

Environment number 2:
The value of option 22 is 37. You have 5 choices to make in this environment.
You press <<21>> and receive 53 points.
You press <<23>> and receive 63 points.
You press <<24>> and receive 51 points.
You press <<13>> and receive 56 points.
You press <<13>> and receive 59 points.

Environment number 3:
The value of option 6 is -1. You have 5 choices to make in this environment.
You press <<23>> and receive 47 points.
You press <<24>> and receive 56 points.
You press <<22>> and receive 20 points.
You press <<12>> and receive 33 points.
You press <<13>> and receive 48 points.

Environment number 4:
The value of option 20 is 45. You have 10 choices to make in this environment.
You press <<19>> and receive 24 points.
You press <<21>> and receive 35 points.
You press <<12>> and receive 75 points.
You press <<11>> and receive 62 points.
You press <<13>> and receive 84 points.
You press <<3>> and receive 23 points.
You press <<7>> and receive 23 points.
You press <<13>> and receive 83 points.
You press <<14>> and receive 82 points.
You press <<12>> and receive 75 points.

Environment number 5:
The value of option 15 is 0. You have 10 choices to make in this environment.
You press <<26>> and receive 43 points.
You press <<25>> and receive 84 points.
You press <<24>> and receive 47 points.
You press <<4>> and receive 30 points.
You press <<13>> and receive 65 points.
You press <<14>> and receive 33 points.
You press <<12>> and receive 54 points.
You press <<9>> and receive 30 points.
You press <<25>> and receive 83 points.
You press <<25>> and receive 84 points.

Environment number 6:
The value of option 3 is 20. You have 5 choices to make in this environment.
You press <<5>> and receive 25 points.
You press <<14>> and receive 33 points.
You press <<20>> and receive 20 points.
You press <<25>> and receive 51 points.
You press <<26>> and receive 51 points.

Environment number 7:
The value of option 3 is 34. You have 5 choices to make in this environment.
You press <<9>> and receive 58 points.
You press <<10>> and receive 48 points.
You press <<16>> and receive 55 points.
You press <<17>> and receive 12 points.
You press <<18>> and receive 4 points.

Environment number 8:
The value of option 13 is 1. You have 5 choices to make in this environment.
You press <<24>> and receive 11 points.
You press <<21>> and receive 9 points.
You press <<18>> and receive 53 points.
You press <<19>> and receive 18 points.
You press <<17>> and receive 42 points.

Environment number 9:
The value of option 19 is 73. You have 10 choices to make in this environment.
You press <<20>> and receive 51 points.
You press <<18>> and receive 64 points.
You press <<12>> and receive 36 points.
You press <<6>> and receive 33 points.
You press <<",25
9,37,6,14,0,rough,19,10,73,29,"You will be presented with a series of 16 different environments to explore.
In each trial, you can select an option between numbers 1 and 30 by pressing the corresponding key.
By selecting any of these options, you will earn points associated with each unique option.
Imagine these options 1 through 30 as lying next to each other in an ordered line; options closer to each other tend to have similar rewards as rewards tend to cluster together.
For each environment, you will be able to make either 5 or 10 choices.
When you made all your choices in a given environment, you will start making choices in the next unexplored environment.
The rewards underlying the different options are different in each environment so you will learn them anew for each environment.
Each environment starts with the value of a single option revealed.
When you choose the number corresponding to a different option, you will be told the value of that option and receive those points.
Previously revealed options, including the starting option, can also be reselected, although there may be small changes in the point value.
It is your task to gain as many points as possible across all 16 environments.

Environment number 1:
The value of option 7 is 23. You have 10 choices to make in this environment.
You press <<9>> and receive 15 points.
You press <<6>> and receive 24 points.
You press <<17>> and receive 4 points.
You press <<8>> and receive 37 points.
You press <<4>> and receive 15 points.
You press <<13>> and receive 69 points.
You press <<11>> and receive 19 points.
You press <<15>> and receive 34 points.
You press <<12>> and receive 51 points.
You press <<13>> and receive 69 points.

Environment number 2:
The value of option 22 is 37. You have 5 choices to make in this environment.
You press <<21>> and receive 53 points.
You press <<23>> and receive 63 points.
You press <<24>> and receive 51 points.
You press <<13>> and receive 56 points.
You press <<13>> and receive 59 points.

Environment number 3:
The value of option 6 is -1. You have 5 choices to make in this environment.
You press <<23>> and receive 47 points.
You press <<24>> and receive 56 points.
You press <<22>> and receive 20 points.
You press <<12>> and receive 33 points.
You press <<13>> and receive 48 points.

Environment number 4:
The value of option 20 is 45. You have 10 choices to make in this environment.
You press <<19>> and receive 24 points.
You press <<21>> and receive 35 points.
You press <<12>> and receive 75 points.
You press <<11>> and receive 62 points.
You press <<13>> and receive 84 points.
You press <<3>> and receive 23 points.
You press <<7>> and receive 23 points.
You press <<13>> and receive 83 points.
You press <<14>> and receive 82 points.
You press <<12>> and receive 75 points.

Environment number 5:
The value of option 15 is 0. You have 10 choices to make in this environment.
You press <<26>> and receive 43 points.
You press <<25>> and receive 84 points.
You press <<24>> and receive 47 points.
You press <<4>> and receive 30 points.
You press <<13>> and receive 65 points.
You press <<14>> and receive 33 points.
You press <<12>> and receive 54 points.
You press <<9>> and receive 30 points.
You press <<25>> and receive 83 points.
You press <<25>> and receive 84 points.

Environment number 6:
The value of option 3 is 20. You have 5 choices to make in this environment.
You press <<5>> and receive 25 points.
You press <<14>> and receive 33 points.
You press <<20>> and receive 20 points.
You press <<25>> and receive 51 points.
You press <<26>> and receive 51 points.

Environment number 7:
The value of option 3 is 34. You have 5 choices to make in this environment.
You press <<9>> and receive 58 points.
You press <<10>> and receive 48 points.
You press <<16>> and receive 55 points.
You press <<17>> and receive 12 points.
You press <<18>> and receive 4 points.

Environment number 8:
The value of option 13 is 1. You have 5 choices to make in this environment.
You press <<24>> and receive 11 points.
You press <<21>> and receive 9 points.
You press <<18>> and receive 53 points.
You press <<19>> and receive 18 points.
You press <<17>> and receive 42 points.

Environment number 9:
The value of option 19 is 73. You have 10 choices to make in this environment.
You press <<20>> and receive 51 points.
You press <<18>> and receive 64 points.
You press <<12>> and receive 36 points.
You press <<6>> and receive 33 points.
You press <<1>> and receive 31 points.
You press <<",25
9,37,7,25,0,rough,19,10,73,8,"You will be presented with a series of 16 different environments to explore.
In each trial, you can select an option between numbers 1 and 30 by pressing the corresponding key.
By selecting any of these options, you will earn points associated with each unique option.
Imagine these options 1 through 30 as lying next to each other in an ordered line; options closer to each other tend to have similar rewards as rewards tend to cluster together.
For each environment, you will be able to make either 5 or 10 choices.
When you made all your choices in a given environment, you will start making choices in the next unexplored environment.
The rewards underlying the different options are different in each environment so you will learn them anew for each environment.
Each environment starts with the value of a single option revealed.
When you choose the number corresponding to a different option, you will be told the value of that option and receive those points.
Previously revealed options, including the starting option, can also be reselected, although there may be small changes in the point value.
It is your task to gain as many points as possible across all 16 environments.

Environment number 1:
The value of option 7 is 23. You have 10 choices to make in this environment.
You press <<9>> and receive 15 points.
You press <<6>> and receive 24 points.
You press <<17>> and receive 4 points.
You press <<8>> and receive 37 points.
You press <<4>> and receive 15 points.
You press <<13>> and receive 69 points.
You press <<11>> and receive 19 points.
You press <<15>> and receive 34 points.
You press <<12>> and receive 51 points.
You press <<13>> and receive 69 points.

Environment number 2:
The value of option 22 is 37. You have 5 choices to make in this environment.
You press <<21>> and receive 53 points.
You press <<23>> and receive 63 points.
You press <<24>> and receive 51 points.
You press <<13>> and receive 56 points.
You press <<13>> and receive 59 points.

Environment number 3:
The value of option 6 is -1. You have 5 choices to make in this environment.
You press <<23>> and receive 47 points.
You press <<24>> and receive 56 points.
You press <<22>> and receive 20 points.
You press <<12>> and receive 33 points.
You press <<13>> and receive 48 points.

Environment number 4:
The value of option 20 is 45. You have 10 choices to make in this environment.
You press <<19>> and receive 24 points.
You press <<21>> and receive 35 points.
You press <<12>> and receive 75 points.
You press <<11>> and receive 62 points.
You press <<13>> and receive 84 points.
You press <<3>> and receive 23 points.
You press <<7>> and receive 23 points.
You press <<13>> and receive 83 points.
You press <<14>> and receive 82 points.
You press <<12>> and receive 75 points.

Environment number 5:
The value of option 15 is 0. You have 10 choices to make in this environment.
You press <<26>> and receive 43 points.
You press <<25>> and receive 84 points.
You press <<24>> and receive 47 points.
You press <<4>> and receive 30 points.
You press <<13>> and receive 65 points.
You press <<14>> and receive 33 points.
You press <<12>> and receive 54 points.
You press <<9>> and receive 30 points.
You press <<25>> and receive 83 points.
You press <<25>> and receive 84 points.

Environment number 6:
The value of option 3 is 20. You have 5 choices to make in this environment.
You press <<5>> and receive 25 points.
You press <<14>> and receive 33 points.
You press <<20>> and receive 20 points.
You press <<25>> and receive 51 points.
You press <<26>> and receive 51 points.

Environment number 7:
The value of option 3 is 34. You have 5 choices to make in this environment.
You press <<9>> and receive 58 points.
You press <<10>> and receive 48 points.
You press <<16>> and receive 55 points.
You press <<17>> and receive 12 points.
You press <<18>> and receive 4 points.

Environment number 8:
The value of option 13 is 1. You have 5 choices to make in this environment.
You press <<24>> and receive 11 points.
You press <<21>> and receive 9 points.
You press <<18>> and receive 53 points.
You press <<19>> and receive 18 points.
You press <<17>> and receive 42 points.

Environment number 9:
The value of option 19 is 73. You have 10 choices to make in this environment.
You press <<20>> and receive 51 points.
You press <<18>> and receive 64 points.
You press <<12>> and receive 36 points.
You press <<6>> and receive 33 points.
You press <<1>> and receive 31 points.
You press <<14>> and receive 29 points.
You press <<",25
9,37,8,23,0,rough,19,10,73,47,"You will be presented with a series of 16 different environments to explore.
In each trial, you can select an option between numbers 1 and 30 by pressing the corresponding key.
By selecting any of these options, you will earn points associated with each unique option.
Imagine these options 1 through 30 as lying next to each other in an ordered line; options closer to each other tend to have similar rewards as rewards tend to cluster together.
For each environment, you will be able to make either 5 or 10 choices.
When you made all your choices in a given environment, you will start making choices in the next unexplored environment.
The rewards underlying the different options are different in each environment so you will learn them anew for each environment.
Each environment starts with the value of a single option revealed.
When you choose the number corresponding to a different option, you will be told the value of that option and receive those points.
Previously revealed options, including the starting option, can also be reselected, although there may be small changes in the point value.
It is your task to gain as many points as possible across all 16 environments.

Environment number 1:
The value of option 7 is 23. You have 10 choices to make in this environment.
You press <<9>> and receive 15 points.
You press <<6>> and receive 24 points.
You press <<17>> and receive 4 points.
You press <<8>> and receive 37 points.
You press <<4>> and receive 15 points.
You press <<13>> and receive 69 points.
You press <<11>> and receive 19 points.
You press <<15>> and receive 34 points.
You press <<12>> and receive 51 points.
You press <<13>> and receive 69 points.

Environment number 2:
The value of option 22 is 37. You have 5 choices to make in this environment.
You press <<21>> and receive 53 points.
You press <<23>> and receive 63 points.
You press <<24>> and receive 51 points.
You press <<13>> and receive 56 points.
You press <<13>> and receive 59 points.

Environment number 3:
The value of option 6 is -1. You have 5 choices to make in this environment.
You press <<23>> and receive 47 points.
You press <<24>> and receive 56 points.
You press <<22>> and receive 20 points.
You press <<12>> and receive 33 points.
You press <<13>> and receive 48 points.

Environment number 4:
The value of option 20 is 45. You have 10 choices to make in this environment.
You press <<19>> and receive 24 points.
You press <<21>> and receive 35 points.
You press <<12>> and receive 75 points.
You press <<11>> and receive 62 points.
You press <<13>> and receive 84 points.
You press <<3>> and receive 23 points.
You press <<7>> and receive 23 points.
You press <<13>> and receive 83 points.
You press <<14>> and receive 82 points.
You press <<12>> and receive 75 points.

Environment number 5:
The value of option 15 is 0. You have 10 choices to make in this environment.
You press <<26>> and receive 43 points.
You press <<25>> and receive 84 points.
You press <<24>> and receive 47 points.
You press <<4>> and receive 30 points.
You press <<13>> and receive 65 points.
You press <<14>> and receive 33 points.
You press <<12>> and receive 54 points.
You press <<9>> and receive 30 points.
You press <<25>> and receive 83 points.
You press <<25>> and receive 84 points.

Environment number 6:
The value of option 3 is 20. You have 5 choices to make in this environment.
You press <<5>> and receive 25 points.
You press <<14>> and receive 33 points.
You press <<20>> and receive 20 points.
You press <<25>> and receive 51 points.
You press <<26>> and receive 51 points.

Environment number 7:
The value of option 3 is 34. You have 5 choices to make in this environment.
You press <<9>> and receive 58 points.
You press <<10>> and receive 48 points.
You press <<16>> and receive 55 points.
You press <<17>> and receive 12 points.
You press <<18>> and receive 4 points.

Environment number 8:
The value of option 13 is 1. You have 5 choices to make in this environment.
You press <<24>> and receive 11 points.
You press <<21>> and receive 9 points.
You press <<18>> and receive 53 points.
You press <<19>> and receive 18 points.
You press <<17>> and receive 42 points.

Environment number 9:
The value of option 19 is 73. You have 10 choices to make in this environment.
You press <<20>> and receive 51 points.
You press <<18>> and receive 64 points.
You press <<12>> and receive 36 points.
You press <<6>> and receive 33 points.
You press <<1>> and receive 31 points.
You press <<14>> and receive 29 points.
You press <<25>> and receive 8 points.
You press <<",25
9,37,9,22,0,rough,19,10,73,46,"You will be presented with a series of 16 different environments to explore.
In each trial, you can select an option between numbers 1 and 30 by pressing the corresponding key.
By selecting any of these options, you will earn points associated with each unique option.
Imagine these options 1 through 30 as lying next to each other in an ordered line; options closer to each other tend to have similar rewards as rewards tend to cluster together.
For each environment, you will be able to make either 5 or 10 choices.
When you made all your choices in a given environment, you will start making choices in the next unexplored environment.
The rewards underlying the different options are different in each environment so you will learn them anew for each environment.
Each environment starts with the value of a single option revealed.
When you choose the number corresponding to a different option, you will be told the value of that option and receive those points.
Previously revealed options, including the starting option, can also be reselected, although there may be small changes in the point value.
It is your task to gain as many points as possible across all 16 environments.

Environment number 1:
The value of option 7 is 23. You have 10 choices to make in this environment.
You press <<9>> and receive 15 points.
You press <<6>> and receive 24 points.
You press <<17>> and receive 4 points.
You press <<8>> and receive 37 points.
You press <<4>> and receive 15 points.
You press <<13>> and receive 69 points.
You press <<11>> and receive 19 points.
You press <<15>> and receive 34 points.
You press <<12>> and receive 51 points.
You press <<13>> and receive 69 points.

Environment number 2:
The value of option 22 is 37. You have 5 choices to make in this environment.
You press <<21>> and receive 53 points.
You press <<23>> and receive 63 points.
You press <<24>> and receive 51 points.
You press <<13>> and receive 56 points.
You press <<13>> and receive 59 points.

Environment number 3:
The value of option 6 is -1. You have 5 choices to make in this environment.
You press <<23>> and receive 47 points.
You press <<24>> and receive 56 points.
You press <<22>> and receive 20 points.
You press <<12>> and receive 33 points.
You press <<13>> and receive 48 points.

Environment number 4:
The value of option 20 is 45. You have 10 choices to make in this environment.
You press <<19>> and receive 24 points.
You press <<21>> and receive 35 points.
You press <<12>> and receive 75 points.
You press <<11>> and receive 62 points.
You press <<13>> and receive 84 points.
You press <<3>> and receive 23 points.
You press <<7>> and receive 23 points.
You press <<13>> and receive 83 points.
You press <<14>> and receive 82 points.
You press <<12>> and receive 75 points.

Environment number 5:
The value of option 15 is 0. You have 10 choices to make in this environment.
You press <<26>> and receive 43 points.
You press <<25>> and receive 84 points.
You press <<24>> and receive 47 points.
You press <<4>> and receive 30 points.
You press <<13>> and receive 65 points.
You press <<14>> and receive 33 points.
You press <<12>> and receive 54 points.
You press <<9>> and receive 30 points.
You press <<25>> and receive 83 points.
You press <<25>> and receive 84 points.

Environment number 6:
The value of option 3 is 20. You have 5 choices to make in this environment.
You press <<5>> and receive 25 points.
You press <<14>> and receive 33 points.
You press <<20>> and receive 20 points.
You press <<25>> and receive 51 points.
You press <<26>> and receive 51 points.

Environment number 7:
The value of option 3 is 34. You have 5 choices to make in this environment.
You press <<9>> and receive 58 points.
You press <<10>> and receive 48 points.
You press <<16>> and receive 55 points.
You press <<17>> and receive 12 points.
You press <<18>> and receive 4 points.

Environment number 8:
The value of option 13 is 1. You have 5 choices to make in this environment.
You press <<24>> and receive 11 points.
You press <<21>> and receive 9 points.
You press <<18>> and receive 53 points.
You press <<19>> and receive 18 points.
You press <<17>> and receive 42 points.

Environment number 9:
The value of option 19 is 73. You have 10 choices to make in this environment.
You press <<20>> and receive 51 points.
You press <<18>> and receive 64 points.
You press <<12>> and receive 36 points.
You press <<6>> and receive 33 points.
You press <<1>> and receive 31 points.
You press <<14>> and receive 29 points.
You press <<25>> and receive 8 points.
You press <<23>> and receive 47 points.
You press <<",25
9,37,10,24,0,rough,19,10,73,19,"You will be presented with a series of 16 different environments to explore.
In each trial, you can select an option between numbers 1 and 30 by pressing the corresponding key.
By selecting any of these options, you will earn points associated with each unique option.
Imagine these options 1 through 30 as lying next to each other in an ordered line; options closer to each other tend to have similar rewards as rewards tend to cluster together.
For each environment, you will be able to make either 5 or 10 choices.
When you made all your choices in a given environment, you will start making choices in the next unexplored environment.
The rewards underlying the different options are different in each environment so you will learn them anew for each environment.
Each environment starts with the value of a single option revealed.
When you choose the number corresponding to a different option, you will be told the value of that option and receive those points.
Previously revealed options, including the starting option, can also be reselected, although there may be small changes in the point value.
It is your task to gain as many points as possible across all 16 environments.

Environment number 1:
The value of option 7 is 23. You have 10 choices to make in this environment.
You press <<9>> and receive 15 points.
You press <<6>> and receive 24 points.
You press <<17>> and receive 4 points.
You press <<8>> and receive 37 points.
You press <<4>> and receive 15 points.
You press <<13>> and receive 69 points.
You press <<11>> and receive 19 points.
You press <<15>> and receive 34 points.
You press <<12>> and receive 51 points.
You press <<13>> and receive 69 points.

Environment number 2:
The value of option 22 is 37. You have 5 choices to make in this environment.
You press <<21>> and receive 53 points.
You press <<23>> and receive 63 points.
You press <<24>> and receive 51 points.
You press <<13>> and receive 56 points.
You press <<13>> and receive 59 points.

Environment number 3:
The value of option 6 is -1. You have 5 choices to make in this environment.
You press <<23>> and receive 47 points.
You press <<24>> and receive 56 points.
You press <<22>> and receive 20 points.
You press <<12>> and receive 33 points.
You press <<13>> and receive 48 points.

Environment number 4:
The value of option 20 is 45. You have 10 choices to make in this environment.
You press <<19>> and receive 24 points.
You press <<21>> and receive 35 points.
You press <<12>> and receive 75 points.
You press <<11>> and receive 62 points.
You press <<13>> and receive 84 points.
You press <<3>> and receive 23 points.
You press <<7>> and receive 23 points.
You press <<13>> and receive 83 points.
You press <<14>> and receive 82 points.
You press <<12>> and receive 75 points.

Environment number 5:
The value of option 15 is 0. You have 10 choices to make in this environment.
You press <<26>> and receive 43 points.
You press <<25>> and receive 84 points.
You press <<24>> and receive 47 points.
You press <<4>> and receive 30 points.
You press <<13>> and receive 65 points.
You press <<14>> and receive 33 points.
You press <<12>> and receive 54 points.
You press <<9>> and receive 30 points.
You press <<25>> and receive 83 points.
You press <<25>> and receive 84 points.

Environment number 6:
The value of option 3 is 20. You have 5 choices to make in this environment.
You press <<5>> and receive 25 points.
You press <<14>> and receive 33 points.
You press <<20>> and receive 20 points.
You press <<25>> and receive 51 points.
You press <<26>> and receive 51 points.

Environment number 7:
The value of option 3 is 34. You have 5 choices to make in this environment.
You press <<9>> and receive 58 points.
You press <<10>> and receive 48 points.
You press <<16>> and receive 55 points.
You press <<17>> and receive 12 points.
You press <<18>> and receive 4 points.

Environment number 8:
The value of option 13 is 1. You have 5 choices to make in this environment.
You press <<24>> and receive 11 points.
You press <<21>> and receive 9 points.
You press <<18>> and receive 53 points.
You press <<19>> and receive 18 points.
You press <<17>> and receive 42 points.

Environment number 9:
The value of option 19 is 73. You have 10 choices to make in this environment.
You press <<20>> and receive 51 points.
You press <<18>> and receive 64 points.
You press <<12>> and receive 36 points.
You press <<6>> and receive 33 points.
You press <<1>> and receive 31 points.
You press <<14>> and receive 29 points.
You press <<25>> and receive 8 points.
You press <<23>> and receive 47 points.
You press <<22>> and receive 46 points.
You press <<",25
10,19,1,7,0,rough,3,10,11,38,"You will be presented with a series of 16 different environments to explore.
In each trial, you can select an option between numbers 1 and 30 by pressing the corresponding key.
By selecting any of these options, you will earn points associated with each unique option.
Imagine these options 1 through 30 as lying next to each other in an ordered line; options closer to each other tend to have similar rewards as rewards tend to cluster together.
For each environment, you will be able to make either 5 or 10 choices.
When you made all your choices in a given environment, you will start making choices in the next unexplored environment.
The rewards underlying the different options are different in each environment so you will learn them anew for each environment.
Each environment starts with the value of a single option revealed.
When you choose the number corresponding to a different option, you will be told the value of that option and receive those points.
Previously revealed options, including the starting option, can also be reselected, although there may be small changes in the point value.
It is your task to gain as many points as possible across all 16 environments.

Environment number 1:
The value of option 7 is 23. You have 10 choices to make in this environment.
You press <<9>> and receive 15 points.
You press <<6>> and receive 24 points.
You press <<17>> and receive 4 points.
You press <<8>> and receive 37 points.
You press <<4>> and receive 15 points.
You press <<13>> and receive 69 points.
You press <<11>> and receive 19 points.
You press <<15>> and receive 34 points.
You press <<12>> and receive 51 points.
You press <<13>> and receive 69 points.

Environment number 2:
The value of option 22 is 37. You have 5 choices to make in this environment.
You press <<21>> and receive 53 points.
You press <<23>> and receive 63 points.
You press <<24>> and receive 51 points.
You press <<13>> and receive 56 points.
You press <<13>> and receive 59 points.

Environment number 3:
The value of option 6 is -1. You have 5 choices to make in this environment.
You press <<23>> and receive 47 points.
You press <<24>> and receive 56 points.
You press <<22>> and receive 20 points.
You press <<12>> and receive 33 points.
You press <<13>> and receive 48 points.

Environment number 4:
The value of option 20 is 45. You have 10 choices to make in this environment.
You press <<19>> and receive 24 points.
You press <<21>> and receive 35 points.
You press <<12>> and receive 75 points.
You press <<11>> and receive 62 points.
You press <<13>> and receive 84 points.
You press <<3>> and receive 23 points.
You press <<7>> and receive 23 points.
You press <<13>> and receive 83 points.
You press <<14>> and receive 82 points.
You press <<12>> and receive 75 points.

Environment number 5:
The value of option 15 is 0. You have 10 choices to make in this environment.
You press <<26>> and receive 43 points.
You press <<25>> and receive 84 points.
You press <<24>> and receive 47 points.
You press <<4>> and receive 30 points.
You press <<13>> and receive 65 points.
You press <<14>> and receive 33 points.
You press <<12>> and receive 54 points.
You press <<9>> and receive 30 points.
You press <<25>> and receive 83 points.
You press <<25>> and receive 84 points.

Environment number 6:
The value of option 3 is 20. You have 5 choices to make in this environment.
You press <<5>> and receive 25 points.
You press <<14>> and receive 33 points.
You press <<20>> and receive 20 points.
You press <<25>> and receive 51 points.
You press <<26>> and receive 51 points.

Environment number 7:
The value of option 3 is 34. You have 5 choices to make in this environment.
You press <<9>> and receive 58 points.
You press <<10>> and receive 48 points.
You press <<16>> and receive 55 points.
You press <<17>> and receive 12 points.
You press <<18>> and receive 4 points.

Environment number 8:
The value of option 13 is 1. You have 5 choices to make in this environment.
You press <<24>> and receive 11 points.
You press <<21>> and receive 9 points.
You press <<18>> and receive 53 points.
You press <<19>> and receive 18 points.
You press <<17>> and receive 42 points.

Environment number 9:
The value of option 19 is 73. You have 10 choices to make in this environment.
You press <<20>> and receive 51 points.
You press <<18>> and receive 64 points.
You press <<12>> and receive 36 points.
You press <<6>> and receive 33 points.
You press <<1>> and receive 31 points.
You press <<14>> and receive 29 points.
You press <<25>> and receive 8 points.
You press <<23>> and receive 47 points.
You press <<22>> and receive 46 points.
You press <<24>> and receive 19 points.

Environment number 10:
The value of option 3 is 11. You have 10 choices to make in this environment.
You press <<",25
10,19,2,14,0,rough,3,10,11,23,"You will be presented with a series of 16 different environments to explore.
In each trial, you can select an option between numbers 1 and 30 by pressing the corresponding key.
By selecting any of these options, you will earn points associated with each unique option.
Imagine these options 1 through 30 as lying next to each other in an ordered line; options closer to each other tend to have similar rewards as rewards tend to cluster together.
For each environment, you will be able to make either 5 or 10 choices.
When you made all your choices in a given environment, you will start making choices in the next unexplored environment.
The rewards underlying the different options are different in each environment so you will learn them anew for each environment.
Each environment starts with the value of a single option revealed.
When you choose the number corresponding to a different option, you will be told the value of that option and receive those points.
Previously revealed options, including the starting option, can also be reselected, although there may be small changes in the point value.
It is your task to gain as many points as possible across all 16 environments.

Environment number 1:
The value of option 7 is 23. You have 10 choices to make in this environment.
You press <<9>> and receive 15 points.
You press <<6>> and receive 24 points.
You press <<17>> and receive 4 points.
You press <<8>> and receive 37 points.
You press <<4>> and receive 15 points.
You press <<13>> and receive 69 points.
You press <<11>> and receive 19 points.
You press <<15>> and receive 34 points.
You press <<12>> and receive 51 points.
You press <<13>> and receive 69 points.

Environment number 2:
The value of option 22 is 37. You have 5 choices to make in this environment.
You press <<21>> and receive 53 points.
You press <<23>> and receive 63 points.
You press <<24>> and receive 51 points.
You press <<13>> and receive 56 points.
You press <<13>> and receive 59 points.

Environment number 3:
The value of option 6 is -1. You have 5 choices to make in this environment.
You press <<23>> and receive 47 points.
You press <<24>> and receive 56 points.
You press <<22>> and receive 20 points.
You press <<12>> and receive 33 points.
You press <<13>> and receive 48 points.

Environment number 4:
The value of option 20 is 45. You have 10 choices to make in this environment.
You press <<19>> and receive 24 points.
You press <<21>> and receive 35 points.
You press <<12>> and receive 75 points.
You press <<11>> and receive 62 points.
You press <<13>> and receive 84 points.
You press <<3>> and receive 23 points.
You press <<7>> and receive 23 points.
You press <<13>> and receive 83 points.
You press <<14>> and receive 82 points.
You press <<12>> and receive 75 points.

Environment number 5:
The value of option 15 is 0. You have 10 choices to make in this environment.
You press <<26>> and receive 43 points.
You press <<25>> and receive 84 points.
You press <<24>> and receive 47 points.
You press <<4>> and receive 30 points.
You press <<13>> and receive 65 points.
You press <<14>> and receive 33 points.
You press <<12>> and receive 54 points.
You press <<9>> and receive 30 points.
You press <<25>> and receive 83 points.
You press <<25>> and receive 84 points.

Environment number 6:
The value of option 3 is 20. You have 5 choices to make in this environment.
You press <<5>> and receive 25 points.
You press <<14>> and receive 33 points.
You press <<20>> and receive 20 points.
You press <<25>> and receive 51 points.
You press <<26>> and receive 51 points.

Environment number 7:
The value of option 3 is 34. You have 5 choices to make in this environment.
You press <<9>> and receive 58 points.
You press <<10>> and receive 48 points.
You press <<16>> and receive 55 points.
You press <<17>> and receive 12 points.
You press <<18>> and receive 4 points.

Environment number 8:
The value of option 13 is 1. You have 5 choices to make in this environment.
You press <<24>> and receive 11 points.
You press <<21>> and receive 9 points.
You press <<18>> and receive 53 points.
You press <<19>> and receive 18 points.
You press <<17>> and receive 42 points.

Environment number 9:
The value of option 19 is 73. You have 10 choices to make in this environment.
You press <<20>> and receive 51 points.
You press <<18>> and receive 64 points.
You press <<12>> and receive 36 points.
You press <<6>> and receive 33 points.
You press <<1>> and receive 31 points.
You press <<14>> and receive 29 points.
You press <<25>> and receive 8 points.
You press <<23>> and receive 47 points.
You press <<22>> and receive 46 points.
You press <<24>> and receive 19 points.

Environment number 10:
The value of option 3 is 11. You have 10 choices to make in this environment.
You press <<7>> and receive 38 points.
You press <<",25
10,19,3,20,0,rough,3,10,11,10,"You will be presented with a series of 16 different environments to explore.
In each trial, you can select an option between numbers 1 and 30 by pressing the corresponding key.
By selecting any of these options, you will earn points associated with each unique option.
Imagine these options 1 through 30 as lying next to each other in an ordered line; options closer to each other tend to have similar rewards as rewards tend to cluster together.
For each environment, you will be able to make either 5 or 10 choices.
When you made all your choices in a given environment, you will start making choices in the next unexplored environment.
The rewards underlying the different options are different in each environment so you will learn them anew for each environment.
Each environment starts with the value of a single option revealed.
When you choose the number corresponding to a different option, you will be told the value of that option and receive those points.
Previously revealed options, including the starting option, can also be reselected, although there may be small changes in the point value.
It is your task to gain as many points as possible across all 16 environments.

Environment number 1:
The value of option 7 is 23. You have 10 choices to make in this environment.
You press <<9>> and receive 15 points.
You press <<6>> and receive 24 points.
You press <<17>> and receive 4 points.
You press <<8>> and receive 37 points.
You press <<4>> and receive 15 points.
You press <<13>> and receive 69 points.
You press <<11>> and receive 19 points.
You press <<15>> and receive 34 points.
You press <<12>> and receive 51 points.
You press <<13>> and receive 69 points.

Environment number 2:
The value of option 22 is 37. You have 5 choices to make in this environment.
You press <<21>> and receive 53 points.
You press <<23>> and receive 63 points.
You press <<24>> and receive 51 points.
You press <<13>> and receive 56 points.
You press <<13>> and receive 59 points.

Environment number 3:
The value of option 6 is -1. You have 5 choices to make in this environment.
You press <<23>> and receive 47 points.
You press <<24>> and receive 56 points.
You press <<22>> and receive 20 points.
You press <<12>> and receive 33 points.
You press <<13>> and receive 48 points.

Environment number 4:
The value of option 20 is 45. You have 10 choices to make in this environment.
You press <<19>> and receive 24 points.
You press <<21>> and receive 35 points.
You press <<12>> and receive 75 points.
You press <<11>> and receive 62 points.
You press <<13>> and receive 84 points.
You press <<3>> and receive 23 points.
You press <<7>> and receive 23 points.
You press <<13>> and receive 83 points.
You press <<14>> and receive 82 points.
You press <<12>> and receive 75 points.

Environment number 5:
The value of option 15 is 0. You have 10 choices to make in this environment.
You press <<26>> and receive 43 points.
You press <<25>> and receive 84 points.
You press <<24>> and receive 47 points.
You press <<4>> and receive 30 points.
You press <<13>> and receive 65 points.
You press <<14>> and receive 33 points.
You press <<12>> and receive 54 points.
You press <<9>> and receive 30 points.
You press <<25>> and receive 83 points.
You press <<25>> and receive 84 points.

Environment number 6:
The value of option 3 is 20. You have 5 choices to make in this environment.
You press <<5>> and receive 25 points.
You press <<14>> and receive 33 points.
You press <<20>> and receive 20 points.
You press <<25>> and receive 51 points.
You press <<26>> and receive 51 points.

Environment number 7:
The value of option 3 is 34. You have 5 choices to make in this environment.
You press <<9>> and receive 58 points.
You press <<10>> and receive 48 points.
You press <<16>> and receive 55 points.
You press <<17>> and receive 12 points.
You press <<18>> and receive 4 points.

Environment number 8:
The value of option 13 is 1. You have 5 choices to make in this environment.
You press <<24>> and receive 11 points.
You press <<21>> and receive 9 points.
You press <<18>> and receive 53 points.
You press <<19>> and receive 18 points.
You press <<17>> and receive 42 points.

Environment number 9:
The value of option 19 is 73. You have 10 choices to make in this environment.
You press <<20>> and receive 51 points.
You press <<18>> and receive 64 points.
You press <<12>> and receive 36 points.
You press <<6>> and receive 33 points.
You press <<1>> and receive 31 points.
You press <<14>> and receive 29 points.
You press <<25>> and receive 8 points.
You press <<23>> and receive 47 points.
You press <<22>> and receive 46 points.
You press <<24>> and receive 19 points.

Environment number 10:
The value of option 3 is 11. You have 10 choices to make in this environment.
You press <<7>> and receive 38 points.
You press <<14>> and receive 23 points.
You press <<",25
10,19,4,27,0,rough,3,10,11,20,"You will be presented with a series of 16 different environments to explore.
In each trial, you can select an option between numbers 1 and 30 by pressing the corresponding key.
By selecting any of these options, you will earn points associated with each unique option.
Imagine these options 1 through 30 as lying next to each other in an ordered line; options closer to each other tend to have similar rewards as rewards tend to cluster together.
For each environment, you will be able to make either 5 or 10 choices.
When you made all your choices in a given environment, you will start making choices in the next unexplored environment.
The rewards underlying the different options are different in each environment so you will learn them anew for each environment.
Each environment starts with the value of a single option revealed.
When you choose the number corresponding to a different option, you will be told the value of that option and receive those points.
Previously revealed options, including the starting option, can also be reselected, although there may be small changes in the point value.
It is your task to gain as many points as possible across all 16 environments.

Environment number 1:
The value of option 7 is 23. You have 10 choices to make in this environment.
You press <<9>> and receive 15 points.
You press <<6>> and receive 24 points.
You press <<17>> and receive 4 points.
You press <<8>> and receive 37 points.
You press <<4>> and receive 15 points.
You press <<13>> and receive 69 points.
You press <<11>> and receive 19 points.
You press <<15>> and receive 34 points.
You press <<12>> and receive 51 points.
You press <<13>> and receive 69 points.

Environment number 2:
The value of option 22 is 37. You have 5 choices to make in this environment.
You press <<21>> and receive 53 points.
You press <<23>> and receive 63 points.
You press <<24>> and receive 51 points.
You press <<13>> and receive 56 points.
You press <<13>> and receive 59 points.

Environment number 3:
The value of option 6 is -1. You have 5 choices to make in this environment.
You press <<23>> and receive 47 points.
You press <<24>> and receive 56 points.
You press <<22>> and receive 20 points.
You press <<12>> and receive 33 points.
You press <<13>> and receive 48 points.

Environment number 4:
The value of option 20 is 45. You have 10 choices to make in this environment.
You press <<19>> and receive 24 points.
You press <<21>> and receive 35 points.
You press <<12>> and receive 75 points.
You press <<11>> and receive 62 points.
You press <<13>> and receive 84 points.
You press <<3>> and receive 23 points.
You press <<7>> and receive 23 points.
You press <<13>> and receive 83 points.
You press <<14>> and receive 82 points.
You press <<12>> and receive 75 points.

Environment number 5:
The value of option 15 is 0. You have 10 choices to make in this environment.
You press <<26>> and receive 43 points.
You press <<25>> and receive 84 points.
You press <<24>> and receive 47 points.
You press <<4>> and receive 30 points.
You press <<13>> and receive 65 points.
You press <<14>> and receive 33 points.
You press <<12>> and receive 54 points.
You press <<9>> and receive 30 points.
You press <<25>> and receive 83 points.
You press <<25>> and receive 84 points.

Environment number 6:
The value of option 3 is 20. You have 5 choices to make in this environment.
You press <<5>> and receive 25 points.
You press <<14>> and receive 33 points.
You press <<20>> and receive 20 points.
You press <<25>> and receive 51 points.
You press <<26>> and receive 51 points.

Environment number 7:
The value of option 3 is 34. You have 5 choices to make in this environment.
You press <<9>> and receive 58 points.
You press <<10>> and receive 48 points.
You press <<16>> and receive 55 points.
You press <<17>> and receive 12 points.
You press <<18>> and receive 4 points.

Environment number 8:
The value of option 13 is 1. You have 5 choices to make in this environment.
You press <<24>> and receive 11 points.
You press <<21>> and receive 9 points.
You press <<18>> and receive 53 points.
You press <<19>> and receive 18 points.
You press <<17>> and receive 42 points.

Environment number 9:
The value of option 19 is 73. You have 10 choices to make in this environment.
You press <<20>> and receive 51 points.
You press <<18>> and receive 64 points.
You press <<12>> and receive 36 points.
You press <<6>> and receive 33 points.
You press <<1>> and receive 31 points.
You press <<14>> and receive 29 points.
You press <<25>> and receive 8 points.
You press <<23>> and receive 47 points.
You press <<22>> and receive 46 points.
You press <<24>> and receive 19 points.

Environment number 10:
The value of option 3 is 11. You have 10 choices to make in this environment.
You press <<7>> and receive 38 points.
You press <<14>> and receive 23 points.
You press <<20>> and receive 10 points.
You press <<",25
10,19,5,16,0,rough,3,10,11,1,"You will be presented with a series of 16 different environments to explore.
In each trial, you can select an option between numbers 1 and 30 by pressing the corresponding key.
By selecting any of these options, you will earn points associated with each unique option.
Imagine these options 1 through 30 as lying next to each other in an ordered line; options closer to each other tend to have similar rewards as rewards tend to cluster together.
For each environment, you will be able to make either 5 or 10 choices.
When you made all your choices in a given environment, you will start making choices in the next unexplored environment.
The rewards underlying the different options are different in each environment so you will learn them anew for each environment.
Each environment starts with the value of a single option revealed.
When you choose the number corresponding to a different option, you will be told the value of that option and receive those points.
Previously revealed options, including the starting option, can also be reselected, although there may be small changes in the point value.
It is your task to gain as many points as possible across all 16 environments.

Environment number 1:
The value of option 7 is 23. You have 10 choices to make in this environment.
You press <<9>> and receive 15 points.
You press <<6>> and receive 24 points.
You press <<17>> and receive 4 points.
You press <<8>> and receive 37 points.
You press <<4>> and receive 15 points.
You press <<13>> and receive 69 points.
You press <<11>> and receive 19 points.
You press <<15>> and receive 34 points.
You press <<12>> and receive 51 points.
You press <<13>> and receive 69 points.

Environment number 2:
The value of option 22 is 37. You have 5 choices to make in this environment.
You press <<21>> and receive 53 points.
You press <<23>> and receive 63 points.
You press <<24>> and receive 51 points.
You press <<13>> and receive 56 points.
You press <<13>> and receive 59 points.

Environment number 3:
The value of option 6 is -1. You have 5 choices to make in this environment.
You press <<23>> and receive 47 points.
You press <<24>> and receive 56 points.
You press <<22>> and receive 20 points.
You press <<12>> and receive 33 points.
You press <<13>> and receive 48 points.

Environment number 4:
The value of option 20 is 45. You have 10 choices to make in this environment.
You press <<19>> and receive 24 points.
You press <<21>> and receive 35 points.
You press <<12>> and receive 75 points.
You press <<11>> and receive 62 points.
You press <<13>> and receive 84 points.
You press <<3>> and receive 23 points.
You press <<7>> and receive 23 points.
You press <<13>> and receive 83 points.
You press <<14>> and receive 82 points.
You press <<12>> and receive 75 points.

Environment number 5:
The value of option 15 is 0. You have 10 choices to make in this environment.
You press <<26>> and receive 43 points.
You press <<25>> and receive 84 points.
You press <<24>> and receive 47 points.
You press <<4>> and receive 30 points.
You press <<13>> and receive 65 points.
You press <<14>> and receive 33 points.
You press <<12>> and receive 54 points.
You press <<9>> and receive 30 points.
You press <<25>> and receive 83 points.
You press <<25>> and receive 84 points.

Environment number 6:
The value of option 3 is 20. You have 5 choices to make in this environment.
You press <<5>> and receive 25 points.
You press <<14>> and receive 33 points.
You press <<20>> and receive 20 points.
You press <<25>> and receive 51 points.
You press <<26>> and receive 51 points.

Environment number 7:
The value of option 3 is 34. You have 5 choices to make in this environment.
You press <<9>> and receive 58 points.
You press <<10>> and receive 48 points.
You press <<16>> and receive 55 points.
You press <<17>> and receive 12 points.
You press <<18>> and receive 4 points.

Environment number 8:
The value of option 13 is 1. You have 5 choices to make in this environment.
You press <<24>> and receive 11 points.
You press <<21>> and receive 9 points.
You press <<18>> and receive 53 points.
You press <<19>> and receive 18 points.
You press <<17>> and receive 42 points.

Environment number 9:
The value of option 19 is 73. You have 10 choices to make in this environment.
You press <<20>> and receive 51 points.
You press <<18>> and receive 64 points.
You press <<12>> and receive 36 points.
You press <<6>> and receive 33 points.
You press <<1>> and receive 31 points.
You press <<14>> and receive 29 points.
You press <<25>> and receive 8 points.
You press <<23>> and receive 47 points.
You press <<22>> and receive 46 points.
You press <<24>> and receive 19 points.

Environment number 10:
The value of option 3 is 11. You have 10 choices to make in this environment.
You press <<7>> and receive 38 points.
You press <<14>> and receive 23 points.
You press <<20>> and receive 10 points.
You press <<27>> and receive 20 points.
You press <<",25
10,19,6,9,0,rough,3,10,11,45,"You will be presented with a series of 16 different environments to explore.
In each trial, you can select an option between numbers 1 and 30 by pressing the corresponding key.
By selecting any of these options, you will earn points associated with each unique option.
Imagine these options 1 through 30 as lying next to each other in an ordered line; options closer to each other tend to have similar rewards as rewards tend to cluster together.
For each environment, you will be able to make either 5 or 10 choices.
When you made all your choices in a given environment, you will start making choices in the next unexplored environment.
The rewards underlying the different options are different in each environment so you will learn them anew for each environment.
Each environment starts with the value of a single option revealed.
When you choose the number corresponding to a different option, you will be told the value of that option and receive those points.
Previously revealed options, including the starting option, can also be reselected, although there may be small changes in the point value.
It is your task to gain as many points as possible across all 16 environments.

Environment number 1:
The value of option 7 is 23. You have 10 choices to make in this environment.
You press <<9>> and receive 15 points.
You press <<6>> and receive 24 points.
You press <<17>> and receive 4 points.
You press <<8>> and receive 37 points.
You press <<4>> and receive 15 points.
You press <<13>> and receive 69 points.
You press <<11>> and receive 19 points.
You press <<15>> and receive 34 points.
You press <<12>> and receive 51 points.
You press <<13>> and receive 69 points.

Environment number 2:
The value of option 22 is 37. You have 5 choices to make in this environment.
You press <<21>> and receive 53 points.
You press <<23>> and receive 63 points.
You press <<24>> and receive 51 points.
You press <<13>> and receive 56 points.
You press <<13>> and receive 59 points.

Environment number 3:
The value of option 6 is -1. You have 5 choices to make in this environment.
You press <<23>> and receive 47 points.
You press <<24>> and receive 56 points.
You press <<22>> and receive 20 points.
You press <<12>> and receive 33 points.
You press <<13>> and receive 48 points.

Environment number 4:
The value of option 20 is 45. You have 10 choices to make in this environment.
You press <<19>> and receive 24 points.
You press <<21>> and receive 35 points.
You press <<12>> and receive 75 points.
You press <<11>> and receive 62 points.
You press <<13>> and receive 84 points.
You press <<3>> and receive 23 points.
You press <<7>> and receive 23 points.
You press <<13>> and receive 83 points.
You press <<14>> and receive 82 points.
You press <<12>> and receive 75 points.

Environment number 5:
The value of option 15 is 0. You have 10 choices to make in this environment.
You press <<26>> and receive 43 points.
You press <<25>> and receive 84 points.
You press <<24>> and receive 47 points.
You press <<4>> and receive 30 points.
You press <<13>> and receive 65 points.
You press <<14>> and receive 33 points.
You press <<12>> and receive 54 points.
You press <<9>> and receive 30 points.
You press <<25>> and receive 83 points.
You press <<25>> and receive 84 points.

Environment number 6:
The value of option 3 is 20. You have 5 choices to make in this environment.
You press <<5>> and receive 25 points.
You press <<14>> and receive 33 points.
You press <<20>> and receive 20 points.
You press <<25>> and receive 51 points.
You press <<26>> and receive 51 points.

Environment number 7:
The value of option 3 is 34. You have 5 choices to make in this environment.
You press <<9>> and receive 58 points.
You press <<10>> and receive 48 points.
You press <<16>> and receive 55 points.
You press <<17>> and receive 12 points.
You press <<18>> and receive 4 points.

Environment number 8:
The value of option 13 is 1. You have 5 choices to make in this environment.
You press <<24>> and receive 11 points.
You press <<21>> and receive 9 points.
You press <<18>> and receive 53 points.
You press <<19>> and receive 18 points.
You press <<17>> and receive 42 points.

Environment number 9:
The value of option 19 is 73. You have 10 choices to make in this environment.
You press <<20>> and receive 51 points.
You press <<18>> and receive 64 points.
You press <<12>> and receive 36 points.
You press <<6>> and receive 33 points.
You press <<1>> and receive 31 points.
You press <<14>> and receive 29 points.
You press <<25>> and receive 8 points.
You press <<23>> and receive 47 points.
You press <<22>> and receive 46 points.
You press <<24>> and receive 19 points.

Environment number 10:
The value of option 3 is 11. You have 10 choices to make in this environment.
You press <<7>> and receive 38 points.
You press <<14>> and receive 23 points.
You press <<20>> and receive 10 points.
You press <<27>> and receive 20 points.
You press <<16>> and receive 1 points.
You press <<",25
10,19,7,8,0,rough,3,10,11,31,"You will be presented with a series of 16 different environments to explore.
In each trial, you can select an option between numbers 1 and 30 by pressing the corresponding key.
By selecting any of these options, you will earn points associated with each unique option.
Imagine these options 1 through 30 as lying next to each other in an ordered line; options closer to each other tend to have similar rewards as rewards tend to cluster together.
For each environment, you will be able to make either 5 or 10 choices.
When you made all your choices in a given environment, you will start making choices in the next unexplored environment.
The rewards underlying the different options are different in each environment so you will learn them anew for each environment.
Each environment starts with the value of a single option revealed.
When you choose the number corresponding to a different option, you will be told the value of that option and receive those points.
Previously revealed options, including the starting option, can also be reselected, although there may be small changes in the point value.
It is your task to gain as many points as possible across all 16 environments.

Environment number 1:
The value of option 7 is 23. You have 10 choices to make in this environment.
You press <<9>> and receive 15 points.
You press <<6>> and receive 24 points.
You press <<17>> and receive 4 points.
You press <<8>> and receive 37 points.
You press <<4>> and receive 15 points.
You press <<13>> and receive 69 points.
You press <<11>> and receive 19 points.
You press <<15>> and receive 34 points.
You press <<12>> and receive 51 points.
You press <<13>> and receive 69 points.

Environment number 2:
The value of option 22 is 37. You have 5 choices to make in this environment.
You press <<21>> and receive 53 points.
You press <<23>> and receive 63 points.
You press <<24>> and receive 51 points.
You press <<13>> and receive 56 points.
You press <<13>> and receive 59 points.

Environment number 3:
The value of option 6 is -1. You have 5 choices to make in this environment.
You press <<23>> and receive 47 points.
You press <<24>> and receive 56 points.
You press <<22>> and receive 20 points.
You press <<12>> and receive 33 points.
You press <<13>> and receive 48 points.

Environment number 4:
The value of option 20 is 45. You have 10 choices to make in this environment.
You press <<19>> and receive 24 points.
You press <<21>> and receive 35 points.
You press <<12>> and receive 75 points.
You press <<11>> and receive 62 points.
You press <<13>> and receive 84 points.
You press <<3>> and receive 23 points.
You press <<7>> and receive 23 points.
You press <<13>> and receive 83 points.
You press <<14>> and receive 82 points.
You press <<12>> and receive 75 points.

Environment number 5:
The value of option 15 is 0. You have 10 choices to make in this environment.
You press <<26>> and receive 43 points.
You press <<25>> and receive 84 points.
You press <<24>> and receive 47 points.
You press <<4>> and receive 30 points.
You press <<13>> and receive 65 points.
You press <<14>> and receive 33 points.
You press <<12>> and receive 54 points.
You press <<9>> and receive 30 points.
You press <<25>> and receive 83 points.
You press <<25>> and receive 84 points.

Environment number 6:
The value of option 3 is 20. You have 5 choices to make in this environment.
You press <<5>> and receive 25 points.
You press <<14>> and receive 33 points.
You press <<20>> and receive 20 points.
You press <<25>> and receive 51 points.
You press <<26>> and receive 51 points.

Environment number 7:
The value of option 3 is 34. You have 5 choices to make in this environment.
You press <<9>> and receive 58 points.
You press <<10>> and receive 48 points.
You press <<16>> and receive 55 points.
You press <<17>> and receive 12 points.
You press <<18>> and receive 4 points.

Environment number 8:
The value of option 13 is 1. You have 5 choices to make in this environment.
You press <<24>> and receive 11 points.
You press <<21>> and receive 9 points.
You press <<18>> and receive 53 points.
You press <<19>> and receive 18 points.
You press <<17>> and receive 42 points.

Environment number 9:
The value of option 19 is 73. You have 10 choices to make in this environment.
You press <<20>> and receive 51 points.
You press <<18>> and receive 64 points.
You press <<12>> and receive 36 points.
You press <<6>> and receive 33 points.
You press <<1>> and receive 31 points.
You press <<14>> and receive 29 points.
You press <<25>> and receive 8 points.
You press <<23>> and receive 47 points.
You press <<22>> and receive 46 points.
You press <<24>> and receive 19 points.

Environment number 10:
The value of option 3 is 11. You have 10 choices to make in this environment.
You press <<7>> and receive 38 points.
You press <<14>> and receive 23 points.
You press <<20>> and receive 10 points.
You press <<27>> and receive 20 points.
You press <<16>> and receive 1 points.
You press <<9>> and receive 45 points.
You press <<",25
10,19,8,10,0,rough,3,10,11,34,"You will be presented with a series of 16 different environments to explore.
In each trial, you can select an option between numbers 1 and 30 by pressing the corresponding key.
By selecting any of these options, you will earn points associated with each unique option.
Imagine these options 1 through 30 as lying next to each other in an ordered line; options closer to each other tend to have similar rewards as rewards tend to cluster together.
For each environment, you will be able to make either 5 or 10 choices.
When you made all your choices in a given environment, you will start making choices in the next unexplored environment.
The rewards underlying the different options are different in each environment so you will learn them anew for each environment.
Each environment starts with the value of a single option revealed.
When you choose the number corresponding to a different option, you will be told the value of that option and receive those points.
Previously revealed options, including the starting option, can also be reselected, although there may be small changes in the point value.
It is your task to gain as many points as possible across all 16 environments.

Environment number 1:
The value of option 7 is 23. You have 10 choices to make in this environment.
You press <<9>> and receive 15 points.
You press <<6>> and receive 24 points.
You press <<17>> and receive 4 points.
You press <<8>> and receive 37 points.
You press <<4>> and receive 15 points.
You press <<13>> and receive 69 points.
You press <<11>> and receive 19 points.
You press <<15>> and receive 34 points.
You press <<12>> and receive 51 points.
You press <<13>> and receive 69 points.

Environment number 2:
The value of option 22 is 37. You have 5 choices to make in this environment.
You press <<21>> and receive 53 points.
You press <<23>> and receive 63 points.
You press <<24>> and receive 51 points.
You press <<13>> and receive 56 points.
You press <<13>> and receive 59 points.

Environment number 3:
The value of option 6 is -1. You have 5 choices to make in this environment.
You press <<23>> and receive 47 points.
You press <<24>> and receive 56 points.
You press <<22>> and receive 20 points.
You press <<12>> and receive 33 points.
You press <<13>> and receive 48 points.

Environment number 4:
The value of option 20 is 45. You have 10 choices to make in this environment.
You press <<19>> and receive 24 points.
You press <<21>> and receive 35 points.
You press <<12>> and receive 75 points.
You press <<11>> and receive 62 points.
You press <<13>> and receive 84 points.
You press <<3>> and receive 23 points.
You press <<7>> and receive 23 points.
You press <<13>> and receive 83 points.
You press <<14>> and receive 82 points.
You press <<12>> and receive 75 points.

Environment number 5:
The value of option 15 is 0. You have 10 choices to make in this environment.
You press <<26>> and receive 43 points.
You press <<25>> and receive 84 points.
You press <<24>> and receive 47 points.
You press <<4>> and receive 30 points.
You press <<13>> and receive 65 points.
You press <<14>> and receive 33 points.
You press <<12>> and receive 54 points.
You press <<9>> and receive 30 points.
You press <<25>> and receive 83 points.
You press <<25>> and receive 84 points.

Environment number 6:
The value of option 3 is 20. You have 5 choices to make in this environment.
You press <<5>> and receive 25 points.
You press <<14>> and receive 33 points.
You press <<20>> and receive 20 points.
You press <<25>> and receive 51 points.
You press <<26>> and receive 51 points.

Environment number 7:
The value of option 3 is 34. You have 5 choices to make in this environment.
You press <<9>> and receive 58 points.
You press <<10>> and receive 48 points.
You press <<16>> and receive 55 points.
You press <<17>> and receive 12 points.
You press <<18>> and receive 4 points.

Environment number 8:
The value of option 13 is 1. You have 5 choices to make in this environment.
You press <<24>> and receive 11 points.
You press <<21>> and receive 9 points.
You press <<18>> and receive 53 points.
You press <<19>> and receive 18 points.
You press <<17>> and receive 42 points.

Environment number 9:
The value of option 19 is 73. You have 10 choices to make in this environment.
You press <<20>> and receive 51 points.
You press <<18>> and receive 64 points.
You press <<12>> and receive 36 points.
You press <<6>> and receive 33 points.
You press <<1>> and receive 31 points.
You press <<14>> and receive 29 points.
You press <<25>> and receive 8 points.
You press <<23>> and receive 47 points.
You press <<22>> and receive 46 points.
You press <<24>> and receive 19 points.

Environment number 10:
The value of option 3 is 11. You have 10 choices to make in this environment.
You press <<7>> and receive 38 points.
You press <<14>> and receive 23 points.
You press <<20>> and receive 10 points.
You press <<27>> and receive 20 points.
You press <<16>> and receive 1 points.
You press <<9>> and receive 45 points.
You press <<8>> and receive 31 points.
You press <<",25
10,19,9,6,0,rough,3,10,11,49,"You will be presented with a series of 16 different environments to explore.
In each trial, you can select an option between numbers 1 and 30 by pressing the corresponding key.
By selecting any of these options, you will earn points associated with each unique option.
Imagine these options 1 through 30 as lying next to each other in an ordered line; options closer to each other tend to have similar rewards as rewards tend to cluster together.
For each environment, you will be able to make either 5 or 10 choices.
When you made all your choices in a given environment, you will start making choices in the next unexplored environment.
The rewards underlying the different options are different in each environment so you will learn them anew for each environment.
Each environment starts with the value of a single option revealed.
When you choose the number corresponding to a different option, you will be told the value of that option and receive those points.
Previously revealed options, including the starting option, can also be reselected, although there may be small changes in the point value.
It is your task to gain as many points as possible across all 16 environments.

Environment number 1:
The value of option 7 is 23. You have 10 choices to make in this environment.
You press <<9>> and receive 15 points.
You press <<6>> and receive 24 points.
You press <<17>> and receive 4 points.
You press <<8>> and receive 37 points.
You press <<4>> and receive 15 points.
You press <<13>> and receive 69 points.
You press <<11>> and receive 19 points.
You press <<15>> and receive 34 points.
You press <<12>> and receive 51 points.
You press <<13>> and receive 69 points.

Environment number 2:
The value of option 22 is 37. You have 5 choices to make in this environment.
You press <<21>> and receive 53 points.
You press <<23>> and receive 63 points.
You press <<24>> and receive 51 points.
You press <<13>> and receive 56 points.
You press <<13>> and receive 59 points.

Environment number 3:
The value of option 6 is -1. You have 5 choices to make in this environment.
You press <<23>> and receive 47 points.
You press <<24>> and receive 56 points.
You press <<22>> and receive 20 points.
You press <<12>> and receive 33 points.
You press <<13>> and receive 48 points.

Environment number 4:
The value of option 20 is 45. You have 10 choices to make in this environment.
You press <<19>> and receive 24 points.
You press <<21>> and receive 35 points.
You press <<12>> and receive 75 points.
You press <<11>> and receive 62 points.
You press <<13>> and receive 84 points.
You press <<3>> and receive 23 points.
You press <<7>> and receive 23 points.
You press <<13>> and receive 83 points.
You press <<14>> and receive 82 points.
You press <<12>> and receive 75 points.

Environment number 5:
The value of option 15 is 0. You have 10 choices to make in this environment.
You press <<26>> and receive 43 points.
You press <<25>> and receive 84 points.
You press <<24>> and receive 47 points.
You press <<4>> and receive 30 points.
You press <<13>> and receive 65 points.
You press <<14>> and receive 33 points.
You press <<12>> and receive 54 points.
You press <<9>> and receive 30 points.
You press <<25>> and receive 83 points.
You press <<25>> and receive 84 points.

Environment number 6:
The value of option 3 is 20. You have 5 choices to make in this environment.
You press <<5>> and receive 25 points.
You press <<14>> and receive 33 points.
You press <<20>> and receive 20 points.
You press <<25>> and receive 51 points.
You press <<26>> and receive 51 points.

Environment number 7:
The value of option 3 is 34. You have 5 choices to make in this environment.
You press <<9>> and receive 58 points.
You press <<10>> and receive 48 points.
You press <<16>> and receive 55 points.
You press <<17>> and receive 12 points.
You press <<18>> and receive 4 points.

Environment number 8:
The value of option 13 is 1. You have 5 choices to make in this environment.
You press <<24>> and receive 11 points.
You press <<21>> and receive 9 points.
You press <<18>> and receive 53 points.
You press <<19>> and receive 18 points.
You press <<17>> and receive 42 points.

Environment number 9:
The value of option 19 is 73. You have 10 choices to make in this environment.
You press <<20>> and receive 51 points.
You press <<18>> and receive 64 points.
You press <<12>> and receive 36 points.
You press <<6>> and receive 33 points.
You press <<1>> and receive 31 points.
You press <<14>> and receive 29 points.
You press <<25>> and receive 8 points.
You press <<23>> and receive 47 points.
You press <<22>> and receive 46 points.
You press <<24>> and receive 19 points.

Environment number 10:
The value of option 3 is 11. You have 10 choices to make in this environment.
You press <<7>> and receive 38 points.
You press <<14>> and receive 23 points.
You press <<20>> and receive 10 points.
You press <<27>> and receive 20 points.
You press <<16>> and receive 1 points.
You press <<9>> and receive 45 points.
You press <<8>> and receive 31 points.
You press <<10>> and receive 34 points.
You press <<",25
10,19,10,5,0,rough,3,10,11,38,"You will be presented with a series of 16 different environments to explore.
In each trial, you can select an option between numbers 1 and 30 by pressing the corresponding key.
By selecting any of these options, you will earn points associated with each unique option.
Imagine these options 1 through 30 as lying next to each other in an ordered line; options closer to each other tend to have similar rewards as rewards tend to cluster together.
For each environment, you will be able to make either 5 or 10 choices.
When you made all your choices in a given environment, you will start making choices in the next unexplored environment.
The rewards underlying the different options are different in each environment so you will learn them anew for each environment.
Each environment starts with the value of a single option revealed.
When you choose the number corresponding to a different option, you will be told the value of that option and receive those points.
Previously revealed options, including the starting option, can also be reselected, although there may be small changes in the point value.
It is your task to gain as many points as possible across all 16 environments.

Environment number 1:
The value of option 7 is 23. You have 10 choices to make in this environment.
You press <<9>> and receive 15 points.
You press <<6>> and receive 24 points.
You press <<17>> and receive 4 points.
You press <<8>> and receive 37 points.
You press <<4>> and receive 15 points.
You press <<13>> and receive 69 points.
You press <<11>> and receive 19 points.
You press <<15>> and receive 34 points.
You press <<12>> and receive 51 points.
You press <<13>> and receive 69 points.

Environment number 2:
The value of option 22 is 37. You have 5 choices to make in this environment.
You press <<21>> and receive 53 points.
You press <<23>> and receive 63 points.
You press <<24>> and receive 51 points.
You press <<13>> and receive 56 points.
You press <<13>> and receive 59 points.

Environment number 3:
The value of option 6 is -1. You have 5 choices to make in this environment.
You press <<23>> and receive 47 points.
You press <<24>> and receive 56 points.
You press <<22>> and receive 20 points.
You press <<12>> and receive 33 points.
You press <<13>> and receive 48 points.

Environment number 4:
The value of option 20 is 45. You have 10 choices to make in this environment.
You press <<19>> and receive 24 points.
You press <<21>> and receive 35 points.
You press <<12>> and receive 75 points.
You press <<11>> and receive 62 points.
You press <<13>> and receive 84 points.
You press <<3>> and receive 23 points.
You press <<7>> and receive 23 points.
You press <<13>> and receive 83 points.
You press <<14>> and receive 82 points.
You press <<12>> and receive 75 points.

Environment number 5:
The value of option 15 is 0. You have 10 choices to make in this environment.
You press <<26>> and receive 43 points.
You press <<25>> and receive 84 points.
You press <<24>> and receive 47 points.
You press <<4>> and receive 30 points.
You press <<13>> and receive 65 points.
You press <<14>> and receive 33 points.
You press <<12>> and receive 54 points.
You press <<9>> and receive 30 points.
You press <<25>> and receive 83 points.
You press <<25>> and receive 84 points.

Environment number 6:
The value of option 3 is 20. You have 5 choices to make in this environment.
You press <<5>> and receive 25 points.
You press <<14>> and receive 33 points.
You press <<20>> and receive 20 points.
You press <<25>> and receive 51 points.
You press <<26>> and receive 51 points.

Environment number 7:
The value of option 3 is 34. You have 5 choices to make in this environment.
You press <<9>> and receive 58 points.
You press <<10>> and receive 48 points.
You press <<16>> and receive 55 points.
You press <<17>> and receive 12 points.
You press <<18>> and receive 4 points.

Environment number 8:
The value of option 13 is 1. You have 5 choices to make in this environment.
You press <<24>> and receive 11 points.
You press <<21>> and receive 9 points.
You press <<18>> and receive 53 points.
You press <<19>> and receive 18 points.
You press <<17>> and receive 42 points.

Environment number 9:
The value of option 19 is 73. You have 10 choices to make in this environment.
You press <<20>> and receive 51 points.
You press <<18>> and receive 64 points.
You press <<12>> and receive 36 points.
You press <<6>> and receive 33 points.
You press <<1>> and receive 31 points.
You press <<14>> and receive 29 points.
You press <<25>> and receive 8 points.
You press <<23>> and receive 47 points.
You press <<22>> and receive 46 points.
You press <<24>> and receive 19 points.

Environment number 10:
The value of option 3 is 11. You have 10 choices to make in this environment.
You press <<7>> and receive 38 points.
You press <<14>> and receive 23 points.
You press <<20>> and receive 10 points.
You press <<27>> and receive 20 points.
You press <<16>> and receive 1 points.
You press <<9>> and receive 45 points.
You press <<8>> and receive 31 points.
You press <<10>> and receive 34 points.
You press <<6>> and receive 49 points.
You press <<",25
11,38,1,18,0,rough,17,5,51,49,"You will be presented with a series of 16 different environments to explore.
In each trial, you can select an option between numbers 1 and 30 by pressing the corresponding key.
By selecting any of these options, you will earn points associated with each unique option.
Imagine these options 1 through 30 as lying next to each other in an ordered line; options closer to each other tend to have similar rewards as rewards tend to cluster together.
For each environment, you will be able to make either 5 or 10 choices.
When you made all your choices in a given environment, you will start making choices in the next unexplored environment.
The rewards underlying the different options are different in each environment so you will learn them anew for each environment.
Each environment starts with the value of a single option revealed.
When you choose the number corresponding to a different option, you will be told the value of that option and receive those points.
Previously revealed options, including the starting option, can also be reselected, although there may be small changes in the point value.
It is your task to gain as many points as possible across all 16 environments.

Environment number 1:
The value of option 7 is 23. You have 10 choices to make in this environment.
You press <<9>> and receive 15 points.
You press <<6>> and receive 24 points.
You press <<17>> and receive 4 points.
You press <<8>> and receive 37 points.
You press <<4>> and receive 15 points.
You press <<13>> and receive 69 points.
You press <<11>> and receive 19 points.
You press <<15>> and receive 34 points.
You press <<12>> and receive 51 points.
You press <<13>> and receive 69 points.

Environment number 2:
The value of option 22 is 37. You have 5 choices to make in this environment.
You press <<21>> and receive 53 points.
You press <<23>> and receive 63 points.
You press <<24>> and receive 51 points.
You press <<13>> and receive 56 points.
You press <<13>> and receive 59 points.

Environment number 3:
The value of option 6 is -1. You have 5 choices to make in this environment.
You press <<23>> and receive 47 points.
You press <<24>> and receive 56 points.
You press <<22>> and receive 20 points.
You press <<12>> and receive 33 points.
You press <<13>> and receive 48 points.

Environment number 4:
The value of option 20 is 45. You have 10 choices to make in this environment.
You press <<19>> and receive 24 points.
You press <<21>> and receive 35 points.
You press <<12>> and receive 75 points.
You press <<11>> and receive 62 points.
You press <<13>> and receive 84 points.
You press <<3>> and receive 23 points.
You press <<7>> and receive 23 points.
You press <<13>> and receive 83 points.
You press <<14>> and receive 82 points.
You press <<12>> and receive 75 points.

Environment number 5:
The value of option 15 is 0. You have 10 choices to make in this environment.
You press <<26>> and receive 43 points.
You press <<25>> and receive 84 points.
You press <<24>> and receive 47 points.
You press <<4>> and receive 30 points.
You press <<13>> and receive 65 points.
You press <<14>> and receive 33 points.
You press <<12>> and receive 54 points.
You press <<9>> and receive 30 points.
You press <<25>> and receive 83 points.
You press <<25>> and receive 84 points.

Environment number 6:
The value of option 3 is 20. You have 5 choices to make in this environment.
You press <<5>> and receive 25 points.
You press <<14>> and receive 33 points.
You press <<20>> and receive 20 points.
You press <<25>> and receive 51 points.
You press <<26>> and receive 51 points.

Environment number 7:
The value of option 3 is 34. You have 5 choices to make in this environment.
You press <<9>> and receive 58 points.
You press <<10>> and receive 48 points.
You press <<16>> and receive 55 points.
You press <<17>> and receive 12 points.
You press <<18>> and receive 4 points.

Environment number 8:
The value of option 13 is 1. You have 5 choices to make in this environment.
You press <<24>> and receive 11 points.
You press <<21>> and receive 9 points.
You press <<18>> and receive 53 points.
You press <<19>> and receive 18 points.
You press <<17>> and receive 42 points.

Environment number 9:
The value of option 19 is 73. You have 10 choices to make in this environment.
You press <<20>> and receive 51 points.
You press <<18>> and receive 64 points.
You press <<12>> and receive 36 points.
You press <<6>> and receive 33 points.
You press <<1>> and receive 31 points.
You press <<14>> and receive 29 points.
You press <<25>> and receive 8 points.
You press <<23>> and receive 47 points.
You press <<22>> and receive 46 points.
You press <<24>> and receive 19 points.

Environment number 10:
The value of option 3 is 11. You have 10 choices to make in this environment.
You press <<7>> and receive 38 points.
You press <<14>> and receive 23 points.
You press <<20>> and receive 10 points.
You press <<27>> and receive 20 points.
You press <<16>> and receive 1 points.
You press <<9>> and receive 45 points.
You press <<8>> and receive 31 points.
You press <<10>> and receive 34 points.
You press <<6>> and receive 49 points.
You press <<5>> and receive 38 points.

Environment number 11:
The value of option 17 is 51. You have 5 choices to make in this environment.
You press <<",25
11,38,2,16,0,rough,17,5,51,52,"You will be presented with a series of 16 different environments to explore.
In each trial, you can select an option between numbers 1 and 30 by pressing the corresponding key.
By selecting any of these options, you will earn points associated with each unique option.
Imagine these options 1 through 30 as lying next to each other in an ordered line; options closer to each other tend to have similar rewards as rewards tend to cluster together.
For each environment, you will be able to make either 5 or 10 choices.
When you made all your choices in a given environment, you will start making choices in the next unexplored environment.
The rewards underlying the different options are different in each environment so you will learn them anew for each environment.
Each environment starts with the value of a single option revealed.
When you choose the number corresponding to a different option, you will be told the value of that option and receive those points.
Previously revealed options, including the starting option, can also be reselected, although there may be small changes in the point value.
It is your task to gain as many points as possible across all 16 environments.

Environment number 1:
The value of option 7 is 23. You have 10 choices to make in this environment.
You press <<9>> and receive 15 points.
You press <<6>> and receive 24 points.
You press <<17>> and receive 4 points.
You press <<8>> and receive 37 points.
You press <<4>> and receive 15 points.
You press <<13>> and receive 69 points.
You press <<11>> and receive 19 points.
You press <<15>> and receive 34 points.
You press <<12>> and receive 51 points.
You press <<13>> and receive 69 points.

Environment number 2:
The value of option 22 is 37. You have 5 choices to make in this environment.
You press <<21>> and receive 53 points.
You press <<23>> and receive 63 points.
You press <<24>> and receive 51 points.
You press <<13>> and receive 56 points.
You press <<13>> and receive 59 points.

Environment number 3:
The value of option 6 is -1. You have 5 choices to make in this environment.
You press <<23>> and receive 47 points.
You press <<24>> and receive 56 points.
You press <<22>> and receive 20 points.
You press <<12>> and receive 33 points.
You press <<13>> and receive 48 points.

Environment number 4:
The value of option 20 is 45. You have 10 choices to make in this environment.
You press <<19>> and receive 24 points.
You press <<21>> and receive 35 points.
You press <<12>> and receive 75 points.
You press <<11>> and receive 62 points.
You press <<13>> and receive 84 points.
You press <<3>> and receive 23 points.
You press <<7>> and receive 23 points.
You press <<13>> and receive 83 points.
You press <<14>> and receive 82 points.
You press <<12>> and receive 75 points.

Environment number 5:
The value of option 15 is 0. You have 10 choices to make in this environment.
You press <<26>> and receive 43 points.
You press <<25>> and receive 84 points.
You press <<24>> and receive 47 points.
You press <<4>> and receive 30 points.
You press <<13>> and receive 65 points.
You press <<14>> and receive 33 points.
You press <<12>> and receive 54 points.
You press <<9>> and receive 30 points.
You press <<25>> and receive 83 points.
You press <<25>> and receive 84 points.

Environment number 6:
The value of option 3 is 20. You have 5 choices to make in this environment.
You press <<5>> and receive 25 points.
You press <<14>> and receive 33 points.
You press <<20>> and receive 20 points.
You press <<25>> and receive 51 points.
You press <<26>> and receive 51 points.

Environment number 7:
The value of option 3 is 34. You have 5 choices to make in this environment.
You press <<9>> and receive 58 points.
You press <<10>> and receive 48 points.
You press <<16>> and receive 55 points.
You press <<17>> and receive 12 points.
You press <<18>> and receive 4 points.

Environment number 8:
The value of option 13 is 1. You have 5 choices to make in this environment.
You press <<24>> and receive 11 points.
You press <<21>> and receive 9 points.
You press <<18>> and receive 53 points.
You press <<19>> and receive 18 points.
You press <<17>> and receive 42 points.

Environment number 9:
The value of option 19 is 73. You have 10 choices to make in this environment.
You press <<20>> and receive 51 points.
You press <<18>> and receive 64 points.
You press <<12>> and receive 36 points.
You press <<6>> and receive 33 points.
You press <<1>> and receive 31 points.
You press <<14>> and receive 29 points.
You press <<25>> and receive 8 points.
You press <<23>> and receive 47 points.
You press <<22>> and receive 46 points.
You press <<24>> and receive 19 points.

Environment number 10:
The value of option 3 is 11. You have 10 choices to make in this environment.
You press <<7>> and receive 38 points.
You press <<14>> and receive 23 points.
You press <<20>> and receive 10 points.
You press <<27>> and receive 20 points.
You press <<16>> and receive 1 points.
You press <<9>> and receive 45 points.
You press <<8>> and receive 31 points.
You press <<10>> and receive 34 points.
You press <<6>> and receive 49 points.
You press <<5>> and receive 38 points.

Environment number 11:
The value of option 17 is 51. You have 5 choices to make in this environment.
You press <<18>> and receive 49 points.
You press <<",25
11,38,3,6,0,rough,17,5,51,61,"You will be presented with a series of 16 different environments to explore.
In each trial, you can select an option between numbers 1 and 30 by pressing the corresponding key.
By selecting any of these options, you will earn points associated with each unique option.
Imagine these options 1 through 30 as lying next to each other in an ordered line; options closer to each other tend to have similar rewards as rewards tend to cluster together.
For each environment, you will be able to make either 5 or 10 choices.
When you made all your choices in a given environment, you will start making choices in the next unexplored environment.
The rewards underlying the different options are different in each environment so you will learn them anew for each environment.
Each environment starts with the value of a single option revealed.
When you choose the number corresponding to a different option, you will be told the value of that option and receive those points.
Previously revealed options, including the starting option, can also be reselected, although there may be small changes in the point value.
It is your task to gain as many points as possible across all 16 environments.

Environment number 1:
The value of option 7 is 23. You have 10 choices to make in this environment.
You press <<9>> and receive 15 points.
You press <<6>> and receive 24 points.
You press <<17>> and receive 4 points.
You press <<8>> and receive 37 points.
You press <<4>> and receive 15 points.
You press <<13>> and receive 69 points.
You press <<11>> and receive 19 points.
You press <<15>> and receive 34 points.
You press <<12>> and receive 51 points.
You press <<13>> and receive 69 points.

Environment number 2:
The value of option 22 is 37. You have 5 choices to make in this environment.
You press <<21>> and receive 53 points.
You press <<23>> and receive 63 points.
You press <<24>> and receive 51 points.
You press <<13>> and receive 56 points.
You press <<13>> and receive 59 points.

Environment number 3:
The value of option 6 is -1. You have 5 choices to make in this environment.
You press <<23>> and receive 47 points.
You press <<24>> and receive 56 points.
You press <<22>> and receive 20 points.
You press <<12>> and receive 33 points.
You press <<13>> and receive 48 points.

Environment number 4:
The value of option 20 is 45. You have 10 choices to make in this environment.
You press <<19>> and receive 24 points.
You press <<21>> and receive 35 points.
You press <<12>> and receive 75 points.
You press <<11>> and receive 62 points.
You press <<13>> and receive 84 points.
You press <<3>> and receive 23 points.
You press <<7>> and receive 23 points.
You press <<13>> and receive 83 points.
You press <<14>> and receive 82 points.
You press <<12>> and receive 75 points.

Environment number 5:
The value of option 15 is 0. You have 10 choices to make in this environment.
You press <<26>> and receive 43 points.
You press <<25>> and receive 84 points.
You press <<24>> and receive 47 points.
You press <<4>> and receive 30 points.
You press <<13>> and receive 65 points.
You press <<14>> and receive 33 points.
You press <<12>> and receive 54 points.
You press <<9>> and receive 30 points.
You press <<25>> and receive 83 points.
You press <<25>> and receive 84 points.

Environment number 6:
The value of option 3 is 20. You have 5 choices to make in this environment.
You press <<5>> and receive 25 points.
You press <<14>> and receive 33 points.
You press <<20>> and receive 20 points.
You press <<25>> and receive 51 points.
You press <<26>> and receive 51 points.

Environment number 7:
The value of option 3 is 34. You have 5 choices to make in this environment.
You press <<9>> and receive 58 points.
You press <<10>> and receive 48 points.
You press <<16>> and receive 55 points.
You press <<17>> and receive 12 points.
You press <<18>> and receive 4 points.

Environment number 8:
The value of option 13 is 1. You have 5 choices to make in this environment.
You press <<24>> and receive 11 points.
You press <<21>> and receive 9 points.
You press <<18>> and receive 53 points.
You press <<19>> and receive 18 points.
You press <<17>> and receive 42 points.

Environment number 9:
The value of option 19 is 73. You have 10 choices to make in this environment.
You press <<20>> and receive 51 points.
You press <<18>> and receive 64 points.
You press <<12>> and receive 36 points.
You press <<6>> and receive 33 points.
You press <<1>> and receive 31 points.
You press <<14>> and receive 29 points.
You press <<25>> and receive 8 points.
You press <<23>> and receive 47 points.
You press <<22>> and receive 46 points.
You press <<24>> and receive 19 points.

Environment number 10:
The value of option 3 is 11. You have 10 choices to make in this environment.
You press <<7>> and receive 38 points.
You press <<14>> and receive 23 points.
You press <<20>> and receive 10 points.
You press <<27>> and receive 20 points.
You press <<16>> and receive 1 points.
You press <<9>> and receive 45 points.
You press <<8>> and receive 31 points.
You press <<10>> and receive 34 points.
You press <<6>> and receive 49 points.
You press <<5>> and receive 38 points.

Environment number 11:
The value of option 17 is 51. You have 5 choices to make in this environment.
You press <<18>> and receive 49 points.
You press <<16>> and receive 52 points.
You press <<",25
11,38,4,5,0,rough,17,5,51,33,"You will be presented with a series of 16 different environments to explore.
In each trial, you can select an option between numbers 1 and 30 by pressing the corresponding key.
By selecting any of these options, you will earn points associated with each unique option.
Imagine these options 1 through 30 as lying next to each other in an ordered line; options closer to each other tend to have similar rewards as rewards tend to cluster together.
For each environment, you will be able to make either 5 or 10 choices.
When you made all your choices in a given environment, you will start making choices in the next unexplored environment.
The rewards underlying the different options are different in each environment so you will learn them anew for each environment.
Each environment starts with the value of a single option revealed.
When you choose the number corresponding to a different option, you will be told the value of that option and receive those points.
Previously revealed options, including the starting option, can also be reselected, although there may be small changes in the point value.
It is your task to gain as many points as possible across all 16 environments.

Environment number 1:
The value of option 7 is 23. You have 10 choices to make in this environment.
You press <<9>> and receive 15 points.
You press <<6>> and receive 24 points.
You press <<17>> and receive 4 points.
You press <<8>> and receive 37 points.
You press <<4>> and receive 15 points.
You press <<13>> and receive 69 points.
You press <<11>> and receive 19 points.
You press <<15>> and receive 34 points.
You press <<12>> and receive 51 points.
You press <<13>> and receive 69 points.

Environment number 2:
The value of option 22 is 37. You have 5 choices to make in this environment.
You press <<21>> and receive 53 points.
You press <<23>> and receive 63 points.
You press <<24>> and receive 51 points.
You press <<13>> and receive 56 points.
You press <<13>> and receive 59 points.

Environment number 3:
The value of option 6 is -1. You have 5 choices to make in this environment.
You press <<23>> and receive 47 points.
You press <<24>> and receive 56 points.
You press <<22>> and receive 20 points.
You press <<12>> and receive 33 points.
You press <<13>> and receive 48 points.

Environment number 4:
The value of option 20 is 45. You have 10 choices to make in this environment.
You press <<19>> and receive 24 points.
You press <<21>> and receive 35 points.
You press <<12>> and receive 75 points.
You press <<11>> and receive 62 points.
You press <<13>> and receive 84 points.
You press <<3>> and receive 23 points.
You press <<7>> and receive 23 points.
You press <<13>> and receive 83 points.
You press <<14>> and receive 82 points.
You press <<12>> and receive 75 points.

Environment number 5:
The value of option 15 is 0. You have 10 choices to make in this environment.
You press <<26>> and receive 43 points.
You press <<25>> and receive 84 points.
You press <<24>> and receive 47 points.
You press <<4>> and receive 30 points.
You press <<13>> and receive 65 points.
You press <<14>> and receive 33 points.
You press <<12>> and receive 54 points.
You press <<9>> and receive 30 points.
You press <<25>> and receive 83 points.
You press <<25>> and receive 84 points.

Environment number 6:
The value of option 3 is 20. You have 5 choices to make in this environment.
You press <<5>> and receive 25 points.
You press <<14>> and receive 33 points.
You press <<20>> and receive 20 points.
You press <<25>> and receive 51 points.
You press <<26>> and receive 51 points.

Environment number 7:
The value of option 3 is 34. You have 5 choices to make in this environment.
You press <<9>> and receive 58 points.
You press <<10>> and receive 48 points.
You press <<16>> and receive 55 points.
You press <<17>> and receive 12 points.
You press <<18>> and receive 4 points.

Environment number 8:
The value of option 13 is 1. You have 5 choices to make in this environment.
You press <<24>> and receive 11 points.
You press <<21>> and receive 9 points.
You press <<18>> and receive 53 points.
You press <<19>> and receive 18 points.
You press <<17>> and receive 42 points.

Environment number 9:
The value of option 19 is 73. You have 10 choices to make in this environment.
You press <<20>> and receive 51 points.
You press <<18>> and receive 64 points.
You press <<12>> and receive 36 points.
You press <<6>> and receive 33 points.
You press <<1>> and receive 31 points.
You press <<14>> and receive 29 points.
You press <<25>> and receive 8 points.
You press <<23>> and receive 47 points.
You press <<22>> and receive 46 points.
You press <<24>> and receive 19 points.

Environment number 10:
The value of option 3 is 11. You have 10 choices to make in this environment.
You press <<7>> and receive 38 points.
You press <<14>> and receive 23 points.
You press <<20>> and receive 10 points.
You press <<27>> and receive 20 points.
You press <<16>> and receive 1 points.
You press <<9>> and receive 45 points.
You press <<8>> and receive 31 points.
You press <<10>> and receive 34 points.
You press <<6>> and receive 49 points.
You press <<5>> and receive 38 points.

Environment number 11:
The value of option 17 is 51. You have 5 choices to make in this environment.
You press <<18>> and receive 49 points.
You press <<16>> and receive 52 points.
You press <<6>> and receive 61 points.
You press <<",25
11,38,5,7,0,rough,17,5,51,61,"You will be presented with a series of 16 different environments to explore.
In each trial, you can select an option between numbers 1 and 30 by pressing the corresponding key.
By selecting any of these options, you will earn points associated with each unique option.
Imagine these options 1 through 30 as lying next to each other in an ordered line; options closer to each other tend to have similar rewards as rewards tend to cluster together.
For each environment, you will be able to make either 5 or 10 choices.
When you made all your choices in a given environment, you will start making choices in the next unexplored environment.
The rewards underlying the different options are different in each environment so you will learn them anew for each environment.
Each environment starts with the value of a single option revealed.
When you choose the number corresponding to a different option, you will be told the value of that option and receive those points.
Previously revealed options, including the starting option, can also be reselected, although there may be small changes in the point value.
It is your task to gain as many points as possible across all 16 environments.

Environment number 1:
The value of option 7 is 23. You have 10 choices to make in this environment.
You press <<9>> and receive 15 points.
You press <<6>> and receive 24 points.
You press <<17>> and receive 4 points.
You press <<8>> and receive 37 points.
You press <<4>> and receive 15 points.
You press <<13>> and receive 69 points.
You press <<11>> and receive 19 points.
You press <<15>> and receive 34 points.
You press <<12>> and receive 51 points.
You press <<13>> and receive 69 points.

Environment number 2:
The value of option 22 is 37. You have 5 choices to make in this environment.
You press <<21>> and receive 53 points.
You press <<23>> and receive 63 points.
You press <<24>> and receive 51 points.
You press <<13>> and receive 56 points.
You press <<13>> and receive 59 points.

Environment number 3:
The value of option 6 is -1. You have 5 choices to make in this environment.
You press <<23>> and receive 47 points.
You press <<24>> and receive 56 points.
You press <<22>> and receive 20 points.
You press <<12>> and receive 33 points.
You press <<13>> and receive 48 points.

Environment number 4:
The value of option 20 is 45. You have 10 choices to make in this environment.
You press <<19>> and receive 24 points.
You press <<21>> and receive 35 points.
You press <<12>> and receive 75 points.
You press <<11>> and receive 62 points.
You press <<13>> and receive 84 points.
You press <<3>> and receive 23 points.
You press <<7>> and receive 23 points.
You press <<13>> and receive 83 points.
You press <<14>> and receive 82 points.
You press <<12>> and receive 75 points.

Environment number 5:
The value of option 15 is 0. You have 10 choices to make in this environment.
You press <<26>> and receive 43 points.
You press <<25>> and receive 84 points.
You press <<24>> and receive 47 points.
You press <<4>> and receive 30 points.
You press <<13>> and receive 65 points.
You press <<14>> and receive 33 points.
You press <<12>> and receive 54 points.
You press <<9>> and receive 30 points.
You press <<25>> and receive 83 points.
You press <<25>> and receive 84 points.

Environment number 6:
The value of option 3 is 20. You have 5 choices to make in this environment.
You press <<5>> and receive 25 points.
You press <<14>> and receive 33 points.
You press <<20>> and receive 20 points.
You press <<25>> and receive 51 points.
You press <<26>> and receive 51 points.

Environment number 7:
The value of option 3 is 34. You have 5 choices to make in this environment.
You press <<9>> and receive 58 points.
You press <<10>> and receive 48 points.
You press <<16>> and receive 55 points.
You press <<17>> and receive 12 points.
You press <<18>> and receive 4 points.

Environment number 8:
The value of option 13 is 1. You have 5 choices to make in this environment.
You press <<24>> and receive 11 points.
You press <<21>> and receive 9 points.
You press <<18>> and receive 53 points.
You press <<19>> and receive 18 points.
You press <<17>> and receive 42 points.

Environment number 9:
The value of option 19 is 73. You have 10 choices to make in this environment.
You press <<20>> and receive 51 points.
You press <<18>> and receive 64 points.
You press <<12>> and receive 36 points.
You press <<6>> and receive 33 points.
You press <<1>> and receive 31 points.
You press <<14>> and receive 29 points.
You press <<25>> and receive 8 points.
You press <<23>> and receive 47 points.
You press <<22>> and receive 46 points.
You press <<24>> and receive 19 points.

Environment number 10:
The value of option 3 is 11. You have 10 choices to make in this environment.
You press <<7>> and receive 38 points.
You press <<14>> and receive 23 points.
You press <<20>> and receive 10 points.
You press <<27>> and receive 20 points.
You press <<16>> and receive 1 points.
You press <<9>> and receive 45 points.
You press <<8>> and receive 31 points.
You press <<10>> and receive 34 points.
You press <<6>> and receive 49 points.
You press <<5>> and receive 38 points.

Environment number 11:
The value of option 17 is 51. You have 5 choices to make in this environment.
You press <<18>> and receive 49 points.
You press <<16>> and receive 52 points.
You press <<6>> and receive 61 points.
You press <<5>> and receive 33 points.
You press <<",25
12,4,1,20,0,rough,21,5,35,-1,"You will be presented with a series of 16 different environments to explore.
In each trial, you can select an option between numbers 1 and 30 by pressing the corresponding key.
By selecting any of these options, you will earn points associated with each unique option.
Imagine these options 1 through 30 as lying next to each other in an ordered line; options closer to each other tend to have similar rewards as rewards tend to cluster together.
For each environment, you will be able to make either 5 or 10 choices.
When you made all your choices in a given environment, you will start making choices in the next unexplored environment.
The rewards underlying the different options are different in each environment so you will learn them anew for each environment.
Each environment starts with the value of a single option revealed.
When you choose the number corresponding to a different option, you will be told the value of that option and receive those points.
Previously revealed options, including the starting option, can also be reselected, although there may be small changes in the point value.
It is your task to gain as many points as possible across all 16 environments.

Environment number 1:
The value of option 7 is 23. You have 10 choices to make in this environment.
You press <<9>> and receive 15 points.
You press <<6>> and receive 24 points.
You press <<17>> and receive 4 points.
You press <<8>> and receive 37 points.
You press <<4>> and receive 15 points.
You press <<13>> and receive 69 points.
You press <<11>> and receive 19 points.
You press <<15>> and receive 34 points.
You press <<12>> and receive 51 points.
You press <<13>> and receive 69 points.

Environment number 2:
The value of option 22 is 37. You have 5 choices to make in this environment.
You press <<21>> and receive 53 points.
You press <<23>> and receive 63 points.
You press <<24>> and receive 51 points.
You press <<13>> and receive 56 points.
You press <<13>> and receive 59 points.

Environment number 3:
The value of option 6 is -1. You have 5 choices to make in this environment.
You press <<23>> and receive 47 points.
You press <<24>> and receive 56 points.
You press <<22>> and receive 20 points.
You press <<12>> and receive 33 points.
You press <<13>> and receive 48 points.

Environment number 4:
The value of option 20 is 45. You have 10 choices to make in this environment.
You press <<19>> and receive 24 points.
You press <<21>> and receive 35 points.
You press <<12>> and receive 75 points.
You press <<11>> and receive 62 points.
You press <<13>> and receive 84 points.
You press <<3>> and receive 23 points.
You press <<7>> and receive 23 points.
You press <<13>> and receive 83 points.
You press <<14>> and receive 82 points.
You press <<12>> and receive 75 points.

Environment number 5:
The value of option 15 is 0. You have 10 choices to make in this environment.
You press <<26>> and receive 43 points.
You press <<25>> and receive 84 points.
You press <<24>> and receive 47 points.
You press <<4>> and receive 30 points.
You press <<13>> and receive 65 points.
You press <<14>> and receive 33 points.
You press <<12>> and receive 54 points.
You press <<9>> and receive 30 points.
You press <<25>> and receive 83 points.
You press <<25>> and receive 84 points.

Environment number 6:
The value of option 3 is 20. You have 5 choices to make in this environment.
You press <<5>> and receive 25 points.
You press <<14>> and receive 33 points.
You press <<20>> and receive 20 points.
You press <<25>> and receive 51 points.
You press <<26>> and receive 51 points.

Environment number 7:
The value of option 3 is 34. You have 5 choices to make in this environment.
You press <<9>> and receive 58 points.
You press <<10>> and receive 48 points.
You press <<16>> and receive 55 points.
You press <<17>> and receive 12 points.
You press <<18>> and receive 4 points.

Environment number 8:
The value of option 13 is 1. You have 5 choices to make in this environment.
You press <<24>> and receive 11 points.
You press <<21>> and receive 9 points.
You press <<18>> and receive 53 points.
You press <<19>> and receive 18 points.
You press <<17>> and receive 42 points.

Environment number 9:
The value of option 19 is 73. You have 10 choices to make in this environment.
You press <<20>> and receive 51 points.
You press <<18>> and receive 64 points.
You press <<12>> and receive 36 points.
You press <<6>> and receive 33 points.
You press <<1>> and receive 31 points.
You press <<14>> and receive 29 points.
You press <<25>> and receive 8 points.
You press <<23>> and receive 47 points.
You press <<22>> and receive 46 points.
You press <<24>> and receive 19 points.

Environment number 10:
The value of option 3 is 11. You have 10 choices to make in this environment.
You press <<7>> and receive 38 points.
You press <<14>> and receive 23 points.
You press <<20>> and receive 10 points.
You press <<27>> and receive 20 points.
You press <<16>> and receive 1 points.
You press <<9>> and receive 45 points.
You press <<8>> and receive 31 points.
You press <<10>> and receive 34 points.
You press <<6>> and receive 49 points.
You press <<5>> and receive 38 points.

Environment number 11:
The value of option 17 is 51. You have 5 choices to make in this environment.
You press <<18>> and receive 49 points.
You press <<16>> and receive 52 points.
You press <<6>> and receive 61 points.
You press <<5>> and receive 33 points.
You press <<7>> and receive 61 points.

Environment number 12:
The value of option 21 is 35. You have 5 choices to make in this environment.
You press <<",25
12,4,2,22,0,rough,21,5,35,54,"You will be presented with a series of 16 different environments to explore.
In each trial, you can select an option between numbers 1 and 30 by pressing the corresponding key.
By selecting any of these options, you will earn points associated with each unique option.
Imagine these options 1 through 30 as lying next to each other in an ordered line; options closer to each other tend to have similar rewards as rewards tend to cluster together.
For each environment, you will be able to make either 5 or 10 choices.
When you made all your choices in a given environment, you will start making choices in the next unexplored environment.
The rewards underlying the different options are different in each environment so you will learn them anew for each environment.
Each environment starts with the value of a single option revealed.
When you choose the number corresponding to a different option, you will be told the value of that option and receive those points.
Previously revealed options, including the starting option, can also be reselected, although there may be small changes in the point value.
It is your task to gain as many points as possible across all 16 environments.

Environment number 1:
The value of option 7 is 23. You have 10 choices to make in this environment.
You press <<9>> and receive 15 points.
You press <<6>> and receive 24 points.
You press <<17>> and receive 4 points.
You press <<8>> and receive 37 points.
You press <<4>> and receive 15 points.
You press <<13>> and receive 69 points.
You press <<11>> and receive 19 points.
You press <<15>> and receive 34 points.
You press <<12>> and receive 51 points.
You press <<13>> and receive 69 points.

Environment number 2:
The value of option 22 is 37. You have 5 choices to make in this environment.
You press <<21>> and receive 53 points.
You press <<23>> and receive 63 points.
You press <<24>> and receive 51 points.
You press <<13>> and receive 56 points.
You press <<13>> and receive 59 points.

Environment number 3:
The value of option 6 is -1. You have 5 choices to make in this environment.
You press <<23>> and receive 47 points.
You press <<24>> and receive 56 points.
You press <<22>> and receive 20 points.
You press <<12>> and receive 33 points.
You press <<13>> and receive 48 points.

Environment number 4:
The value of option 20 is 45. You have 10 choices to make in this environment.
You press <<19>> and receive 24 points.
You press <<21>> and receive 35 points.
You press <<12>> and receive 75 points.
You press <<11>> and receive 62 points.
You press <<13>> and receive 84 points.
You press <<3>> and receive 23 points.
You press <<7>> and receive 23 points.
You press <<13>> and receive 83 points.
You press <<14>> and receive 82 points.
You press <<12>> and receive 75 points.

Environment number 5:
The value of option 15 is 0. You have 10 choices to make in this environment.
You press <<26>> and receive 43 points.
You press <<25>> and receive 84 points.
You press <<24>> and receive 47 points.
You press <<4>> and receive 30 points.
You press <<13>> and receive 65 points.
You press <<14>> and receive 33 points.
You press <<12>> and receive 54 points.
You press <<9>> and receive 30 points.
You press <<25>> and receive 83 points.
You press <<25>> and receive 84 points.

Environment number 6:
The value of option 3 is 20. You have 5 choices to make in this environment.
You press <<5>> and receive 25 points.
You press <<14>> and receive 33 points.
You press <<20>> and receive 20 points.
You press <<25>> and receive 51 points.
You press <<26>> and receive 51 points.

Environment number 7:
The value of option 3 is 34. You have 5 choices to make in this environment.
You press <<9>> and receive 58 points.
You press <<10>> and receive 48 points.
You press <<16>> and receive 55 points.
You press <<17>> and receive 12 points.
You press <<18>> and receive 4 points.

Environment number 8:
The value of option 13 is 1. You have 5 choices to make in this environment.
You press <<24>> and receive 11 points.
You press <<21>> and receive 9 points.
You press <<18>> and receive 53 points.
You press <<19>> and receive 18 points.
You press <<17>> and receive 42 points.

Environment number 9:
The value of option 19 is 73. You have 10 choices to make in this environment.
You press <<20>> and receive 51 points.
You press <<18>> and receive 64 points.
You press <<12>> and receive 36 points.
You press <<6>> and receive 33 points.
You press <<1>> and receive 31 points.
You press <<14>> and receive 29 points.
You press <<25>> and receive 8 points.
You press <<23>> and receive 47 points.
You press <<22>> and receive 46 points.
You press <<24>> and receive 19 points.

Environment number 10:
The value of option 3 is 11. You have 10 choices to make in this environment.
You press <<7>> and receive 38 points.
You press <<14>> and receive 23 points.
You press <<20>> and receive 10 points.
You press <<27>> and receive 20 points.
You press <<16>> and receive 1 points.
You press <<9>> and receive 45 points.
You press <<8>> and receive 31 points.
You press <<10>> and receive 34 points.
You press <<6>> and receive 49 points.
You press <<5>> and receive 38 points.

Environment number 11:
The value of option 17 is 51. You have 5 choices to make in this environment.
You press <<18>> and receive 49 points.
You press <<16>> and receive 52 points.
You press <<6>> and receive 61 points.
You press <<5>> and receive 33 points.
You press <<7>> and receive 61 points.

Environment number 12:
The value of option 21 is 35. You have 5 choices to make in this environment.
You press <<20>> and receive -1 points.
You press <<",25
12,4,3,23,0,rough,21,5,35,37,"You will be presented with a series of 16 different environments to explore.
In each trial, you can select an option between numbers 1 and 30 by pressing the corresponding key.
By selecting any of these options, you will earn points associated with each unique option.
Imagine these options 1 through 30 as lying next to each other in an ordered line; options closer to each other tend to have similar rewards as rewards tend to cluster together.
For each environment, you will be able to make either 5 or 10 choices.
When you made all your choices in a given environment, you will start making choices in the next unexplored environment.
The rewards underlying the different options are different in each environment so you will learn them anew for each environment.
Each environment starts with the value of a single option revealed.
When you choose the number corresponding to a different option, you will be told the value of that option and receive those points.
Previously revealed options, including the starting option, can also be reselected, although there may be small changes in the point value.
It is your task to gain as many points as possible across all 16 environments.

Environment number 1:
The value of option 7 is 23. You have 10 choices to make in this environment.
You press <<9>> and receive 15 points.
You press <<6>> and receive 24 points.
You press <<17>> and receive 4 points.
You press <<8>> and receive 37 points.
You press <<4>> and receive 15 points.
You press <<13>> and receive 69 points.
You press <<11>> and receive 19 points.
You press <<15>> and receive 34 points.
You press <<12>> and receive 51 points.
You press <<13>> and receive 69 points.

Environment number 2:
The value of option 22 is 37. You have 5 choices to make in this environment.
You press <<21>> and receive 53 points.
You press <<23>> and receive 63 points.
You press <<24>> and receive 51 points.
You press <<13>> and receive 56 points.
You press <<13>> and receive 59 points.

Environment number 3:
The value of option 6 is -1. You have 5 choices to make in this environment.
You press <<23>> and receive 47 points.
You press <<24>> and receive 56 points.
You press <<22>> and receive 20 points.
You press <<12>> and receive 33 points.
You press <<13>> and receive 48 points.

Environment number 4:
The value of option 20 is 45. You have 10 choices to make in this environment.
You press <<19>> and receive 24 points.
You press <<21>> and receive 35 points.
You press <<12>> and receive 75 points.
You press <<11>> and receive 62 points.
You press <<13>> and receive 84 points.
You press <<3>> and receive 23 points.
You press <<7>> and receive 23 points.
You press <<13>> and receive 83 points.
You press <<14>> and receive 82 points.
You press <<12>> and receive 75 points.

Environment number 5:
The value of option 15 is 0. You have 10 choices to make in this environment.
You press <<26>> and receive 43 points.
You press <<25>> and receive 84 points.
You press <<24>> and receive 47 points.
You press <<4>> and receive 30 points.
You press <<13>> and receive 65 points.
You press <<14>> and receive 33 points.
You press <<12>> and receive 54 points.
You press <<9>> and receive 30 points.
You press <<25>> and receive 83 points.
You press <<25>> and receive 84 points.

Environment number 6:
The value of option 3 is 20. You have 5 choices to make in this environment.
You press <<5>> and receive 25 points.
You press <<14>> and receive 33 points.
You press <<20>> and receive 20 points.
You press <<25>> and receive 51 points.
You press <<26>> and receive 51 points.

Environment number 7:
The value of option 3 is 34. You have 5 choices to make in this environment.
You press <<9>> and receive 58 points.
You press <<10>> and receive 48 points.
You press <<16>> and receive 55 points.
You press <<17>> and receive 12 points.
You press <<18>> and receive 4 points.

Environment number 8:
The value of option 13 is 1. You have 5 choices to make in this environment.
You press <<24>> and receive 11 points.
You press <<21>> and receive 9 points.
You press <<18>> and receive 53 points.
You press <<19>> and receive 18 points.
You press <<17>> and receive 42 points.

Environment number 9:
The value of option 19 is 73. You have 10 choices to make in this environment.
You press <<20>> and receive 51 points.
You press <<18>> and receive 64 points.
You press <<12>> and receive 36 points.
You press <<6>> and receive 33 points.
You press <<1>> and receive 31 points.
You press <<14>> and receive 29 points.
You press <<25>> and receive 8 points.
You press <<23>> and receive 47 points.
You press <<22>> and receive 46 points.
You press <<24>> and receive 19 points.

Environment number 10:
The value of option 3 is 11. You have 10 choices to make in this environment.
You press <<7>> and receive 38 points.
You press <<14>> and receive 23 points.
You press <<20>> and receive 10 points.
You press <<27>> and receive 20 points.
You press <<16>> and receive 1 points.
You press <<9>> and receive 45 points.
You press <<8>> and receive 31 points.
You press <<10>> and receive 34 points.
You press <<6>> and receive 49 points.
You press <<5>> and receive 38 points.

Environment number 11:
The value of option 17 is 51. You have 5 choices to make in this environment.
You press <<18>> and receive 49 points.
You press <<16>> and receive 52 points.
You press <<6>> and receive 61 points.
You press <<5>> and receive 33 points.
You press <<7>> and receive 61 points.

Environment number 12:
The value of option 21 is 35. You have 5 choices to make in this environment.
You press <<20>> and receive -1 points.
You press <<22>> and receive 54 points.
You press <<",25
12,4,4,14,0,rough,21,5,35,57,"You will be presented with a series of 16 different environments to explore.
In each trial, you can select an option between numbers 1 and 30 by pressing the corresponding key.
By selecting any of these options, you will earn points associated with each unique option.
Imagine these options 1 through 30 as lying next to each other in an ordered line; options closer to each other tend to have similar rewards as rewards tend to cluster together.
For each environment, you will be able to make either 5 or 10 choices.
When you made all your choices in a given environment, you will start making choices in the next unexplored environment.
The rewards underlying the different options are different in each environment so you will learn them anew for each environment.
Each environment starts with the value of a single option revealed.
When you choose the number corresponding to a different option, you will be told the value of that option and receive those points.
Previously revealed options, including the starting option, can also be reselected, although there may be small changes in the point value.
It is your task to gain as many points as possible across all 16 environments.

Environment number 1:
The value of option 7 is 23. You have 10 choices to make in this environment.
You press <<9>> and receive 15 points.
You press <<6>> and receive 24 points.
You press <<17>> and receive 4 points.
You press <<8>> and receive 37 points.
You press <<4>> and receive 15 points.
You press <<13>> and receive 69 points.
You press <<11>> and receive 19 points.
You press <<15>> and receive 34 points.
You press <<12>> and receive 51 points.
You press <<13>> and receive 69 points.

Environment number 2:
The value of option 22 is 37. You have 5 choices to make in this environment.
You press <<21>> and receive 53 points.
You press <<23>> and receive 63 points.
You press <<24>> and receive 51 points.
You press <<13>> and receive 56 points.
You press <<13>> and receive 59 points.

Environment number 3:
The value of option 6 is -1. You have 5 choices to make in this environment.
You press <<23>> and receive 47 points.
You press <<24>> and receive 56 points.
You press <<22>> and receive 20 points.
You press <<12>> and receive 33 points.
You press <<13>> and receive 48 points.

Environment number 4:
The value of option 20 is 45. You have 10 choices to make in this environment.
You press <<19>> and receive 24 points.
You press <<21>> and receive 35 points.
You press <<12>> and receive 75 points.
You press <<11>> and receive 62 points.
You press <<13>> and receive 84 points.
You press <<3>> and receive 23 points.
You press <<7>> and receive 23 points.
You press <<13>> and receive 83 points.
You press <<14>> and receive 82 points.
You press <<12>> and receive 75 points.

Environment number 5:
The value of option 15 is 0. You have 10 choices to make in this environment.
You press <<26>> and receive 43 points.
You press <<25>> and receive 84 points.
You press <<24>> and receive 47 points.
You press <<4>> and receive 30 points.
You press <<13>> and receive 65 points.
You press <<14>> and receive 33 points.
You press <<12>> and receive 54 points.
You press <<9>> and receive 30 points.
You press <<25>> and receive 83 points.
You press <<25>> and receive 84 points.

Environment number 6:
The value of option 3 is 20. You have 5 choices to make in this environment.
You press <<5>> and receive 25 points.
You press <<14>> and receive 33 points.
You press <<20>> and receive 20 points.
You press <<25>> and receive 51 points.
You press <<26>> and receive 51 points.

Environment number 7:
The value of option 3 is 34. You have 5 choices to make in this environment.
You press <<9>> and receive 58 points.
You press <<10>> and receive 48 points.
You press <<16>> and receive 55 points.
You press <<17>> and receive 12 points.
You press <<18>> and receive 4 points.

Environment number 8:
The value of option 13 is 1. You have 5 choices to make in this environment.
You press <<24>> and receive 11 points.
You press <<21>> and receive 9 points.
You press <<18>> and receive 53 points.
You press <<19>> and receive 18 points.
You press <<17>> and receive 42 points.

Environment number 9:
The value of option 19 is 73. You have 10 choices to make in this environment.
You press <<20>> and receive 51 points.
You press <<18>> and receive 64 points.
You press <<12>> and receive 36 points.
You press <<6>> and receive 33 points.
You press <<1>> and receive 31 points.
You press <<14>> and receive 29 points.
You press <<25>> and receive 8 points.
You press <<23>> and receive 47 points.
You press <<22>> and receive 46 points.
You press <<24>> and receive 19 points.

Environment number 10:
The value of option 3 is 11. You have 10 choices to make in this environment.
You press <<7>> and receive 38 points.
You press <<14>> and receive 23 points.
You press <<20>> and receive 10 points.
You press <<27>> and receive 20 points.
You press <<16>> and receive 1 points.
You press <<9>> and receive 45 points.
You press <<8>> and receive 31 points.
You press <<10>> and receive 34 points.
You press <<6>> and receive 49 points.
You press <<5>> and receive 38 points.

Environment number 11:
The value of option 17 is 51. You have 5 choices to make in this environment.
You press <<18>> and receive 49 points.
You press <<16>> and receive 52 points.
You press <<6>> and receive 61 points.
You press <<5>> and receive 33 points.
You press <<7>> and receive 61 points.

Environment number 12:
The value of option 21 is 35. You have 5 choices to make in this environment.
You press <<20>> and receive -1 points.
You press <<22>> and receive 54 points.
You press <<23>> and receive 37 points.
You press <<",25
12,4,5,13,0,rough,21,5,35,69,"You will be presented with a series of 16 different environments to explore.
In each trial, you can select an option between numbers 1 and 30 by pressing the corresponding key.
By selecting any of these options, you will earn points associated with each unique option.
Imagine these options 1 through 30 as lying next to each other in an ordered line; options closer to each other tend to have similar rewards as rewards tend to cluster together.
For each environment, you will be able to make either 5 or 10 choices.
When you made all your choices in a given environment, you will start making choices in the next unexplored environment.
The rewards underlying the different options are different in each environment so you will learn them anew for each environment.
Each environment starts with the value of a single option revealed.
When you choose the number corresponding to a different option, you will be told the value of that option and receive those points.
Previously revealed options, including the starting option, can also be reselected, although there may be small changes in the point value.
It is your task to gain as many points as possible across all 16 environments.

Environment number 1:
The value of option 7 is 23. You have 10 choices to make in this environment.
You press <<9>> and receive 15 points.
You press <<6>> and receive 24 points.
You press <<17>> and receive 4 points.
You press <<8>> and receive 37 points.
You press <<4>> and receive 15 points.
You press <<13>> and receive 69 points.
You press <<11>> and receive 19 points.
You press <<15>> and receive 34 points.
You press <<12>> and receive 51 points.
You press <<13>> and receive 69 points.

Environment number 2:
The value of option 22 is 37. You have 5 choices to make in this environment.
You press <<21>> and receive 53 points.
You press <<23>> and receive 63 points.
You press <<24>> and receive 51 points.
You press <<13>> and receive 56 points.
You press <<13>> and receive 59 points.

Environment number 3:
The value of option 6 is -1. You have 5 choices to make in this environment.
You press <<23>> and receive 47 points.
You press <<24>> and receive 56 points.
You press <<22>> and receive 20 points.
You press <<12>> and receive 33 points.
You press <<13>> and receive 48 points.

Environment number 4:
The value of option 20 is 45. You have 10 choices to make in this environment.
You press <<19>> and receive 24 points.
You press <<21>> and receive 35 points.
You press <<12>> and receive 75 points.
You press <<11>> and receive 62 points.
You press <<13>> and receive 84 points.
You press <<3>> and receive 23 points.
You press <<7>> and receive 23 points.
You press <<13>> and receive 83 points.
You press <<14>> and receive 82 points.
You press <<12>> and receive 75 points.

Environment number 5:
The value of option 15 is 0. You have 10 choices to make in this environment.
You press <<26>> and receive 43 points.
You press <<25>> and receive 84 points.
You press <<24>> and receive 47 points.
You press <<4>> and receive 30 points.
You press <<13>> and receive 65 points.
You press <<14>> and receive 33 points.
You press <<12>> and receive 54 points.
You press <<9>> and receive 30 points.
You press <<25>> and receive 83 points.
You press <<25>> and receive 84 points.

Environment number 6:
The value of option 3 is 20. You have 5 choices to make in this environment.
You press <<5>> and receive 25 points.
You press <<14>> and receive 33 points.
You press <<20>> and receive 20 points.
You press <<25>> and receive 51 points.
You press <<26>> and receive 51 points.

Environment number 7:
The value of option 3 is 34. You have 5 choices to make in this environment.
You press <<9>> and receive 58 points.
You press <<10>> and receive 48 points.
You press <<16>> and receive 55 points.
You press <<17>> and receive 12 points.
You press <<18>> and receive 4 points.

Environment number 8:
The value of option 13 is 1. You have 5 choices to make in this environment.
You press <<24>> and receive 11 points.
You press <<21>> and receive 9 points.
You press <<18>> and receive 53 points.
You press <<19>> and receive 18 points.
You press <<17>> and receive 42 points.

Environment number 9:
The value of option 19 is 73. You have 10 choices to make in this environment.
You press <<20>> and receive 51 points.
You press <<18>> and receive 64 points.
You press <<12>> and receive 36 points.
You press <<6>> and receive 33 points.
You press <<1>> and receive 31 points.
You press <<14>> and receive 29 points.
You press <<25>> and receive 8 points.
You press <<23>> and receive 47 points.
You press <<22>> and receive 46 points.
You press <<24>> and receive 19 points.

Environment number 10:
The value of option 3 is 11. You have 10 choices to make in this environment.
You press <<7>> and receive 38 points.
You press <<14>> and receive 23 points.
You press <<20>> and receive 10 points.
You press <<27>> and receive 20 points.
You press <<16>> and receive 1 points.
You press <<9>> and receive 45 points.
You press <<8>> and receive 31 points.
You press <<10>> and receive 34 points.
You press <<6>> and receive 49 points.
You press <<5>> and receive 38 points.

Environment number 11:
The value of option 17 is 51. You have 5 choices to make in this environment.
You press <<18>> and receive 49 points.
You press <<16>> and receive 52 points.
You press <<6>> and receive 61 points.
You press <<5>> and receive 33 points.
You press <<7>> and receive 61 points.

Environment number 12:
The value of option 21 is 35. You have 5 choices to make in this environment.
You press <<20>> and receive -1 points.
You press <<22>> and receive 54 points.
You press <<23>> and receive 37 points.
You press <<14>> and receive 57 points.
You press <<",25
13,36,1,4,0,rough,5,10,56,60,"You will be presented with a series of 16 different environments to explore.
In each trial, you can select an option between numbers 1 and 30 by pressing the corresponding key.
By selecting any of these options, you will earn points associated with each unique option.
Imagine these options 1 through 30 as lying next to each other in an ordered line; options closer to each other tend to have similar rewards as rewards tend to cluster together.
For each environment, you will be able to make either 5 or 10 choices.
When you made all your choices in a given environment, you will start making choices in the next unexplored environment.
The rewards underlying the different options are different in each environment so you will learn them anew for each environment.
Each environment starts with the value of a single option revealed.
When you choose the number corresponding to a different option, you will be told the value of that option and receive those points.
Previously revealed options, including the starting option, can also be reselected, although there may be small changes in the point value.
It is your task to gain as many points as possible across all 16 environments.

Environment number 1:
The value of option 7 is 23. You have 10 choices to make in this environment.
You press <<9>> and receive 15 points.
You press <<6>> and receive 24 points.
You press <<17>> and receive 4 points.
You press <<8>> and receive 37 points.
You press <<4>> and receive 15 points.
You press <<13>> and receive 69 points.
You press <<11>> and receive 19 points.
You press <<15>> and receive 34 points.
You press <<12>> and receive 51 points.
You press <<13>> and receive 69 points.

Environment number 2:
The value of option 22 is 37. You have 5 choices to make in this environment.
You press <<21>> and receive 53 points.
You press <<23>> and receive 63 points.
You press <<24>> and receive 51 points.
You press <<13>> and receive 56 points.
You press <<13>> and receive 59 points.

Environment number 3:
The value of option 6 is -1. You have 5 choices to make in this environment.
You press <<23>> and receive 47 points.
You press <<24>> and receive 56 points.
You press <<22>> and receive 20 points.
You press <<12>> and receive 33 points.
You press <<13>> and receive 48 points.

Environment number 4:
The value of option 20 is 45. You have 10 choices to make in this environment.
You press <<19>> and receive 24 points.
You press <<21>> and receive 35 points.
You press <<12>> and receive 75 points.
You press <<11>> and receive 62 points.
You press <<13>> and receive 84 points.
You press <<3>> and receive 23 points.
You press <<7>> and receive 23 points.
You press <<13>> and receive 83 points.
You press <<14>> and receive 82 points.
You press <<12>> and receive 75 points.

Environment number 5:
The value of option 15 is 0. You have 10 choices to make in this environment.
You press <<26>> and receive 43 points.
You press <<25>> and receive 84 points.
You press <<24>> and receive 47 points.
You press <<4>> and receive 30 points.
You press <<13>> and receive 65 points.
You press <<14>> and receive 33 points.
You press <<12>> and receive 54 points.
You press <<9>> and receive 30 points.
You press <<25>> and receive 83 points.
You press <<25>> and receive 84 points.

Environment number 6:
The value of option 3 is 20. You have 5 choices to make in this environment.
You press <<5>> and receive 25 points.
You press <<14>> and receive 33 points.
You press <<20>> and receive 20 points.
You press <<25>> and receive 51 points.
You press <<26>> and receive 51 points.

Environment number 7:
The value of option 3 is 34. You have 5 choices to make in this environment.
You press <<9>> and receive 58 points.
You press <<10>> and receive 48 points.
You press <<16>> and receive 55 points.
You press <<17>> and receive 12 points.
You press <<18>> and receive 4 points.

Environment number 8:
The value of option 13 is 1. You have 5 choices to make in this environment.
You press <<24>> and receive 11 points.
You press <<21>> and receive 9 points.
You press <<18>> and receive 53 points.
You press <<19>> and receive 18 points.
You press <<17>> and receive 42 points.

Environment number 9:
The value of option 19 is 73. You have 10 choices to make in this environment.
You press <<20>> and receive 51 points.
You press <<18>> and receive 64 points.
You press <<12>> and receive 36 points.
You press <<6>> and receive 33 points.
You press <<1>> and receive 31 points.
You press <<14>> and receive 29 points.
You press <<25>> and receive 8 points.
You press <<23>> and receive 47 points.
You press <<22>> and receive 46 points.
You press <<24>> and receive 19 points.

Environment number 10:
The value of option 3 is 11. You have 10 choices to make in this environment.
You press <<7>> and receive 38 points.
You press <<14>> and receive 23 points.
You press <<20>> and receive 10 points.
You press <<27>> and receive 20 points.
You press <<16>> and receive 1 points.
You press <<9>> and receive 45 points.
You press <<8>> and receive 31 points.
You press <<10>> and receive 34 points.
You press <<6>> and receive 49 points.
You press <<5>> and receive 38 points.

Environment number 11:
The value of option 17 is 51. You have 5 choices to make in this environment.
You press <<18>> and receive 49 points.
You press <<16>> and receive 52 points.
You press <<6>> and receive 61 points.
You press <<5>> and receive 33 points.
You press <<7>> and receive 61 points.

Environment number 12:
The value of option 21 is 35. You have 5 choices to make in this environment.
You press <<20>> and receive -1 points.
You press <<22>> and receive 54 points.
You press <<23>> and receive 37 points.
You press <<14>> and receive 57 points.
You press <<13>> and receive 69 points.

Environment number 13:
The value of option 5 is 56. You have 10 choices to make in this environment.
You press <<",25
13,36,2,6,0,rough,5,10,56,69,"You will be presented with a series of 16 different environments to explore.
In each trial, you can select an option between numbers 1 and 30 by pressing the corresponding key.
By selecting any of these options, you will earn points associated with each unique option.
Imagine these options 1 through 30 as lying next to each other in an ordered line; options closer to each other tend to have similar rewards as rewards tend to cluster together.
For each environment, you will be able to make either 5 or 10 choices.
When you made all your choices in a given environment, you will start making choices in the next unexplored environment.
The rewards underlying the different options are different in each environment so you will learn them anew for each environment.
Each environment starts with the value of a single option revealed.
When you choose the number corresponding to a different option, you will be told the value of that option and receive those points.
Previously revealed options, including the starting option, can also be reselected, although there may be small changes in the point value.
It is your task to gain as many points as possible across all 16 environments.

Environment number 1:
The value of option 7 is 23. You have 10 choices to make in this environment.
You press <<9>> and receive 15 points.
You press <<6>> and receive 24 points.
You press <<17>> and receive 4 points.
You press <<8>> and receive 37 points.
You press <<4>> and receive 15 points.
You press <<13>> and receive 69 points.
You press <<11>> and receive 19 points.
You press <<15>> and receive 34 points.
You press <<12>> and receive 51 points.
You press <<13>> and receive 69 points.

Environment number 2:
The value of option 22 is 37. You have 5 choices to make in this environment.
You press <<21>> and receive 53 points.
You press <<23>> and receive 63 points.
You press <<24>> and receive 51 points.
You press <<13>> and receive 56 points.
You press <<13>> and receive 59 points.

Environment number 3:
The value of option 6 is -1. You have 5 choices to make in this environment.
You press <<23>> and receive 47 points.
You press <<24>> and receive 56 points.
You press <<22>> and receive 20 points.
You press <<12>> and receive 33 points.
You press <<13>> and receive 48 points.

Environment number 4:
The value of option 20 is 45. You have 10 choices to make in this environment.
You press <<19>> and receive 24 points.
You press <<21>> and receive 35 points.
You press <<12>> and receive 75 points.
You press <<11>> and receive 62 points.
You press <<13>> and receive 84 points.
You press <<3>> and receive 23 points.
You press <<7>> and receive 23 points.
You press <<13>> and receive 83 points.
You press <<14>> and receive 82 points.
You press <<12>> and receive 75 points.

Environment number 5:
The value of option 15 is 0. You have 10 choices to make in this environment.
You press <<26>> and receive 43 points.
You press <<25>> and receive 84 points.
You press <<24>> and receive 47 points.
You press <<4>> and receive 30 points.
You press <<13>> and receive 65 points.
You press <<14>> and receive 33 points.
You press <<12>> and receive 54 points.
You press <<9>> and receive 30 points.
You press <<25>> and receive 83 points.
You press <<25>> and receive 84 points.

Environment number 6:
The value of option 3 is 20. You have 5 choices to make in this environment.
You press <<5>> and receive 25 points.
You press <<14>> and receive 33 points.
You press <<20>> and receive 20 points.
You press <<25>> and receive 51 points.
You press <<26>> and receive 51 points.

Environment number 7:
The value of option 3 is 34. You have 5 choices to make in this environment.
You press <<9>> and receive 58 points.
You press <<10>> and receive 48 points.
You press <<16>> and receive 55 points.
You press <<17>> and receive 12 points.
You press <<18>> and receive 4 points.

Environment number 8:
The value of option 13 is 1. You have 5 choices to make in this environment.
You press <<24>> and receive 11 points.
You press <<21>> and receive 9 points.
You press <<18>> and receive 53 points.
You press <<19>> and receive 18 points.
You press <<17>> and receive 42 points.

Environment number 9:
The value of option 19 is 73. You have 10 choices to make in this environment.
You press <<20>> and receive 51 points.
You press <<18>> and receive 64 points.
You press <<12>> and receive 36 points.
You press <<6>> and receive 33 points.
You press <<1>> and receive 31 points.
You press <<14>> and receive 29 points.
You press <<25>> and receive 8 points.
You press <<23>> and receive 47 points.
You press <<22>> and receive 46 points.
You press <<24>> and receive 19 points.

Environment number 10:
The value of option 3 is 11. You have 10 choices to make in this environment.
You press <<7>> and receive 38 points.
You press <<14>> and receive 23 points.
You press <<20>> and receive 10 points.
You press <<27>> and receive 20 points.
You press <<16>> and receive 1 points.
You press <<9>> and receive 45 points.
You press <<8>> and receive 31 points.
You press <<10>> and receive 34 points.
You press <<6>> and receive 49 points.
You press <<5>> and receive 38 points.

Environment number 11:
The value of option 17 is 51. You have 5 choices to make in this environment.
You press <<18>> and receive 49 points.
You press <<16>> and receive 52 points.
You press <<6>> and receive 61 points.
You press <<5>> and receive 33 points.
You press <<7>> and receive 61 points.

Environment number 12:
The value of option 21 is 35. You have 5 choices to make in this environment.
You press <<20>> and receive -1 points.
You press <<22>> and receive 54 points.
You press <<23>> and receive 37 points.
You press <<14>> and receive 57 points.
You press <<13>> and receive 69 points.

Environment number 13:
The value of option 5 is 56. You have 10 choices to make in this environment.
You press <<4>> and receive 60 points.
You press <<",25
13,36,3,7,0,rough,5,10,56,68,"You will be presented with a series of 16 different environments to explore.
In each trial, you can select an option between numbers 1 and 30 by pressing the corresponding key.
By selecting any of these options, you will earn points associated with each unique option.
Imagine these options 1 through 30 as lying next to each other in an ordered line; options closer to each other tend to have similar rewards as rewards tend to cluster together.
For each environment, you will be able to make either 5 or 10 choices.
When you made all your choices in a given environment, you will start making choices in the next unexplored environment.
The rewards underlying the different options are different in each environment so you will learn them anew for each environment.
Each environment starts with the value of a single option revealed.
When you choose the number corresponding to a different option, you will be told the value of that option and receive those points.
Previously revealed options, including the starting option, can also be reselected, although there may be small changes in the point value.
It is your task to gain as many points as possible across all 16 environments.

Environment number 1:
The value of option 7 is 23. You have 10 choices to make in this environment.
You press <<9>> and receive 15 points.
You press <<6>> and receive 24 points.
You press <<17>> and receive 4 points.
You press <<8>> and receive 37 points.
You press <<4>> and receive 15 points.
You press <<13>> and receive 69 points.
You press <<11>> and receive 19 points.
You press <<15>> and receive 34 points.
You press <<12>> and receive 51 points.
You press <<13>> and receive 69 points.

Environment number 2:
The value of option 22 is 37. You have 5 choices to make in this environment.
You press <<21>> and receive 53 points.
You press <<23>> and receive 63 points.
You press <<24>> and receive 51 points.
You press <<13>> and receive 56 points.
You press <<13>> and receive 59 points.

Environment number 3:
The value of option 6 is -1. You have 5 choices to make in this environment.
You press <<23>> and receive 47 points.
You press <<24>> and receive 56 points.
You press <<22>> and receive 20 points.
You press <<12>> and receive 33 points.
You press <<13>> and receive 48 points.

Environment number 4:
The value of option 20 is 45. You have 10 choices to make in this environment.
You press <<19>> and receive 24 points.
You press <<21>> and receive 35 points.
You press <<12>> and receive 75 points.
You press <<11>> and receive 62 points.
You press <<13>> and receive 84 points.
You press <<3>> and receive 23 points.
You press <<7>> and receive 23 points.
You press <<13>> and receive 83 points.
You press <<14>> and receive 82 points.
You press <<12>> and receive 75 points.

Environment number 5:
The value of option 15 is 0. You have 10 choices to make in this environment.
You press <<26>> and receive 43 points.
You press <<25>> and receive 84 points.
You press <<24>> and receive 47 points.
You press <<4>> and receive 30 points.
You press <<13>> and receive 65 points.
You press <<14>> and receive 33 points.
You press <<12>> and receive 54 points.
You press <<9>> and receive 30 points.
You press <<25>> and receive 83 points.
You press <<25>> and receive 84 points.

Environment number 6:
The value of option 3 is 20. You have 5 choices to make in this environment.
You press <<5>> and receive 25 points.
You press <<14>> and receive 33 points.
You press <<20>> and receive 20 points.
You press <<25>> and receive 51 points.
You press <<26>> and receive 51 points.

Environment number 7:
The value of option 3 is 34. You have 5 choices to make in this environment.
You press <<9>> and receive 58 points.
You press <<10>> and receive 48 points.
You press <<16>> and receive 55 points.
You press <<17>> and receive 12 points.
You press <<18>> and receive 4 points.

Environment number 8:
The value of option 13 is 1. You have 5 choices to make in this environment.
You press <<24>> and receive 11 points.
You press <<21>> and receive 9 points.
You press <<18>> and receive 53 points.
You press <<19>> and receive 18 points.
You press <<17>> and receive 42 points.

Environment number 9:
The value of option 19 is 73. You have 10 choices to make in this environment.
You press <<20>> and receive 51 points.
You press <<18>> and receive 64 points.
You press <<12>> and receive 36 points.
You press <<6>> and receive 33 points.
You press <<1>> and receive 31 points.
You press <<14>> and receive 29 points.
You press <<25>> and receive 8 points.
You press <<23>> and receive 47 points.
You press <<22>> and receive 46 points.
You press <<24>> and receive 19 points.

Environment number 10:
The value of option 3 is 11. You have 10 choices to make in this environment.
You press <<7>> and receive 38 points.
You press <<14>> and receive 23 points.
You press <<20>> and receive 10 points.
You press <<27>> and receive 20 points.
You press <<16>> and receive 1 points.
You press <<9>> and receive 45 points.
You press <<8>> and receive 31 points.
You press <<10>> and receive 34 points.
You press <<6>> and receive 49 points.
You press <<5>> and receive 38 points.

Environment number 11:
The value of option 17 is 51. You have 5 choices to make in this environment.
You press <<18>> and receive 49 points.
You press <<16>> and receive 52 points.
You press <<6>> and receive 61 points.
You press <<5>> and receive 33 points.
You press <<7>> and receive 61 points.

Environment number 12:
The value of option 21 is 35. You have 5 choices to make in this environment.
You press <<20>> and receive -1 points.
You press <<22>> and receive 54 points.
You press <<23>> and receive 37 points.
You press <<14>> and receive 57 points.
You press <<13>> and receive 69 points.

Environment number 13:
The value of option 5 is 56. You have 10 choices to make in this environment.
You press <<4>> and receive 60 points.
You press <<6>> and receive 69 points.
You press <<",25
13,36,4,8,0,rough,5,10,56,37,"You will be presented with a series of 16 different environments to explore.
In each trial, you can select an option between numbers 1 and 30 by pressing the corresponding key.
By selecting any of these options, you will earn points associated with each unique option.
Imagine these options 1 through 30 as lying next to each other in an ordered line; options closer to each other tend to have similar rewards as rewards tend to cluster together.
For each environment, you will be able to make either 5 or 10 choices.
When you made all your choices in a given environment, you will start making choices in the next unexplored environment.
The rewards underlying the different options are different in each environment so you will learn them anew for each environment.
Each environment starts with the value of a single option revealed.
When you choose the number corresponding to a different option, you will be told the value of that option and receive those points.
Previously revealed options, including the starting option, can also be reselected, although there may be small changes in the point value.
It is your task to gain as many points as possible across all 16 environments.

Environment number 1:
The value of option 7 is 23. You have 10 choices to make in this environment.
You press <<9>> and receive 15 points.
You press <<6>> and receive 24 points.
You press <<17>> and receive 4 points.
You press <<8>> and receive 37 points.
You press <<4>> and receive 15 points.
You press <<13>> and receive 69 points.
You press <<11>> and receive 19 points.
You press <<15>> and receive 34 points.
You press <<12>> and receive 51 points.
You press <<13>> and receive 69 points.

Environment number 2:
The value of option 22 is 37. You have 5 choices to make in this environment.
You press <<21>> and receive 53 points.
You press <<23>> and receive 63 points.
You press <<24>> and receive 51 points.
You press <<13>> and receive 56 points.
You press <<13>> and receive 59 points.

Environment number 3:
The value of option 6 is -1. You have 5 choices to make in this environment.
You press <<23>> and receive 47 points.
You press <<24>> and receive 56 points.
You press <<22>> and receive 20 points.
You press <<12>> and receive 33 points.
You press <<13>> and receive 48 points.

Environment number 4:
The value of option 20 is 45. You have 10 choices to make in this environment.
You press <<19>> and receive 24 points.
You press <<21>> and receive 35 points.
You press <<12>> and receive 75 points.
You press <<11>> and receive 62 points.
You press <<13>> and receive 84 points.
You press <<3>> and receive 23 points.
You press <<7>> and receive 23 points.
You press <<13>> and receive 83 points.
You press <<14>> and receive 82 points.
You press <<12>> and receive 75 points.

Environment number 5:
The value of option 15 is 0. You have 10 choices to make in this environment.
You press <<26>> and receive 43 points.
You press <<25>> and receive 84 points.
You press <<24>> and receive 47 points.
You press <<4>> and receive 30 points.
You press <<13>> and receive 65 points.
You press <<14>> and receive 33 points.
You press <<12>> and receive 54 points.
You press <<9>> and receive 30 points.
You press <<25>> and receive 83 points.
You press <<25>> and receive 84 points.

Environment number 6:
The value of option 3 is 20. You have 5 choices to make in this environment.
You press <<5>> and receive 25 points.
You press <<14>> and receive 33 points.
You press <<20>> and receive 20 points.
You press <<25>> and receive 51 points.
You press <<26>> and receive 51 points.

Environment number 7:
The value of option 3 is 34. You have 5 choices to make in this environment.
You press <<9>> and receive 58 points.
You press <<10>> and receive 48 points.
You press <<16>> and receive 55 points.
You press <<17>> and receive 12 points.
You press <<18>> and receive 4 points.

Environment number 8:
The value of option 13 is 1. You have 5 choices to make in this environment.
You press <<24>> and receive 11 points.
You press <<21>> and receive 9 points.
You press <<18>> and receive 53 points.
You press <<19>> and receive 18 points.
You press <<17>> and receive 42 points.

Environment number 9:
The value of option 19 is 73. You have 10 choices to make in this environment.
You press <<20>> and receive 51 points.
You press <<18>> and receive 64 points.
You press <<12>> and receive 36 points.
You press <<6>> and receive 33 points.
You press <<1>> and receive 31 points.
You press <<14>> and receive 29 points.
You press <<25>> and receive 8 points.
You press <<23>> and receive 47 points.
You press <<22>> and receive 46 points.
You press <<24>> and receive 19 points.

Environment number 10:
The value of option 3 is 11. You have 10 choices to make in this environment.
You press <<7>> and receive 38 points.
You press <<14>> and receive 23 points.
You press <<20>> and receive 10 points.
You press <<27>> and receive 20 points.
You press <<16>> and receive 1 points.
You press <<9>> and receive 45 points.
You press <<8>> and receive 31 points.
You press <<10>> and receive 34 points.
You press <<6>> and receive 49 points.
You press <<5>> and receive 38 points.

Environment number 11:
The value of option 17 is 51. You have 5 choices to make in this environment.
You press <<18>> and receive 49 points.
You press <<16>> and receive 52 points.
You press <<6>> and receive 61 points.
You press <<5>> and receive 33 points.
You press <<7>> and receive 61 points.

Environment number 12:
The value of option 21 is 35. You have 5 choices to make in this environment.
You press <<20>> and receive -1 points.
You press <<22>> and receive 54 points.
You press <<23>> and receive 37 points.
You press <<14>> and receive 57 points.
You press <<13>> and receive 69 points.

Environment number 13:
The value of option 5 is 56. You have 10 choices to make in this environment.
You press <<4>> and receive 60 points.
You press <<6>> and receive 69 points.
You press <<7>> and receive 68 points.
You press <<",25
13,36,5,17,0,rough,5,10,56,83,"You will be presented with a series of 16 different environments to explore.
In each trial, you can select an option between numbers 1 and 30 by pressing the corresponding key.
By selecting any of these options, you will earn points associated with each unique option.
Imagine these options 1 through 30 as lying next to each other in an ordered line; options closer to each other tend to have similar rewards as rewards tend to cluster together.
For each environment, you will be able to make either 5 or 10 choices.
When you made all your choices in a given environment, you will start making choices in the next unexplored environment.
The rewards underlying the different options are different in each environment so you will learn them anew for each environment.
Each environment starts with the value of a single option revealed.
When you choose the number corresponding to a different option, you will be told the value of that option and receive those points.
Previously revealed options, including the starting option, can also be reselected, although there may be small changes in the point value.
It is your task to gain as many points as possible across all 16 environments.

Environment number 1:
The value of option 7 is 23. You have 10 choices to make in this environment.
You press <<9>> and receive 15 points.
You press <<6>> and receive 24 points.
You press <<17>> and receive 4 points.
You press <<8>> and receive 37 points.
You press <<4>> and receive 15 points.
You press <<13>> and receive 69 points.
You press <<11>> and receive 19 points.
You press <<15>> and receive 34 points.
You press <<12>> and receive 51 points.
You press <<13>> and receive 69 points.

Environment number 2:
The value of option 22 is 37. You have 5 choices to make in this environment.
You press <<21>> and receive 53 points.
You press <<23>> and receive 63 points.
You press <<24>> and receive 51 points.
You press <<13>> and receive 56 points.
You press <<13>> and receive 59 points.

Environment number 3:
The value of option 6 is -1. You have 5 choices to make in this environment.
You press <<23>> and receive 47 points.
You press <<24>> and receive 56 points.
You press <<22>> and receive 20 points.
You press <<12>> and receive 33 points.
You press <<13>> and receive 48 points.

Environment number 4:
The value of option 20 is 45. You have 10 choices to make in this environment.
You press <<19>> and receive 24 points.
You press <<21>> and receive 35 points.
You press <<12>> and receive 75 points.
You press <<11>> and receive 62 points.
You press <<13>> and receive 84 points.
You press <<3>> and receive 23 points.
You press <<7>> and receive 23 points.
You press <<13>> and receive 83 points.
You press <<14>> and receive 82 points.
You press <<12>> and receive 75 points.

Environment number 5:
The value of option 15 is 0. You have 10 choices to make in this environment.
You press <<26>> and receive 43 points.
You press <<25>> and receive 84 points.
You press <<24>> and receive 47 points.
You press <<4>> and receive 30 points.
You press <<13>> and receive 65 points.
You press <<14>> and receive 33 points.
You press <<12>> and receive 54 points.
You press <<9>> and receive 30 points.
You press <<25>> and receive 83 points.
You press <<25>> and receive 84 points.

Environment number 6:
The value of option 3 is 20. You have 5 choices to make in this environment.
You press <<5>> and receive 25 points.
You press <<14>> and receive 33 points.
You press <<20>> and receive 20 points.
You press <<25>> and receive 51 points.
You press <<26>> and receive 51 points.

Environment number 7:
The value of option 3 is 34. You have 5 choices to make in this environment.
You press <<9>> and receive 58 points.
You press <<10>> and receive 48 points.
You press <<16>> and receive 55 points.
You press <<17>> and receive 12 points.
You press <<18>> and receive 4 points.

Environment number 8:
The value of option 13 is 1. You have 5 choices to make in this environment.
You press <<24>> and receive 11 points.
You press <<21>> and receive 9 points.
You press <<18>> and receive 53 points.
You press <<19>> and receive 18 points.
You press <<17>> and receive 42 points.

Environment number 9:
The value of option 19 is 73. You have 10 choices to make in this environment.
You press <<20>> and receive 51 points.
You press <<18>> and receive 64 points.
You press <<12>> and receive 36 points.
You press <<6>> and receive 33 points.
You press <<1>> and receive 31 points.
You press <<14>> and receive 29 points.
You press <<25>> and receive 8 points.
You press <<23>> and receive 47 points.
You press <<22>> and receive 46 points.
You press <<24>> and receive 19 points.

Environment number 10:
The value of option 3 is 11. You have 10 choices to make in this environment.
You press <<7>> and receive 38 points.
You press <<14>> and receive 23 points.
You press <<20>> and receive 10 points.
You press <<27>> and receive 20 points.
You press <<16>> and receive 1 points.
You press <<9>> and receive 45 points.
You press <<8>> and receive 31 points.
You press <<10>> and receive 34 points.
You press <<6>> and receive 49 points.
You press <<5>> and receive 38 points.

Environment number 11:
The value of option 17 is 51. You have 5 choices to make in this environment.
You press <<18>> and receive 49 points.
You press <<16>> and receive 52 points.
You press <<6>> and receive 61 points.
You press <<5>> and receive 33 points.
You press <<7>> and receive 61 points.

Environment number 12:
The value of option 21 is 35. You have 5 choices to make in this environment.
You press <<20>> and receive -1 points.
You press <<22>> and receive 54 points.
You press <<23>> and receive 37 points.
You press <<14>> and receive 57 points.
You press <<13>> and receive 69 points.

Environment number 13:
The value of option 5 is 56. You have 10 choices to make in this environment.
You press <<4>> and receive 60 points.
You press <<6>> and receive 69 points.
You press <<7>> and receive 68 points.
You press <<8>> and receive 37 points.
You press <<",25
13,36,6,18,0,rough,5,10,56,64,"You will be presented with a series of 16 different environments to explore.
In each trial, you can select an option between numbers 1 and 30 by pressing the corresponding key.
By selecting any of these options, you will earn points associated with each unique option.
Imagine these options 1 through 30 as lying next to each other in an ordered line; options closer to each other tend to have similar rewards as rewards tend to cluster together.
For each environment, you will be able to make either 5 or 10 choices.
When you made all your choices in a given environment, you will start making choices in the next unexplored environment.
The rewards underlying the different options are different in each environment so you will learn them anew for each environment.
Each environment starts with the value of a single option revealed.
When you choose the number corresponding to a different option, you will be told the value of that option and receive those points.
Previously revealed options, including the starting option, can also be reselected, although there may be small changes in the point value.
It is your task to gain as many points as possible across all 16 environments.

Environment number 1:
The value of option 7 is 23. You have 10 choices to make in this environment.
You press <<9>> and receive 15 points.
You press <<6>> and receive 24 points.
You press <<17>> and receive 4 points.
You press <<8>> and receive 37 points.
You press <<4>> and receive 15 points.
You press <<13>> and receive 69 points.
You press <<11>> and receive 19 points.
You press <<15>> and receive 34 points.
You press <<12>> and receive 51 points.
You press <<13>> and receive 69 points.

Environment number 2:
The value of option 22 is 37. You have 5 choices to make in this environment.
You press <<21>> and receive 53 points.
You press <<23>> and receive 63 points.
You press <<24>> and receive 51 points.
You press <<13>> and receive 56 points.
You press <<13>> and receive 59 points.

Environment number 3:
The value of option 6 is -1. You have 5 choices to make in this environment.
You press <<23>> and receive 47 points.
You press <<24>> and receive 56 points.
You press <<22>> and receive 20 points.
You press <<12>> and receive 33 points.
You press <<13>> and receive 48 points.

Environment number 4:
The value of option 20 is 45. You have 10 choices to make in this environment.
You press <<19>> and receive 24 points.
You press <<21>> and receive 35 points.
You press <<12>> and receive 75 points.
You press <<11>> and receive 62 points.
You press <<13>> and receive 84 points.
You press <<3>> and receive 23 points.
You press <<7>> and receive 23 points.
You press <<13>> and receive 83 points.
You press <<14>> and receive 82 points.
You press <<12>> and receive 75 points.

Environment number 5:
The value of option 15 is 0. You have 10 choices to make in this environment.
You press <<26>> and receive 43 points.
You press <<25>> and receive 84 points.
You press <<24>> and receive 47 points.
You press <<4>> and receive 30 points.
You press <<13>> and receive 65 points.
You press <<14>> and receive 33 points.
You press <<12>> and receive 54 points.
You press <<9>> and receive 30 points.
You press <<25>> and receive 83 points.
You press <<25>> and receive 84 points.

Environment number 6:
The value of option 3 is 20. You have 5 choices to make in this environment.
You press <<5>> and receive 25 points.
You press <<14>> and receive 33 points.
You press <<20>> and receive 20 points.
You press <<25>> and receive 51 points.
You press <<26>> and receive 51 points.

Environment number 7:
The value of option 3 is 34. You have 5 choices to make in this environment.
You press <<9>> and receive 58 points.
You press <<10>> and receive 48 points.
You press <<16>> and receive 55 points.
You press <<17>> and receive 12 points.
You press <<18>> and receive 4 points.

Environment number 8:
The value of option 13 is 1. You have 5 choices to make in this environment.
You press <<24>> and receive 11 points.
You press <<21>> and receive 9 points.
You press <<18>> and receive 53 points.
You press <<19>> and receive 18 points.
You press <<17>> and receive 42 points.

Environment number 9:
The value of option 19 is 73. You have 10 choices to make in this environment.
You press <<20>> and receive 51 points.
You press <<18>> and receive 64 points.
You press <<12>> and receive 36 points.
You press <<6>> and receive 33 points.
You press <<1>> and receive 31 points.
You press <<14>> and receive 29 points.
You press <<25>> and receive 8 points.
You press <<23>> and receive 47 points.
You press <<22>> and receive 46 points.
You press <<24>> and receive 19 points.

Environment number 10:
The value of option 3 is 11. You have 10 choices to make in this environment.
You press <<7>> and receive 38 points.
You press <<14>> and receive 23 points.
You press <<20>> and receive 10 points.
You press <<27>> and receive 20 points.
You press <<16>> and receive 1 points.
You press <<9>> and receive 45 points.
You press <<8>> and receive 31 points.
You press <<10>> and receive 34 points.
You press <<6>> and receive 49 points.
You press <<5>> and receive 38 points.

Environment number 11:
The value of option 17 is 51. You have 5 choices to make in this environment.
You press <<18>> and receive 49 points.
You press <<16>> and receive 52 points.
You press <<6>> and receive 61 points.
You press <<5>> and receive 33 points.
You press <<7>> and receive 61 points.

Environment number 12:
The value of option 21 is 35. You have 5 choices to make in this environment.
You press <<20>> and receive -1 points.
You press <<22>> and receive 54 points.
You press <<23>> and receive 37 points.
You press <<14>> and receive 57 points.
You press <<13>> and receive 69 points.

Environment number 13:
The value of option 5 is 56. You have 10 choices to make in this environment.
You press <<4>> and receive 60 points.
You press <<6>> and receive 69 points.
You press <<7>> and receive 68 points.
You press <<8>> and receive 37 points.
You press <<17>> and receive 83 points.
You press <<",25
13,36,7,16,0,rough,5,10,56,81,"You will be presented with a series of 16 different environments to explore.
In each trial, you can select an option between numbers 1 and 30 by pressing the corresponding key.
By selecting any of these options, you will earn points associated with each unique option.
Imagine these options 1 through 30 as lying next to each other in an ordered line; options closer to each other tend to have similar rewards as rewards tend to cluster together.
For each environment, you will be able to make either 5 or 10 choices.
When you made all your choices in a given environment, you will start making choices in the next unexplored environment.
The rewards underlying the different options are different in each environment so you will learn them anew for each environment.
Each environment starts with the value of a single option revealed.
When you choose the number corresponding to a different option, you will be told the value of that option and receive those points.
Previously revealed options, including the starting option, can also be reselected, although there may be small changes in the point value.
It is your task to gain as many points as possible across all 16 environments.

Environment number 1:
The value of option 7 is 23. You have 10 choices to make in this environment.
You press <<9>> and receive 15 points.
You press <<6>> and receive 24 points.
You press <<17>> and receive 4 points.
You press <<8>> and receive 37 points.
You press <<4>> and receive 15 points.
You press <<13>> and receive 69 points.
You press <<11>> and receive 19 points.
You press <<15>> and receive 34 points.
You press <<12>> and receive 51 points.
You press <<13>> and receive 69 points.

Environment number 2:
The value of option 22 is 37. You have 5 choices to make in this environment.
You press <<21>> and receive 53 points.
You press <<23>> and receive 63 points.
You press <<24>> and receive 51 points.
You press <<13>> and receive 56 points.
You press <<13>> and receive 59 points.

Environment number 3:
The value of option 6 is -1. You have 5 choices to make in this environment.
You press <<23>> and receive 47 points.
You press <<24>> and receive 56 points.
You press <<22>> and receive 20 points.
You press <<12>> and receive 33 points.
You press <<13>> and receive 48 points.

Environment number 4:
The value of option 20 is 45. You have 10 choices to make in this environment.
You press <<19>> and receive 24 points.
You press <<21>> and receive 35 points.
You press <<12>> and receive 75 points.
You press <<11>> and receive 62 points.
You press <<13>> and receive 84 points.
You press <<3>> and receive 23 points.
You press <<7>> and receive 23 points.
You press <<13>> and receive 83 points.
You press <<14>> and receive 82 points.
You press <<12>> and receive 75 points.

Environment number 5:
The value of option 15 is 0. You have 10 choices to make in this environment.
You press <<26>> and receive 43 points.
You press <<25>> and receive 84 points.
You press <<24>> and receive 47 points.
You press <<4>> and receive 30 points.
You press <<13>> and receive 65 points.
You press <<14>> and receive 33 points.
You press <<12>> and receive 54 points.
You press <<9>> and receive 30 points.
You press <<25>> and receive 83 points.
You press <<25>> and receive 84 points.

Environment number 6:
The value of option 3 is 20. You have 5 choices to make in this environment.
You press <<5>> and receive 25 points.
You press <<14>> and receive 33 points.
You press <<20>> and receive 20 points.
You press <<25>> and receive 51 points.
You press <<26>> and receive 51 points.

Environment number 7:
The value of option 3 is 34. You have 5 choices to make in this environment.
You press <<9>> and receive 58 points.
You press <<10>> and receive 48 points.
You press <<16>> and receive 55 points.
You press <<17>> and receive 12 points.
You press <<18>> and receive 4 points.

Environment number 8:
The value of option 13 is 1. You have 5 choices to make in this environment.
You press <<24>> and receive 11 points.
You press <<21>> and receive 9 points.
You press <<18>> and receive 53 points.
You press <<19>> and receive 18 points.
You press <<17>> and receive 42 points.

Environment number 9:
The value of option 19 is 73. You have 10 choices to make in this environment.
You press <<20>> and receive 51 points.
You press <<18>> and receive 64 points.
You press <<12>> and receive 36 points.
You press <<6>> and receive 33 points.
You press <<1>> and receive 31 points.
You press <<14>> and receive 29 points.
You press <<25>> and receive 8 points.
You press <<23>> and receive 47 points.
You press <<22>> and receive 46 points.
You press <<24>> and receive 19 points.

Environment number 10:
The value of option 3 is 11. You have 10 choices to make in this environment.
You press <<7>> and receive 38 points.
You press <<14>> and receive 23 points.
You press <<20>> and receive 10 points.
You press <<27>> and receive 20 points.
You press <<16>> and receive 1 points.
You press <<9>> and receive 45 points.
You press <<8>> and receive 31 points.
You press <<10>> and receive 34 points.
You press <<6>> and receive 49 points.
You press <<5>> and receive 38 points.

Environment number 11:
The value of option 17 is 51. You have 5 choices to make in this environment.
You press <<18>> and receive 49 points.
You press <<16>> and receive 52 points.
You press <<6>> and receive 61 points.
You press <<5>> and receive 33 points.
You press <<7>> and receive 61 points.

Environment number 12:
The value of option 21 is 35. You have 5 choices to make in this environment.
You press <<20>> and receive -1 points.
You press <<22>> and receive 54 points.
You press <<23>> and receive 37 points.
You press <<14>> and receive 57 points.
You press <<13>> and receive 69 points.

Environment number 13:
The value of option 5 is 56. You have 10 choices to make in this environment.
You press <<4>> and receive 60 points.
You press <<6>> and receive 69 points.
You press <<7>> and receive 68 points.
You press <<8>> and receive 37 points.
You press <<17>> and receive 83 points.
You press <<18>> and receive 64 points.
You press <<",25
13,36,8,15,0,rough,5,10,56,66,"You will be presented with a series of 16 different environments to explore.
In each trial, you can select an option between numbers 1 and 30 by pressing the corresponding key.
By selecting any of these options, you will earn points associated with each unique option.
Imagine these options 1 through 30 as lying next to each other in an ordered line; options closer to each other tend to have similar rewards as rewards tend to cluster together.
For each environment, you will be able to make either 5 or 10 choices.
When you made all your choices in a given environment, you will start making choices in the next unexplored environment.
The rewards underlying the different options are different in each environment so you will learn them anew for each environment.
Each environment starts with the value of a single option revealed.
When you choose the number corresponding to a different option, you will be told the value of that option and receive those points.
Previously revealed options, including the starting option, can also be reselected, although there may be small changes in the point value.
It is your task to gain as many points as possible across all 16 environments.

Environment number 1:
The value of option 7 is 23. You have 10 choices to make in this environment.
You press <<9>> and receive 15 points.
You press <<6>> and receive 24 points.
You press <<17>> and receive 4 points.
You press <<8>> and receive 37 points.
You press <<4>> and receive 15 points.
You press <<13>> and receive 69 points.
You press <<11>> and receive 19 points.
You press <<15>> and receive 34 points.
You press <<12>> and receive 51 points.
You press <<13>> and receive 69 points.

Environment number 2:
The value of option 22 is 37. You have 5 choices to make in this environment.
You press <<21>> and receive 53 points.
You press <<23>> and receive 63 points.
You press <<24>> and receive 51 points.
You press <<13>> and receive 56 points.
You press <<13>> and receive 59 points.

Environment number 3:
The value of option 6 is -1. You have 5 choices to make in this environment.
You press <<23>> and receive 47 points.
You press <<24>> and receive 56 points.
You press <<22>> and receive 20 points.
You press <<12>> and receive 33 points.
You press <<13>> and receive 48 points.

Environment number 4:
The value of option 20 is 45. You have 10 choices to make in this environment.
You press <<19>> and receive 24 points.
You press <<21>> and receive 35 points.
You press <<12>> and receive 75 points.
You press <<11>> and receive 62 points.
You press <<13>> and receive 84 points.
You press <<3>> and receive 23 points.
You press <<7>> and receive 23 points.
You press <<13>> and receive 83 points.
You press <<14>> and receive 82 points.
You press <<12>> and receive 75 points.

Environment number 5:
The value of option 15 is 0. You have 10 choices to make in this environment.
You press <<26>> and receive 43 points.
You press <<25>> and receive 84 points.
You press <<24>> and receive 47 points.
You press <<4>> and receive 30 points.
You press <<13>> and receive 65 points.
You press <<14>> and receive 33 points.
You press <<12>> and receive 54 points.
You press <<9>> and receive 30 points.
You press <<25>> and receive 83 points.
You press <<25>> and receive 84 points.

Environment number 6:
The value of option 3 is 20. You have 5 choices to make in this environment.
You press <<5>> and receive 25 points.
You press <<14>> and receive 33 points.
You press <<20>> and receive 20 points.
You press <<25>> and receive 51 points.
You press <<26>> and receive 51 points.

Environment number 7:
The value of option 3 is 34. You have 5 choices to make in this environment.
You press <<9>> and receive 58 points.
You press <<10>> and receive 48 points.
You press <<16>> and receive 55 points.
You press <<17>> and receive 12 points.
You press <<18>> and receive 4 points.

Environment number 8:
The value of option 13 is 1. You have 5 choices to make in this environment.
You press <<24>> and receive 11 points.
You press <<21>> and receive 9 points.
You press <<18>> and receive 53 points.
You press <<19>> and receive 18 points.
You press <<17>> and receive 42 points.

Environment number 9:
The value of option 19 is 73. You have 10 choices to make in this environment.
You press <<20>> and receive 51 points.
You press <<18>> and receive 64 points.
You press <<12>> and receive 36 points.
You press <<6>> and receive 33 points.
You press <<1>> and receive 31 points.
You press <<14>> and receive 29 points.
You press <<25>> and receive 8 points.
You press <<23>> and receive 47 points.
You press <<22>> and receive 46 points.
You press <<24>> and receive 19 points.

Environment number 10:
The value of option 3 is 11. You have 10 choices to make in this environment.
You press <<7>> and receive 38 points.
You press <<14>> and receive 23 points.
You press <<20>> and receive 10 points.
You press <<27>> and receive 20 points.
You press <<16>> and receive 1 points.
You press <<9>> and receive 45 points.
You press <<8>> and receive 31 points.
You press <<10>> and receive 34 points.
You press <<6>> and receive 49 points.
You press <<5>> and receive 38 points.

Environment number 11:
The value of option 17 is 51. You have 5 choices to make in this environment.
You press <<18>> and receive 49 points.
You press <<16>> and receive 52 points.
You press <<6>> and receive 61 points.
You press <<5>> and receive 33 points.
You press <<7>> and receive 61 points.

Environment number 12:
The value of option 21 is 35. You have 5 choices to make in this environment.
You press <<20>> and receive -1 points.
You press <<22>> and receive 54 points.
You press <<23>> and receive 37 points.
You press <<14>> and receive 57 points.
You press <<13>> and receive 69 points.

Environment number 13:
The value of option 5 is 56. You have 10 choices to make in this environment.
You press <<4>> and receive 60 points.
You press <<6>> and receive 69 points.
You press <<7>> and receive 68 points.
You press <<8>> and receive 37 points.
You press <<17>> and receive 83 points.
You press <<18>> and receive 64 points.
You press <<16>> and receive 81 points.
You press <<",25
13,36,9,13,0,rough,5,10,56,21,"You will be presented with a series of 16 different environments to explore.
In each trial, you can select an option between numbers 1 and 30 by pressing the corresponding key.
By selecting any of these options, you will earn points associated with each unique option.
Imagine these options 1 through 30 as lying next to each other in an ordered line; options closer to each other tend to have similar rewards as rewards tend to cluster together.
For each environment, you will be able to make either 5 or 10 choices.
When you made all your choices in a given environment, you will start making choices in the next unexplored environment.
The rewards underlying the different options are different in each environment so you will learn them anew for each environment.
Each environment starts with the value of a single option revealed.
When you choose the number corresponding to a different option, you will be told the value of that option and receive those points.
Previously revealed options, including the starting option, can also be reselected, although there may be small changes in the point value.
It is your task to gain as many points as possible across all 16 environments.

Environment number 1:
The value of option 7 is 23. You have 10 choices to make in this environment.
You press <<9>> and receive 15 points.
You press <<6>> and receive 24 points.
You press <<17>> and receive 4 points.
You press <<8>> and receive 37 points.
You press <<4>> and receive 15 points.
You press <<13>> and receive 69 points.
You press <<11>> and receive 19 points.
You press <<15>> and receive 34 points.
You press <<12>> and receive 51 points.
You press <<13>> and receive 69 points.

Environment number 2:
The value of option 22 is 37. You have 5 choices to make in this environment.
You press <<21>> and receive 53 points.
You press <<23>> and receive 63 points.
You press <<24>> and receive 51 points.
You press <<13>> and receive 56 points.
You press <<13>> and receive 59 points.

Environment number 3:
The value of option 6 is -1. You have 5 choices to make in this environment.
You press <<23>> and receive 47 points.
You press <<24>> and receive 56 points.
You press <<22>> and receive 20 points.
You press <<12>> and receive 33 points.
You press <<13>> and receive 48 points.

Environment number 4:
The value of option 20 is 45. You have 10 choices to make in this environment.
You press <<19>> and receive 24 points.
You press <<21>> and receive 35 points.
You press <<12>> and receive 75 points.
You press <<11>> and receive 62 points.
You press <<13>> and receive 84 points.
You press <<3>> and receive 23 points.
You press <<7>> and receive 23 points.
You press <<13>> and receive 83 points.
You press <<14>> and receive 82 points.
You press <<12>> and receive 75 points.

Environment number 5:
The value of option 15 is 0. You have 10 choices to make in this environment.
You press <<26>> and receive 43 points.
You press <<25>> and receive 84 points.
You press <<24>> and receive 47 points.
You press <<4>> and receive 30 points.
You press <<13>> and receive 65 points.
You press <<14>> and receive 33 points.
You press <<12>> and receive 54 points.
You press <<9>> and receive 30 points.
You press <<25>> and receive 83 points.
You press <<25>> and receive 84 points.

Environment number 6:
The value of option 3 is 20. You have 5 choices to make in this environment.
You press <<5>> and receive 25 points.
You press <<14>> and receive 33 points.
You press <<20>> and receive 20 points.
You press <<25>> and receive 51 points.
You press <<26>> and receive 51 points.

Environment number 7:
The value of option 3 is 34. You have 5 choices to make in this environment.
You press <<9>> and receive 58 points.
You press <<10>> and receive 48 points.
You press <<16>> and receive 55 points.
You press <<17>> and receive 12 points.
You press <<18>> and receive 4 points.

Environment number 8:
The value of option 13 is 1. You have 5 choices to make in this environment.
You press <<24>> and receive 11 points.
You press <<21>> and receive 9 points.
You press <<18>> and receive 53 points.
You press <<19>> and receive 18 points.
You press <<17>> and receive 42 points.

Environment number 9:
The value of option 19 is 73. You have 10 choices to make in this environment.
You press <<20>> and receive 51 points.
You press <<18>> and receive 64 points.
You press <<12>> and receive 36 points.
You press <<6>> and receive 33 points.
You press <<1>> and receive 31 points.
You press <<14>> and receive 29 points.
You press <<25>> and receive 8 points.
You press <<23>> and receive 47 points.
You press <<22>> and receive 46 points.
You press <<24>> and receive 19 points.

Environment number 10:
The value of option 3 is 11. You have 10 choices to make in this environment.
You press <<7>> and receive 38 points.
You press <<14>> and receive 23 points.
You press <<20>> and receive 10 points.
You press <<27>> and receive 20 points.
You press <<16>> and receive 1 points.
You press <<9>> and receive 45 points.
You press <<8>> and receive 31 points.
You press <<10>> and receive 34 points.
You press <<6>> and receive 49 points.
You press <<5>> and receive 38 points.

Environment number 11:
The value of option 17 is 51. You have 5 choices to make in this environment.
You press <<18>> and receive 49 points.
You press <<16>> and receive 52 points.
You press <<6>> and receive 61 points.
You press <<5>> and receive 33 points.
You press <<7>> and receive 61 points.

Environment number 12:
The value of option 21 is 35. You have 5 choices to make in this environment.
You press <<20>> and receive -1 points.
You press <<22>> and receive 54 points.
You press <<23>> and receive 37 points.
You press <<14>> and receive 57 points.
You press <<13>> and receive 69 points.

Environment number 13:
The value of option 5 is 56. You have 10 choices to make in this environment.
You press <<4>> and receive 60 points.
You press <<6>> and receive 69 points.
You press <<7>> and receive 68 points.
You press <<8>> and receive 37 points.
You press <<17>> and receive 83 points.
You press <<18>> and receive 64 points.
You press <<16>> and receive 81 points.
You press <<15>> and receive 66 points.
You press <<",25
13,36,10,14,0,rough,5,10,56,48,"You will be presented with a series of 16 different environments to explore.
In each trial, you can select an option between numbers 1 and 30 by pressing the corresponding key.
By selecting any of these options, you will earn points associated with each unique option.
Imagine these options 1 through 30 as lying next to each other in an ordered line; options closer to each other tend to have similar rewards as rewards tend to cluster together.
For each environment, you will be able to make either 5 or 10 choices.
When you made all your choices in a given environment, you will start making choices in the next unexplored environment.
The rewards underlying the different options are different in each environment so you will learn them anew for each environment.
Each environment starts with the value of a single option revealed.
When you choose the number corresponding to a different option, you will be told the value of that option and receive those points.
Previously revealed options, including the starting option, can also be reselected, although there may be small changes in the point value.
It is your task to gain as many points as possible across all 16 environments.

Environment number 1:
The value of option 7 is 23. You have 10 choices to make in this environment.
You press <<9>> and receive 15 points.
You press <<6>> and receive 24 points.
You press <<17>> and receive 4 points.
You press <<8>> and receive 37 points.
You press <<4>> and receive 15 points.
You press <<13>> and receive 69 points.
You press <<11>> and receive 19 points.
You press <<15>> and receive 34 points.
You press <<12>> and receive 51 points.
You press <<13>> and receive 69 points.

Environment number 2:
The value of option 22 is 37. You have 5 choices to make in this environment.
You press <<21>> and receive 53 points.
You press <<23>> and receive 63 points.
You press <<24>> and receive 51 points.
You press <<13>> and receive 56 points.
You press <<13>> and receive 59 points.

Environment number 3:
The value of option 6 is -1. You have 5 choices to make in this environment.
You press <<23>> and receive 47 points.
You press <<24>> and receive 56 points.
You press <<22>> and receive 20 points.
You press <<12>> and receive 33 points.
You press <<13>> and receive 48 points.

Environment number 4:
The value of option 20 is 45. You have 10 choices to make in this environment.
You press <<19>> and receive 24 points.
You press <<21>> and receive 35 points.
You press <<12>> and receive 75 points.
You press <<11>> and receive 62 points.
You press <<13>> and receive 84 points.
You press <<3>> and receive 23 points.
You press <<7>> and receive 23 points.
You press <<13>> and receive 83 points.
You press <<14>> and receive 82 points.
You press <<12>> and receive 75 points.

Environment number 5:
The value of option 15 is 0. You have 10 choices to make in this environment.
You press <<26>> and receive 43 points.
You press <<25>> and receive 84 points.
You press <<24>> and receive 47 points.
You press <<4>> and receive 30 points.
You press <<13>> and receive 65 points.
You press <<14>> and receive 33 points.
You press <<12>> and receive 54 points.
You press <<9>> and receive 30 points.
You press <<25>> and receive 83 points.
You press <<25>> and receive 84 points.

Environment number 6:
The value of option 3 is 20. You have 5 choices to make in this environment.
You press <<5>> and receive 25 points.
You press <<14>> and receive 33 points.
You press <<20>> and receive 20 points.
You press <<25>> and receive 51 points.
You press <<26>> and receive 51 points.

Environment number 7:
The value of option 3 is 34. You have 5 choices to make in this environment.
You press <<9>> and receive 58 points.
You press <<10>> and receive 48 points.
You press <<16>> and receive 55 points.
You press <<17>> and receive 12 points.
You press <<18>> and receive 4 points.

Environment number 8:
The value of option 13 is 1. You have 5 choices to make in this environment.
You press <<24>> and receive 11 points.
You press <<21>> and receive 9 points.
You press <<18>> and receive 53 points.
You press <<19>> and receive 18 points.
You press <<17>> and receive 42 points.

Environment number 9:
The value of option 19 is 73. You have 10 choices to make in this environment.
You press <<20>> and receive 51 points.
You press <<18>> and receive 64 points.
You press <<12>> and receive 36 points.
You press <<6>> and receive 33 points.
You press <<1>> and receive 31 points.
You press <<14>> and receive 29 points.
You press <<25>> and receive 8 points.
You press <<23>> and receive 47 points.
You press <<22>> and receive 46 points.
You press <<24>> and receive 19 points.

Environment number 10:
The value of option 3 is 11. You have 10 choices to make in this environment.
You press <<7>> and receive 38 points.
You press <<14>> and receive 23 points.
You press <<20>> and receive 10 points.
You press <<27>> and receive 20 points.
You press <<16>> and receive 1 points.
You press <<9>> and receive 45 points.
You press <<8>> and receive 31 points.
You press <<10>> and receive 34 points.
You press <<6>> and receive 49 points.
You press <<5>> and receive 38 points.

Environment number 11:
The value of option 17 is 51. You have 5 choices to make in this environment.
You press <<18>> and receive 49 points.
You press <<16>> and receive 52 points.
You press <<6>> and receive 61 points.
You press <<5>> and receive 33 points.
You press <<7>> and receive 61 points.

Environment number 12:
The value of option 21 is 35. You have 5 choices to make in this environment.
You press <<20>> and receive -1 points.
You press <<22>> and receive 54 points.
You press <<23>> and receive 37 points.
You press <<14>> and receive 57 points.
You press <<13>> and receive 69 points.

Environment number 13:
The value of option 5 is 56. You have 10 choices to make in this environment.
You press <<4>> and receive 60 points.
You press <<6>> and receive 69 points.
You press <<7>> and receive 68 points.
You press <<8>> and receive 37 points.
You press <<17>> and receive 83 points.
You press <<18>> and receive 64 points.
You press <<16>> and receive 81 points.
You press <<15>> and receive 66 points.
You press <<13>> and receive 21 points.
You press <<",25
14,29,1,17,0,rough,24,10,12,20,"You will be presented with a series of 16 different environments to explore.
In each trial, you can select an option between numbers 1 and 30 by pressing the corresponding key.
By selecting any of these options, you will earn points associated with each unique option.
Imagine these options 1 through 30 as lying next to each other in an ordered line; options closer to each other tend to have similar rewards as rewards tend to cluster together.
For each environment, you will be able to make either 5 or 10 choices.
When you made all your choices in a given environment, you will start making choices in the next unexplored environment.
The rewards underlying the different options are different in each environment so you will learn them anew for each environment.
Each environment starts with the value of a single option revealed.
When you choose the number corresponding to a different option, you will be told the value of that option and receive those points.
Previously revealed options, including the starting option, can also be reselected, although there may be small changes in the point value.
It is your task to gain as many points as possible across all 16 environments.

Environment number 1:
The value of option 7 is 23. You have 10 choices to make in this environment.
You press <<9>> and receive 15 points.
You press <<6>> and receive 24 points.
You press <<17>> and receive 4 points.
You press <<8>> and receive 37 points.
You press <<4>> and receive 15 points.
You press <<13>> and receive 69 points.
You press <<11>> and receive 19 points.
You press <<15>> and receive 34 points.
You press <<12>> and receive 51 points.
You press <<13>> and receive 69 points.

Environment number 2:
The value of option 22 is 37. You have 5 choices to make in this environment.
You press <<21>> and receive 53 points.
You press <<23>> and receive 63 points.
You press <<24>> and receive 51 points.
You press <<13>> and receive 56 points.
You press <<13>> and receive 59 points.

Environment number 3:
The value of option 6 is -1. You have 5 choices to make in this environment.
You press <<23>> and receive 47 points.
You press <<24>> and receive 56 points.
You press <<22>> and receive 20 points.
You press <<12>> and receive 33 points.
You press <<13>> and receive 48 points.

Environment number 4:
The value of option 20 is 45. You have 10 choices to make in this environment.
You press <<19>> and receive 24 points.
You press <<21>> and receive 35 points.
You press <<12>> and receive 75 points.
You press <<11>> and receive 62 points.
You press <<13>> and receive 84 points.
You press <<3>> and receive 23 points.
You press <<7>> and receive 23 points.
You press <<13>> and receive 83 points.
You press <<14>> and receive 82 points.
You press <<12>> and receive 75 points.

Environment number 5:
The value of option 15 is 0. You have 10 choices to make in this environment.
You press <<26>> and receive 43 points.
You press <<25>> and receive 84 points.
You press <<24>> and receive 47 points.
You press <<4>> and receive 30 points.
You press <<13>> and receive 65 points.
You press <<14>> and receive 33 points.
You press <<12>> and receive 54 points.
You press <<9>> and receive 30 points.
You press <<25>> and receive 83 points.
You press <<25>> and receive 84 points.

Environment number 6:
The value of option 3 is 20. You have 5 choices to make in this environment.
You press <<5>> and receive 25 points.
You press <<14>> and receive 33 points.
You press <<20>> and receive 20 points.
You press <<25>> and receive 51 points.
You press <<26>> and receive 51 points.

Environment number 7:
The value of option 3 is 34. You have 5 choices to make in this environment.
You press <<9>> and receive 58 points.
You press <<10>> and receive 48 points.
You press <<16>> and receive 55 points.
You press <<17>> and receive 12 points.
You press <<18>> and receive 4 points.

Environment number 8:
The value of option 13 is 1. You have 5 choices to make in this environment.
You press <<24>> and receive 11 points.
You press <<21>> and receive 9 points.
You press <<18>> and receive 53 points.
You press <<19>> and receive 18 points.
You press <<17>> and receive 42 points.

Environment number 9:
The value of option 19 is 73. You have 10 choices to make in this environment.
You press <<20>> and receive 51 points.
You press <<18>> and receive 64 points.
You press <<12>> and receive 36 points.
You press <<6>> and receive 33 points.
You press <<1>> and receive 31 points.
You press <<14>> and receive 29 points.
You press <<25>> and receive 8 points.
You press <<23>> and receive 47 points.
You press <<22>> and receive 46 points.
You press <<24>> and receive 19 points.

Environment number 10:
The value of option 3 is 11. You have 10 choices to make in this environment.
You press <<7>> and receive 38 points.
You press <<14>> and receive 23 points.
You press <<20>> and receive 10 points.
You press <<27>> and receive 20 points.
You press <<16>> and receive 1 points.
You press <<9>> and receive 45 points.
You press <<8>> and receive 31 points.
You press <<10>> and receive 34 points.
You press <<6>> and receive 49 points.
You press <<5>> and receive 38 points.

Environment number 11:
The value of option 17 is 51. You have 5 choices to make in this environment.
You press <<18>> and receive 49 points.
You press <<16>> and receive 52 points.
You press <<6>> and receive 61 points.
You press <<5>> and receive 33 points.
You press <<7>> and receive 61 points.

Environment number 12:
The value of option 21 is 35. You have 5 choices to make in this environment.
You press <<20>> and receive -1 points.
You press <<22>> and receive 54 points.
You press <<23>> and receive 37 points.
You press <<14>> and receive 57 points.
You press <<13>> and receive 69 points.

Environment number 13:
The value of option 5 is 56. You have 10 choices to make in this environment.
You press <<4>> and receive 60 points.
You press <<6>> and receive 69 points.
You press <<7>> and receive 68 points.
You press <<8>> and receive 37 points.
You press <<17>> and receive 83 points.
You press <<18>> and receive 64 points.
You press <<16>> and receive 81 points.
You press <<15>> and receive 66 points.
You press <<13>> and receive 21 points.
You press <<14>> and receive 48 points.

Environment number 14:
The value of option 24 is 12. You have 10 choices to make in this environment.
You press <<",25
14,29,2,11,0,rough,24,10,12,58,"You will be presented with a series of 16 different environments to explore.
In each trial, you can select an option between numbers 1 and 30 by pressing the corresponding key.
By selecting any of these options, you will earn points associated with each unique option.
Imagine these options 1 through 30 as lying next to each other in an ordered line; options closer to each other tend to have similar rewards as rewards tend to cluster together.
For each environment, you will be able to make either 5 or 10 choices.
When you made all your choices in a given environment, you will start making choices in the next unexplored environment.
The rewards underlying the different options are different in each environment so you will learn them anew for each environment.
Each environment starts with the value of a single option revealed.
When you choose the number corresponding to a different option, you will be told the value of that option and receive those points.
Previously revealed options, including the starting option, can also be reselected, although there may be small changes in the point value.
It is your task to gain as many points as possible across all 16 environments.

Environment number 1:
The value of option 7 is 23. You have 10 choices to make in this environment.
You press <<9>> and receive 15 points.
You press <<6>> and receive 24 points.
You press <<17>> and receive 4 points.
You press <<8>> and receive 37 points.
You press <<4>> and receive 15 points.
You press <<13>> and receive 69 points.
You press <<11>> and receive 19 points.
You press <<15>> and receive 34 points.
You press <<12>> and receive 51 points.
You press <<13>> and receive 69 points.

Environment number 2:
The value of option 22 is 37. You have 5 choices to make in this environment.
You press <<21>> and receive 53 points.
You press <<23>> and receive 63 points.
You press <<24>> and receive 51 points.
You press <<13>> and receive 56 points.
You press <<13>> and receive 59 points.

Environment number 3:
The value of option 6 is -1. You have 5 choices to make in this environment.
You press <<23>> and receive 47 points.
You press <<24>> and receive 56 points.
You press <<22>> and receive 20 points.
You press <<12>> and receive 33 points.
You press <<13>> and receive 48 points.

Environment number 4:
The value of option 20 is 45. You have 10 choices to make in this environment.
You press <<19>> and receive 24 points.
You press <<21>> and receive 35 points.
You press <<12>> and receive 75 points.
You press <<11>> and receive 62 points.
You press <<13>> and receive 84 points.
You press <<3>> and receive 23 points.
You press <<7>> and receive 23 points.
You press <<13>> and receive 83 points.
You press <<14>> and receive 82 points.
You press <<12>> and receive 75 points.

Environment number 5:
The value of option 15 is 0. You have 10 choices to make in this environment.
You press <<26>> and receive 43 points.
You press <<25>> and receive 84 points.
You press <<24>> and receive 47 points.
You press <<4>> and receive 30 points.
You press <<13>> and receive 65 points.
You press <<14>> and receive 33 points.
You press <<12>> and receive 54 points.
You press <<9>> and receive 30 points.
You press <<25>> and receive 83 points.
You press <<25>> and receive 84 points.

Environment number 6:
The value of option 3 is 20. You have 5 choices to make in this environment.
You press <<5>> and receive 25 points.
You press <<14>> and receive 33 points.
You press <<20>> and receive 20 points.
You press <<25>> and receive 51 points.
You press <<26>> and receive 51 points.

Environment number 7:
The value of option 3 is 34. You have 5 choices to make in this environment.
You press <<9>> and receive 58 points.
You press <<10>> and receive 48 points.
You press <<16>> and receive 55 points.
You press <<17>> and receive 12 points.
You press <<18>> and receive 4 points.

Environment number 8:
The value of option 13 is 1. You have 5 choices to make in this environment.
You press <<24>> and receive 11 points.
You press <<21>> and receive 9 points.
You press <<18>> and receive 53 points.
You press <<19>> and receive 18 points.
You press <<17>> and receive 42 points.

Environment number 9:
The value of option 19 is 73. You have 10 choices to make in this environment.
You press <<20>> and receive 51 points.
You press <<18>> and receive 64 points.
You press <<12>> and receive 36 points.
You press <<6>> and receive 33 points.
You press <<1>> and receive 31 points.
You press <<14>> and receive 29 points.
You press <<25>> and receive 8 points.
You press <<23>> and receive 47 points.
You press <<22>> and receive 46 points.
You press <<24>> and receive 19 points.

Environment number 10:
The value of option 3 is 11. You have 10 choices to make in this environment.
You press <<7>> and receive 38 points.
You press <<14>> and receive 23 points.
You press <<20>> and receive 10 points.
You press <<27>> and receive 20 points.
You press <<16>> and receive 1 points.
You press <<9>> and receive 45 points.
You press <<8>> and receive 31 points.
You press <<10>> and receive 34 points.
You press <<6>> and receive 49 points.
You press <<5>> and receive 38 points.

Environment number 11:
The value of option 17 is 51. You have 5 choices to make in this environment.
You press <<18>> and receive 49 points.
You press <<16>> and receive 52 points.
You press <<6>> and receive 61 points.
You press <<5>> and receive 33 points.
You press <<7>> and receive 61 points.

Environment number 12:
The value of option 21 is 35. You have 5 choices to make in this environment.
You press <<20>> and receive -1 points.
You press <<22>> and receive 54 points.
You press <<23>> and receive 37 points.
You press <<14>> and receive 57 points.
You press <<13>> and receive 69 points.

Environment number 13:
The value of option 5 is 56. You have 10 choices to make in this environment.
You press <<4>> and receive 60 points.
You press <<6>> and receive 69 points.
You press <<7>> and receive 68 points.
You press <<8>> and receive 37 points.
You press <<17>> and receive 83 points.
You press <<18>> and receive 64 points.
You press <<16>> and receive 81 points.
You press <<15>> and receive 66 points.
You press <<13>> and receive 21 points.
You press <<14>> and receive 48 points.

Environment number 14:
The value of option 24 is 12. You have 10 choices to make in this environment.
You press <<17>> and receive 20 points.
You press <<",25
14,29,3,10,0,rough,24,10,12,55,"You will be presented with a series of 16 different environments to explore.
In each trial, you can select an option between numbers 1 and 30 by pressing the corresponding key.
By selecting any of these options, you will earn points associated with each unique option.
Imagine these options 1 through 30 as lying next to each other in an ordered line; options closer to each other tend to have similar rewards as rewards tend to cluster together.
For each environment, you will be able to make either 5 or 10 choices.
When you made all your choices in a given environment, you will start making choices in the next unexplored environment.
The rewards underlying the different options are different in each environment so you will learn them anew for each environment.
Each environment starts with the value of a single option revealed.
When you choose the number corresponding to a different option, you will be told the value of that option and receive those points.
Previously revealed options, including the starting option, can also be reselected, although there may be small changes in the point value.
It is your task to gain as many points as possible across all 16 environments.

Environment number 1:
The value of option 7 is 23. You have 10 choices to make in this environment.
You press <<9>> and receive 15 points.
You press <<6>> and receive 24 points.
You press <<17>> and receive 4 points.
You press <<8>> and receive 37 points.
You press <<4>> and receive 15 points.
You press <<13>> and receive 69 points.
You press <<11>> and receive 19 points.
You press <<15>> and receive 34 points.
You press <<12>> and receive 51 points.
You press <<13>> and receive 69 points.

Environment number 2:
The value of option 22 is 37. You have 5 choices to make in this environment.
You press <<21>> and receive 53 points.
You press <<23>> and receive 63 points.
You press <<24>> and receive 51 points.
You press <<13>> and receive 56 points.
You press <<13>> and receive 59 points.

Environment number 3:
The value of option 6 is -1. You have 5 choices to make in this environment.
You press <<23>> and receive 47 points.
You press <<24>> and receive 56 points.
You press <<22>> and receive 20 points.
You press <<12>> and receive 33 points.
You press <<13>> and receive 48 points.

Environment number 4:
The value of option 20 is 45. You have 10 choices to make in this environment.
You press <<19>> and receive 24 points.
You press <<21>> and receive 35 points.
You press <<12>> and receive 75 points.
You press <<11>> and receive 62 points.
You press <<13>> and receive 84 points.
You press <<3>> and receive 23 points.
You press <<7>> and receive 23 points.
You press <<13>> and receive 83 points.
You press <<14>> and receive 82 points.
You press <<12>> and receive 75 points.

Environment number 5:
The value of option 15 is 0. You have 10 choices to make in this environment.
You press <<26>> and receive 43 points.
You press <<25>> and receive 84 points.
You press <<24>> and receive 47 points.
You press <<4>> and receive 30 points.
You press <<13>> and receive 65 points.
You press <<14>> and receive 33 points.
You press <<12>> and receive 54 points.
You press <<9>> and receive 30 points.
You press <<25>> and receive 83 points.
You press <<25>> and receive 84 points.

Environment number 6:
The value of option 3 is 20. You have 5 choices to make in this environment.
You press <<5>> and receive 25 points.
You press <<14>> and receive 33 points.
You press <<20>> and receive 20 points.
You press <<25>> and receive 51 points.
You press <<26>> and receive 51 points.

Environment number 7:
The value of option 3 is 34. You have 5 choices to make in this environment.
You press <<9>> and receive 58 points.
You press <<10>> and receive 48 points.
You press <<16>> and receive 55 points.
You press <<17>> and receive 12 points.
You press <<18>> and receive 4 points.

Environment number 8:
The value of option 13 is 1. You have 5 choices to make in this environment.
You press <<24>> and receive 11 points.
You press <<21>> and receive 9 points.
You press <<18>> and receive 53 points.
You press <<19>> and receive 18 points.
You press <<17>> and receive 42 points.

Environment number 9:
The value of option 19 is 73. You have 10 choices to make in this environment.
You press <<20>> and receive 51 points.
You press <<18>> and receive 64 points.
You press <<12>> and receive 36 points.
You press <<6>> and receive 33 points.
You press <<1>> and receive 31 points.
You press <<14>> and receive 29 points.
You press <<25>> and receive 8 points.
You press <<23>> and receive 47 points.
You press <<22>> and receive 46 points.
You press <<24>> and receive 19 points.

Environment number 10:
The value of option 3 is 11. You have 10 choices to make in this environment.
You press <<7>> and receive 38 points.
You press <<14>> and receive 23 points.
You press <<20>> and receive 10 points.
You press <<27>> and receive 20 points.
You press <<16>> and receive 1 points.
You press <<9>> and receive 45 points.
You press <<8>> and receive 31 points.
You press <<10>> and receive 34 points.
You press <<6>> and receive 49 points.
You press <<5>> and receive 38 points.

Environment number 11:
The value of option 17 is 51. You have 5 choices to make in this environment.
You press <<18>> and receive 49 points.
You press <<16>> and receive 52 points.
You press <<6>> and receive 61 points.
You press <<5>> and receive 33 points.
You press <<7>> and receive 61 points.

Environment number 12:
The value of option 21 is 35. You have 5 choices to make in this environment.
You press <<20>> and receive -1 points.
You press <<22>> and receive 54 points.
You press <<23>> and receive 37 points.
You press <<14>> and receive 57 points.
You press <<13>> and receive 69 points.

Environment number 13:
The value of option 5 is 56. You have 10 choices to make in this environment.
You press <<4>> and receive 60 points.
You press <<6>> and receive 69 points.
You press <<7>> and receive 68 points.
You press <<8>> and receive 37 points.
You press <<17>> and receive 83 points.
You press <<18>> and receive 64 points.
You press <<16>> and receive 81 points.
You press <<15>> and receive 66 points.
You press <<13>> and receive 21 points.
You press <<14>> and receive 48 points.

Environment number 14:
The value of option 24 is 12. You have 10 choices to make in this environment.
You press <<17>> and receive 20 points.
You press <<11>> and receive 58 points.
You press <<",25
14,29,4,12,0,rough,24,10,12,36,"You will be presented with a series of 16 different environments to explore.
In each trial, you can select an option between numbers 1 and 30 by pressing the corresponding key.
By selecting any of these options, you will earn points associated with each unique option.
Imagine these options 1 through 30 as lying next to each other in an ordered line; options closer to each other tend to have similar rewards as rewards tend to cluster together.
For each environment, you will be able to make either 5 or 10 choices.
When you made all your choices in a given environment, you will start making choices in the next unexplored environment.
The rewards underlying the different options are different in each environment so you will learn them anew for each environment.
Each environment starts with the value of a single option revealed.
When you choose the number corresponding to a different option, you will be told the value of that option and receive those points.
Previously revealed options, including the starting option, can also be reselected, although there may be small changes in the point value.
It is your task to gain as many points as possible across all 16 environments.

Environment number 1:
The value of option 7 is 23. You have 10 choices to make in this environment.
You press <<9>> and receive 15 points.
You press <<6>> and receive 24 points.
You press <<17>> and receive 4 points.
You press <<8>> and receive 37 points.
You press <<4>> and receive 15 points.
You press <<13>> and receive 69 points.
You press <<11>> and receive 19 points.
You press <<15>> and receive 34 points.
You press <<12>> and receive 51 points.
You press <<13>> and receive 69 points.

Environment number 2:
The value of option 22 is 37. You have 5 choices to make in this environment.
You press <<21>> and receive 53 points.
You press <<23>> and receive 63 points.
You press <<24>> and receive 51 points.
You press <<13>> and receive 56 points.
You press <<13>> and receive 59 points.

Environment number 3:
The value of option 6 is -1. You have 5 choices to make in this environment.
You press <<23>> and receive 47 points.
You press <<24>> and receive 56 points.
You press <<22>> and receive 20 points.
You press <<12>> and receive 33 points.
You press <<13>> and receive 48 points.

Environment number 4:
The value of option 20 is 45. You have 10 choices to make in this environment.
You press <<19>> and receive 24 points.
You press <<21>> and receive 35 points.
You press <<12>> and receive 75 points.
You press <<11>> and receive 62 points.
You press <<13>> and receive 84 points.
You press <<3>> and receive 23 points.
You press <<7>> and receive 23 points.
You press <<13>> and receive 83 points.
You press <<14>> and receive 82 points.
You press <<12>> and receive 75 points.

Environment number 5:
The value of option 15 is 0. You have 10 choices to make in this environment.
You press <<26>> and receive 43 points.
You press <<25>> and receive 84 points.
You press <<24>> and receive 47 points.
You press <<4>> and receive 30 points.
You press <<13>> and receive 65 points.
You press <<14>> and receive 33 points.
You press <<12>> and receive 54 points.
You press <<9>> and receive 30 points.
You press <<25>> and receive 83 points.
You press <<25>> and receive 84 points.

Environment number 6:
The value of option 3 is 20. You have 5 choices to make in this environment.
You press <<5>> and receive 25 points.
You press <<14>> and receive 33 points.
You press <<20>> and receive 20 points.
You press <<25>> and receive 51 points.
You press <<26>> and receive 51 points.

Environment number 7:
The value of option 3 is 34. You have 5 choices to make in this environment.
You press <<9>> and receive 58 points.
You press <<10>> and receive 48 points.
You press <<16>> and receive 55 points.
You press <<17>> and receive 12 points.
You press <<18>> and receive 4 points.

Environment number 8:
The value of option 13 is 1. You have 5 choices to make in this environment.
You press <<24>> and receive 11 points.
You press <<21>> and receive 9 points.
You press <<18>> and receive 53 points.
You press <<19>> and receive 18 points.
You press <<17>> and receive 42 points.

Environment number 9:
The value of option 19 is 73. You have 10 choices to make in this environment.
You press <<20>> and receive 51 points.
You press <<18>> and receive 64 points.
You press <<12>> and receive 36 points.
You press <<6>> and receive 33 points.
You press <<1>> and receive 31 points.
You press <<14>> and receive 29 points.
You press <<25>> and receive 8 points.
You press <<23>> and receive 47 points.
You press <<22>> and receive 46 points.
You press <<24>> and receive 19 points.

Environment number 10:
The value of option 3 is 11. You have 10 choices to make in this environment.
You press <<7>> and receive 38 points.
You press <<14>> and receive 23 points.
You press <<20>> and receive 10 points.
You press <<27>> and receive 20 points.
You press <<16>> and receive 1 points.
You press <<9>> and receive 45 points.
You press <<8>> and receive 31 points.
You press <<10>> and receive 34 points.
You press <<6>> and receive 49 points.
You press <<5>> and receive 38 points.

Environment number 11:
The value of option 17 is 51. You have 5 choices to make in this environment.
You press <<18>> and receive 49 points.
You press <<16>> and receive 52 points.
You press <<6>> and receive 61 points.
You press <<5>> and receive 33 points.
You press <<7>> and receive 61 points.

Environment number 12:
The value of option 21 is 35. You have 5 choices to make in this environment.
You press <<20>> and receive -1 points.
You press <<22>> and receive 54 points.
You press <<23>> and receive 37 points.
You press <<14>> and receive 57 points.
You press <<13>> and receive 69 points.

Environment number 13:
The value of option 5 is 56. You have 10 choices to make in this environment.
You press <<4>> and receive 60 points.
You press <<6>> and receive 69 points.
You press <<7>> and receive 68 points.
You press <<8>> and receive 37 points.
You press <<17>> and receive 83 points.
You press <<18>> and receive 64 points.
You press <<16>> and receive 81 points.
You press <<15>> and receive 66 points.
You press <<13>> and receive 21 points.
You press <<14>> and receive 48 points.

Environment number 14:
The value of option 24 is 12. You have 10 choices to make in this environment.
You press <<17>> and receive 20 points.
You press <<11>> and receive 58 points.
You press <<10>> and receive 55 points.
You press <<",25
14,29,5,9,0,rough,24,10,12,75,"You will be presented with a series of 16 different environments to explore.
In each trial, you can select an option between numbers 1 and 30 by pressing the corresponding key.
By selecting any of these options, you will earn points associated with each unique option.
Imagine these options 1 through 30 as lying next to each other in an ordered line; options closer to each other tend to have similar rewards as rewards tend to cluster together.
For each environment, you will be able to make either 5 or 10 choices.
When you made all your choices in a given environment, you will start making choices in the next unexplored environment.
The rewards underlying the different options are different in each environment so you will learn them anew for each environment.
Each environment starts with the value of a single option revealed.
When you choose the number corresponding to a different option, you will be told the value of that option and receive those points.
Previously revealed options, including the starting option, can also be reselected, although there may be small changes in the point value.
It is your task to gain as many points as possible across all 16 environments.

Environment number 1:
The value of option 7 is 23. You have 10 choices to make in this environment.
You press <<9>> and receive 15 points.
You press <<6>> and receive 24 points.
You press <<17>> and receive 4 points.
You press <<8>> and receive 37 points.
You press <<4>> and receive 15 points.
You press <<13>> and receive 69 points.
You press <<11>> and receive 19 points.
You press <<15>> and receive 34 points.
You press <<12>> and receive 51 points.
You press <<13>> and receive 69 points.

Environment number 2:
The value of option 22 is 37. You have 5 choices to make in this environment.
You press <<21>> and receive 53 points.
You press <<23>> and receive 63 points.
You press <<24>> and receive 51 points.
You press <<13>> and receive 56 points.
You press <<13>> and receive 59 points.

Environment number 3:
The value of option 6 is -1. You have 5 choices to make in this environment.
You press <<23>> and receive 47 points.
You press <<24>> and receive 56 points.
You press <<22>> and receive 20 points.
You press <<12>> and receive 33 points.
You press <<13>> and receive 48 points.

Environment number 4:
The value of option 20 is 45. You have 10 choices to make in this environment.
You press <<19>> and receive 24 points.
You press <<21>> and receive 35 points.
You press <<12>> and receive 75 points.
You press <<11>> and receive 62 points.
You press <<13>> and receive 84 points.
You press <<3>> and receive 23 points.
You press <<7>> and receive 23 points.
You press <<13>> and receive 83 points.
You press <<14>> and receive 82 points.
You press <<12>> and receive 75 points.

Environment number 5:
The value of option 15 is 0. You have 10 choices to make in this environment.
You press <<26>> and receive 43 points.
You press <<25>> and receive 84 points.
You press <<24>> and receive 47 points.
You press <<4>> and receive 30 points.
You press <<13>> and receive 65 points.
You press <<14>> and receive 33 points.
You press <<12>> and receive 54 points.
You press <<9>> and receive 30 points.
You press <<25>> and receive 83 points.
You press <<25>> and receive 84 points.

Environment number 6:
The value of option 3 is 20. You have 5 choices to make in this environment.
You press <<5>> and receive 25 points.
You press <<14>> and receive 33 points.
You press <<20>> and receive 20 points.
You press <<25>> and receive 51 points.
You press <<26>> and receive 51 points.

Environment number 7:
The value of option 3 is 34. You have 5 choices to make in this environment.
You press <<9>> and receive 58 points.
You press <<10>> and receive 48 points.
You press <<16>> and receive 55 points.
You press <<17>> and receive 12 points.
You press <<18>> and receive 4 points.

Environment number 8:
The value of option 13 is 1. You have 5 choices to make in this environment.
You press <<24>> and receive 11 points.
You press <<21>> and receive 9 points.
You press <<18>> and receive 53 points.
You press <<19>> and receive 18 points.
You press <<17>> and receive 42 points.

Environment number 9:
The value of option 19 is 73. You have 10 choices to make in this environment.
You press <<20>> and receive 51 points.
You press <<18>> and receive 64 points.
You press <<12>> and receive 36 points.
You press <<6>> and receive 33 points.
You press <<1>> and receive 31 points.
You press <<14>> and receive 29 points.
You press <<25>> and receive 8 points.
You press <<23>> and receive 47 points.
You press <<22>> and receive 46 points.
You press <<24>> and receive 19 points.

Environment number 10:
The value of option 3 is 11. You have 10 choices to make in this environment.
You press <<7>> and receive 38 points.
You press <<14>> and receive 23 points.
You press <<20>> and receive 10 points.
You press <<27>> and receive 20 points.
You press <<16>> and receive 1 points.
You press <<9>> and receive 45 points.
You press <<8>> and receive 31 points.
You press <<10>> and receive 34 points.
You press <<6>> and receive 49 points.
You press <<5>> and receive 38 points.

Environment number 11:
The value of option 17 is 51. You have 5 choices to make in this environment.
You press <<18>> and receive 49 points.
You press <<16>> and receive 52 points.
You press <<6>> and receive 61 points.
You press <<5>> and receive 33 points.
You press <<7>> and receive 61 points.

Environment number 12:
The value of option 21 is 35. You have 5 choices to make in this environment.
You press <<20>> and receive -1 points.
You press <<22>> and receive 54 points.
You press <<23>> and receive 37 points.
You press <<14>> and receive 57 points.
You press <<13>> and receive 69 points.

Environment number 13:
The value of option 5 is 56. You have 10 choices to make in this environment.
You press <<4>> and receive 60 points.
You press <<6>> and receive 69 points.
You press <<7>> and receive 68 points.
You press <<8>> and receive 37 points.
You press <<17>> and receive 83 points.
You press <<18>> and receive 64 points.
You press <<16>> and receive 81 points.
You press <<15>> and receive 66 points.
You press <<13>> and receive 21 points.
You press <<14>> and receive 48 points.

Environment number 14:
The value of option 24 is 12. You have 10 choices to make in this environment.
You press <<17>> and receive 20 points.
You press <<11>> and receive 58 points.
You press <<10>> and receive 55 points.
You press <<12>> and receive 36 points.
You press <<",25
14,29,6,8,0,rough,24,10,12,65,"You will be presented with a series of 16 different environments to explore.
In each trial, you can select an option between numbers 1 and 30 by pressing the corresponding key.
By selecting any of these options, you will earn points associated with each unique option.
Imagine these options 1 through 30 as lying next to each other in an ordered line; options closer to each other tend to have similar rewards as rewards tend to cluster together.
For each environment, you will be able to make either 5 or 10 choices.
When you made all your choices in a given environment, you will start making choices in the next unexplored environment.
The rewards underlying the different options are different in each environment so you will learn them anew for each environment.
Each environment starts with the value of a single option revealed.
When you choose the number corresponding to a different option, you will be told the value of that option and receive those points.
Previously revealed options, including the starting option, can also be reselected, although there may be small changes in the point value.
It is your task to gain as many points as possible across all 16 environments.

Environment number 1:
The value of option 7 is 23. You have 10 choices to make in this environment.
You press <<9>> and receive 15 points.
You press <<6>> and receive 24 points.
You press <<17>> and receive 4 points.
You press <<8>> and receive 37 points.
You press <<4>> and receive 15 points.
You press <<13>> and receive 69 points.
You press <<11>> and receive 19 points.
You press <<15>> and receive 34 points.
You press <<12>> and receive 51 points.
You press <<13>> and receive 69 points.

Environment number 2:
The value of option 22 is 37. You have 5 choices to make in this environment.
You press <<21>> and receive 53 points.
You press <<23>> and receive 63 points.
You press <<24>> and receive 51 points.
You press <<13>> and receive 56 points.
You press <<13>> and receive 59 points.

Environment number 3:
The value of option 6 is -1. You have 5 choices to make in this environment.
You press <<23>> and receive 47 points.
You press <<24>> and receive 56 points.
You press <<22>> and receive 20 points.
You press <<12>> and receive 33 points.
You press <<13>> and receive 48 points.

Environment number 4:
The value of option 20 is 45. You have 10 choices to make in this environment.
You press <<19>> and receive 24 points.
You press <<21>> and receive 35 points.
You press <<12>> and receive 75 points.
You press <<11>> and receive 62 points.
You press <<13>> and receive 84 points.
You press <<3>> and receive 23 points.
You press <<7>> and receive 23 points.
You press <<13>> and receive 83 points.
You press <<14>> and receive 82 points.
You press <<12>> and receive 75 points.

Environment number 5:
The value of option 15 is 0. You have 10 choices to make in this environment.
You press <<26>> and receive 43 points.
You press <<25>> and receive 84 points.
You press <<24>> and receive 47 points.
You press <<4>> and receive 30 points.
You press <<13>> and receive 65 points.
You press <<14>> and receive 33 points.
You press <<12>> and receive 54 points.
You press <<9>> and receive 30 points.
You press <<25>> and receive 83 points.
You press <<25>> and receive 84 points.

Environment number 6:
The value of option 3 is 20. You have 5 choices to make in this environment.
You press <<5>> and receive 25 points.
You press <<14>> and receive 33 points.
You press <<20>> and receive 20 points.
You press <<25>> and receive 51 points.
You press <<26>> and receive 51 points.

Environment number 7:
The value of option 3 is 34. You have 5 choices to make in this environment.
You press <<9>> and receive 58 points.
You press <<10>> and receive 48 points.
You press <<16>> and receive 55 points.
You press <<17>> and receive 12 points.
You press <<18>> and receive 4 points.

Environment number 8:
The value of option 13 is 1. You have 5 choices to make in this environment.
You press <<24>> and receive 11 points.
You press <<21>> and receive 9 points.
You press <<18>> and receive 53 points.
You press <<19>> and receive 18 points.
You press <<17>> and receive 42 points.

Environment number 9:
The value of option 19 is 73. You have 10 choices to make in this environment.
You press <<20>> and receive 51 points.
You press <<18>> and receive 64 points.
You press <<12>> and receive 36 points.
You press <<6>> and receive 33 points.
You press <<1>> and receive 31 points.
You press <<14>> and receive 29 points.
You press <<25>> and receive 8 points.
You press <<23>> and receive 47 points.
You press <<22>> and receive 46 points.
You press <<24>> and receive 19 points.

Environment number 10:
The value of option 3 is 11. You have 10 choices to make in this environment.
You press <<7>> and receive 38 points.
You press <<14>> and receive 23 points.
You press <<20>> and receive 10 points.
You press <<27>> and receive 20 points.
You press <<16>> and receive 1 points.
You press <<9>> and receive 45 points.
You press <<8>> and receive 31 points.
You press <<10>> and receive 34 points.
You press <<6>> and receive 49 points.
You press <<5>> and receive 38 points.

Environment number 11:
The value of option 17 is 51. You have 5 choices to make in this environment.
You press <<18>> and receive 49 points.
You press <<16>> and receive 52 points.
You press <<6>> and receive 61 points.
You press <<5>> and receive 33 points.
You press <<7>> and receive 61 points.

Environment number 12:
The value of option 21 is 35. You have 5 choices to make in this environment.
You press <<20>> and receive -1 points.
You press <<22>> and receive 54 points.
You press <<23>> and receive 37 points.
You press <<14>> and receive 57 points.
You press <<13>> and receive 69 points.

Environment number 13:
The value of option 5 is 56. You have 10 choices to make in this environment.
You press <<4>> and receive 60 points.
You press <<6>> and receive 69 points.
You press <<7>> and receive 68 points.
You press <<8>> and receive 37 points.
You press <<17>> and receive 83 points.
You press <<18>> and receive 64 points.
You press <<16>> and receive 81 points.
You press <<15>> and receive 66 points.
You press <<13>> and receive 21 points.
You press <<14>> and receive 48 points.

Environment number 14:
The value of option 24 is 12. You have 10 choices to make in this environment.
You press <<17>> and receive 20 points.
You press <<11>> and receive 58 points.
You press <<10>> and receive 55 points.
You press <<12>> and receive 36 points.
You press <<9>> and receive 75 points.
You press <<",25
14,29,7,6,0,rough,24,10,12,14,"You will be presented with a series of 16 different environments to explore.
In each trial, you can select an option between numbers 1 and 30 by pressing the corresponding key.
By selecting any of these options, you will earn points associated with each unique option.
Imagine these options 1 through 30 as lying next to each other in an ordered line; options closer to each other tend to have similar rewards as rewards tend to cluster together.
For each environment, you will be able to make either 5 or 10 choices.
When you made all your choices in a given environment, you will start making choices in the next unexplored environment.
The rewards underlying the different options are different in each environment so you will learn them anew for each environment.
Each environment starts with the value of a single option revealed.
When you choose the number corresponding to a different option, you will be told the value of that option and receive those points.
Previously revealed options, including the starting option, can also be reselected, although there may be small changes in the point value.
It is your task to gain as many points as possible across all 16 environments.

Environment number 1:
The value of option 7 is 23. You have 10 choices to make in this environment.
You press <<9>> and receive 15 points.
You press <<6>> and receive 24 points.
You press <<17>> and receive 4 points.
You press <<8>> and receive 37 points.
You press <<4>> and receive 15 points.
You press <<13>> and receive 69 points.
You press <<11>> and receive 19 points.
You press <<15>> and receive 34 points.
You press <<12>> and receive 51 points.
You press <<13>> and receive 69 points.

Environment number 2:
The value of option 22 is 37. You have 5 choices to make in this environment.
You press <<21>> and receive 53 points.
You press <<23>> and receive 63 points.
You press <<24>> and receive 51 points.
You press <<13>> and receive 56 points.
You press <<13>> and receive 59 points.

Environment number 3:
The value of option 6 is -1. You have 5 choices to make in this environment.
You press <<23>> and receive 47 points.
You press <<24>> and receive 56 points.
You press <<22>> and receive 20 points.
You press <<12>> and receive 33 points.
You press <<13>> and receive 48 points.

Environment number 4:
The value of option 20 is 45. You have 10 choices to make in this environment.
You press <<19>> and receive 24 points.
You press <<21>> and receive 35 points.
You press <<12>> and receive 75 points.
You press <<11>> and receive 62 points.
You press <<13>> and receive 84 points.
You press <<3>> and receive 23 points.
You press <<7>> and receive 23 points.
You press <<13>> and receive 83 points.
You press <<14>> and receive 82 points.
You press <<12>> and receive 75 points.

Environment number 5:
The value of option 15 is 0. You have 10 choices to make in this environment.
You press <<26>> and receive 43 points.
You press <<25>> and receive 84 points.
You press <<24>> and receive 47 points.
You press <<4>> and receive 30 points.
You press <<13>> and receive 65 points.
You press <<14>> and receive 33 points.
You press <<12>> and receive 54 points.
You press <<9>> and receive 30 points.
You press <<25>> and receive 83 points.
You press <<25>> and receive 84 points.

Environment number 6:
The value of option 3 is 20. You have 5 choices to make in this environment.
You press <<5>> and receive 25 points.
You press <<14>> and receive 33 points.
You press <<20>> and receive 20 points.
You press <<25>> and receive 51 points.
You press <<26>> and receive 51 points.

Environment number 7:
The value of option 3 is 34. You have 5 choices to make in this environment.
You press <<9>> and receive 58 points.
You press <<10>> and receive 48 points.
You press <<16>> and receive 55 points.
You press <<17>> and receive 12 points.
You press <<18>> and receive 4 points.

Environment number 8:
The value of option 13 is 1. You have 5 choices to make in this environment.
You press <<24>> and receive 11 points.
You press <<21>> and receive 9 points.
You press <<18>> and receive 53 points.
You press <<19>> and receive 18 points.
You press <<17>> and receive 42 points.

Environment number 9:
The value of option 19 is 73. You have 10 choices to make in this environment.
You press <<20>> and receive 51 points.
You press <<18>> and receive 64 points.
You press <<12>> and receive 36 points.
You press <<6>> and receive 33 points.
You press <<1>> and receive 31 points.
You press <<14>> and receive 29 points.
You press <<25>> and receive 8 points.
You press <<23>> and receive 47 points.
You press <<22>> and receive 46 points.
You press <<24>> and receive 19 points.

Environment number 10:
The value of option 3 is 11. You have 10 choices to make in this environment.
You press <<7>> and receive 38 points.
You press <<14>> and receive 23 points.
You press <<20>> and receive 10 points.
You press <<27>> and receive 20 points.
You press <<16>> and receive 1 points.
You press <<9>> and receive 45 points.
You press <<8>> and receive 31 points.
You press <<10>> and receive 34 points.
You press <<6>> and receive 49 points.
You press <<5>> and receive 38 points.

Environment number 11:
The value of option 17 is 51. You have 5 choices to make in this environment.
You press <<18>> and receive 49 points.
You press <<16>> and receive 52 points.
You press <<6>> and receive 61 points.
You press <<5>> and receive 33 points.
You press <<7>> and receive 61 points.

Environment number 12:
The value of option 21 is 35. You have 5 choices to make in this environment.
You press <<20>> and receive -1 points.
You press <<22>> and receive 54 points.
You press <<23>> and receive 37 points.
You press <<14>> and receive 57 points.
You press <<13>> and receive 69 points.

Environment number 13:
The value of option 5 is 56. You have 10 choices to make in this environment.
You press <<4>> and receive 60 points.
You press <<6>> and receive 69 points.
You press <<7>> and receive 68 points.
You press <<8>> and receive 37 points.
You press <<17>> and receive 83 points.
You press <<18>> and receive 64 points.
You press <<16>> and receive 81 points.
You press <<15>> and receive 66 points.
You press <<13>> and receive 21 points.
You press <<14>> and receive 48 points.

Environment number 14:
The value of option 24 is 12. You have 10 choices to make in this environment.
You press <<17>> and receive 20 points.
You press <<11>> and receive 58 points.
You press <<10>> and receive 55 points.
You press <<12>> and receive 36 points.
You press <<9>> and receive 75 points.
You press <<8>> and receive 65 points.
You press <<",25
14,29,8,3,0,rough,24,10,12,1,"You will be presented with a series of 16 different environments to explore.
In each trial, you can select an option between numbers 1 and 30 by pressing the corresponding key.
By selecting any of these options, you will earn points associated with each unique option.
Imagine these options 1 through 30 as lying next to each other in an ordered line; options closer to each other tend to have similar rewards as rewards tend to cluster together.
For each environment, you will be able to make either 5 or 10 choices.
When you made all your choices in a given environment, you will start making choices in the next unexplored environment.
The rewards underlying the different options are different in each environment so you will learn them anew for each environment.
Each environment starts with the value of a single option revealed.
When you choose the number corresponding to a different option, you will be told the value of that option and receive those points.
Previously revealed options, including the starting option, can also be reselected, although there may be small changes in the point value.
It is your task to gain as many points as possible across all 16 environments.

Environment number 1:
The value of option 7 is 23. You have 10 choices to make in this environment.
You press <<9>> and receive 15 points.
You press <<6>> and receive 24 points.
You press <<17>> and receive 4 points.
You press <<8>> and receive 37 points.
You press <<4>> and receive 15 points.
You press <<13>> and receive 69 points.
You press <<11>> and receive 19 points.
You press <<15>> and receive 34 points.
You press <<12>> and receive 51 points.
You press <<13>> and receive 69 points.

Environment number 2:
The value of option 22 is 37. You have 5 choices to make in this environment.
You press <<21>> and receive 53 points.
You press <<23>> and receive 63 points.
You press <<24>> and receive 51 points.
You press <<13>> and receive 56 points.
You press <<13>> and receive 59 points.

Environment number 3:
The value of option 6 is -1. You have 5 choices to make in this environment.
You press <<23>> and receive 47 points.
You press <<24>> and receive 56 points.
You press <<22>> and receive 20 points.
You press <<12>> and receive 33 points.
You press <<13>> and receive 48 points.

Environment number 4:
The value of option 20 is 45. You have 10 choices to make in this environment.
You press <<19>> and receive 24 points.
You press <<21>> and receive 35 points.
You press <<12>> and receive 75 points.
You press <<11>> and receive 62 points.
You press <<13>> and receive 84 points.
You press <<3>> and receive 23 points.
You press <<7>> and receive 23 points.
You press <<13>> and receive 83 points.
You press <<14>> and receive 82 points.
You press <<12>> and receive 75 points.

Environment number 5:
The value of option 15 is 0. You have 10 choices to make in this environment.
You press <<26>> and receive 43 points.
You press <<25>> and receive 84 points.
You press <<24>> and receive 47 points.
You press <<4>> and receive 30 points.
You press <<13>> and receive 65 points.
You press <<14>> and receive 33 points.
You press <<12>> and receive 54 points.
You press <<9>> and receive 30 points.
You press <<25>> and receive 83 points.
You press <<25>> and receive 84 points.

Environment number 6:
The value of option 3 is 20. You have 5 choices to make in this environment.
You press <<5>> and receive 25 points.
You press <<14>> and receive 33 points.
You press <<20>> and receive 20 points.
You press <<25>> and receive 51 points.
You press <<26>> and receive 51 points.

Environment number 7:
The value of option 3 is 34. You have 5 choices to make in this environment.
You press <<9>> and receive 58 points.
You press <<10>> and receive 48 points.
You press <<16>> and receive 55 points.
You press <<17>> and receive 12 points.
You press <<18>> and receive 4 points.

Environment number 8:
The value of option 13 is 1. You have 5 choices to make in this environment.
You press <<24>> and receive 11 points.
You press <<21>> and receive 9 points.
You press <<18>> and receive 53 points.
You press <<19>> and receive 18 points.
You press <<17>> and receive 42 points.

Environment number 9:
The value of option 19 is 73. You have 10 choices to make in this environment.
You press <<20>> and receive 51 points.
You press <<18>> and receive 64 points.
You press <<12>> and receive 36 points.
You press <<6>> and receive 33 points.
You press <<1>> and receive 31 points.
You press <<14>> and receive 29 points.
You press <<25>> and receive 8 points.
You press <<23>> and receive 47 points.
You press <<22>> and receive 46 points.
You press <<24>> and receive 19 points.

Environment number 10:
The value of option 3 is 11. You have 10 choices to make in this environment.
You press <<7>> and receive 38 points.
You press <<14>> and receive 23 points.
You press <<20>> and receive 10 points.
You press <<27>> and receive 20 points.
You press <<16>> and receive 1 points.
You press <<9>> and receive 45 points.
You press <<8>> and receive 31 points.
You press <<10>> and receive 34 points.
You press <<6>> and receive 49 points.
You press <<5>> and receive 38 points.

Environment number 11:
The value of option 17 is 51. You have 5 choices to make in this environment.
You press <<18>> and receive 49 points.
You press <<16>> and receive 52 points.
You press <<6>> and receive 61 points.
You press <<5>> and receive 33 points.
You press <<7>> and receive 61 points.

Environment number 12:
The value of option 21 is 35. You have 5 choices to make in this environment.
You press <<20>> and receive -1 points.
You press <<22>> and receive 54 points.
You press <<23>> and receive 37 points.
You press <<14>> and receive 57 points.
You press <<13>> and receive 69 points.

Environment number 13:
The value of option 5 is 56. You have 10 choices to make in this environment.
You press <<4>> and receive 60 points.
You press <<6>> and receive 69 points.
You press <<7>> and receive 68 points.
You press <<8>> and receive 37 points.
You press <<17>> and receive 83 points.
You press <<18>> and receive 64 points.
You press <<16>> and receive 81 points.
You press <<15>> and receive 66 points.
You press <<13>> and receive 21 points.
You press <<14>> and receive 48 points.

Environment number 14:
The value of option 24 is 12. You have 10 choices to make in this environment.
You press <<17>> and receive 20 points.
You press <<11>> and receive 58 points.
You press <<10>> and receive 55 points.
You press <<12>> and receive 36 points.
You press <<9>> and receive 75 points.
You press <<8>> and receive 65 points.
You press <<6>> and receive 14 points.
You press <<",25
14,29,9,16,0,rough,24,10,12,24,"You will be presented with a series of 16 different environments to explore.
In each trial, you can select an option between numbers 1 and 30 by pressing the corresponding key.
By selecting any of these options, you will earn points associated with each unique option.
Imagine these options 1 through 30 as lying next to each other in an ordered line; options closer to each other tend to have similar rewards as rewards tend to cluster together.
For each environment, you will be able to make either 5 or 10 choices.
When you made all your choices in a given environment, you will start making choices in the next unexplored environment.
The rewards underlying the different options are different in each environment so you will learn them anew for each environment.
Each environment starts with the value of a single option revealed.
When you choose the number corresponding to a different option, you will be told the value of that option and receive those points.
Previously revealed options, including the starting option, can also be reselected, although there may be small changes in the point value.
It is your task to gain as many points as possible across all 16 environments.

Environment number 1:
The value of option 7 is 23. You have 10 choices to make in this environment.
You press <<9>> and receive 15 points.
You press <<6>> and receive 24 points.
You press <<17>> and receive 4 points.
You press <<8>> and receive 37 points.
You press <<4>> and receive 15 points.
You press <<13>> and receive 69 points.
You press <<11>> and receive 19 points.
You press <<15>> and receive 34 points.
You press <<12>> and receive 51 points.
You press <<13>> and receive 69 points.

Environment number 2:
The value of option 22 is 37. You have 5 choices to make in this environment.
You press <<21>> and receive 53 points.
You press <<23>> and receive 63 points.
You press <<24>> and receive 51 points.
You press <<13>> and receive 56 points.
You press <<13>> and receive 59 points.

Environment number 3:
The value of option 6 is -1. You have 5 choices to make in this environment.
You press <<23>> and receive 47 points.
You press <<24>> and receive 56 points.
You press <<22>> and receive 20 points.
You press <<12>> and receive 33 points.
You press <<13>> and receive 48 points.

Environment number 4:
The value of option 20 is 45. You have 10 choices to make in this environment.
You press <<19>> and receive 24 points.
You press <<21>> and receive 35 points.
You press <<12>> and receive 75 points.
You press <<11>> and receive 62 points.
You press <<13>> and receive 84 points.
You press <<3>> and receive 23 points.
You press <<7>> and receive 23 points.
You press <<13>> and receive 83 points.
You press <<14>> and receive 82 points.
You press <<12>> and receive 75 points.

Environment number 5:
The value of option 15 is 0. You have 10 choices to make in this environment.
You press <<26>> and receive 43 points.
You press <<25>> and receive 84 points.
You press <<24>> and receive 47 points.
You press <<4>> and receive 30 points.
You press <<13>> and receive 65 points.
You press <<14>> and receive 33 points.
You press <<12>> and receive 54 points.
You press <<9>> and receive 30 points.
You press <<25>> and receive 83 points.
You press <<25>> and receive 84 points.

Environment number 6:
The value of option 3 is 20. You have 5 choices to make in this environment.
You press <<5>> and receive 25 points.
You press <<14>> and receive 33 points.
You press <<20>> and receive 20 points.
You press <<25>> and receive 51 points.
You press <<26>> and receive 51 points.

Environment number 7:
The value of option 3 is 34. You have 5 choices to make in this environment.
You press <<9>> and receive 58 points.
You press <<10>> and receive 48 points.
You press <<16>> and receive 55 points.
You press <<17>> and receive 12 points.
You press <<18>> and receive 4 points.

Environment number 8:
The value of option 13 is 1. You have 5 choices to make in this environment.
You press <<24>> and receive 11 points.
You press <<21>> and receive 9 points.
You press <<18>> and receive 53 points.
You press <<19>> and receive 18 points.
You press <<17>> and receive 42 points.

Environment number 9:
The value of option 19 is 73. You have 10 choices to make in this environment.
You press <<20>> and receive 51 points.
You press <<18>> and receive 64 points.
You press <<12>> and receive 36 points.
You press <<6>> and receive 33 points.
You press <<1>> and receive 31 points.
You press <<14>> and receive 29 points.
You press <<25>> and receive 8 points.
You press <<23>> and receive 47 points.
You press <<22>> and receive 46 points.
You press <<24>> and receive 19 points.

Environment number 10:
The value of option 3 is 11. You have 10 choices to make in this environment.
You press <<7>> and receive 38 points.
You press <<14>> and receive 23 points.
You press <<20>> and receive 10 points.
You press <<27>> and receive 20 points.
You press <<16>> and receive 1 points.
You press <<9>> and receive 45 points.
You press <<8>> and receive 31 points.
You press <<10>> and receive 34 points.
You press <<6>> and receive 49 points.
You press <<5>> and receive 38 points.

Environment number 11:
The value of option 17 is 51. You have 5 choices to make in this environment.
You press <<18>> and receive 49 points.
You press <<16>> and receive 52 points.
You press <<6>> and receive 61 points.
You press <<5>> and receive 33 points.
You press <<7>> and receive 61 points.

Environment number 12:
The value of option 21 is 35. You have 5 choices to make in this environment.
You press <<20>> and receive -1 points.
You press <<22>> and receive 54 points.
You press <<23>> and receive 37 points.
You press <<14>> and receive 57 points.
You press <<13>> and receive 69 points.

Environment number 13:
The value of option 5 is 56. You have 10 choices to make in this environment.
You press <<4>> and receive 60 points.
You press <<6>> and receive 69 points.
You press <<7>> and receive 68 points.
You press <<8>> and receive 37 points.
You press <<17>> and receive 83 points.
You press <<18>> and receive 64 points.
You press <<16>> and receive 81 points.
You press <<15>> and receive 66 points.
You press <<13>> and receive 21 points.
You press <<14>> and receive 48 points.

Environment number 14:
The value of option 24 is 12. You have 10 choices to make in this environment.
You press <<17>> and receive 20 points.
You press <<11>> and receive 58 points.
You press <<10>> and receive 55 points.
You press <<12>> and receive 36 points.
You press <<9>> and receive 75 points.
You press <<8>> and receive 65 points.
You press <<6>> and receive 14 points.
You press <<3>> and receive 1 points.
You press <<",25
14,29,10,20,0,rough,24,10,12,80,"You will be presented with a series of 16 different environments to explore.
In each trial, you can select an option between numbers 1 and 30 by pressing the corresponding key.
By selecting any of these options, you will earn points associated with each unique option.
Imagine these options 1 through 30 as lying next to each other in an ordered line; options closer to each other tend to have similar rewards as rewards tend to cluster together.
For each environment, you will be able to make either 5 or 10 choices.
When you made all your choices in a given environment, you will start making choices in the next unexplored environment.
The rewards underlying the different options are different in each environment so you will learn them anew for each environment.
Each environment starts with the value of a single option revealed.
When you choose the number corresponding to a different option, you will be told the value of that option and receive those points.
Previously revealed options, including the starting option, can also be reselected, although there may be small changes in the point value.
It is your task to gain as many points as possible across all 16 environments.

Environment number 1:
The value of option 7 is 23. You have 10 choices to make in this environment.
You press <<9>> and receive 15 points.
You press <<6>> and receive 24 points.
You press <<17>> and receive 4 points.
You press <<8>> and receive 37 points.
You press <<4>> and receive 15 points.
You press <<13>> and receive 69 points.
You press <<11>> and receive 19 points.
You press <<15>> and receive 34 points.
You press <<12>> and receive 51 points.
You press <<13>> and receive 69 points.

Environment number 2:
The value of option 22 is 37. You have 5 choices to make in this environment.
You press <<21>> and receive 53 points.
You press <<23>> and receive 63 points.
You press <<24>> and receive 51 points.
You press <<13>> and receive 56 points.
You press <<13>> and receive 59 points.

Environment number 3:
The value of option 6 is -1. You have 5 choices to make in this environment.
You press <<23>> and receive 47 points.
You press <<24>> and receive 56 points.
You press <<22>> and receive 20 points.
You press <<12>> and receive 33 points.
You press <<13>> and receive 48 points.

Environment number 4:
The value of option 20 is 45. You have 10 choices to make in this environment.
You press <<19>> and receive 24 points.
You press <<21>> and receive 35 points.
You press <<12>> and receive 75 points.
You press <<11>> and receive 62 points.
You press <<13>> and receive 84 points.
You press <<3>> and receive 23 points.
You press <<7>> and receive 23 points.
You press <<13>> and receive 83 points.
You press <<14>> and receive 82 points.
You press <<12>> and receive 75 points.

Environment number 5:
The value of option 15 is 0. You have 10 choices to make in this environment.
You press <<26>> and receive 43 points.
You press <<25>> and receive 84 points.
You press <<24>> and receive 47 points.
You press <<4>> and receive 30 points.
You press <<13>> and receive 65 points.
You press <<14>> and receive 33 points.
You press <<12>> and receive 54 points.
You press <<9>> and receive 30 points.
You press <<25>> and receive 83 points.
You press <<25>> and receive 84 points.

Environment number 6:
The value of option 3 is 20. You have 5 choices to make in this environment.
You press <<5>> and receive 25 points.
You press <<14>> and receive 33 points.
You press <<20>> and receive 20 points.
You press <<25>> and receive 51 points.
You press <<26>> and receive 51 points.

Environment number 7:
The value of option 3 is 34. You have 5 choices to make in this environment.
You press <<9>> and receive 58 points.
You press <<10>> and receive 48 points.
You press <<16>> and receive 55 points.
You press <<17>> and receive 12 points.
You press <<18>> and receive 4 points.

Environment number 8:
The value of option 13 is 1. You have 5 choices to make in this environment.
You press <<24>> and receive 11 points.
You press <<21>> and receive 9 points.
You press <<18>> and receive 53 points.
You press <<19>> and receive 18 points.
You press <<17>> and receive 42 points.

Environment number 9:
The value of option 19 is 73. You have 10 choices to make in this environment.
You press <<20>> and receive 51 points.
You press <<18>> and receive 64 points.
You press <<12>> and receive 36 points.
You press <<6>> and receive 33 points.
You press <<1>> and receive 31 points.
You press <<14>> and receive 29 points.
You press <<25>> and receive 8 points.
You press <<23>> and receive 47 points.
You press <<22>> and receive 46 points.
You press <<24>> and receive 19 points.

Environment number 10:
The value of option 3 is 11. You have 10 choices to make in this environment.
You press <<7>> and receive 38 points.
You press <<14>> and receive 23 points.
You press <<20>> and receive 10 points.
You press <<27>> and receive 20 points.
You press <<16>> and receive 1 points.
You press <<9>> and receive 45 points.
You press <<8>> and receive 31 points.
You press <<10>> and receive 34 points.
You press <<6>> and receive 49 points.
You press <<5>> and receive 38 points.

Environment number 11:
The value of option 17 is 51. You have 5 choices to make in this environment.
You press <<18>> and receive 49 points.
You press <<16>> and receive 52 points.
You press <<6>> and receive 61 points.
You press <<5>> and receive 33 points.
You press <<7>> and receive 61 points.

Environment number 12:
The value of option 21 is 35. You have 5 choices to make in this environment.
You press <<20>> and receive -1 points.
You press <<22>> and receive 54 points.
You press <<23>> and receive 37 points.
You press <<14>> and receive 57 points.
You press <<13>> and receive 69 points.

Environment number 13:
The value of option 5 is 56. You have 10 choices to make in this environment.
You press <<4>> and receive 60 points.
You press <<6>> and receive 69 points.
You press <<7>> and receive 68 points.
You press <<8>> and receive 37 points.
You press <<17>> and receive 83 points.
You press <<18>> and receive 64 points.
You press <<16>> and receive 81 points.
You press <<15>> and receive 66 points.
You press <<13>> and receive 21 points.
You press <<14>> and receive 48 points.

Environment number 14:
The value of option 24 is 12. You have 10 choices to make in this environment.
You press <<17>> and receive 20 points.
You press <<11>> and receive 58 points.
You press <<10>> and receive 55 points.
You press <<12>> and receive 36 points.
You press <<9>> and receive 75 points.
You press <<8>> and receive 65 points.
You press <<6>> and receive 14 points.
You press <<3>> and receive 1 points.
You press <<16>> and receive 24 points.
You press <<",25
15,28,1,29,0,rough,29,10,43,44,"You will be presented with a series of 16 different environments to explore.
In each trial, you can select an option between numbers 1 and 30 by pressing the corresponding key.
By selecting any of these options, you will earn points associated with each unique option.
Imagine these options 1 through 30 as lying next to each other in an ordered line; options closer to each other tend to have similar rewards as rewards tend to cluster together.
For each environment, you will be able to make either 5 or 10 choices.
When you made all your choices in a given environment, you will start making choices in the next unexplored environment.
The rewards underlying the different options are different in each environment so you will learn them anew for each environment.
Each environment starts with the value of a single option revealed.
When you choose the number corresponding to a different option, you will be told the value of that option and receive those points.
Previously revealed options, including the starting option, can also be reselected, although there may be small changes in the point value.
It is your task to gain as many points as possible across all 16 environments.

Environment number 1:
The value of option 7 is 23. You have 10 choices to make in this environment.
You press <<9>> and receive 15 points.
You press <<6>> and receive 24 points.
You press <<17>> and receive 4 points.
You press <<8>> and receive 37 points.
You press <<4>> and receive 15 points.
You press <<13>> and receive 69 points.
You press <<11>> and receive 19 points.
You press <<15>> and receive 34 points.
You press <<12>> and receive 51 points.
You press <<13>> and receive 69 points.

Environment number 2:
The value of option 22 is 37. You have 5 choices to make in this environment.
You press <<21>> and receive 53 points.
You press <<23>> and receive 63 points.
You press <<24>> and receive 51 points.
You press <<13>> and receive 56 points.
You press <<13>> and receive 59 points.

Environment number 3:
The value of option 6 is -1. You have 5 choices to make in this environment.
You press <<23>> and receive 47 points.
You press <<24>> and receive 56 points.
You press <<22>> and receive 20 points.
You press <<12>> and receive 33 points.
You press <<13>> and receive 48 points.

Environment number 4:
The value of option 20 is 45. You have 10 choices to make in this environment.
You press <<19>> and receive 24 points.
You press <<21>> and receive 35 points.
You press <<12>> and receive 75 points.
You press <<11>> and receive 62 points.
You press <<13>> and receive 84 points.
You press <<3>> and receive 23 points.
You press <<7>> and receive 23 points.
You press <<13>> and receive 83 points.
You press <<14>> and receive 82 points.
You press <<12>> and receive 75 points.

Environment number 5:
The value of option 15 is 0. You have 10 choices to make in this environment.
You press <<26>> and receive 43 points.
You press <<25>> and receive 84 points.
You press <<24>> and receive 47 points.
You press <<4>> and receive 30 points.
You press <<13>> and receive 65 points.
You press <<14>> and receive 33 points.
You press <<12>> and receive 54 points.
You press <<9>> and receive 30 points.
You press <<25>> and receive 83 points.
You press <<25>> and receive 84 points.

Environment number 6:
The value of option 3 is 20. You have 5 choices to make in this environment.
You press <<5>> and receive 25 points.
You press <<14>> and receive 33 points.
You press <<20>> and receive 20 points.
You press <<25>> and receive 51 points.
You press <<26>> and receive 51 points.

Environment number 7:
The value of option 3 is 34. You have 5 choices to make in this environment.
You press <<9>> and receive 58 points.
You press <<10>> and receive 48 points.
You press <<16>> and receive 55 points.
You press <<17>> and receive 12 points.
You press <<18>> and receive 4 points.

Environment number 8:
The value of option 13 is 1. You have 5 choices to make in this environment.
You press <<24>> and receive 11 points.
You press <<21>> and receive 9 points.
You press <<18>> and receive 53 points.
You press <<19>> and receive 18 points.
You press <<17>> and receive 42 points.

Environment number 9:
The value of option 19 is 73. You have 10 choices to make in this environment.
You press <<20>> and receive 51 points.
You press <<18>> and receive 64 points.
You press <<12>> and receive 36 points.
You press <<6>> and receive 33 points.
You press <<1>> and receive 31 points.
You press <<14>> and receive 29 points.
You press <<25>> and receive 8 points.
You press <<23>> and receive 47 points.
You press <<22>> and receive 46 points.
You press <<24>> and receive 19 points.

Environment number 10:
The value of option 3 is 11. You have 10 choices to make in this environment.
You press <<7>> and receive 38 points.
You press <<14>> and receive 23 points.
You press <<20>> and receive 10 points.
You press <<27>> and receive 20 points.
You press <<16>> and receive 1 points.
You press <<9>> and receive 45 points.
You press <<8>> and receive 31 points.
You press <<10>> and receive 34 points.
You press <<6>> and receive 49 points.
You press <<5>> and receive 38 points.

Environment number 11:
The value of option 17 is 51. You have 5 choices to make in this environment.
You press <<18>> and receive 49 points.
You press <<16>> and receive 52 points.
You press <<6>> and receive 61 points.
You press <<5>> and receive 33 points.
You press <<7>> and receive 61 points.

Environment number 12:
The value of option 21 is 35. You have 5 choices to make in this environment.
You press <<20>> and receive -1 points.
You press <<22>> and receive 54 points.
You press <<23>> and receive 37 points.
You press <<14>> and receive 57 points.
You press <<13>> and receive 69 points.

Environment number 13:
The value of option 5 is 56. You have 10 choices to make in this environment.
You press <<4>> and receive 60 points.
You press <<6>> and receive 69 points.
You press <<7>> and receive 68 points.
You press <<8>> and receive 37 points.
You press <<17>> and receive 83 points.
You press <<18>> and receive 64 points.
You press <<16>> and receive 81 points.
You press <<15>> and receive 66 points.
You press <<13>> and receive 21 points.
You press <<14>> and receive 48 points.

Environment number 14:
The value of option 24 is 12. You have 10 choices to make in this environment.
You press <<17>> and receive 20 points.
You press <<11>> and receive 58 points.
You press <<10>> and receive 55 points.
You press <<12>> and receive 36 points.
You press <<9>> and receive 75 points.
You press <<8>> and receive 65 points.
You press <<6>> and receive 14 points.
You press <<3>> and receive 1 points.
You press <<16>> and receive 24 points.
You press <<20>> and receive 80 points.

Environment number 15:
The value of option 29 is 43. You have 10 choices to make in this environment.
You press <<",25
15,28,2,28,0,rough,29,10,43,10,"You will be presented with a series of 16 different environments to explore.
In each trial, you can select an option between numbers 1 and 30 by pressing the corresponding key.
By selecting any of these options, you will earn points associated with each unique option.
Imagine these options 1 through 30 as lying next to each other in an ordered line; options closer to each other tend to have similar rewards as rewards tend to cluster together.
For each environment, you will be able to make either 5 or 10 choices.
When you made all your choices in a given environment, you will start making choices in the next unexplored environment.
The rewards underlying the different options are different in each environment so you will learn them anew for each environment.
Each environment starts with the value of a single option revealed.
When you choose the number corresponding to a different option, you will be told the value of that option and receive those points.
Previously revealed options, including the starting option, can also be reselected, although there may be small changes in the point value.
It is your task to gain as many points as possible across all 16 environments.

Environment number 1:
The value of option 7 is 23. You have 10 choices to make in this environment.
You press <<9>> and receive 15 points.
You press <<6>> and receive 24 points.
You press <<17>> and receive 4 points.
You press <<8>> and receive 37 points.
You press <<4>> and receive 15 points.
You press <<13>> and receive 69 points.
You press <<11>> and receive 19 points.
You press <<15>> and receive 34 points.
You press <<12>> and receive 51 points.
You press <<13>> and receive 69 points.

Environment number 2:
The value of option 22 is 37. You have 5 choices to make in this environment.
You press <<21>> and receive 53 points.
You press <<23>> and receive 63 points.
You press <<24>> and receive 51 points.
You press <<13>> and receive 56 points.
You press <<13>> and receive 59 points.

Environment number 3:
The value of option 6 is -1. You have 5 choices to make in this environment.
You press <<23>> and receive 47 points.
You press <<24>> and receive 56 points.
You press <<22>> and receive 20 points.
You press <<12>> and receive 33 points.
You press <<13>> and receive 48 points.

Environment number 4:
The value of option 20 is 45. You have 10 choices to make in this environment.
You press <<19>> and receive 24 points.
You press <<21>> and receive 35 points.
You press <<12>> and receive 75 points.
You press <<11>> and receive 62 points.
You press <<13>> and receive 84 points.
You press <<3>> and receive 23 points.
You press <<7>> and receive 23 points.
You press <<13>> and receive 83 points.
You press <<14>> and receive 82 points.
You press <<12>> and receive 75 points.

Environment number 5:
The value of option 15 is 0. You have 10 choices to make in this environment.
You press <<26>> and receive 43 points.
You press <<25>> and receive 84 points.
You press <<24>> and receive 47 points.
You press <<4>> and receive 30 points.
You press <<13>> and receive 65 points.
You press <<14>> and receive 33 points.
You press <<12>> and receive 54 points.
You press <<9>> and receive 30 points.
You press <<25>> and receive 83 points.
You press <<25>> and receive 84 points.

Environment number 6:
The value of option 3 is 20. You have 5 choices to make in this environment.
You press <<5>> and receive 25 points.
You press <<14>> and receive 33 points.
You press <<20>> and receive 20 points.
You press <<25>> and receive 51 points.
You press <<26>> and receive 51 points.

Environment number 7:
The value of option 3 is 34. You have 5 choices to make in this environment.
You press <<9>> and receive 58 points.
You press <<10>> and receive 48 points.
You press <<16>> and receive 55 points.
You press <<17>> and receive 12 points.
You press <<18>> and receive 4 points.

Environment number 8:
The value of option 13 is 1. You have 5 choices to make in this environment.
You press <<24>> and receive 11 points.
You press <<21>> and receive 9 points.
You press <<18>> and receive 53 points.
You press <<19>> and receive 18 points.
You press <<17>> and receive 42 points.

Environment number 9:
The value of option 19 is 73. You have 10 choices to make in this environment.
You press <<20>> and receive 51 points.
You press <<18>> and receive 64 points.
You press <<12>> and receive 36 points.
You press <<6>> and receive 33 points.
You press <<1>> and receive 31 points.
You press <<14>> and receive 29 points.
You press <<25>> and receive 8 points.
You press <<23>> and receive 47 points.
You press <<22>> and receive 46 points.
You press <<24>> and receive 19 points.

Environment number 10:
The value of option 3 is 11. You have 10 choices to make in this environment.
You press <<7>> and receive 38 points.
You press <<14>> and receive 23 points.
You press <<20>> and receive 10 points.
You press <<27>> and receive 20 points.
You press <<16>> and receive 1 points.
You press <<9>> and receive 45 points.
You press <<8>> and receive 31 points.
You press <<10>> and receive 34 points.
You press <<6>> and receive 49 points.
You press <<5>> and receive 38 points.

Environment number 11:
The value of option 17 is 51. You have 5 choices to make in this environment.
You press <<18>> and receive 49 points.
You press <<16>> and receive 52 points.
You press <<6>> and receive 61 points.
You press <<5>> and receive 33 points.
You press <<7>> and receive 61 points.

Environment number 12:
The value of option 21 is 35. You have 5 choices to make in this environment.
You press <<20>> and receive -1 points.
You press <<22>> and receive 54 points.
You press <<23>> and receive 37 points.
You press <<14>> and receive 57 points.
You press <<13>> and receive 69 points.

Environment number 13:
The value of option 5 is 56. You have 10 choices to make in this environment.
You press <<4>> and receive 60 points.
You press <<6>> and receive 69 points.
You press <<7>> and receive 68 points.
You press <<8>> and receive 37 points.
You press <<17>> and receive 83 points.
You press <<18>> and receive 64 points.
You press <<16>> and receive 81 points.
You press <<15>> and receive 66 points.
You press <<13>> and receive 21 points.
You press <<14>> and receive 48 points.

Environment number 14:
The value of option 24 is 12. You have 10 choices to make in this environment.
You press <<17>> and receive 20 points.
You press <<11>> and receive 58 points.
You press <<10>> and receive 55 points.
You press <<12>> and receive 36 points.
You press <<9>> and receive 75 points.
You press <<8>> and receive 65 points.
You press <<6>> and receive 14 points.
You press <<3>> and receive 1 points.
You press <<16>> and receive 24 points.
You press <<20>> and receive 80 points.

Environment number 15:
The value of option 29 is 43. You have 10 choices to make in this environment.
You press <<29>> and receive 44 points.
You press <<",25
15,28,3,23,0,rough,29,10,43,15,"You will be presented with a series of 16 different environments to explore.
In each trial, you can select an option between numbers 1 and 30 by pressing the corresponding key.
By selecting any of these options, you will earn points associated with each unique option.
Imagine these options 1 through 30 as lying next to each other in an ordered line; options closer to each other tend to have similar rewards as rewards tend to cluster together.
For each environment, you will be able to make either 5 or 10 choices.
When you made all your choices in a given environment, you will start making choices in the next unexplored environment.
The rewards underlying the different options are different in each environment so you will learn them anew for each environment.
Each environment starts with the value of a single option revealed.
When you choose the number corresponding to a different option, you will be told the value of that option and receive those points.
Previously revealed options, including the starting option, can also be reselected, although there may be small changes in the point value.
It is your task to gain as many points as possible across all 16 environments.

Environment number 1:
The value of option 7 is 23. You have 10 choices to make in this environment.
You press <<9>> and receive 15 points.
You press <<6>> and receive 24 points.
You press <<17>> and receive 4 points.
You press <<8>> and receive 37 points.
You press <<4>> and receive 15 points.
You press <<13>> and receive 69 points.
You press <<11>> and receive 19 points.
You press <<15>> and receive 34 points.
You press <<12>> and receive 51 points.
You press <<13>> and receive 69 points.

Environment number 2:
The value of option 22 is 37. You have 5 choices to make in this environment.
You press <<21>> and receive 53 points.
You press <<23>> and receive 63 points.
You press <<24>> and receive 51 points.
You press <<13>> and receive 56 points.
You press <<13>> and receive 59 points.

Environment number 3:
The value of option 6 is -1. You have 5 choices to make in this environment.
You press <<23>> and receive 47 points.
You press <<24>> and receive 56 points.
You press <<22>> and receive 20 points.
You press <<12>> and receive 33 points.
You press <<13>> and receive 48 points.

Environment number 4:
The value of option 20 is 45. You have 10 choices to make in this environment.
You press <<19>> and receive 24 points.
You press <<21>> and receive 35 points.
You press <<12>> and receive 75 points.
You press <<11>> and receive 62 points.
You press <<13>> and receive 84 points.
You press <<3>> and receive 23 points.
You press <<7>> and receive 23 points.
You press <<13>> and receive 83 points.
You press <<14>> and receive 82 points.
You press <<12>> and receive 75 points.

Environment number 5:
The value of option 15 is 0. You have 10 choices to make in this environment.
You press <<26>> and receive 43 points.
You press <<25>> and receive 84 points.
You press <<24>> and receive 47 points.
You press <<4>> and receive 30 points.
You press <<13>> and receive 65 points.
You press <<14>> and receive 33 points.
You press <<12>> and receive 54 points.
You press <<9>> and receive 30 points.
You press <<25>> and receive 83 points.
You press <<25>> and receive 84 points.

Environment number 6:
The value of option 3 is 20. You have 5 choices to make in this environment.
You press <<5>> and receive 25 points.
You press <<14>> and receive 33 points.
You press <<20>> and receive 20 points.
You press <<25>> and receive 51 points.
You press <<26>> and receive 51 points.

Environment number 7:
The value of option 3 is 34. You have 5 choices to make in this environment.
You press <<9>> and receive 58 points.
You press <<10>> and receive 48 points.
You press <<16>> and receive 55 points.
You press <<17>> and receive 12 points.
You press <<18>> and receive 4 points.

Environment number 8:
The value of option 13 is 1. You have 5 choices to make in this environment.
You press <<24>> and receive 11 points.
You press <<21>> and receive 9 points.
You press <<18>> and receive 53 points.
You press <<19>> and receive 18 points.
You press <<17>> and receive 42 points.

Environment number 9:
The value of option 19 is 73. You have 10 choices to make in this environment.
You press <<20>> and receive 51 points.
You press <<18>> and receive 64 points.
You press <<12>> and receive 36 points.
You press <<6>> and receive 33 points.
You press <<1>> and receive 31 points.
You press <<14>> and receive 29 points.
You press <<25>> and receive 8 points.
You press <<23>> and receive 47 points.
You press <<22>> and receive 46 points.
You press <<24>> and receive 19 points.

Environment number 10:
The value of option 3 is 11. You have 10 choices to make in this environment.
You press <<7>> and receive 38 points.
You press <<14>> and receive 23 points.
You press <<20>> and receive 10 points.
You press <<27>> and receive 20 points.
You press <<16>> and receive 1 points.
You press <<9>> and receive 45 points.
You press <<8>> and receive 31 points.
You press <<10>> and receive 34 points.
You press <<6>> and receive 49 points.
You press <<5>> and receive 38 points.

Environment number 11:
The value of option 17 is 51. You have 5 choices to make in this environment.
You press <<18>> and receive 49 points.
You press <<16>> and receive 52 points.
You press <<6>> and receive 61 points.
You press <<5>> and receive 33 points.
You press <<7>> and receive 61 points.

Environment number 12:
The value of option 21 is 35. You have 5 choices to make in this environment.
You press <<20>> and receive -1 points.
You press <<22>> and receive 54 points.
You press <<23>> and receive 37 points.
You press <<14>> and receive 57 points.
You press <<13>> and receive 69 points.

Environment number 13:
The value of option 5 is 56. You have 10 choices to make in this environment.
You press <<4>> and receive 60 points.
You press <<6>> and receive 69 points.
You press <<7>> and receive 68 points.
You press <<8>> and receive 37 points.
You press <<17>> and receive 83 points.
You press <<18>> and receive 64 points.
You press <<16>> and receive 81 points.
You press <<15>> and receive 66 points.
You press <<13>> and receive 21 points.
You press <<14>> and receive 48 points.

Environment number 14:
The value of option 24 is 12. You have 10 choices to make in this environment.
You press <<17>> and receive 20 points.
You press <<11>> and receive 58 points.
You press <<10>> and receive 55 points.
You press <<12>> and receive 36 points.
You press <<9>> and receive 75 points.
You press <<8>> and receive 65 points.
You press <<6>> and receive 14 points.
You press <<3>> and receive 1 points.
You press <<16>> and receive 24 points.
You press <<20>> and receive 80 points.

Environment number 15:
The value of option 29 is 43. You have 10 choices to make in this environment.
You press <<29>> and receive 44 points.
You press <<28>> and receive 10 points.
You press <<",25
15,28,4,18,0,rough,29,10,43,79,"You will be presented with a series of 16 different environments to explore.
In each trial, you can select an option between numbers 1 and 30 by pressing the corresponding key.
By selecting any of these options, you will earn points associated with each unique option.
Imagine these options 1 through 30 as lying next to each other in an ordered line; options closer to each other tend to have similar rewards as rewards tend to cluster together.
For each environment, you will be able to make either 5 or 10 choices.
When you made all your choices in a given environment, you will start making choices in the next unexplored environment.
The rewards underlying the different options are different in each environment so you will learn them anew for each environment.
Each environment starts with the value of a single option revealed.
When you choose the number corresponding to a different option, you will be told the value of that option and receive those points.
Previously revealed options, including the starting option, can also be reselected, although there may be small changes in the point value.
It is your task to gain as many points as possible across all 16 environments.

Environment number 1:
The value of option 7 is 23. You have 10 choices to make in this environment.
You press <<9>> and receive 15 points.
You press <<6>> and receive 24 points.
You press <<17>> and receive 4 points.
You press <<8>> and receive 37 points.
You press <<4>> and receive 15 points.
You press <<13>> and receive 69 points.
You press <<11>> and receive 19 points.
You press <<15>> and receive 34 points.
You press <<12>> and receive 51 points.
You press <<13>> and receive 69 points.

Environment number 2:
The value of option 22 is 37. You have 5 choices to make in this environment.
You press <<21>> and receive 53 points.
You press <<23>> and receive 63 points.
You press <<24>> and receive 51 points.
You press <<13>> and receive 56 points.
You press <<13>> and receive 59 points.

Environment number 3:
The value of option 6 is -1. You have 5 choices to make in this environment.
You press <<23>> and receive 47 points.
You press <<24>> and receive 56 points.
You press <<22>> and receive 20 points.
You press <<12>> and receive 33 points.
You press <<13>> and receive 48 points.

Environment number 4:
The value of option 20 is 45. You have 10 choices to make in this environment.
You press <<19>> and receive 24 points.
You press <<21>> and receive 35 points.
You press <<12>> and receive 75 points.
You press <<11>> and receive 62 points.
You press <<13>> and receive 84 points.
You press <<3>> and receive 23 points.
You press <<7>> and receive 23 points.
You press <<13>> and receive 83 points.
You press <<14>> and receive 82 points.
You press <<12>> and receive 75 points.

Environment number 5:
The value of option 15 is 0. You have 10 choices to make in this environment.
You press <<26>> and receive 43 points.
You press <<25>> and receive 84 points.
You press <<24>> and receive 47 points.
You press <<4>> and receive 30 points.
You press <<13>> and receive 65 points.
You press <<14>> and receive 33 points.
You press <<12>> and receive 54 points.
You press <<9>> and receive 30 points.
You press <<25>> and receive 83 points.
You press <<25>> and receive 84 points.

Environment number 6:
The value of option 3 is 20. You have 5 choices to make in this environment.
You press <<5>> and receive 25 points.
You press <<14>> and receive 33 points.
You press <<20>> and receive 20 points.
You press <<25>> and receive 51 points.
You press <<26>> and receive 51 points.

Environment number 7:
The value of option 3 is 34. You have 5 choices to make in this environment.
You press <<9>> and receive 58 points.
You press <<10>> and receive 48 points.
You press <<16>> and receive 55 points.
You press <<17>> and receive 12 points.
You press <<18>> and receive 4 points.

Environment number 8:
The value of option 13 is 1. You have 5 choices to make in this environment.
You press <<24>> and receive 11 points.
You press <<21>> and receive 9 points.
You press <<18>> and receive 53 points.
You press <<19>> and receive 18 points.
You press <<17>> and receive 42 points.

Environment number 9:
The value of option 19 is 73. You have 10 choices to make in this environment.
You press <<20>> and receive 51 points.
You press <<18>> and receive 64 points.
You press <<12>> and receive 36 points.
You press <<6>> and receive 33 points.
You press <<1>> and receive 31 points.
You press <<14>> and receive 29 points.
You press <<25>> and receive 8 points.
You press <<23>> and receive 47 points.
You press <<22>> and receive 46 points.
You press <<24>> and receive 19 points.

Environment number 10:
The value of option 3 is 11. You have 10 choices to make in this environment.
You press <<7>> and receive 38 points.
You press <<14>> and receive 23 points.
You press <<20>> and receive 10 points.
You press <<27>> and receive 20 points.
You press <<16>> and receive 1 points.
You press <<9>> and receive 45 points.
You press <<8>> and receive 31 points.
You press <<10>> and receive 34 points.
You press <<6>> and receive 49 points.
You press <<5>> and receive 38 points.

Environment number 11:
The value of option 17 is 51. You have 5 choices to make in this environment.
You press <<18>> and receive 49 points.
You press <<16>> and receive 52 points.
You press <<6>> and receive 61 points.
You press <<5>> and receive 33 points.
You press <<7>> and receive 61 points.

Environment number 12:
The value of option 21 is 35. You have 5 choices to make in this environment.
You press <<20>> and receive -1 points.
You press <<22>> and receive 54 points.
You press <<23>> and receive 37 points.
You press <<14>> and receive 57 points.
You press <<13>> and receive 69 points.

Environment number 13:
The value of option 5 is 56. You have 10 choices to make in this environment.
You press <<4>> and receive 60 points.
You press <<6>> and receive 69 points.
You press <<7>> and receive 68 points.
You press <<8>> and receive 37 points.
You press <<17>> and receive 83 points.
You press <<18>> and receive 64 points.
You press <<16>> and receive 81 points.
You press <<15>> and receive 66 points.
You press <<13>> and receive 21 points.
You press <<14>> and receive 48 points.

Environment number 14:
The value of option 24 is 12. You have 10 choices to make in this environment.
You press <<17>> and receive 20 points.
You press <<11>> and receive 58 points.
You press <<10>> and receive 55 points.
You press <<12>> and receive 36 points.
You press <<9>> and receive 75 points.
You press <<8>> and receive 65 points.
You press <<6>> and receive 14 points.
You press <<3>> and receive 1 points.
You press <<16>> and receive 24 points.
You press <<20>> and receive 80 points.

Environment number 15:
The value of option 29 is 43. You have 10 choices to make in this environment.
You press <<29>> and receive 44 points.
You press <<28>> and receive 10 points.
You press <<23>> and receive 15 points.
You press <<",25
15,28,5,17,0,rough,29,10,43,60,"You will be presented with a series of 16 different environments to explore.
In each trial, you can select an option between numbers 1 and 30 by pressing the corresponding key.
By selecting any of these options, you will earn points associated with each unique option.
Imagine these options 1 through 30 as lying next to each other in an ordered line; options closer to each other tend to have similar rewards as rewards tend to cluster together.
For each environment, you will be able to make either 5 or 10 choices.
When you made all your choices in a given environment, you will start making choices in the next unexplored environment.
The rewards underlying the different options are different in each environment so you will learn them anew for each environment.
Each environment starts with the value of a single option revealed.
When you choose the number corresponding to a different option, you will be told the value of that option and receive those points.
Previously revealed options, including the starting option, can also be reselected, although there may be small changes in the point value.
It is your task to gain as many points as possible across all 16 environments.

Environment number 1:
The value of option 7 is 23. You have 10 choices to make in this environment.
You press <<9>> and receive 15 points.
You press <<6>> and receive 24 points.
You press <<17>> and receive 4 points.
You press <<8>> and receive 37 points.
You press <<4>> and receive 15 points.
You press <<13>> and receive 69 points.
You press <<11>> and receive 19 points.
You press <<15>> and receive 34 points.
You press <<12>> and receive 51 points.
You press <<13>> and receive 69 points.

Environment number 2:
The value of option 22 is 37. You have 5 choices to make in this environment.
You press <<21>> and receive 53 points.
You press <<23>> and receive 63 points.
You press <<24>> and receive 51 points.
You press <<13>> and receive 56 points.
You press <<13>> and receive 59 points.

Environment number 3:
The value of option 6 is -1. You have 5 choices to make in this environment.
You press <<23>> and receive 47 points.
You press <<24>> and receive 56 points.
You press <<22>> and receive 20 points.
You press <<12>> and receive 33 points.
You press <<13>> and receive 48 points.

Environment number 4:
The value of option 20 is 45. You have 10 choices to make in this environment.
You press <<19>> and receive 24 points.
You press <<21>> and receive 35 points.
You press <<12>> and receive 75 points.
You press <<11>> and receive 62 points.
You press <<13>> and receive 84 points.
You press <<3>> and receive 23 points.
You press <<7>> and receive 23 points.
You press <<13>> and receive 83 points.
You press <<14>> and receive 82 points.
You press <<12>> and receive 75 points.

Environment number 5:
The value of option 15 is 0. You have 10 choices to make in this environment.
You press <<26>> and receive 43 points.
You press <<25>> and receive 84 points.
You press <<24>> and receive 47 points.
You press <<4>> and receive 30 points.
You press <<13>> and receive 65 points.
You press <<14>> and receive 33 points.
You press <<12>> and receive 54 points.
You press <<9>> and receive 30 points.
You press <<25>> and receive 83 points.
You press <<25>> and receive 84 points.

Environment number 6:
The value of option 3 is 20. You have 5 choices to make in this environment.
You press <<5>> and receive 25 points.
You press <<14>> and receive 33 points.
You press <<20>> and receive 20 points.
You press <<25>> and receive 51 points.
You press <<26>> and receive 51 points.

Environment number 7:
The value of option 3 is 34. You have 5 choices to make in this environment.
You press <<9>> and receive 58 points.
You press <<10>> and receive 48 points.
You press <<16>> and receive 55 points.
You press <<17>> and receive 12 points.
You press <<18>> and receive 4 points.

Environment number 8:
The value of option 13 is 1. You have 5 choices to make in this environment.
You press <<24>> and receive 11 points.
You press <<21>> and receive 9 points.
You press <<18>> and receive 53 points.
You press <<19>> and receive 18 points.
You press <<17>> and receive 42 points.

Environment number 9:
The value of option 19 is 73. You have 10 choices to make in this environment.
You press <<20>> and receive 51 points.
You press <<18>> and receive 64 points.
You press <<12>> and receive 36 points.
You press <<6>> and receive 33 points.
You press <<1>> and receive 31 points.
You press <<14>> and receive 29 points.
You press <<25>> and receive 8 points.
You press <<23>> and receive 47 points.
You press <<22>> and receive 46 points.
You press <<24>> and receive 19 points.

Environment number 10:
The value of option 3 is 11. You have 10 choices to make in this environment.
You press <<7>> and receive 38 points.
You press <<14>> and receive 23 points.
You press <<20>> and receive 10 points.
You press <<27>> and receive 20 points.
You press <<16>> and receive 1 points.
You press <<9>> and receive 45 points.
You press <<8>> and receive 31 points.
You press <<10>> and receive 34 points.
You press <<6>> and receive 49 points.
You press <<5>> and receive 38 points.

Environment number 11:
The value of option 17 is 51. You have 5 choices to make in this environment.
You press <<18>> and receive 49 points.
You press <<16>> and receive 52 points.
You press <<6>> and receive 61 points.
You press <<5>> and receive 33 points.
You press <<7>> and receive 61 points.

Environment number 12:
The value of option 21 is 35. You have 5 choices to make in this environment.
You press <<20>> and receive -1 points.
You press <<22>> and receive 54 points.
You press <<23>> and receive 37 points.
You press <<14>> and receive 57 points.
You press <<13>> and receive 69 points.

Environment number 13:
The value of option 5 is 56. You have 10 choices to make in this environment.
You press <<4>> and receive 60 points.
You press <<6>> and receive 69 points.
You press <<7>> and receive 68 points.
You press <<8>> and receive 37 points.
You press <<17>> and receive 83 points.
You press <<18>> and receive 64 points.
You press <<16>> and receive 81 points.
You press <<15>> and receive 66 points.
You press <<13>> and receive 21 points.
You press <<14>> and receive 48 points.

Environment number 14:
The value of option 24 is 12. You have 10 choices to make in this environment.
You press <<17>> and receive 20 points.
You press <<11>> and receive 58 points.
You press <<10>> and receive 55 points.
You press <<12>> and receive 36 points.
You press <<9>> and receive 75 points.
You press <<8>> and receive 65 points.
You press <<6>> and receive 14 points.
You press <<3>> and receive 1 points.
You press <<16>> and receive 24 points.
You press <<20>> and receive 80 points.

Environment number 15:
The value of option 29 is 43. You have 10 choices to make in this environment.
You press <<29>> and receive 44 points.
You press <<28>> and receive 10 points.
You press <<23>> and receive 15 points.
You press <<18>> and receive 79 points.
You press <<",25
15,28,6,19,0,rough,29,10,43,68,"You will be presented with a series of 16 different environments to explore.
In each trial, you can select an option between numbers 1 and 30 by pressing the corresponding key.
By selecting any of these options, you will earn points associated with each unique option.
Imagine these options 1 through 30 as lying next to each other in an ordered line; options closer to each other tend to have similar rewards as rewards tend to cluster together.
For each environment, you will be able to make either 5 or 10 choices.
When you made all your choices in a given environment, you will start making choices in the next unexplored environment.
The rewards underlying the different options are different in each environment so you will learn them anew for each environment.
Each environment starts with the value of a single option revealed.
When you choose the number corresponding to a different option, you will be told the value of that option and receive those points.
Previously revealed options, including the starting option, can also be reselected, although there may be small changes in the point value.
It is your task to gain as many points as possible across all 16 environments.

Environment number 1:
The value of option 7 is 23. You have 10 choices to make in this environment.
You press <<9>> and receive 15 points.
You press <<6>> and receive 24 points.
You press <<17>> and receive 4 points.
You press <<8>> and receive 37 points.
You press <<4>> and receive 15 points.
You press <<13>> and receive 69 points.
You press <<11>> and receive 19 points.
You press <<15>> and receive 34 points.
You press <<12>> and receive 51 points.
You press <<13>> and receive 69 points.

Environment number 2:
The value of option 22 is 37. You have 5 choices to make in this environment.
You press <<21>> and receive 53 points.
You press <<23>> and receive 63 points.
You press <<24>> and receive 51 points.
You press <<13>> and receive 56 points.
You press <<13>> and receive 59 points.

Environment number 3:
The value of option 6 is -1. You have 5 choices to make in this environment.
You press <<23>> and receive 47 points.
You press <<24>> and receive 56 points.
You press <<22>> and receive 20 points.
You press <<12>> and receive 33 points.
You press <<13>> and receive 48 points.

Environment number 4:
The value of option 20 is 45. You have 10 choices to make in this environment.
You press <<19>> and receive 24 points.
You press <<21>> and receive 35 points.
You press <<12>> and receive 75 points.
You press <<11>> and receive 62 points.
You press <<13>> and receive 84 points.
You press <<3>> and receive 23 points.
You press <<7>> and receive 23 points.
You press <<13>> and receive 83 points.
You press <<14>> and receive 82 points.
You press <<12>> and receive 75 points.

Environment number 5:
The value of option 15 is 0. You have 10 choices to make in this environment.
You press <<26>> and receive 43 points.
You press <<25>> and receive 84 points.
You press <<24>> and receive 47 points.
You press <<4>> and receive 30 points.
You press <<13>> and receive 65 points.
You press <<14>> and receive 33 points.
You press <<12>> and receive 54 points.
You press <<9>> and receive 30 points.
You press <<25>> and receive 83 points.
You press <<25>> and receive 84 points.

Environment number 6:
The value of option 3 is 20. You have 5 choices to make in this environment.
You press <<5>> and receive 25 points.
You press <<14>> and receive 33 points.
You press <<20>> and receive 20 points.
You press <<25>> and receive 51 points.
You press <<26>> and receive 51 points.

Environment number 7:
The value of option 3 is 34. You have 5 choices to make in this environment.
You press <<9>> and receive 58 points.
You press <<10>> and receive 48 points.
You press <<16>> and receive 55 points.
You press <<17>> and receive 12 points.
You press <<18>> and receive 4 points.

Environment number 8:
The value of option 13 is 1. You have 5 choices to make in this environment.
You press <<24>> and receive 11 points.
You press <<21>> and receive 9 points.
You press <<18>> and receive 53 points.
You press <<19>> and receive 18 points.
You press <<17>> and receive 42 points.

Environment number 9:
The value of option 19 is 73. You have 10 choices to make in this environment.
You press <<20>> and receive 51 points.
You press <<18>> and receive 64 points.
You press <<12>> and receive 36 points.
You press <<6>> and receive 33 points.
You press <<1>> and receive 31 points.
You press <<14>> and receive 29 points.
You press <<25>> and receive 8 points.
You press <<23>> and receive 47 points.
You press <<22>> and receive 46 points.
You press <<24>> and receive 19 points.

Environment number 10:
The value of option 3 is 11. You have 10 choices to make in this environment.
You press <<7>> and receive 38 points.
You press <<14>> and receive 23 points.
You press <<20>> and receive 10 points.
You press <<27>> and receive 20 points.
You press <<16>> and receive 1 points.
You press <<9>> and receive 45 points.
You press <<8>> and receive 31 points.
You press <<10>> and receive 34 points.
You press <<6>> and receive 49 points.
You press <<5>> and receive 38 points.

Environment number 11:
The value of option 17 is 51. You have 5 choices to make in this environment.
You press <<18>> and receive 49 points.
You press <<16>> and receive 52 points.
You press <<6>> and receive 61 points.
You press <<5>> and receive 33 points.
You press <<7>> and receive 61 points.

Environment number 12:
The value of option 21 is 35. You have 5 choices to make in this environment.
You press <<20>> and receive -1 points.
You press <<22>> and receive 54 points.
You press <<23>> and receive 37 points.
You press <<14>> and receive 57 points.
You press <<13>> and receive 69 points.

Environment number 13:
The value of option 5 is 56. You have 10 choices to make in this environment.
You press <<4>> and receive 60 points.
You press <<6>> and receive 69 points.
You press <<7>> and receive 68 points.
You press <<8>> and receive 37 points.
You press <<17>> and receive 83 points.
You press <<18>> and receive 64 points.
You press <<16>> and receive 81 points.
You press <<15>> and receive 66 points.
You press <<13>> and receive 21 points.
You press <<14>> and receive 48 points.

Environment number 14:
The value of option 24 is 12. You have 10 choices to make in this environment.
You press <<17>> and receive 20 points.
You press <<11>> and receive 58 points.
You press <<10>> and receive 55 points.
You press <<12>> and receive 36 points.
You press <<9>> and receive 75 points.
You press <<8>> and receive 65 points.
You press <<6>> and receive 14 points.
You press <<3>> and receive 1 points.
You press <<16>> and receive 24 points.
You press <<20>> and receive 80 points.

Environment number 15:
The value of option 29 is 43. You have 10 choices to make in this environment.
You press <<29>> and receive 44 points.
You press <<28>> and receive 10 points.
You press <<23>> and receive 15 points.
You press <<18>> and receive 79 points.
You press <<17>> and receive 60 points.
You press <<",25
15,28,7,12,0,rough,29,10,43,73,"You will be presented with a series of 16 different environments to explore.
In each trial, you can select an option between numbers 1 and 30 by pressing the corresponding key.
By selecting any of these options, you will earn points associated with each unique option.
Imagine these options 1 through 30 as lying next to each other in an ordered line; options closer to each other tend to have similar rewards as rewards tend to cluster together.
For each environment, you will be able to make either 5 or 10 choices.
When you made all your choices in a given environment, you will start making choices in the next unexplored environment.
The rewards underlying the different options are different in each environment so you will learn them anew for each environment.
Each environment starts with the value of a single option revealed.
When you choose the number corresponding to a different option, you will be told the value of that option and receive those points.
Previously revealed options, including the starting option, can also be reselected, although there may be small changes in the point value.
It is your task to gain as many points as possible across all 16 environments.

Environment number 1:
The value of option 7 is 23. You have 10 choices to make in this environment.
You press <<9>> and receive 15 points.
You press <<6>> and receive 24 points.
You press <<17>> and receive 4 points.
You press <<8>> and receive 37 points.
You press <<4>> and receive 15 points.
You press <<13>> and receive 69 points.
You press <<11>> and receive 19 points.
You press <<15>> and receive 34 points.
You press <<12>> and receive 51 points.
You press <<13>> and receive 69 points.

Environment number 2:
The value of option 22 is 37. You have 5 choices to make in this environment.
You press <<21>> and receive 53 points.
You press <<23>> and receive 63 points.
You press <<24>> and receive 51 points.
You press <<13>> and receive 56 points.
You press <<13>> and receive 59 points.

Environment number 3:
The value of option 6 is -1. You have 5 choices to make in this environment.
You press <<23>> and receive 47 points.
You press <<24>> and receive 56 points.
You press <<22>> and receive 20 points.
You press <<12>> and receive 33 points.
You press <<13>> and receive 48 points.

Environment number 4:
The value of option 20 is 45. You have 10 choices to make in this environment.
You press <<19>> and receive 24 points.
You press <<21>> and receive 35 points.
You press <<12>> and receive 75 points.
You press <<11>> and receive 62 points.
You press <<13>> and receive 84 points.
You press <<3>> and receive 23 points.
You press <<7>> and receive 23 points.
You press <<13>> and receive 83 points.
You press <<14>> and receive 82 points.
You press <<12>> and receive 75 points.

Environment number 5:
The value of option 15 is 0. You have 10 choices to make in this environment.
You press <<26>> and receive 43 points.
You press <<25>> and receive 84 points.
You press <<24>> and receive 47 points.
You press <<4>> and receive 30 points.
You press <<13>> and receive 65 points.
You press <<14>> and receive 33 points.
You press <<12>> and receive 54 points.
You press <<9>> and receive 30 points.
You press <<25>> and receive 83 points.
You press <<25>> and receive 84 points.

Environment number 6:
The value of option 3 is 20. You have 5 choices to make in this environment.
You press <<5>> and receive 25 points.
You press <<14>> and receive 33 points.
You press <<20>> and receive 20 points.
You press <<25>> and receive 51 points.
You press <<26>> and receive 51 points.

Environment number 7:
The value of option 3 is 34. You have 5 choices to make in this environment.
You press <<9>> and receive 58 points.
You press <<10>> and receive 48 points.
You press <<16>> and receive 55 points.
You press <<17>> and receive 12 points.
You press <<18>> and receive 4 points.

Environment number 8:
The value of option 13 is 1. You have 5 choices to make in this environment.
You press <<24>> and receive 11 points.
You press <<21>> and receive 9 points.
You press <<18>> and receive 53 points.
You press <<19>> and receive 18 points.
You press <<17>> and receive 42 points.

Environment number 9:
The value of option 19 is 73. You have 10 choices to make in this environment.
You press <<20>> and receive 51 points.
You press <<18>> and receive 64 points.
You press <<12>> and receive 36 points.
You press <<6>> and receive 33 points.
You press <<1>> and receive 31 points.
You press <<14>> and receive 29 points.
You press <<25>> and receive 8 points.
You press <<23>> and receive 47 points.
You press <<22>> and receive 46 points.
You press <<24>> and receive 19 points.

Environment number 10:
The value of option 3 is 11. You have 10 choices to make in this environment.
You press <<7>> and receive 38 points.
You press <<14>> and receive 23 points.
You press <<20>> and receive 10 points.
You press <<27>> and receive 20 points.
You press <<16>> and receive 1 points.
You press <<9>> and receive 45 points.
You press <<8>> and receive 31 points.
You press <<10>> and receive 34 points.
You press <<6>> and receive 49 points.
You press <<5>> and receive 38 points.

Environment number 11:
The value of option 17 is 51. You have 5 choices to make in this environment.
You press <<18>> and receive 49 points.
You press <<16>> and receive 52 points.
You press <<6>> and receive 61 points.
You press <<5>> and receive 33 points.
You press <<7>> and receive 61 points.

Environment number 12:
The value of option 21 is 35. You have 5 choices to make in this environment.
You press <<20>> and receive -1 points.
You press <<22>> and receive 54 points.
You press <<23>> and receive 37 points.
You press <<14>> and receive 57 points.
You press <<13>> and receive 69 points.

Environment number 13:
The value of option 5 is 56. You have 10 choices to make in this environment.
You press <<4>> and receive 60 points.
You press <<6>> and receive 69 points.
You press <<7>> and receive 68 points.
You press <<8>> and receive 37 points.
You press <<17>> and receive 83 points.
You press <<18>> and receive 64 points.
You press <<16>> and receive 81 points.
You press <<15>> and receive 66 points.
You press <<13>> and receive 21 points.
You press <<14>> and receive 48 points.

Environment number 14:
The value of option 24 is 12. You have 10 choices to make in this environment.
You press <<17>> and receive 20 points.
You press <<11>> and receive 58 points.
You press <<10>> and receive 55 points.
You press <<12>> and receive 36 points.
You press <<9>> and receive 75 points.
You press <<8>> and receive 65 points.
You press <<6>> and receive 14 points.
You press <<3>> and receive 1 points.
You press <<16>> and receive 24 points.
You press <<20>> and receive 80 points.

Environment number 15:
The value of option 29 is 43. You have 10 choices to make in this environment.
You press <<29>> and receive 44 points.
You press <<28>> and receive 10 points.
You press <<23>> and receive 15 points.
You press <<18>> and receive 79 points.
You press <<17>> and receive 60 points.
You press <<19>> and receive 68 points.
You press <<",25
15,28,8,11,0,rough,29,10,43,36,"You will be presented with a series of 16 different environments to explore.
In each trial, you can select an option between numbers 1 and 30 by pressing the corresponding key.
By selecting any of these options, you will earn points associated with each unique option.
Imagine these options 1 through 30 as lying next to each other in an ordered line; options closer to each other tend to have similar rewards as rewards tend to cluster together.
For each environment, you will be able to make either 5 or 10 choices.
When you made all your choices in a given environment, you will start making choices in the next unexplored environment.
The rewards underlying the different options are different in each environment so you will learn them anew for each environment.
Each environment starts with the value of a single option revealed.
When you choose the number corresponding to a different option, you will be told the value of that option and receive those points.
Previously revealed options, including the starting option, can also be reselected, although there may be small changes in the point value.
It is your task to gain as many points as possible across all 16 environments.

Environment number 1:
The value of option 7 is 23. You have 10 choices to make in this environment.
You press <<9>> and receive 15 points.
You press <<6>> and receive 24 points.
You press <<17>> and receive 4 points.
You press <<8>> and receive 37 points.
You press <<4>> and receive 15 points.
You press <<13>> and receive 69 points.
You press <<11>> and receive 19 points.
You press <<15>> and receive 34 points.
You press <<12>> and receive 51 points.
You press <<13>> and receive 69 points.

Environment number 2:
The value of option 22 is 37. You have 5 choices to make in this environment.
You press <<21>> and receive 53 points.
You press <<23>> and receive 63 points.
You press <<24>> and receive 51 points.
You press <<13>> and receive 56 points.
You press <<13>> and receive 59 points.

Environment number 3:
The value of option 6 is -1. You have 5 choices to make in this environment.
You press <<23>> and receive 47 points.
You press <<24>> and receive 56 points.
You press <<22>> and receive 20 points.
You press <<12>> and receive 33 points.
You press <<13>> and receive 48 points.

Environment number 4:
The value of option 20 is 45. You have 10 choices to make in this environment.
You press <<19>> and receive 24 points.
You press <<21>> and receive 35 points.
You press <<12>> and receive 75 points.
You press <<11>> and receive 62 points.
You press <<13>> and receive 84 points.
You press <<3>> and receive 23 points.
You press <<7>> and receive 23 points.
You press <<13>> and receive 83 points.
You press <<14>> and receive 82 points.
You press <<12>> and receive 75 points.

Environment number 5:
The value of option 15 is 0. You have 10 choices to make in this environment.
You press <<26>> and receive 43 points.
You press <<25>> and receive 84 points.
You press <<24>> and receive 47 points.
You press <<4>> and receive 30 points.
You press <<13>> and receive 65 points.
You press <<14>> and receive 33 points.
You press <<12>> and receive 54 points.
You press <<9>> and receive 30 points.
You press <<25>> and receive 83 points.
You press <<25>> and receive 84 points.

Environment number 6:
The value of option 3 is 20. You have 5 choices to make in this environment.
You press <<5>> and receive 25 points.
You press <<14>> and receive 33 points.
You press <<20>> and receive 20 points.
You press <<25>> and receive 51 points.
You press <<26>> and receive 51 points.

Environment number 7:
The value of option 3 is 34. You have 5 choices to make in this environment.
You press <<9>> and receive 58 points.
You press <<10>> and receive 48 points.
You press <<16>> and receive 55 points.
You press <<17>> and receive 12 points.
You press <<18>> and receive 4 points.

Environment number 8:
The value of option 13 is 1. You have 5 choices to make in this environment.
You press <<24>> and receive 11 points.
You press <<21>> and receive 9 points.
You press <<18>> and receive 53 points.
You press <<19>> and receive 18 points.
You press <<17>> and receive 42 points.

Environment number 9:
The value of option 19 is 73. You have 10 choices to make in this environment.
You press <<20>> and receive 51 points.
You press <<18>> and receive 64 points.
You press <<12>> and receive 36 points.
You press <<6>> and receive 33 points.
You press <<1>> and receive 31 points.
You press <<14>> and receive 29 points.
You press <<25>> and receive 8 points.
You press <<23>> and receive 47 points.
You press <<22>> and receive 46 points.
You press <<24>> and receive 19 points.

Environment number 10:
The value of option 3 is 11. You have 10 choices to make in this environment.
You press <<7>> and receive 38 points.
You press <<14>> and receive 23 points.
You press <<20>> and receive 10 points.
You press <<27>> and receive 20 points.
You press <<16>> and receive 1 points.
You press <<9>> and receive 45 points.
You press <<8>> and receive 31 points.
You press <<10>> and receive 34 points.
You press <<6>> and receive 49 points.
You press <<5>> and receive 38 points.

Environment number 11:
The value of option 17 is 51. You have 5 choices to make in this environment.
You press <<18>> and receive 49 points.
You press <<16>> and receive 52 points.
You press <<6>> and receive 61 points.
You press <<5>> and receive 33 points.
You press <<7>> and receive 61 points.

Environment number 12:
The value of option 21 is 35. You have 5 choices to make in this environment.
You press <<20>> and receive -1 points.
You press <<22>> and receive 54 points.
You press <<23>> and receive 37 points.
You press <<14>> and receive 57 points.
You press <<13>> and receive 69 points.

Environment number 13:
The value of option 5 is 56. You have 10 choices to make in this environment.
You press <<4>> and receive 60 points.
You press <<6>> and receive 69 points.
You press <<7>> and receive 68 points.
You press <<8>> and receive 37 points.
You press <<17>> and receive 83 points.
You press <<18>> and receive 64 points.
You press <<16>> and receive 81 points.
You press <<15>> and receive 66 points.
You press <<13>> and receive 21 points.
You press <<14>> and receive 48 points.

Environment number 14:
The value of option 24 is 12. You have 10 choices to make in this environment.
You press <<17>> and receive 20 points.
You press <<11>> and receive 58 points.
You press <<10>> and receive 55 points.
You press <<12>> and receive 36 points.
You press <<9>> and receive 75 points.
You press <<8>> and receive 65 points.
You press <<6>> and receive 14 points.
You press <<3>> and receive 1 points.
You press <<16>> and receive 24 points.
You press <<20>> and receive 80 points.

Environment number 15:
The value of option 29 is 43. You have 10 choices to make in this environment.
You press <<29>> and receive 44 points.
You press <<28>> and receive 10 points.
You press <<23>> and receive 15 points.
You press <<18>> and receive 79 points.
You press <<17>> and receive 60 points.
You press <<19>> and receive 68 points.
You press <<12>> and receive 73 points.
You press <<",25
15,28,9,10,0,rough,29,10,43,24,"You will be presented with a series of 16 different environments to explore.
In each trial, you can select an option between numbers 1 and 30 by pressing the corresponding key.
By selecting any of these options, you will earn points associated with each unique option.
Imagine these options 1 through 30 as lying next to each other in an ordered line; options closer to each other tend to have similar rewards as rewards tend to cluster together.
For each environment, you will be able to make either 5 or 10 choices.
When you made all your choices in a given environment, you will start making choices in the next unexplored environment.
The rewards underlying the different options are different in each environment so you will learn them anew for each environment.
Each environment starts with the value of a single option revealed.
When you choose the number corresponding to a different option, you will be told the value of that option and receive those points.
Previously revealed options, including the starting option, can also be reselected, although there may be small changes in the point value.
It is your task to gain as many points as possible across all 16 environments.

Environment number 1:
The value of option 7 is 23. You have 10 choices to make in this environment.
You press <<9>> and receive 15 points.
You press <<6>> and receive 24 points.
You press <<17>> and receive 4 points.
You press <<8>> and receive 37 points.
You press <<4>> and receive 15 points.
You press <<13>> and receive 69 points.
You press <<11>> and receive 19 points.
You press <<15>> and receive 34 points.
You press <<12>> and receive 51 points.
You press <<13>> and receive 69 points.

Environment number 2:
The value of option 22 is 37. You have 5 choices to make in this environment.
You press <<21>> and receive 53 points.
You press <<23>> and receive 63 points.
You press <<24>> and receive 51 points.
You press <<13>> and receive 56 points.
You press <<13>> and receive 59 points.

Environment number 3:
The value of option 6 is -1. You have 5 choices to make in this environment.
You press <<23>> and receive 47 points.
You press <<24>> and receive 56 points.
You press <<22>> and receive 20 points.
You press <<12>> and receive 33 points.
You press <<13>> and receive 48 points.

Environment number 4:
The value of option 20 is 45. You have 10 choices to make in this environment.
You press <<19>> and receive 24 points.
You press <<21>> and receive 35 points.
You press <<12>> and receive 75 points.
You press <<11>> and receive 62 points.
You press <<13>> and receive 84 points.
You press <<3>> and receive 23 points.
You press <<7>> and receive 23 points.
You press <<13>> and receive 83 points.
You press <<14>> and receive 82 points.
You press <<12>> and receive 75 points.

Environment number 5:
The value of option 15 is 0. You have 10 choices to make in this environment.
You press <<26>> and receive 43 points.
You press <<25>> and receive 84 points.
You press <<24>> and receive 47 points.
You press <<4>> and receive 30 points.
You press <<13>> and receive 65 points.
You press <<14>> and receive 33 points.
You press <<12>> and receive 54 points.
You press <<9>> and receive 30 points.
You press <<25>> and receive 83 points.
You press <<25>> and receive 84 points.

Environment number 6:
The value of option 3 is 20. You have 5 choices to make in this environment.
You press <<5>> and receive 25 points.
You press <<14>> and receive 33 points.
You press <<20>> and receive 20 points.
You press <<25>> and receive 51 points.
You press <<26>> and receive 51 points.

Environment number 7:
The value of option 3 is 34. You have 5 choices to make in this environment.
You press <<9>> and receive 58 points.
You press <<10>> and receive 48 points.
You press <<16>> and receive 55 points.
You press <<17>> and receive 12 points.
You press <<18>> and receive 4 points.

Environment number 8:
The value of option 13 is 1. You have 5 choices to make in this environment.
You press <<24>> and receive 11 points.
You press <<21>> and receive 9 points.
You press <<18>> and receive 53 points.
You press <<19>> and receive 18 points.
You press <<17>> and receive 42 points.

Environment number 9:
The value of option 19 is 73. You have 10 choices to make in this environment.
You press <<20>> and receive 51 points.
You press <<18>> and receive 64 points.
You press <<12>> and receive 36 points.
You press <<6>> and receive 33 points.
You press <<1>> and receive 31 points.
You press <<14>> and receive 29 points.
You press <<25>> and receive 8 points.
You press <<23>> and receive 47 points.
You press <<22>> and receive 46 points.
You press <<24>> and receive 19 points.

Environment number 10:
The value of option 3 is 11. You have 10 choices to make in this environment.
You press <<7>> and receive 38 points.
You press <<14>> and receive 23 points.
You press <<20>> and receive 10 points.
You press <<27>> and receive 20 points.
You press <<16>> and receive 1 points.
You press <<9>> and receive 45 points.
You press <<8>> and receive 31 points.
You press <<10>> and receive 34 points.
You press <<6>> and receive 49 points.
You press <<5>> and receive 38 points.

Environment number 11:
The value of option 17 is 51. You have 5 choices to make in this environment.
You press <<18>> and receive 49 points.
You press <<16>> and receive 52 points.
You press <<6>> and receive 61 points.
You press <<5>> and receive 33 points.
You press <<7>> and receive 61 points.

Environment number 12:
The value of option 21 is 35. You have 5 choices to make in this environment.
You press <<20>> and receive -1 points.
You press <<22>> and receive 54 points.
You press <<23>> and receive 37 points.
You press <<14>> and receive 57 points.
You press <<13>> and receive 69 points.

Environment number 13:
The value of option 5 is 56. You have 10 choices to make in this environment.
You press <<4>> and receive 60 points.
You press <<6>> and receive 69 points.
You press <<7>> and receive 68 points.
You press <<8>> and receive 37 points.
You press <<17>> and receive 83 points.
You press <<18>> and receive 64 points.
You press <<16>> and receive 81 points.
You press <<15>> and receive 66 points.
You press <<13>> and receive 21 points.
You press <<14>> and receive 48 points.

Environment number 14:
The value of option 24 is 12. You have 10 choices to make in this environment.
You press <<17>> and receive 20 points.
You press <<11>> and receive 58 points.
You press <<10>> and receive 55 points.
You press <<12>> and receive 36 points.
You press <<9>> and receive 75 points.
You press <<8>> and receive 65 points.
You press <<6>> and receive 14 points.
You press <<3>> and receive 1 points.
You press <<16>> and receive 24 points.
You press <<20>> and receive 80 points.

Environment number 15:
The value of option 29 is 43. You have 10 choices to make in this environment.
You press <<29>> and receive 44 points.
You press <<28>> and receive 10 points.
You press <<23>> and receive 15 points.
You press <<18>> and receive 79 points.
You press <<17>> and receive 60 points.
You press <<19>> and receive 68 points.
You press <<12>> and receive 73 points.
You press <<11>> and receive 36 points.
You press <<",25
15,28,10,13,0,rough,29,10,43,46,"You will be presented with a series of 16 different environments to explore.
In each trial, you can select an option between numbers 1 and 30 by pressing the corresponding key.
By selecting any of these options, you will earn points associated with each unique option.
Imagine these options 1 through 30 as lying next to each other in an ordered line; options closer to each other tend to have similar rewards as rewards tend to cluster together.
For each environment, you will be able to make either 5 or 10 choices.
When you made all your choices in a given environment, you will start making choices in the next unexplored environment.
The rewards underlying the different options are different in each environment so you will learn them anew for each environment.
Each environment starts with the value of a single option revealed.
When you choose the number corresponding to a different option, you will be told the value of that option and receive those points.
Previously revealed options, including the starting option, can also be reselected, although there may be small changes in the point value.
It is your task to gain as many points as possible across all 16 environments.

Environment number 1:
The value of option 7 is 23. You have 10 choices to make in this environment.
You press <<9>> and receive 15 points.
You press <<6>> and receive 24 points.
You press <<17>> and receive 4 points.
You press <<8>> and receive 37 points.
You press <<4>> and receive 15 points.
You press <<13>> and receive 69 points.
You press <<11>> and receive 19 points.
You press <<15>> and receive 34 points.
You press <<12>> and receive 51 points.
You press <<13>> and receive 69 points.

Environment number 2:
The value of option 22 is 37. You have 5 choices to make in this environment.
You press <<21>> and receive 53 points.
You press <<23>> and receive 63 points.
You press <<24>> and receive 51 points.
You press <<13>> and receive 56 points.
You press <<13>> and receive 59 points.

Environment number 3:
The value of option 6 is -1. You have 5 choices to make in this environment.
You press <<23>> and receive 47 points.
You press <<24>> and receive 56 points.
You press <<22>> and receive 20 points.
You press <<12>> and receive 33 points.
You press <<13>> and receive 48 points.

Environment number 4:
The value of option 20 is 45. You have 10 choices to make in this environment.
You press <<19>> and receive 24 points.
You press <<21>> and receive 35 points.
You press <<12>> and receive 75 points.
You press <<11>> and receive 62 points.
You press <<13>> and receive 84 points.
You press <<3>> and receive 23 points.
You press <<7>> and receive 23 points.
You press <<13>> and receive 83 points.
You press <<14>> and receive 82 points.
You press <<12>> and receive 75 points.

Environment number 5:
The value of option 15 is 0. You have 10 choices to make in this environment.
You press <<26>> and receive 43 points.
You press <<25>> and receive 84 points.
You press <<24>> and receive 47 points.
You press <<4>> and receive 30 points.
You press <<13>> and receive 65 points.
You press <<14>> and receive 33 points.
You press <<12>> and receive 54 points.
You press <<9>> and receive 30 points.
You press <<25>> and receive 83 points.
You press <<25>> and receive 84 points.

Environment number 6:
The value of option 3 is 20. You have 5 choices to make in this environment.
You press <<5>> and receive 25 points.
You press <<14>> and receive 33 points.
You press <<20>> and receive 20 points.
You press <<25>> and receive 51 points.
You press <<26>> and receive 51 points.

Environment number 7:
The value of option 3 is 34. You have 5 choices to make in this environment.
You press <<9>> and receive 58 points.
You press <<10>> and receive 48 points.
You press <<16>> and receive 55 points.
You press <<17>> and receive 12 points.
You press <<18>> and receive 4 points.

Environment number 8:
The value of option 13 is 1. You have 5 choices to make in this environment.
You press <<24>> and receive 11 points.
You press <<21>> and receive 9 points.
You press <<18>> and receive 53 points.
You press <<19>> and receive 18 points.
You press <<17>> and receive 42 points.

Environment number 9:
The value of option 19 is 73. You have 10 choices to make in this environment.
You press <<20>> and receive 51 points.
You press <<18>> and receive 64 points.
You press <<12>> and receive 36 points.
You press <<6>> and receive 33 points.
You press <<1>> and receive 31 points.
You press <<14>> and receive 29 points.
You press <<25>> and receive 8 points.
You press <<23>> and receive 47 points.
You press <<22>> and receive 46 points.
You press <<24>> and receive 19 points.

Environment number 10:
The value of option 3 is 11. You have 10 choices to make in this environment.
You press <<7>> and receive 38 points.
You press <<14>> and receive 23 points.
You press <<20>> and receive 10 points.
You press <<27>> and receive 20 points.
You press <<16>> and receive 1 points.
You press <<9>> and receive 45 points.
You press <<8>> and receive 31 points.
You press <<10>> and receive 34 points.
You press <<6>> and receive 49 points.
You press <<5>> and receive 38 points.

Environment number 11:
The value of option 17 is 51. You have 5 choices to make in this environment.
You press <<18>> and receive 49 points.
You press <<16>> and receive 52 points.
You press <<6>> and receive 61 points.
You press <<5>> and receive 33 points.
You press <<7>> and receive 61 points.

Environment number 12:
The value of option 21 is 35. You have 5 choices to make in this environment.
You press <<20>> and receive -1 points.
You press <<22>> and receive 54 points.
You press <<23>> and receive 37 points.
You press <<14>> and receive 57 points.
You press <<13>> and receive 69 points.

Environment number 13:
The value of option 5 is 56. You have 10 choices to make in this environment.
You press <<4>> and receive 60 points.
You press <<6>> and receive 69 points.
You press <<7>> and receive 68 points.
You press <<8>> and receive 37 points.
You press <<17>> and receive 83 points.
You press <<18>> and receive 64 points.
You press <<16>> and receive 81 points.
You press <<15>> and receive 66 points.
You press <<13>> and receive 21 points.
You press <<14>> and receive 48 points.

Environment number 14:
The value of option 24 is 12. You have 10 choices to make in this environment.
You press <<17>> and receive 20 points.
You press <<11>> and receive 58 points.
You press <<10>> and receive 55 points.
You press <<12>> and receive 36 points.
You press <<9>> and receive 75 points.
You press <<8>> and receive 65 points.
You press <<6>> and receive 14 points.
You press <<3>> and receive 1 points.
You press <<16>> and receive 24 points.
You press <<20>> and receive 80 points.

Environment number 15:
The value of option 29 is 43. You have 10 choices to make in this environment.
You press <<29>> and receive 44 points.
You press <<28>> and receive 10 points.
You press <<23>> and receive 15 points.
You press <<18>> and receive 79 points.
You press <<17>> and receive 60 points.
You press <<19>> and receive 68 points.
You press <<12>> and receive 73 points.
You press <<11>> and receive 36 points.
You press <<10>> and receive 24 points.
You press <<",25
16,22,1,3,0,rough,2,5,50,25,"You will be presented with a series of 16 different environments to explore.
In each trial, you can select an option between numbers 1 and 30 by pressing the corresponding key.
By selecting any of these options, you will earn points associated with each unique option.
Imagine these options 1 through 30 as lying next to each other in an ordered line; options closer to each other tend to have similar rewards as rewards tend to cluster together.
For each environment, you will be able to make either 5 or 10 choices.
When you made all your choices in a given environment, you will start making choices in the next unexplored environment.
The rewards underlying the different options are different in each environment so you will learn them anew for each environment.
Each environment starts with the value of a single option revealed.
When you choose the number corresponding to a different option, you will be told the value of that option and receive those points.
Previously revealed options, including the starting option, can also be reselected, although there may be small changes in the point value.
It is your task to gain as many points as possible across all 16 environments.

Environment number 1:
The value of option 7 is 23. You have 10 choices to make in this environment.
You press <<9>> and receive 15 points.
You press <<6>> and receive 24 points.
You press <<17>> and receive 4 points.
You press <<8>> and receive 37 points.
You press <<4>> and receive 15 points.
You press <<13>> and receive 69 points.
You press <<11>> and receive 19 points.
You press <<15>> and receive 34 points.
You press <<12>> and receive 51 points.
You press <<13>> and receive 69 points.

Environment number 2:
The value of option 22 is 37. You have 5 choices to make in this environment.
You press <<21>> and receive 53 points.
You press <<23>> and receive 63 points.
You press <<24>> and receive 51 points.
You press <<13>> and receive 56 points.
You press <<13>> and receive 59 points.

Environment number 3:
The value of option 6 is -1. You have 5 choices to make in this environment.
You press <<23>> and receive 47 points.
You press <<24>> and receive 56 points.
You press <<22>> and receive 20 points.
You press <<12>> and receive 33 points.
You press <<13>> and receive 48 points.

Environment number 4:
The value of option 20 is 45. You have 10 choices to make in this environment.
You press <<19>> and receive 24 points.
You press <<21>> and receive 35 points.
You press <<12>> and receive 75 points.
You press <<11>> and receive 62 points.
You press <<13>> and receive 84 points.
You press <<3>> and receive 23 points.
You press <<7>> and receive 23 points.
You press <<13>> and receive 83 points.
You press <<14>> and receive 82 points.
You press <<12>> and receive 75 points.

Environment number 5:
The value of option 15 is 0. You have 10 choices to make in this environment.
You press <<26>> and receive 43 points.
You press <<25>> and receive 84 points.
You press <<24>> and receive 47 points.
You press <<4>> and receive 30 points.
You press <<13>> and receive 65 points.
You press <<14>> and receive 33 points.
You press <<12>> and receive 54 points.
You press <<9>> and receive 30 points.
You press <<25>> and receive 83 points.
You press <<25>> and receive 84 points.

Environment number 6:
The value of option 3 is 20. You have 5 choices to make in this environment.
You press <<5>> and receive 25 points.
You press <<14>> and receive 33 points.
You press <<20>> and receive 20 points.
You press <<25>> and receive 51 points.
You press <<26>> and receive 51 points.

Environment number 7:
The value of option 3 is 34. You have 5 choices to make in this environment.
You press <<9>> and receive 58 points.
You press <<10>> and receive 48 points.
You press <<16>> and receive 55 points.
You press <<17>> and receive 12 points.
You press <<18>> and receive 4 points.

Environment number 8:
The value of option 13 is 1. You have 5 choices to make in this environment.
You press <<24>> and receive 11 points.
You press <<21>> and receive 9 points.
You press <<18>> and receive 53 points.
You press <<19>> and receive 18 points.
You press <<17>> and receive 42 points.

Environment number 9:
The value of option 19 is 73. You have 10 choices to make in this environment.
You press <<20>> and receive 51 points.
You press <<18>> and receive 64 points.
You press <<12>> and receive 36 points.
You press <<6>> and receive 33 points.
You press <<1>> and receive 31 points.
You press <<14>> and receive 29 points.
You press <<25>> and receive 8 points.
You press <<23>> and receive 47 points.
You press <<22>> and receive 46 points.
You press <<24>> and receive 19 points.

Environment number 10:
The value of option 3 is 11. You have 10 choices to make in this environment.
You press <<7>> and receive 38 points.
You press <<14>> and receive 23 points.
You press <<20>> and receive 10 points.
You press <<27>> and receive 20 points.
You press <<16>> and receive 1 points.
You press <<9>> and receive 45 points.
You press <<8>> and receive 31 points.
You press <<10>> and receive 34 points.
You press <<6>> and receive 49 points.
You press <<5>> and receive 38 points.

Environment number 11:
The value of option 17 is 51. You have 5 choices to make in this environment.
You press <<18>> and receive 49 points.
You press <<16>> and receive 52 points.
You press <<6>> and receive 61 points.
You press <<5>> and receive 33 points.
You press <<7>> and receive 61 points.

Environment number 12:
The value of option 21 is 35. You have 5 choices to make in this environment.
You press <<20>> and receive -1 points.
You press <<22>> and receive 54 points.
You press <<23>> and receive 37 points.
You press <<14>> and receive 57 points.
You press <<13>> and receive 69 points.

Environment number 13:
The value of option 5 is 56. You have 10 choices to make in this environment.
You press <<4>> and receive 60 points.
You press <<6>> and receive 69 points.
You press <<7>> and receive 68 points.
You press <<8>> and receive 37 points.
You press <<17>> and receive 83 points.
You press <<18>> and receive 64 points.
You press <<16>> and receive 81 points.
You press <<15>> and receive 66 points.
You press <<13>> and receive 21 points.
You press <<14>> and receive 48 points.

Environment number 14:
The value of option 24 is 12. You have 10 choices to make in this environment.
You press <<17>> and receive 20 points.
You press <<11>> and receive 58 points.
You press <<10>> and receive 55 points.
You press <<12>> and receive 36 points.
You press <<9>> and receive 75 points.
You press <<8>> and receive 65 points.
You press <<6>> and receive 14 points.
You press <<3>> and receive 1 points.
You press <<16>> and receive 24 points.
You press <<20>> and receive 80 points.

Environment number 15:
The value of option 29 is 43. You have 10 choices to make in this environment.
You press <<29>> and receive 44 points.
You press <<28>> and receive 10 points.
You press <<23>> and receive 15 points.
You press <<18>> and receive 79 points.
You press <<17>> and receive 60 points.
You press <<19>> and receive 68 points.
You press <<12>> and receive 73 points.
You press <<11>> and receive 36 points.
You press <<10>> and receive 24 points.
You press <<13>> and receive 46 points.

Environment number 16:
The value of option 2 is 50. You have 5 choices to make in this environment.
You press <<",25
16,22,2,1,0,rough,2,5,50,61,"You will be presented with a series of 16 different environments to explore.
In each trial, you can select an option between numbers 1 and 30 by pressing the corresponding key.
By selecting any of these options, you will earn points associated with each unique option.
Imagine these options 1 through 30 as lying next to each other in an ordered line; options closer to each other tend to have similar rewards as rewards tend to cluster together.
For each environment, you will be able to make either 5 or 10 choices.
When you made all your choices in a given environment, you will start making choices in the next unexplored environment.
The rewards underlying the different options are different in each environment so you will learn them anew for each environment.
Each environment starts with the value of a single option revealed.
When you choose the number corresponding to a different option, you will be told the value of that option and receive those points.
Previously revealed options, including the starting option, can also be reselected, although there may be small changes in the point value.
It is your task to gain as many points as possible across all 16 environments.

Environment number 1:
The value of option 7 is 23. You have 10 choices to make in this environment.
You press <<9>> and receive 15 points.
You press <<6>> and receive 24 points.
You press <<17>> and receive 4 points.
You press <<8>> and receive 37 points.
You press <<4>> and receive 15 points.
You press <<13>> and receive 69 points.
You press <<11>> and receive 19 points.
You press <<15>> and receive 34 points.
You press <<12>> and receive 51 points.
You press <<13>> and receive 69 points.

Environment number 2:
The value of option 22 is 37. You have 5 choices to make in this environment.
You press <<21>> and receive 53 points.
You press <<23>> and receive 63 points.
You press <<24>> and receive 51 points.
You press <<13>> and receive 56 points.
You press <<13>> and receive 59 points.

Environment number 3:
The value of option 6 is -1. You have 5 choices to make in this environment.
You press <<23>> and receive 47 points.
You press <<24>> and receive 56 points.
You press <<22>> and receive 20 points.
You press <<12>> and receive 33 points.
You press <<13>> and receive 48 points.

Environment number 4:
The value of option 20 is 45. You have 10 choices to make in this environment.
You press <<19>> and receive 24 points.
You press <<21>> and receive 35 points.
You press <<12>> and receive 75 points.
You press <<11>> and receive 62 points.
You press <<13>> and receive 84 points.
You press <<3>> and receive 23 points.
You press <<7>> and receive 23 points.
You press <<13>> and receive 83 points.
You press <<14>> and receive 82 points.
You press <<12>> and receive 75 points.

Environment number 5:
The value of option 15 is 0. You have 10 choices to make in this environment.
You press <<26>> and receive 43 points.
You press <<25>> and receive 84 points.
You press <<24>> and receive 47 points.
You press <<4>> and receive 30 points.
You press <<13>> and receive 65 points.
You press <<14>> and receive 33 points.
You press <<12>> and receive 54 points.
You press <<9>> and receive 30 points.
You press <<25>> and receive 83 points.
You press <<25>> and receive 84 points.

Environment number 6:
The value of option 3 is 20. You have 5 choices to make in this environment.
You press <<5>> and receive 25 points.
You press <<14>> and receive 33 points.
You press <<20>> and receive 20 points.
You press <<25>> and receive 51 points.
You press <<26>> and receive 51 points.

Environment number 7:
The value of option 3 is 34. You have 5 choices to make in this environment.
You press <<9>> and receive 58 points.
You press <<10>> and receive 48 points.
You press <<16>> and receive 55 points.
You press <<17>> and receive 12 points.
You press <<18>> and receive 4 points.

Environment number 8:
The value of option 13 is 1. You have 5 choices to make in this environment.
You press <<24>> and receive 11 points.
You press <<21>> and receive 9 points.
You press <<18>> and receive 53 points.
You press <<19>> and receive 18 points.
You press <<17>> and receive 42 points.

Environment number 9:
The value of option 19 is 73. You have 10 choices to make in this environment.
You press <<20>> and receive 51 points.
You press <<18>> and receive 64 points.
You press <<12>> and receive 36 points.
You press <<6>> and receive 33 points.
You press <<1>> and receive 31 points.
You press <<14>> and receive 29 points.
You press <<25>> and receive 8 points.
You press <<23>> and receive 47 points.
You press <<22>> and receive 46 points.
You press <<24>> and receive 19 points.

Environment number 10:
The value of option 3 is 11. You have 10 choices to make in this environment.
You press <<7>> and receive 38 points.
You press <<14>> and receive 23 points.
You press <<20>> and receive 10 points.
You press <<27>> and receive 20 points.
You press <<16>> and receive 1 points.
You press <<9>> and receive 45 points.
You press <<8>> and receive 31 points.
You press <<10>> and receive 34 points.
You press <<6>> and receive 49 points.
You press <<5>> and receive 38 points.

Environment number 11:
The value of option 17 is 51. You have 5 choices to make in this environment.
You press <<18>> and receive 49 points.
You press <<16>> and receive 52 points.
You press <<6>> and receive 61 points.
You press <<5>> and receive 33 points.
You press <<7>> and receive 61 points.

Environment number 12:
The value of option 21 is 35. You have 5 choices to make in this environment.
You press <<20>> and receive -1 points.
You press <<22>> and receive 54 points.
You press <<23>> and receive 37 points.
You press <<14>> and receive 57 points.
You press <<13>> and receive 69 points.

Environment number 13:
The value of option 5 is 56. You have 10 choices to make in this environment.
You press <<4>> and receive 60 points.
You press <<6>> and receive 69 points.
You press <<7>> and receive 68 points.
You press <<8>> and receive 37 points.
You press <<17>> and receive 83 points.
You press <<18>> and receive 64 points.
You press <<16>> and receive 81 points.
You press <<15>> and receive 66 points.
You press <<13>> and receive 21 points.
You press <<14>> and receive 48 points.

Environment number 14:
The value of option 24 is 12. You have 10 choices to make in this environment.
You press <<17>> and receive 20 points.
You press <<11>> and receive 58 points.
You press <<10>> and receive 55 points.
You press <<12>> and receive 36 points.
You press <<9>> and receive 75 points.
You press <<8>> and receive 65 points.
You press <<6>> and receive 14 points.
You press <<3>> and receive 1 points.
You press <<16>> and receive 24 points.
You press <<20>> and receive 80 points.

Environment number 15:
The value of option 29 is 43. You have 10 choices to make in this environment.
You press <<29>> and receive 44 points.
You press <<28>> and receive 10 points.
You press <<23>> and receive 15 points.
You press <<18>> and receive 79 points.
You press <<17>> and receive 60 points.
You press <<19>> and receive 68 points.
You press <<12>> and receive 73 points.
You press <<11>> and receive 36 points.
You press <<10>> and receive 24 points.
You press <<13>> and receive 46 points.

Environment number 16:
The value of option 2 is 50. You have 5 choices to make in this environment.
You press <<3>> and receive 25 points.
You press <<",25
16,22,3,14,0,rough,2,5,50,48,"You will be presented with a series of 16 different environments to explore.
In each trial, you can select an option between numbers 1 and 30 by pressing the corresponding key.
By selecting any of these options, you will earn points associated with each unique option.
Imagine these options 1 through 30 as lying next to each other in an ordered line; options closer to each other tend to have similar rewards as rewards tend to cluster together.
For each environment, you will be able to make either 5 or 10 choices.
When you made all your choices in a given environment, you will start making choices in the next unexplored environment.
The rewards underlying the different options are different in each environment so you will learn them anew for each environment.
Each environment starts with the value of a single option revealed.
When you choose the number corresponding to a different option, you will be told the value of that option and receive those points.
Previously revealed options, including the starting option, can also be reselected, although there may be small changes in the point value.
It is your task to gain as many points as possible across all 16 environments.

Environment number 1:
The value of option 7 is 23. You have 10 choices to make in this environment.
You press <<9>> and receive 15 points.
You press <<6>> and receive 24 points.
You press <<17>> and receive 4 points.
You press <<8>> and receive 37 points.
You press <<4>> and receive 15 points.
You press <<13>> and receive 69 points.
You press <<11>> and receive 19 points.
You press <<15>> and receive 34 points.
You press <<12>> and receive 51 points.
You press <<13>> and receive 69 points.

Environment number 2:
The value of option 22 is 37. You have 5 choices to make in this environment.
You press <<21>> and receive 53 points.
You press <<23>> and receive 63 points.
You press <<24>> and receive 51 points.
You press <<13>> and receive 56 points.
You press <<13>> and receive 59 points.

Environment number 3:
The value of option 6 is -1. You have 5 choices to make in this environment.
You press <<23>> and receive 47 points.
You press <<24>> and receive 56 points.
You press <<22>> and receive 20 points.
You press <<12>> and receive 33 points.
You press <<13>> and receive 48 points.

Environment number 4:
The value of option 20 is 45. You have 10 choices to make in this environment.
You press <<19>> and receive 24 points.
You press <<21>> and receive 35 points.
You press <<12>> and receive 75 points.
You press <<11>> and receive 62 points.
You press <<13>> and receive 84 points.
You press <<3>> and receive 23 points.
You press <<7>> and receive 23 points.
You press <<13>> and receive 83 points.
You press <<14>> and receive 82 points.
You press <<12>> and receive 75 points.

Environment number 5:
The value of option 15 is 0. You have 10 choices to make in this environment.
You press <<26>> and receive 43 points.
You press <<25>> and receive 84 points.
You press <<24>> and receive 47 points.
You press <<4>> and receive 30 points.
You press <<13>> and receive 65 points.
You press <<14>> and receive 33 points.
You press <<12>> and receive 54 points.
You press <<9>> and receive 30 points.
You press <<25>> and receive 83 points.
You press <<25>> and receive 84 points.

Environment number 6:
The value of option 3 is 20. You have 5 choices to make in this environment.
You press <<5>> and receive 25 points.
You press <<14>> and receive 33 points.
You press <<20>> and receive 20 points.
You press <<25>> and receive 51 points.
You press <<26>> and receive 51 points.

Environment number 7:
The value of option 3 is 34. You have 5 choices to make in this environment.
You press <<9>> and receive 58 points.
You press <<10>> and receive 48 points.
You press <<16>> and receive 55 points.
You press <<17>> and receive 12 points.
You press <<18>> and receive 4 points.

Environment number 8:
The value of option 13 is 1. You have 5 choices to make in this environment.
You press <<24>> and receive 11 points.
You press <<21>> and receive 9 points.
You press <<18>> and receive 53 points.
You press <<19>> and receive 18 points.
You press <<17>> and receive 42 points.

Environment number 9:
The value of option 19 is 73. You have 10 choices to make in this environment.
You press <<20>> and receive 51 points.
You press <<18>> and receive 64 points.
You press <<12>> and receive 36 points.
You press <<6>> and receive 33 points.
You press <<1>> and receive 31 points.
You press <<14>> and receive 29 points.
You press <<25>> and receive 8 points.
You press <<23>> and receive 47 points.
You press <<22>> and receive 46 points.
You press <<24>> and receive 19 points.

Environment number 10:
The value of option 3 is 11. You have 10 choices to make in this environment.
You press <<7>> and receive 38 points.
You press <<14>> and receive 23 points.
You press <<20>> and receive 10 points.
You press <<27>> and receive 20 points.
You press <<16>> and receive 1 points.
You press <<9>> and receive 45 points.
You press <<8>> and receive 31 points.
You press <<10>> and receive 34 points.
You press <<6>> and receive 49 points.
You press <<5>> and receive 38 points.

Environment number 11:
The value of option 17 is 51. You have 5 choices to make in this environment.
You press <<18>> and receive 49 points.
You press <<16>> and receive 52 points.
You press <<6>> and receive 61 points.
You press <<5>> and receive 33 points.
You press <<7>> and receive 61 points.

Environment number 12:
The value of option 21 is 35. You have 5 choices to make in this environment.
You press <<20>> and receive -1 points.
You press <<22>> and receive 54 points.
You press <<23>> and receive 37 points.
You press <<14>> and receive 57 points.
You press <<13>> and receive 69 points.

Environment number 13:
The value of option 5 is 56. You have 10 choices to make in this environment.
You press <<4>> and receive 60 points.
You press <<6>> and receive 69 points.
You press <<7>> and receive 68 points.
You press <<8>> and receive 37 points.
You press <<17>> and receive 83 points.
You press <<18>> and receive 64 points.
You press <<16>> and receive 81 points.
You press <<15>> and receive 66 points.
You press <<13>> and receive 21 points.
You press <<14>> and receive 48 points.

Environment number 14:
The value of option 24 is 12. You have 10 choices to make in this environment.
You press <<17>> and receive 20 points.
You press <<11>> and receive 58 points.
You press <<10>> and receive 55 points.
You press <<12>> and receive 36 points.
You press <<9>> and receive 75 points.
You press <<8>> and receive 65 points.
You press <<6>> and receive 14 points.
You press <<3>> and receive 1 points.
You press <<16>> and receive 24 points.
You press <<20>> and receive 80 points.

Environment number 15:
The value of option 29 is 43. You have 10 choices to make in this environment.
You press <<29>> and receive 44 points.
You press <<28>> and receive 10 points.
You press <<23>> and receive 15 points.
You press <<18>> and receive 79 points.
You press <<17>> and receive 60 points.
You press <<19>> and receive 68 points.
You press <<12>> and receive 73 points.
You press <<11>> and receive 36 points.
You press <<10>> and receive 24 points.
You press <<13>> and receive 46 points.

Environment number 16:
The value of option 2 is 50. You have 5 choices to make in this environment.
You press <<3>> and receive 25 points.
You press <<1>> and receive 61 points.
You press <<",25
16,22,4,15,0,rough,2,5,50,38,"You will be presented with a series of 16 different environments to explore.
In each trial, you can select an option between numbers 1 and 30 by pressing the corresponding key.
By selecting any of these options, you will earn points associated with each unique option.
Imagine these options 1 through 30 as lying next to each other in an ordered line; options closer to each other tend to have similar rewards as rewards tend to cluster together.
For each environment, you will be able to make either 5 or 10 choices.
When you made all your choices in a given environment, you will start making choices in the next unexplored environment.
The rewards underlying the different options are different in each environment so you will learn them anew for each environment.
Each environment starts with the value of a single option revealed.
When you choose the number corresponding to a different option, you will be told the value of that option and receive those points.
Previously revealed options, including the starting option, can also be reselected, although there may be small changes in the point value.
It is your task to gain as many points as possible across all 16 environments.

Environment number 1:
The value of option 7 is 23. You have 10 choices to make in this environment.
You press <<9>> and receive 15 points.
You press <<6>> and receive 24 points.
You press <<17>> and receive 4 points.
You press <<8>> and receive 37 points.
You press <<4>> and receive 15 points.
You press <<13>> and receive 69 points.
You press <<11>> and receive 19 points.
You press <<15>> and receive 34 points.
You press <<12>> and receive 51 points.
You press <<13>> and receive 69 points.

Environment number 2:
The value of option 22 is 37. You have 5 choices to make in this environment.
You press <<21>> and receive 53 points.
You press <<23>> and receive 63 points.
You press <<24>> and receive 51 points.
You press <<13>> and receive 56 points.
You press <<13>> and receive 59 points.

Environment number 3:
The value of option 6 is -1. You have 5 choices to make in this environment.
You press <<23>> and receive 47 points.
You press <<24>> and receive 56 points.
You press <<22>> and receive 20 points.
You press <<12>> and receive 33 points.
You press <<13>> and receive 48 points.

Environment number 4:
The value of option 20 is 45. You have 10 choices to make in this environment.
You press <<19>> and receive 24 points.
You press <<21>> and receive 35 points.
You press <<12>> and receive 75 points.
You press <<11>> and receive 62 points.
You press <<13>> and receive 84 points.
You press <<3>> and receive 23 points.
You press <<7>> and receive 23 points.
You press <<13>> and receive 83 points.
You press <<14>> and receive 82 points.
You press <<12>> and receive 75 points.

Environment number 5:
The value of option 15 is 0. You have 10 choices to make in this environment.
You press <<26>> and receive 43 points.
You press <<25>> and receive 84 points.
You press <<24>> and receive 47 points.
You press <<4>> and receive 30 points.
You press <<13>> and receive 65 points.
You press <<14>> and receive 33 points.
You press <<12>> and receive 54 points.
You press <<9>> and receive 30 points.
You press <<25>> and receive 83 points.
You press <<25>> and receive 84 points.

Environment number 6:
The value of option 3 is 20. You have 5 choices to make in this environment.
You press <<5>> and receive 25 points.
You press <<14>> and receive 33 points.
You press <<20>> and receive 20 points.
You press <<25>> and receive 51 points.
You press <<26>> and receive 51 points.

Environment number 7:
The value of option 3 is 34. You have 5 choices to make in this environment.
You press <<9>> and receive 58 points.
You press <<10>> and receive 48 points.
You press <<16>> and receive 55 points.
You press <<17>> and receive 12 points.
You press <<18>> and receive 4 points.

Environment number 8:
The value of option 13 is 1. You have 5 choices to make in this environment.
You press <<24>> and receive 11 points.
You press <<21>> and receive 9 points.
You press <<18>> and receive 53 points.
You press <<19>> and receive 18 points.
You press <<17>> and receive 42 points.

Environment number 9:
The value of option 19 is 73. You have 10 choices to make in this environment.
You press <<20>> and receive 51 points.
You press <<18>> and receive 64 points.
You press <<12>> and receive 36 points.
You press <<6>> and receive 33 points.
You press <<1>> and receive 31 points.
You press <<14>> and receive 29 points.
You press <<25>> and receive 8 points.
You press <<23>> and receive 47 points.
You press <<22>> and receive 46 points.
You press <<24>> and receive 19 points.

Environment number 10:
The value of option 3 is 11. You have 10 choices to make in this environment.
You press <<7>> and receive 38 points.
You press <<14>> and receive 23 points.
You press <<20>> and receive 10 points.
You press <<27>> and receive 20 points.
You press <<16>> and receive 1 points.
You press <<9>> and receive 45 points.
You press <<8>> and receive 31 points.
You press <<10>> and receive 34 points.
You press <<6>> and receive 49 points.
You press <<5>> and receive 38 points.

Environment number 11:
The value of option 17 is 51. You have 5 choices to make in this environment.
You press <<18>> and receive 49 points.
You press <<16>> and receive 52 points.
You press <<6>> and receive 61 points.
You press <<5>> and receive 33 points.
You press <<7>> and receive 61 points.

Environment number 12:
The value of option 21 is 35. You have 5 choices to make in this environment.
You press <<20>> and receive -1 points.
You press <<22>> and receive 54 points.
You press <<23>> and receive 37 points.
You press <<14>> and receive 57 points.
You press <<13>> and receive 69 points.

Environment number 13:
The value of option 5 is 56. You have 10 choices to make in this environment.
You press <<4>> and receive 60 points.
You press <<6>> and receive 69 points.
You press <<7>> and receive 68 points.
You press <<8>> and receive 37 points.
You press <<17>> and receive 83 points.
You press <<18>> and receive 64 points.
You press <<16>> and receive 81 points.
You press <<15>> and receive 66 points.
You press <<13>> and receive 21 points.
You press <<14>> and receive 48 points.

Environment number 14:
The value of option 24 is 12. You have 10 choices to make in this environment.
You press <<17>> and receive 20 points.
You press <<11>> and receive 58 points.
You press <<10>> and receive 55 points.
You press <<12>> and receive 36 points.
You press <<9>> and receive 75 points.
You press <<8>> and receive 65 points.
You press <<6>> and receive 14 points.
You press <<3>> and receive 1 points.
You press <<16>> and receive 24 points.
You press <<20>> and receive 80 points.

Environment number 15:
The value of option 29 is 43. You have 10 choices to make in this environment.
You press <<29>> and receive 44 points.
You press <<28>> and receive 10 points.
You press <<23>> and receive 15 points.
You press <<18>> and receive 79 points.
You press <<17>> and receive 60 points.
You press <<19>> and receive 68 points.
You press <<12>> and receive 73 points.
You press <<11>> and receive 36 points.
You press <<10>> and receive 24 points.
You press <<13>> and receive 46 points.

Environment number 16:
The value of option 2 is 50. You have 5 choices to make in this environment.
You press <<3>> and receive 25 points.
You press <<1>> and receive 61 points.
You press <<14>> and receive 48 points.
You press <<",25
16,22,5,13,0,rough,2,5,50,34,"You will be presented with a series of 16 different environments to explore.
In each trial, you can select an option between numbers 1 and 30 by pressing the corresponding key.
By selecting any of these options, you will earn points associated with each unique option.
Imagine these options 1 through 30 as lying next to each other in an ordered line; options closer to each other tend to have similar rewards as rewards tend to cluster together.
For each environment, you will be able to make either 5 or 10 choices.
When you made all your choices in a given environment, you will start making choices in the next unexplored environment.
The rewards underlying the different options are different in each environment so you will learn them anew for each environment.
Each environment starts with the value of a single option revealed.
When you choose the number corresponding to a different option, you will be told the value of that option and receive those points.
Previously revealed options, including the starting option, can also be reselected, although there may be small changes in the point value.
It is your task to gain as many points as possible across all 16 environments.

Environment number 1:
The value of option 7 is 23. You have 10 choices to make in this environment.
You press <<9>> and receive 15 points.
You press <<6>> and receive 24 points.
You press <<17>> and receive 4 points.
You press <<8>> and receive 37 points.
You press <<4>> and receive 15 points.
You press <<13>> and receive 69 points.
You press <<11>> and receive 19 points.
You press <<15>> and receive 34 points.
You press <<12>> and receive 51 points.
You press <<13>> and receive 69 points.

Environment number 2:
The value of option 22 is 37. You have 5 choices to make in this environment.
You press <<21>> and receive 53 points.
You press <<23>> and receive 63 points.
You press <<24>> and receive 51 points.
You press <<13>> and receive 56 points.
You press <<13>> and receive 59 points.

Environment number 3:
The value of option 6 is -1. You have 5 choices to make in this environment.
You press <<23>> and receive 47 points.
You press <<24>> and receive 56 points.
You press <<22>> and receive 20 points.
You press <<12>> and receive 33 points.
You press <<13>> and receive 48 points.

Environment number 4:
The value of option 20 is 45. You have 10 choices to make in this environment.
You press <<19>> and receive 24 points.
You press <<21>> and receive 35 points.
You press <<12>> and receive 75 points.
You press <<11>> and receive 62 points.
You press <<13>> and receive 84 points.
You press <<3>> and receive 23 points.
You press <<7>> and receive 23 points.
You press <<13>> and receive 83 points.
You press <<14>> and receive 82 points.
You press <<12>> and receive 75 points.

Environment number 5:
The value of option 15 is 0. You have 10 choices to make in this environment.
You press <<26>> and receive 43 points.
You press <<25>> and receive 84 points.
You press <<24>> and receive 47 points.
You press <<4>> and receive 30 points.
You press <<13>> and receive 65 points.
You press <<14>> and receive 33 points.
You press <<12>> and receive 54 points.
You press <<9>> and receive 30 points.
You press <<25>> and receive 83 points.
You press <<25>> and receive 84 points.

Environment number 6:
The value of option 3 is 20. You have 5 choices to make in this environment.
You press <<5>> and receive 25 points.
You press <<14>> and receive 33 points.
You press <<20>> and receive 20 points.
You press <<25>> and receive 51 points.
You press <<26>> and receive 51 points.

Environment number 7:
The value of option 3 is 34. You have 5 choices to make in this environment.
You press <<9>> and receive 58 points.
You press <<10>> and receive 48 points.
You press <<16>> and receive 55 points.
You press <<17>> and receive 12 points.
You press <<18>> and receive 4 points.

Environment number 8:
The value of option 13 is 1. You have 5 choices to make in this environment.
You press <<24>> and receive 11 points.
You press <<21>> and receive 9 points.
You press <<18>> and receive 53 points.
You press <<19>> and receive 18 points.
You press <<17>> and receive 42 points.

Environment number 9:
The value of option 19 is 73. You have 10 choices to make in this environment.
You press <<20>> and receive 51 points.
You press <<18>> and receive 64 points.
You press <<12>> and receive 36 points.
You press <<6>> and receive 33 points.
You press <<1>> and receive 31 points.
You press <<14>> and receive 29 points.
You press <<25>> and receive 8 points.
You press <<23>> and receive 47 points.
You press <<22>> and receive 46 points.
You press <<24>> and receive 19 points.

Environment number 10:
The value of option 3 is 11. You have 10 choices to make in this environment.
You press <<7>> and receive 38 points.
You press <<14>> and receive 23 points.
You press <<20>> and receive 10 points.
You press <<27>> and receive 20 points.
You press <<16>> and receive 1 points.
You press <<9>> and receive 45 points.
You press <<8>> and receive 31 points.
You press <<10>> and receive 34 points.
You press <<6>> and receive 49 points.
You press <<5>> and receive 38 points.

Environment number 11:
The value of option 17 is 51. You have 5 choices to make in this environment.
You press <<18>> and receive 49 points.
You press <<16>> and receive 52 points.
You press <<6>> and receive 61 points.
You press <<5>> and receive 33 points.
You press <<7>> and receive 61 points.

Environment number 12:
The value of option 21 is 35. You have 5 choices to make in this environment.
You press <<20>> and receive -1 points.
You press <<22>> and receive 54 points.
You press <<23>> and receive 37 points.
You press <<14>> and receive 57 points.
You press <<13>> and receive 69 points.

Environment number 13:
The value of option 5 is 56. You have 10 choices to make in this environment.
You press <<4>> and receive 60 points.
You press <<6>> and receive 69 points.
You press <<7>> and receive 68 points.
You press <<8>> and receive 37 points.
You press <<17>> and receive 83 points.
You press <<18>> and receive 64 points.
You press <<16>> and receive 81 points.
You press <<15>> and receive 66 points.
You press <<13>> and receive 21 points.
You press <<14>> and receive 48 points.

Environment number 14:
The value of option 24 is 12. You have 10 choices to make in this environment.
You press <<17>> and receive 20 points.
You press <<11>> and receive 58 points.
You press <<10>> and receive 55 points.
You press <<12>> and receive 36 points.
You press <<9>> and receive 75 points.
You press <<8>> and receive 65 points.
You press <<6>> and receive 14 points.
You press <<3>> and receive 1 points.
You press <<16>> and receive 24 points.
You press <<20>> and receive 80 points.

Environment number 15:
The value of option 29 is 43. You have 10 choices to make in this environment.
You press <<29>> and receive 44 points.
You press <<28>> and receive 10 points.
You press <<23>> and receive 15 points.
You press <<18>> and receive 79 points.
You press <<17>> and receive 60 points.
You press <<19>> and receive 68 points.
You press <<12>> and receive 73 points.
You press <<11>> and receive 36 points.
You press <<10>> and receive 24 points.
You press <<13>> and receive 46 points.

Environment number 16:
The value of option 2 is 50. You have 5 choices to make in this environment.
You press <<3>> and receive 25 points.
You press <<1>> and receive 61 points.
You press <<14>> and receive 48 points.
You press <<15>> and receive 38 points.
You press <<",25
